y_true,y_pred,true_label_name,pred_label_name,text,max_confidence
61,61,translate,translate,how would you say fly in italian,0.9999102354049683
61,61,translate,translate,what's the spanish word for pasta,0.9072341322898865
61,61,translate,translate,how would they say butter in zambia,0.9998651742935181
61,61,translate,translate,how do you say fast in spanish,0.9999996423721313
61,73,translate,spelling,what's the word for trees in norway,0.8651435971260071
61,61,translate,translate,how does one say wonderful in german,0.48053762316703796
61,61,translate,translate,how do they say tacos in mexico,0.9999804496765137
61,61,translate,translate,how would one say cruiser in china,0.7964874505996704
61,29,translate,change_language,what's the french word you use for potato,0.47183987498283386
61,73,translate,spelling,what would the word for grass be in finland,0.6231971979141235
61,61,translate,translate,how do you say please in french,0.9999802112579346
61,61,translate,translate,how would i say nice to meet you if i were russian,0.9999935626983643
61,61,translate,translate,what is the right way to say excuse me in spanish,0.9999951124191284
61,61,translate,translate,how do i say i'm sorry in chinese,0.9999098777770996
61,61,translate,translate,how would i say thank you if i were mexican,0.9999890327453613
61,61,translate,translate,how would i say what is your name if i were french,0.9999977350234985
61,61,translate,translate,how would i say i must be going now if i were german,0.9976047277450562
61,61,translate,translate,how do i say bathroom in italian,0.9994845390319824
61,61,translate,translate,how might i say hello if i were scottish,0.9999951124191284
61,61,translate,translate,i must know how to say thank you in german,0.9999909400939941
61,61,translate,translate,how would i say i love you if i were german,0.9999972581863403
61,61,translate,translate,how would i say how are you today if i were mexican,0.9933984279632568
61,61,translate,translate,how would i say where is the bathroom if i were korean,0.8241967558860779
61,61,translate,translate,how would i say i need directions if i were french,0.9999864101409912
61,61,translate,translate,how would i say i am lost if i were japanese,0.9998892545700073
61,61,translate,translate,english to spanish for dog,0.9729512929916382
61,61,translate,translate,what is dog in spanish,0.9997445940971375
61,61,translate,translate,how do you say dog in spanish,0.9999790191650391
61,61,translate,translate,dog in spanish,0.9669201970100403
61,61,translate,translate,what's the spanish word for dog,0.9280634522438049
133,35,transfer,balance,can you please provide me with assistance in moving money from one account to another,0.8411993384361267
133,133,transfer,transfer,i would like help moving money between accounts,0.5720744729042053
133,133,transfer,transfer,can you assist me in moving money from one account to another,0.6748678088188171
133,133,transfer,transfer,i would like help moving money from one account to another,0.9852792024612427
133,133,transfer,transfer,i would like assistance moving money from one account to another,0.997430145740509
133,133,transfer,transfer,can i move some money around,0.9843168258666992
133,133,transfer,transfer,can i make a transfer between my accounts,0.9999419450759888
133,133,transfer,transfer,i need to make a transfer of my money,0.9998701810836792
133,133,transfer,transfer,can i move some money between my two accounts,0.9998651742935181
133,133,transfer,transfer,i would like to distribute some money between my accounts,0.9445660710334778
133,133,transfer,transfer,i would like to transfer $100 from my checking to saving account,0.9999920129776001
133,133,transfer,transfer,help me transfer $100 from my checking to saving account,0.999968409538269
133,133,transfer,transfer,transfer $100 from my checking to saving account,0.999962329864502
133,133,transfer,transfer,can you please help me move $100 from my checking to saving account,0.9992110729217529
133,133,transfer,transfer,please move $100 from my checking to saving account,0.9999401569366455
133,133,transfer,transfer,"transfer seventeen dollars from rbs to woodforest account, please",0.9987358450889587
133,133,transfer,transfer,"send twelve dollars between cabelas and bank of london accounts, please",0.9617006778717041
133,133,transfer,transfer,"transfer ninety dollars between glacier checking and farmers accounts, please",0.9986697435379028
133,133,transfer,transfer,transfer seventy dollars between national and citizens accounts,0.9997965693473816
133,133,transfer,transfer,transfer four and sixty seven dollars from bank of oklahoma checking to security bank account,0.9999014139175415
133,93,transfer,income,how much money can i transfer today,0.9821013808250427
133,133,transfer,transfer,add funds to the retirement account from the pnc account only,0.9517812728881836
133,133,transfer,transfer,would you move 100 dollars from the checking and put it into savings,0.9991101622581482
133,5,transfer,weather,repeat what the weather will be like,0.9998223185539246
133,133,transfer,transfer,i would like to put 100 dollars from the checking into the savings account now,0.9998757839202881
133,133,transfer,transfer,please transfer $5000 to money market from checking account,0.9999209642410278
133,133,transfer,transfer,i need $360 transfered from savings to checking account,0.9999210834503174
133,133,transfer,transfer,make an immediate transfer of ten thousand from money market to checking,0.9997087121009827
133,133,transfer,transfer,i'd like to transfer $400 from household to savings account,0.9999865293502808
133,133,transfer,transfer,transer $800 from my checking to savings account,0.9995090961456299
32,32,timer,timer,set a 4 minute timer,0.9998623132705688
32,32,timer,timer,set a 2 minute timer,0.9999697208404541
32,32,timer,timer,set a 3 minute timer,0.999995231628418
32,32,timer,timer,set a 5 minute timer,0.9999706745147705
32,32,timer,timer,set a 1 minute timer,0.9999899864196777
32,10,timer,smart_home,who set up the numbers for it,0.7300540208816528
32,32,timer,timer,start the timer,0.9982330799102783
32,32,timer,timer,start a timer please,0.9999549388885498
32,32,timer,timer,i need to start a timer,0.9999308586120605
32,32,timer,timer,i need a timer to be set,0.9992258548736572
32,32,timer,timer,could you set a timer,0.9999891519546509
32,32,timer,timer,set a timer,0.9999687671661377
32,32,timer,timer,i need to have a timer for 10 minutes,0.9999631643295288
32,32,timer,timer,make a 10 minute timer,0.9999488592147827
32,32,timer,timer,give me a 10 minute timer,0.9999896287918091
32,32,timer,timer,will you create a timer for me,0.9983322024345398
32,32,timer,timer,please begin a timer,0.9959220886230469
32,32,timer,timer,is it possible to set a timer,0.9999954700469971
32,32,timer,timer,i want a timer set for 10 minutes,0.9999977350234985
32,32,timer,timer,set a timer for 10 minutes,0.9999949932098389
32,32,timer,timer,can i get a timer set,0.9984812140464783
32,32,timer,timer,i need to use a timer,0.9942439198493958
32,32,timer,timer,set a timer to go off in 1 hour,0.9994538426399231
32,32,timer,timer,i need a timer for 45 minutes,0.9998912811279297
32,32,timer,timer,in 15 minutes the timer should go off,0.9865044951438904
32,32,timer,timer,start the timer now,0.9951844811439514
32,32,timer,timer,set a timer for 30 minutes,0.999996542930603
32,32,timer,timer,set a timer for 5 minutes from now,0.9999922513961792
32,79,timer,payday,let me know when it's been 5 minutes,0.8422307372093201
32,32,timer,timer,can you set the timer to 20 minutes,0.9999852180480957
139,139,definition,definition,define antebellum,0.9909852743148804
139,139,definition,definition,define discontent,0.994536280632019
139,139,definition,definition,what is the meaning of incandescent,0.9999339580535889
139,139,definition,definition,what does confrontation mean,0.9993429780006409
139,139,definition,definition,what does serendipity mean,0.9995169639587402
139,139,definition,definition,what's the definition of luminescent,0.9999556541442871
139,21,definition,what_song,what is the definiton of auspicious,0.4584785997867584
139,139,definition,definition,what does circuitous mean,0.9993261098861694
139,139,definition,definition,what's the definition of unencumbered,0.9999724626541138
139,139,definition,definition,what does adulation mean,0.9998113512992859
139,139,definition,definition,what does assiduous mean,0.9990912675857544
139,139,definition,definition,what does amicable mean,0.9973925352096558
139,139,definition,definition,what's the definition of remunerative,0.9999887943267822
139,139,definition,definition,what does anachronistic mean,0.9996552467346191
139,139,definition,definition,what's the definition of idiosyncratic,0.9995313882827759
139,139,definition,definition,what does yolo mean,0.9995811581611633
139,139,definition,definition,can you tell me the meaning of fluctuate,0.9996507167816162
139,139,definition,definition,what does the word polynomial mean,0.9998683929443359
139,139,definition,definition,what does ferrari mean,0.9987849593162537
139,139,definition,definition,what is the meaning of the word girn,0.9998735189437866
139,139,definition,definition,what does mature mean,0.9998518228530884
139,139,definition,definition,i'd like to know what bitcoin means,0.9250534772872925
139,106,definition,play_music,"i heard some woman say she was going to yerd me, what's that mean",0.4540233016014099
139,139,definition,definition,can you tell me what obsolescence means,0.9952473044395447
139,144,definition,change_user_name,please explain the word catastrophic to me,0.6399320960044861
139,139,definition,definition,what's the meaning of naff,0.999859094619751
139,139,definition,definition,can you tell me what dendrofilous means,0.9991256594657898
139,139,definition,definition,what does peer-to-peer actually mean,0.9997947812080383
139,139,definition,definition,define epicurean,0.9928156137466431
139,139,definition,definition,what does epicurean mean,0.9997078776359558
22,22,meaning_of_life,meaning_of_life,would you let me know what the meaning is life is,0.9999871253967285
22,22,meaning_of_life,meaning_of_life,would you let me know what is the point of life,0.9998236298561096
22,22,meaning_of_life,meaning_of_life,"right now, i need to know the meaning of life",0.9999887943267822
22,22,meaning_of_life,meaning_of_life,define the meaning of life for me,0.9968641400337219
22,22,meaning_of_life,meaning_of_life,i want to know the meaning of life,0.9999910593032837
22,22,meaning_of_life,meaning_of_life,would you explain the meaning of life,0.9999430179595947
22,22,meaning_of_life,meaning_of_life,i need you to tell me the meaning of life,0.9999871253967285
22,22,meaning_of_life,meaning_of_life,i need to know what the meaning of life is now,0.9999884366989136
22,22,meaning_of_life,meaning_of_life,tell me what the meaning of life is,0.9999816417694092
22,22,meaning_of_life,meaning_of_life,i need to know what the point of life is,0.9997430443763733
22,22,meaning_of_life,meaning_of_life,let me know what the point of life is,0.9995287656784058
22,22,meaning_of_life,meaning_of_life,would you provide me with what the point of life is,0.9985450506210327
22,22,meaning_of_life,meaning_of_life,tell me what the point of life is,0.9999032020568848
22,22,meaning_of_life,meaning_of_life,what is the reason humans even exist,0.8159128427505493
22,22,meaning_of_life,meaning_of_life,do you think our lives have purpose or meaning,0.7003380656242371
22,22,meaning_of_life,meaning_of_life,can you tell me about the meaning of life,0.999991774559021
22,22,meaning_of_life,meaning_of_life,can you tell me what the meaning of life is,0.9999597072601318
22,22,meaning_of_life,meaning_of_life,what do you know about the meaning of life,0.9999312162399292
22,22,meaning_of_life,meaning_of_life,i would like information on the meaning of life,0.9999325275421143
22,22,meaning_of_life,meaning_of_life,what information can you give me on the meaning of life,0.9997451901435852
22,22,meaning_of_life,meaning_of_life,what is the core meaning of life,0.9999966621398926
22,22,meaning_of_life,meaning_of_life,what do you know about lifes meaning,0.7823548316955566
22,22,meaning_of_life,meaning_of_life,is there any consensun regarding lifes true meaning,0.9989746809005737
22,129,meaning_of_life,fun_fact,is there a reason beyond biology about why humans are alive,0.8595750331878662
22,22,meaning_of_life,meaning_of_life,do you think being alive has any meaning,0.9884834885597229
22,22,meaning_of_life,meaning_of_life,is there meaning to life,0.9994102716445923
22,22,meaning_of_life,meaning_of_life,is there meaning in life,0.9998323917388916
22,22,meaning_of_life,meaning_of_life,what is the answer to life,0.9982917904853821
22,107,meaning_of_life,yes,what's the answer to it all,0.42486071586608887
22,22,meaning_of_life,meaning_of_life,what's life mean to you,0.5630943775177002
64,64,insurance_change,insurance_change,i would like to change my insurance policy,0.9999891519546509
64,64,insurance_change,insurance_change,can i edit my insurance policy,0.999988317489624
64,64,insurance_change,insurance_change,i am interested in a new insurance plan,0.9999922513961792
64,64,insurance_change,insurance_change,i really would like to get a new insurance plan,0.9999945163726807
64,64,insurance_change,insurance_change,i am in the market for a new insurance plan,0.9999954700469971
64,64,insurance_change,insurance_change,is there a way to alter my insurance policy,0.9999951124191284
64,64,insurance_change,insurance_change,how can i change to new insurance plan,0.9999982118606567
64,64,insurance_change,insurance_change,help me find a new insurance plan,0.9999972581863403
64,64,insurance_change,insurance_change,can i update my insurance policy,0.9999924898147583
64,64,insurance_change,insurance_change,who do i contact about updating my insurance,0.9651552438735962
64,64,insurance_change,insurance_change,can you help me change my insurance policy,0.9999926090240479
64,64,insurance_change,insurance_change,"i need to change my insurance policy, do you know how",0.9969184398651123
64,64,insurance_change,insurance_change,what are the steps to change my insurance policy,0.9999934434890747
64,64,insurance_change,insurance_change,do you know how i can change my insurance policy,0.9999531507492065
64,65,insurance_change,todo_list_update,how to i change the policy on my insurace,0.32516780495643616
64,64,insurance_change,insurance_change,what do i need to do to get new insurance,0.9998550415039062
64,64,insurance_change,insurance_change,do you know how i get new insurance,0.9999699592590332
64,64,insurance_change,insurance_change,what is the protocol for getting new insurance,0.9999831914901733
64,64,insurance_change,insurance_change,let me know the process for new insurance,0.9999772310256958
64,64,insurance_change,insurance_change,i want to sign up for a new allstate insurance plan,0.9999963045120239
64,91,insurance_change,new_card,i need to sign up for a new allstate plan,0.4888429641723633
64,6,insurance_change,redeem_rewards,what is the procedure for signing up for a new allstate plan,0.3026864230632782
64,91,insurance_change,new_card,how do i sign up for a new allstatedplan,0.9454954862594604
64,64,insurance_change,insurance_change,i want to change to a new allstate insurance plan,0.9999638795852661
64,64,insurance_change,insurance_change,i want a new insurance plan,0.9999986886978149
64,64,insurance_change,insurance_change,what if i want to switch insurance plans,0.9885635375976562
64,64,insurance_change,insurance_change,is there a way to get a new insurance plan,0.9999831914901733
64,64,insurance_change,insurance_change,i want to switch to a new insurance plan,0.9999972581863403
64,64,insurance_change,insurance_change,how do i switch insurance plans,0.9989364743232727
64,64,insurance_change,insurance_change,phone number to state farm to change insurance,0.9984422326087952
81,81,find_phone,find_phone,"can you help me find my phone, please",0.999077320098877
81,81,find_phone,find_phone,could you help me locate my phone,0.9999942779541016
81,81,find_phone,find_phone,can you help me locate my phone,0.9999955892562866
81,81,find_phone,find_phone,"could you help me locate my phone, please",0.9806210398674011
81,81,find_phone,find_phone,"can you help me locate my phone, please",0.9934766888618469
81,81,find_phone,find_phone,"i cannot locate my phone, can you help me",0.9996471405029297
81,81,find_phone,find_phone,i need help locating my phone,0.999984622001648
81,81,find_phone,find_phone,can you assist me with finding my phone,0.9999040365219116
81,81,find_phone,find_phone,i lost my phone can you help me,0.9999637603759766
81,68,find_phone,transactions,where the bleep did i put my bleeping phone,0.7928556799888611
81,81,find_phone,find_phone,is my phone somewhere around here,0.9944255352020264
81,12,find_phone,report_lost_card,"help, i've lost my cellphone!",0.6812974214553833
81,81,find_phone,find_phone,i seem to have lost my phone,0.9999343156814575
81,136,find_phone,current_location,do you know my phone's location,0.9931598901748657
81,81,find_phone,find_phone,can you find my phone,0.9999983310699463
81,81,find_phone,find_phone,where's my phone at,0.9994463324546814
81,136,find_phone,current_location,what's my phone's location,0.9515558481216431
81,42,find_phone,oos,can you help me hunt for my missing cellphone,0.515327513217926
81,81,find_phone,find_phone,locate my cellphone in this room,0.9413352012634277
81,81,find_phone,find_phone,where did i last put my phone,0.999883770942688
81,81,find_phone,find_phone,find my cellphone for me!,0.9990774393081665
81,81,find_phone,find_phone,where did i place my phone,0.9999198913574219
81,81,find_phone,find_phone,where's my phone,0.9999816417694092
81,81,find_phone,find_phone,my phone isn't where i left it,0.99982088804245
81,81,find_phone,find_phone,i think i've misplaced my phone,0.999841570854187
81,81,find_phone,find_phone,i've lost my phone somewhere,0.999902606010437
81,81,find_phone,find_phone,i think i lost my phone,0.9999896287918091
81,81,find_phone,find_phone,would you know where to find my phone,0.9999973773956299
81,81,find_phone,find_phone,please assist me in looking for my phone,0.9980498552322388
81,81,find_phone,find_phone,look for my phone with me,0.9971039891242981
128,128,travel_alert,travel_alert,is there a travel alert in spain,0.9963424801826477
128,128,travel_alert,travel_alert,travel alert in cuba,0.9376774430274963
128,128,travel_alert,travel_alert,alerts for travel in colombia,0.9993390440940857
128,128,travel_alert,travel_alert,are there travel alerts in mexico,0.9999947547912598
128,128,travel_alert,travel_alert,mexico travel alerts,0.9999299049377441
128,128,travel_alert,travel_alert,have there been any travel alerts for the us,0.9999455213546753
128,128,travel_alert,travel_alert,are there any travel advisories for the us,0.9997825026512146
128,128,travel_alert,travel_alert,what are the travel alerts for the us,0.9999065399169922
128,128,travel_alert,travel_alert,are there travel alerts for the us,0.999920129776001
128,128,travel_alert,travel_alert,what travel alerts are in effect for the us,0.9938175082206726
128,128,travel_alert,travel_alert,i want to know if i will be safe if i travel to europe,0.999854326248169
128,128,travel_alert,travel_alert,would i be safe if i traveled to japan,0.9863386750221252
128,128,travel_alert,travel_alert,is it safe to go to north korea,0.9469637274742126
128,128,travel_alert,travel_alert,will i be safe going to south america,0.8980253338813782
128,128,travel_alert,travel_alert,am i safe to go to africa,0.8584998250007629
128,128,travel_alert,travel_alert,which countries have travel alerts,0.9998205304145813
128,128,travel_alert,travel_alert,is it safe in italy,0.3973124027252197
128,128,travel_alert,travel_alert,what are the travel conditions for haiti,0.9896852970123291
128,128,travel_alert,travel_alert,are there any travel bulletins about haiti,0.9999129772186279
128,128,travel_alert,travel_alert,note any travel alerts for haiti,0.9999794960021973
128,128,travel_alert,travel_alert,find travel alerts for haiti,0.9998815059661865
128,0,travel_alert,restaurant_reviews,does the state department say anything about traveling to haiti,0.9659396409988403
128,128,travel_alert,travel_alert,is there a travel alert for france,0.9998455047607422
128,128,travel_alert,travel_alert,is it safe for me to go to turkey,0.9138059616088867
128,128,travel_alert,travel_alert,is it safe to go to serbia,0.9683243036270142
128,18,travel_alert,schedule_meeting,safety concerns for malaysia,0.3328949511051178
128,120,travel_alert,plug_type,is it safe for me to visit malawi,0.40335553884506226
128,128,travel_alert,travel_alert,is travel to monterrey safe now,0.999650239944458
128,128,travel_alert,travel_alert,is it safe for people to travel to pakistan,0.9972473978996277
128,128,travel_alert,travel_alert,can people safely travel to cambodia,0.9610239267349243
97,97,pto_request,pto_request,please help me set up a vacation request,0.996002733707428
97,97,pto_request,pto_request,how does one go about putting in a vacation request,0.9983925223350525
97,97,pto_request,pto_request,how do i put in a vacation request,0.9999569654464722
97,97,pto_request,pto_request,walk me through on how to make a vacation request,0.9998966455459595
97,97,pto_request,pto_request,please put in a vacation request,0.9997151494026184
97,97,pto_request,pto_request,how is a vacation request done,0.9184508919715881
97,97,pto_request,pto_request,how is a vacation request made,0.9875873923301697
97,97,pto_request,pto_request,what is the process of making a vacation request,0.9964972138404846
97,97,pto_request,pto_request,how would one make a vacation request,0.9998883008956909
97,97,pto_request,pto_request,can i put in a pto request for september 1st to september 8th,0.9998582601547241
97,97,pto_request,pto_request,"if i want to make a vacation request, how do i do it",0.967945396900177
97,97,pto_request,pto_request,can i put in a pto request for august 1st to august 10th,0.9997710585594177
97,97,pto_request,pto_request,can i put in a pto request for january 4th to january 9th,0.999915599822998
97,97,pto_request,pto_request,can i put in a pto request for december 3rd to december 10th,0.999975323677063
97,97,pto_request,pto_request,can i put in a pto request for december 25th to january 1st,0.9999150037765503
97,97,pto_request,pto_request,can i take pto from the end of the month to the 5th of the next month,0.6851993799209595
97,97,pto_request,pto_request,can you help me plan a vacation,0.9774450063705444
97,133,pto_request,transfer,it it possible to take pto from the 8th to the 11th,0.7805491089820862
97,148,pto_request,pto_used,is it ok if i use some of my pto on may 24th to may 29th,0.8140101432800293
97,97,pto_request,pto_request,what do i do to set up a vacation,0.9907494187355042
97,97,pto_request,pto_request,i need to use pto on october 5th to october 10th,0.9777833819389343
97,97,pto_request,pto_request,how do i plan a vacation,0.9738649725914001
97,97,pto_request,pto_request,can i put in a pto request for monday to wednesday,0.9999834299087524
97,97,pto_request,pto_request,can i purchase a vacation using this,0.998087465763092
97,97,pto_request,pto_request,how do i get help with a vacation itinerary,0.9992627501487732
97,97,pto_request,pto_request,how do i request a vacation,0.9996545314788818
97,97,pto_request,pto_request,i'd like to request a vacation,0.9999575614929199
97,97,pto_request,pto_request,i need to request a vacation,0.9999649524688721
97,101,pto_request,pto_request_status,vacation request information,0.9953963160514832
97,101,pto_request,pto_request_status,vacation request please,0.9842682480812073
28,28,improve_credit_score,improve_credit_score,how can i increase my credit score,0.9913583993911743
28,28,improve_credit_score,improve_credit_score,how can i raise my credit score,0.9969913959503174
28,28,improve_credit_score,improve_credit_score,how can i contribute to my credit score,0.9990212917327881
28,28,improve_credit_score,improve_credit_score,how is it possible to get a better credit score,0.9980632662773132
28,69,improve_credit_score,credit_score,how can i up my credit score,0.7420629858970642
28,69,improve_credit_score,credit_score,can you explain to me how i might boost my credit score,0.9332895278930664
28,69,improve_credit_score,credit_score,my credit score stinks but i don't know how to improve it,0.7694584131240845
28,28,improve_credit_score,improve_credit_score,what preventative measures can i take to avoid a low credit score,0.9994636178016663
28,28,improve_credit_score,improve_credit_score,how can i keep my credit score from falling,0.999951958656311
28,69,improve_credit_score,credit_score,give me some ideas for boosting my credit score,0.7019641399383545
28,28,improve_credit_score,improve_credit_score,how can i prevent my credit score from dropping,0.9999366998672485
28,28,improve_credit_score,improve_credit_score,what steps can i take to build my credit score,0.9999878406524658
28,28,improve_credit_score,improve_credit_score,give me some tips on building up my credit score,0.9700506329536438
28,28,improve_credit_score,improve_credit_score,how can i rehabilitate my poor credit score,0.9768422245979309
28,28,improve_credit_score,improve_credit_score,give me some ideas of how to avoid my credit score lowering,0.9999394416809082
28,28,improve_credit_score,improve_credit_score,give me tips on improving my credit score,0.9875242710113525
28,28,improve_credit_score,improve_credit_score,what steps should i take if i want to ensure my credit score doesn't drop,0.999784529209137
28,28,improve_credit_score,improve_credit_score,can you tell me some strategies for raising my credit score,0.9841708540916443
28,28,improve_credit_score,improve_credit_score,i want to know how i can build up a good credit score,0.9986609220504761
28,28,improve_credit_score,improve_credit_score,"""what's the method to improve credit score",0.998621940612793
28,28,improve_credit_score,improve_credit_score,"""which is the best way to improve the credit score",0.9993185997009277
28,28,improve_credit_score,improve_credit_score,"""which could be improve the credit score",0.9994020462036133
28,28,improve_credit_score,improve_credit_score,"""when the credit score improve",0.9864431619644165
28,28,improve_credit_score,improve_credit_score,"""where is improve the credit score",0.634092390537262
28,28,improve_credit_score,improve_credit_score,it is damaging to my credit score if i miss one credit card payment,0.8556661605834961
28,68,improve_credit_score,transactions,i have a revolving store card and defaulted so will my fico score be affected,0.192607119679451
28,109,improve_credit_score,credit_limit_change,will my fico score decrease if i increase my student loan debt,0.9841408729553223
28,28,improve_credit_score,improve_credit_score,if i lose my job will my credit score go down,0.9626359343528748
28,28,improve_credit_score,improve_credit_score,can i hurt my credit rating if i open several credit cards in a short time frame,0.8122243285179138
28,28,improve_credit_score,improve_credit_score,will only having five late payments really make my credit bad,0.9702059030532837
129,129,fun_fact,fun_fact,name unusual facts about the circus,0.9159106016159058
129,18,fun_fact,schedule_meeting,i need interesting baseball trivia from the nineteen eighties,0.3274601697921753
129,129,fun_fact,fun_fact,tell me a fun fact about cars,0.9999698400497437
129,129,fun_fact,fun_fact,give me a fun fact about kangaroo,0.999863862991333
129,129,fun_fact,fun_fact,give me a fun fact about koala,0.9999425411224365
129,129,fun_fact,fun_fact,give me a fun fact about dolphin,0.999969482421875
129,129,fun_fact,fun_fact,what is some trivia about frog,0.9999983310699463
129,129,fun_fact,fun_fact,tell me fun facts of today,0.9981770515441895
129,129,fun_fact,fun_fact,give me something interesting about stars,0.9999619722366333
129,129,fun_fact,fun_fact,what is some trivia question about coffee,0.9999160766601562
129,129,fun_fact,fun_fact,tell me some trivia about sweat,0.9999973773956299
129,129,fun_fact,fun_fact,tell me some trivia about dolphin,0.9999924898147583
129,5,fun_fact,weather,what is some trivia about the weather,0.9701776504516602
129,129,fun_fact,fun_fact,give me a fun fact about komodo dragon,0.9999358654022217
129,129,fun_fact,fun_fact,give me a amusing fact about wolf,0.9994296431541443
129,129,fun_fact,fun_fact,what is the interesting trivia about human bodies,0.9998099207878113
129,16,fun_fact,order,i want to learn something about apples,0.6372616291046143
129,129,fun_fact,fun_fact,tell me today's fun fact,0.9999629259109497
129,129,fun_fact,fun_fact,i want today's fun fact please,0.9993599057197571
129,129,fun_fact,fun_fact,what is today's fun fact,0.9996551275253296
129,129,fun_fact,fun_fact,today's fun fact,0.9995113611221313
129,129,fun_fact,fun_fact,i want a fun fact about london,0.9990643858909607
129,129,fun_fact,fun_fact,tell me something interesting about bees,0.9998505115509033
129,129,fun_fact,fun_fact,i would you like to learn something interesting about bees,0.9992061257362366
129,1,fun_fact,nutrition_info,i want to hear cool bee facts,0.9786797761917114
129,129,fun_fact,fun_fact,what's something interesting about bees,0.9999179840087891
129,129,fun_fact,fun_fact,i wanna hear something cool about bees,0.9773011803627014
129,129,fun_fact,fun_fact,tell me fun facts on science topics,0.9997664093971252
129,129,fun_fact,fun_fact,tell me fun science facts,0.9998575448989868
129,129,fun_fact,fun_fact,i want to know fun facts about koala bears,0.999919056892395
29,29,change_language,change_language,please speak in tagalog,0.9798153638839722
29,29,change_language,change_language,speak in german,0.999923825263977
29,29,change_language,change_language,speak to me in dutch,0.9990137815475464
29,29,change_language,change_language,speak in french please,0.999683141708374
29,119,change_language,change_speed,speak spanish please,0.637032687664032
29,29,change_language,change_language,i am not understanding the language you are responding in; switch it for me,0.9963271021842957
29,29,change_language,change_language,i can't understand the language you are responding in; i need you to switch it,0.9004862904548645
29,55,change_language,change_ai_name,i need you to switch the language you are responding as i don't understand,0.3993270695209503
29,29,change_language,change_language,i don't understand your language; switch the language,0.9999762773513794
29,29,change_language,change_language,i need you to switch the language you are responding in,0.9999674558639526
29,29,change_language,change_language,i'd like to speak in portuguese,0.9995028972625732
29,29,change_language,change_language,can we speak in german,0.9999480247497559
29,29,change_language,change_language,i want to use spanish with you,0.6511977910995483
29,29,change_language,change_language,please let's speak in spanish,0.9986352324485779
29,29,change_language,change_language,please can we speak in dutch,0.9996658563613892
29,29,change_language,change_language,can you make the default language swedish,0.9996104836463928
29,29,change_language,change_language,is it possible to talk to you in mandarin,0.7460897564888
29,61,change_language,translate,would you understand me if i speak to you in navajo,0.5071008205413818
29,29,change_language,change_language,i'd like the language to be in spanish,0.9997779726982117
29,51,change_language,change_accent,i'd like to use you using russian,0.9048090577125549
29,29,change_language,change_language,can i speak spanish to you hombre,0.7013874650001526
29,29,change_language,change_language,i want to start talking to you in swedish,0.9999171495437622
29,29,change_language,change_language,can i get you to change your language setting to russian,0.9999442100524902
29,29,change_language,change_language,please make your language setting norwegian,0.992158055305481
29,29,change_language,change_language,i am going to speak english now,0.7403362989425659
29,51,change_language,change_accent,do you speak english,0.4017484188079834
29,14,change_language,whisper_mode,i want to talk english,0.8406697511672974
29,29,change_language,change_language,we have to speak in english,0.9995483756065369
29,29,change_language,change_language,speak in dutch,0.994666576385498
29,29,change_language,change_language,i want to speak to you in swiss german,0.9997668862342834
79,79,payday,payday,how long until my paycheck shows up,0.9998971223831177
79,79,payday,payday,can you tell me the date of my last check,0.792288601398468
79,79,payday,payday,what was the date when i last go paid,0.9999520778656006
79,95,payday,date,what's the date on my last pay stub,0.8817928433418274
79,79,payday,payday,when can i expect my paycheck,0.9999885559082031
79,79,payday,payday,when is the next time i'll receive a paycheck,0.9920599460601807
79,79,payday,payday,when did i last collect my salary,0.992053747177124
79,79,payday,payday,when do i next get paid,0.9998489618301392
79,79,payday,payday,when is my paycheck arriving,0.9999841451644897
79,95,payday,date,what day is payday,0.6158776879310608
79,79,payday,payday,do you know when my next check is coming,0.9896831512451172
79,79,payday,payday,when do i get my next paycheck,0.9999964237213135
79,79,payday,payday,when's pay day for me,0.7882550358772278
79,79,payday,payday,i need to know when i get paid next,0.99931800365448
79,79,payday,payday,when's my next pay day,0.9975343942642212
79,79,payday,payday,what day's my pay coming next,0.3132779002189636
79,79,payday,payday,when do i get paid for my work,0.9588192701339722
79,79,payday,payday,look up when my payday is supposed to be,0.9995272159576416
79,79,payday,payday,when can i expect to be paid,0.9984287619590759
79,79,payday,payday,look up the date for my next payday,0.9973747730255127
79,79,payday,payday,what day will i earn my payment from work,0.7301006317138672
79,79,payday,payday,find out when my next upcoming payday will be,0.9992881417274475
79,79,payday,payday,when is the next payday i can look forward to,0.9731061458587646
79,38,payday,exchange_rate,what day can i expect to receive payment on,0.30227330327033997
79,79,payday,payday,when will my next paycheck be coming,0.9999959468841553
79,56,payday,bill_due,when will my payment be deposited,0.8948187232017517
79,79,payday,payday,when do i get my next pay check,0.9994938373565674
79,79,payday,payday,is it payday,0.7785438299179077
79,79,payday,payday,do you know when i'll receive my next paycheck,0.9999287128448486
79,79,payday,payday,what date do i get paid,0.9986819624900818
90,90,replacement_card_duration,replacement_card_duration,how long does it take for a credit card to be reissued and mailed to me,0.9998076558113098
90,91,replacement_card_duration,new_card,can credit card companies expedite delivery of reissued credit cards,0.5113995671272278
90,90,replacement_card_duration,replacement_card_duration,can you call the help desk line for my credit card company,0.4616796672344208
90,91,replacement_card_duration,new_card,how can i request a new credit card,0.9822553396224976
90,90,replacement_card_duration,replacement_card_duration,what's the phone number for my credit card company,0.4733901619911194
90,90,replacement_card_duration,replacement_card_duration,i recently lost my credit card and need to know how long it takes to get a new one mailed to me,0.8650371432304382
90,90,replacement_card_duration,replacement_card_duration,i need to know the time it takes to get a new credit card sent to someone who lost theirs,0.9987039566040039
90,90,replacement_card_duration,replacement_card_duration,i lost my credit card recently how long does take to get a new one in the mail,0.9987636804580688
90,90,replacement_card_duration,replacement_card_duration,what is amount of time it takes to get a new credit card i lost mine recently,0.9956684112548828
90,12,replacement_card_duration,report_lost_card,what is the time frame for sending a customer who lost their credit card a new one,0.4308334290981293
90,90,replacement_card_duration,replacement_card_duration,will i get getting my new card anytime soon,0.9948794841766357
90,103,replacement_card_duration,application_status,what is the shipping status of my replacement card,0.9476323127746582
90,90,replacement_card_duration,replacement_card_duration,how long until i get my replacement card,0.9999744892120361
90,90,replacement_card_duration,replacement_card_duration,when is my new card expected to arrive,0.9928277134895325
90,90,replacement_card_duration,replacement_card_duration,is my replacement card due to arrive in the mail today,0.8693522214889526
90,90,replacement_card_duration,replacement_card_duration,how long before my new card is mailed to me,0.9999160766601562
90,90,replacement_card_duration,replacement_card_duration,what is the shipping time for my card,0.9771221280097961
90,90,replacement_card_duration,replacement_card_duration,how much time before my new card is mailed to me,0.9999512434005737
90,90,replacement_card_duration,replacement_card_duration,how long does it take to get a new credit card,0.9991833567619324
90,91,replacement_card_duration,new_card,time to order and receive a new credit card,0.9965930581092834
90,90,replacement_card_duration,replacement_card_duration,when will i received a replacement card,0.999984622001648
90,90,replacement_card_duration,replacement_card_duration,time to replace my credit card,0.5861266851425171
90,90,replacement_card_duration,replacement_card_duration,how long before the replacement card is mailed to me,0.9999916553497314
90,90,replacement_card_duration,replacement_card_duration,how much longer before the card is mailed to me,0.999366819858551
90,90,replacement_card_duration,replacement_card_duration,how long will it takes to get a new credit card,0.999114453792572
90,90,replacement_card_duration,replacement_card_duration,what is the shipping wait for my card,0.9924071431159973
90,90,replacement_card_duration,replacement_card_duration,when will the replaecment card arrive,0.9742266535758972
90,90,replacement_card_duration,replacement_card_duration,let me know the wait on a replacement credit card,0.910260021686554
90,90,replacement_card_duration,replacement_card_duration,let me know when the replacement card will arrive,0.9989100694656372
90,90,replacement_card_duration,replacement_card_duration,how soon can i expect a replacement card for my lost card to arrive,0.9997066855430603
4,4,time,time,i need you to tell me what time it is in new york now,0.9841200709342957
4,4,time,time,"what time is it in adelaide, australia right now",0.9999333620071411
4,138,time,calculator,is it after noon,0.5381600856781006
4,148,time,pto_used,is it six o clock yet,0.5116862058639526
4,4,time,time,please give me the time in tanzania at this moment,0.994906485080719
4,4,time,time,can you tell me the current time in jamaica,0.999841570854187
4,4,time,time,"tell me the time in san francisco, please",0.9997724890708923
4,4,time,time,"what time is it right now in adelaide, australia",0.9997225403785706
4,4,time,time,what time is it in the eastern timezone,0.9998793601989746
4,4,time,time,what time is it in the mountain timezone,0.9977191090583801
4,4,time,time,what time is it in the greenwich timezone,0.9991986155509949
4,4,time,time,what time is it in the central timezone,0.9991992115974426
4,4,time,time,tell me what the time is in dallas,0.9992921352386475
4,4,time,time,what is the current time in dallas,0.9999634027481079
4,4,time,time,can you tell me what time it is in dallas,0.9996150732040405
4,4,time,time,what time is it in dallas,0.9999326467514038
4,118,time,next_song,tell time for another city: dallas,0.4059624671936035
4,4,time,time,what time is it right now at home,0.9999001026153564
4,4,time,time,what’s the time in new york,0.9873090386390686
4,4,time,time,tell me the time in california,0.9997037053108215
4,4,time,time,tell me the time in las vegas,0.9993984699249268
4,4,time,time,what is the time is central time zone,0.5540714859962463
4,4,time,time,what is the time in the usa,0.990854024887085
4,4,time,time,what is the time in est,0.9999847412109375
4,4,time,time,whats the exact time,0.9998612403869629
4,4,time,time,what is the current time,0.9998672008514404
4,4,time,time,what's the current time,0.9999371767044067
4,4,time,time,what time is it in california,0.9998156428337097
4,4,time,time,please give me the time,0.9998223185539246
4,4,time,time,the time is what,0.9320921897888184
103,103,application_status,application_status,how is the status of my credit card application coming along,0.9999328851699829
103,103,application_status,application_status,what exactly is the status of my application for the credit card,0.9994739890098572
103,103,application_status,application_status,i need to know the status of my credit card application,0.9999817609786987
103,103,application_status,application_status,i would like to know the status of my credit card application,0.9999818801879883
103,103,application_status,application_status,let me know if my application for american saving bank,0.8386102914810181
103,103,application_status,application_status,check the status of my credit card application for me,0.9999840259552002
103,103,application_status,application_status,i want to know if my credit card application has been processed,0.999976396560669
103,103,application_status,application_status,i want to know the status of my credit card application,0.9999847412109375
103,103,application_status,application_status,can you check if my credit card application has been processed,0.9999915361404419
103,103,application_status,application_status,i want to know how is my credit card application going,0.9998898506164551
103,103,application_status,application_status,can you let me know the status of my discover credit card application status,0.9999812841415405
103,103,application_status,application_status,can you tell me the status of my credit card application,0.9999799728393555
103,103,application_status,application_status,has my application for american express gone through yet,0.9970670342445374
103,103,application_status,application_status,let me know about the status of my credit card application,0.9999840259552002
103,103,application_status,application_status,can you please tell me about the status of my credit card application,0.9999901056289673
103,103,application_status,application_status,can you please let me know the status of my capital one application,0.9889018535614014
103,103,application_status,application_status,let me know the credit card application status,0.9999836683273315
103,103,application_status,application_status,has my application for discover card gone through yet,0.9999548196792603
103,103,application_status,application_status,can you tell me the credit card application status,0.9999786615371704
103,103,application_status,application_status,has my application for the hsbc card been approved yet,0.9649500250816345
103,103,application_status,application_status,please tell me if my application for the hsbc card has gone through yet,0.9999080896377563
103,103,application_status,application_status,how far has my application for the hsbc card gone till now,0.9961328506469727
103,103,application_status,application_status,what's the status on my application for the hsbc credit card,0.999749481678009
103,103,application_status,application_status,how far has my application for the hsbc card proceeded till now,0.9590305685997009
103,103,application_status,application_status,did the application for my visa card finish,0.9788600206375122
103,103,application_status,application_status,has my mastercard application gone through the process,0.9999533891677856
103,103,application_status,application_status,has my mastercard application gone through yet,0.9999780654907227
103,103,application_status,application_status,has my application for my visa card gone through,0.999821126461029
103,103,application_status,application_status,has my mastercard application been processed,0.9999654293060303
103,103,application_status,application_status,when will i know if my visa card application was approved,0.9999340772628784
80,80,flight_status,flight_status,what's the status of by delta flight,0.9999333620071411
80,80,flight_status,flight_status,what's the status of my virgin airlines flight,0.9998917579650879
80,80,flight_status,flight_status,what's the status of my jetblue flight,0.9999470710754395
80,80,flight_status,flight_status,what's the status of my southwest flight,0.9996640682220459
80,80,flight_status,flight_status,what's the status of my american airlines flight,0.9997959733009338
80,80,flight_status,flight_status,what's the news with my delta flight,0.999830961227417
80,80,flight_status,flight_status,where is my delta flight,0.9991235136985779
80,80,flight_status,flight_status,what can you tell me about flight dl123,0.9914426207542419
80,80,flight_status,flight_status,where is flight dl123,0.9984208345413208
80,80,flight_status,flight_status,has flight dl123 left,0.9998910427093506
80,80,flight_status,flight_status,is flight dl123 going to arrive on time,0.9895786643028259
80,80,flight_status,flight_status,is my spirit flight running on time,0.9986677169799805
80,80,flight_status,flight_status,what's the status for my delta flight this afternoon,0.9999884366989136
80,80,flight_status,flight_status,give me the status on my united airlines flight,0.9995740056037903
80,80,flight_status,flight_status,what's up with my american airline flight will it be on time,0.9999591112136841
80,80,flight_status,flight_status,tell me what the status is for my aa flight,0.9999332427978516
80,80,flight_status,flight_status,i need for you to get me the status of my american airlines flight,0.9984877109527588
80,80,flight_status,flight_status,tell me the status of my american airlines flight,0.9997697472572327
80,80,flight_status,flight_status,i need to know the status of my american airlines flight,0.999339759349823
80,80,flight_status,flight_status,would you let me know the status of my american airlines flight,0.9992063641548157
80,80,flight_status,flight_status,let me know the status of my american airlines flight,0.99993896484375
80,80,flight_status,flight_status,has flight dl123 landed,0.9997662901878357
80,80,flight_status,flight_status,"is my flight, dl123 on time",0.9777498841285706
80,80,flight_status,flight_status,how far out is flight dl123,0.9937963485717773
80,80,flight_status,flight_status,is flight dl123 delayed,0.9988458156585693
80,4,flight_status,time,what time is boarding scheduled,0.9512642621994019
80,80,flight_status,flight_status,when is boarding scheduled,0.5774614810943604
80,80,flight_status,flight_status,what time is boarding for my flight,0.9999932050704956
80,80,flight_status,flight_status,when is boarding scheduled for my flight,0.9999873638153076
80,80,flight_status,flight_status,when is my flight scheduled to board,0.9999963045120239
33,33,flip_coin,flip_coin,flip a coin for me and i call heads,0.9999884366989136
33,33,flip_coin,flip_coin,can you flip a coin for me,0.9999971389770508
33,33,flip_coin,flip_coin,give me the results of a coin flip,0.9999943971633911
33,33,flip_coin,flip_coin,please flip a coin for me,0.9999960660934448
33,33,flip_coin,flip_coin,please flip a coin for me ai,0.9999916553497314
33,33,flip_coin,flip_coin,flip a coin and tell me if it's heads,0.9999639987945557
33,33,flip_coin,flip_coin,"ai, flip a coin for me",0.9999982118606567
33,33,flip_coin,flip_coin,"ai, please flip a simulated coin",0.9999902248382568
33,33,flip_coin,flip_coin,let's flip a coin i choose heads,0.9999974966049194
33,33,flip_coin,flip_coin,can you please do a simulated coin flip for me ai,0.9999449253082275
33,33,flip_coin,flip_coin,flip a coin i choose heads,0.9999943971633911
33,33,flip_coin,flip_coin,flip a coin i'm calling heads,0.9999978542327881
33,33,flip_coin,flip_coin,can you do a coin flip for me ai,0.9999958276748657
33,33,flip_coin,flip_coin,i want you to flip a coin i choose heads,0.9999327659606934
33,33,flip_coin,flip_coin,just toss a coin,0.9978594183921814
33,33,flip_coin,flip_coin,just flip a coin,0.9999955892562866
33,33,flip_coin,flip_coin,throw a coin in the air,0.9265819787979126
33,33,flip_coin,flip_coin,flip a coin into the air,0.9998888969421387
33,33,flip_coin,flip_coin,"heads, coin flip",0.9999603033065796
33,33,flip_coin,flip_coin,"flip coin, heads!",0.9981153011322021
33,33,flip_coin,flip_coin,"flip a coin, i call heads!",0.9947412014007568
33,33,flip_coin,flip_coin,"coin flip, choose heads",0.9983205199241638
33,33,flip_coin,flip_coin,"please flip a coin, i choose heads!",0.999987006187439
33,33,flip_coin,flip_coin,can you flip a coin i call heads,0.9999974966049194
33,33,flip_coin,flip_coin,"flip a coin, i'm heads",0.999974250793457
33,33,flip_coin,flip_coin,"flip a coin, heads",0.9999945163726807
33,33,flip_coin,flip_coin,"flip us a coin, i call heads",0.9998847246170044
33,33,flip_coin,flip_coin,"flip a coin, you're tails and i'm heads",0.9999812841415405
33,33,flip_coin,flip_coin,give me a coin toss result,0.9990308284759521
33,33,flip_coin,flip_coin,"flip the coin, i choose heads",0.9998471736907959
144,144,change_user_name,change_user_name,bob is my name now,0.9739962816238403
144,144,change_user_name,change_user_name,please start calling me bob,0.9992321729660034
144,144,change_user_name,change_user_name,change my name to bob,0.9989672899246216
144,144,change_user_name,change_user_name,call me bob from now on,0.9997175335884094
144,144,change_user_name,change_user_name,don't call me bill anymore - call me bob,0.9999091625213623
144,144,change_user_name,change_user_name,i want you to call me bailey,0.9997888207435608
144,144,change_user_name,change_user_name,don't call me anything besides bailey,0.9989439845085144
144,144,change_user_name,change_user_name,refer to me as bailey,0.9995520710945129
144,144,change_user_name,change_user_name,"address me as ""bailey",0.9999457597732544
144,144,change_user_name,change_user_name,please call me bailey,0.999854326248169
144,144,change_user_name,change_user_name,can you call me a different name,0.9961001873016357
144,144,change_user_name,change_user_name,could you call me a different name,0.9959465861320496
144,55,change_user_name,change_ai_name,"could you call me a different name, please",0.3813574016094208
144,144,change_user_name,change_user_name,"could you call me by a different name, please",0.9907795190811157
144,144,change_user_name,change_user_name,"can you call me a different name, please",0.5092138051986694
144,11,change_user_name,user_name,"ai, my name is deb please use my name when you talk to me",0.999384880065918
144,7,change_user_name,interest_rate,ai answer my questions with my name first which is deb,0.8039590716362
144,144,change_user_name,change_user_name,"ai, refer to me as deb when answering me",0.8244293332099915
144,42,change_user_name,oos,"ai, address me as deb when speaking to me",0.6734903454780579
144,144,change_user_name,change_user_name,"ai, call me deb",0.9823434352874756
144,144,change_user_name,change_user_name,change my name please,0.9992048144340515
144,144,change_user_name,change_user_name,please go ahead and change my name,0.9907359480857849
144,144,change_user_name,change_user_name,please switch my name,0.9995622038841248
144,144,change_user_name,change_user_name,change name for me,0.9991969466209412
144,144,change_user_name,change_user_name,my name is going to be sherlock,0.9867276549339294
144,144,change_user_name,change_user_name,start calling me jake from now on,0.9585166573524475
144,144,change_user_name,change_user_name,call me shane,0.9953799247741699
144,144,change_user_name,change_user_name,i want you to call me sheldon,0.9999603033065796
144,144,change_user_name,change_user_name,i want to be called timothy,0.9905341863632202
144,144,change_user_name,change_user_name,call me mike from now on,0.9985811710357666
77,77,where_are_you_from,where_are_you_from,where are you coming from,0.9997509121894836
77,77,where_are_you_from,where_are_you_from,from where do you come,0.9925804138183594
77,77,where_are_you_from,where_are_you_from,what place are you from,0.9976992011070251
77,77,where_are_you_from,where_are_you_from,where are you from originally,0.9999792575836182
77,77,where_are_you_from,where_are_you_from,"so, where do you come from",0.999803364276886
77,77,where_are_you_from,where_are_you_from,so where do you come from originally,0.9994603991508484
77,77,where_are_you_from,where_are_you_from,where do you call home,0.9974785447120667
77,77,where_are_you_from,where_are_you_from,what's your home country,0.9999215602874756
77,77,where_are_you_from,where_are_you_from,where did you live before you moved here,0.9999852180480957
77,77,where_are_you_from,where_are_you_from,are you from here or somewhere else originally,0.9491033554077148
77,77,where_are_you_from,where_are_you_from,tell me where you're from,0.9999613761901855
77,77,where_are_you_from,where_are_you_from,what area did you come from,0.999786913394928
77,77,where_are_you_from,where_are_you_from,what is your origin,0.9981111288070679
77,77,where_are_you_from,where_are_you_from,where was it you were born,0.9998886585235596
77,77,where_are_you_from,where_are_you_from,the place you were born is,0.9854652285575867
77,77,where_are_you_from,where_are_you_from,what location were you born,0.9999483823776245
77,77,where_are_you_from,where_are_you_from,where were you put together,0.9561910033226013
77,77,where_are_you_from,where_are_you_from,where is your home planet,0.9999486207962036
77,77,where_are_you_from,where_are_you_from,where is your home town,0.9999747276306152
77,77,where_are_you_from,where_are_you_from,where were you thought of,0.9998127818107605
77,77,where_are_you_from,where_are_you_from,where do you originate from,0.9998294115066528
77,77,where_are_you_from,where_are_you_from,where have you come from,0.9992559552192688
77,77,where_are_you_from,where_are_you_from,where were you before,0.9998960494995117
77,77,where_are_you_from,where_are_you_from,where were you processed,0.9997983574867249
77,0,where_are_you_from,restaurant_reviews,a hidden government facility,0.26527705788612366
77,77,where_are_you_from,where_are_you_from,what region were you born,0.9676787853240967
77,77,where_are_you_from,where_are_you_from,from where did you originate,0.9977341890335083
77,77,where_are_you_from,where_are_you_from,are you from around here,0.9925866723060608
77,77,where_are_you_from,where_are_you_from,in what place are you originally from,0.9997519850730896
77,99,where_are_you_from,how_old_are_you,where did you grow up,0.8317737579345703
125,52,shopping_list_update,vaccines,tack on a gallon of milk to the grocery list,0.16319572925567627
125,65,shopping_list_update,todo_list_update,add laundry detergent to the list,0.996791660785675
125,125,shopping_list_update,shopping_list_update,make sure to put eggs on the grocery list,0.9576523303985596
125,125,shopping_list_update,shopping_list_update,the list should also have 2 loaves of bread,0.5056018829345703
125,65,shopping_list_update,todo_list_update,include asparagus on the list,0.9914286732673645
125,125,shopping_list_update,shopping_list_update,remove milk and add eggs to my shopping list,0.9999544620513916
125,125,shopping_list_update,shopping_list_update,put milk on my shopping list,0.9984538555145264
125,125,shopping_list_update,shopping_list_update,i'd like to add pancake mix to my shopping list if it's not already there,0.9958505630493164
125,125,shopping_list_update,shopping_list_update,"if soda isn't on my shopping list, go ahead and add it for me",0.9997867941856384
125,125,shopping_list_update,shopping_list_update,add milk to my shopping list,0.9997707009315491
125,125,shopping_list_update,shopping_list_update,take toilet paper off my shopping list,0.998393714427948
125,125,shopping_list_update,shopping_list_update,i need to add flour to my list for shopping if i haven't already,0.997211754322052
125,125,shopping_list_update,shopping_list_update,take toilet paper off my shopping list and add paper towels,0.9992063641548157
125,125,shopping_list_update,shopping_list_update,i need hot dogs added to my shopping list please,0.9988331198692322
125,125,shopping_list_update,shopping_list_update,please put chips on my shopping list,0.9998045563697815
125,125,shopping_list_update,shopping_list_update,"is milk in my shopping list if not, add it",0.9961767196655273
125,125,shopping_list_update,shopping_list_update,can you add eggs to my shopping list,0.9999645948410034
125,125,shopping_list_update,shopping_list_update,add eggs to my shopping list if it's not already there,0.9998650550842285
125,125,shopping_list_update,shopping_list_update,i'd like to get soda while i'm out; add it to my shopping list,0.9968955516815186
125,125,shopping_list_update,shopping_list_update,"on my shopping list, remove eggs",0.9817594289779663
125,125,shopping_list_update,shopping_list_update,i need eggs; add them to my shopping list,0.9996591806411743
125,125,shopping_list_update,shopping_list_update,"take soda from my shopping list, and while you're at it add tea",0.997975766658783
125,125,shopping_list_update,shopping_list_update,milk should be added to my shopping list,0.9998430013656616
125,16,shopping_list_update,order,"i don't need eggs anymore, but i do need milk",0.9610130786895752
125,125,shopping_list_update,shopping_list_update,take paper towels off of my shopping list,0.9976020455360413
125,43,shopping_list_update,shopping_list,i need milk on my shopping list,0.6815870404243469
125,125,shopping_list_update,shopping_list_update,i don't need toilet paper anymore; take it off my shopping list,0.9998908042907715
125,125,shopping_list_update,shopping_list_update,"throw eggs on my shopping list, please",0.9970076680183411
125,125,shopping_list_update,shopping_list_update,i need water on my shopping list and beer off of it,0.9995343685150146
125,125,shopping_list_update,shopping_list_update,i need bananas on the list too,0.8084330558776855
115,115,what_can_i_ask_you,what_can_i_ask_you,can you tell me what you can help with,0.9975405931472778
115,115,what_can_i_ask_you,what_can_i_ask_you,what things are you able to help me with,0.9999929666519165
115,115,what_can_i_ask_you,what_can_i_ask_you,i would like to know what you can help with,0.9980136156082153
115,115,what_can_i_ask_you,what_can_i_ask_you,what kind of things can you help with,0.9995831847190857
115,115,what_can_i_ask_you,what_can_i_ask_you,i want to know what type of things you can help me with,0.9998400211334229
115,115,what_can_i_ask_you,what_can_i_ask_you,please help me to know what type of things you can help me with,0.9999042749404907
115,115,what_can_i_ask_you,what_can_i_ask_you,can i know what type of things you can help me with,0.9999551773071289
115,115,what_can_i_ask_you,what_can_i_ask_you,i would like to know what type of things you can help me with,0.9996705055236816
115,115,what_can_i_ask_you,what_can_i_ask_you,i will be glad to know what type of things you can help me with,0.9963352680206299
115,115,what_can_i_ask_you,what_can_i_ask_you,what subjects do you like,0.9946469664573669
115,115,what_can_i_ask_you,what_can_i_ask_you,tell me what subjects you like,0.8692909479141235
115,115,what_can_i_ask_you,what_can_i_ask_you,please tell me what subjects you like,0.8216655850410461
115,115,what_can_i_ask_you,what_can_i_ask_you,so what subjects do you like,0.984541654586792
115,115,what_can_i_ask_you,what_can_i_ask_you,what type of questions can i ask you,0.9999781847000122
115,115,what_can_i_ask_you,what_can_i_ask_you,what kinds of things are you familiar with,0.9996658563613892
115,115,what_can_i_ask_you,what_can_i_ask_you,what subjects are you experienced in,0.9942856431007385
115,60,what_can_i_ask_you,calendar,what knowledge do you have on certain subjects,0.9393824338912964
115,115,what_can_i_ask_you,what_can_i_ask_you,what kid of subjects do you excel in,0.9988679885864258
115,115,what_can_i_ask_you,what_can_i_ask_you,what subjects or areas are you familiar with,0.9999476671218872
115,42,what_can_i_ask_you,oos,which subjects are you the most experienced with,0.9994064569473267
115,138,what_can_i_ask_you,calculator,tell me what you can do for me,0.5160013437271118
115,115,what_can_i_ask_you,what_can_i_ask_you,what sorts of tasks can you do,0.9884814023971558
115,115,what_can_i_ask_you,what_can_i_ask_you,what can you do for me,0.9872960448265076
115,112,what_can_i_ask_you,ingredients_list,what can you do to make yourself useful,0.7617654204368591
115,115,what_can_i_ask_you,what_can_i_ask_you,what would you be able to do with me,0.8236927390098572
115,115,what_can_i_ask_you,what_can_i_ask_you,give me examples of what to ask you,0.9997444748878479
115,115,what_can_i_ask_you,what_can_i_ask_you,tell me what types of questions i can ask you,0.9998973608016968
115,15,what_can_i_ask_you,what_are_your_hobbies,what are you programmed to do for me,0.6495124697685242
115,115,what_can_i_ask_you,what_can_i_ask_you,what things do you know how to do,0.5614514946937561
115,115,what_can_i_ask_you,what_can_i_ask_you,how can you help me,0.9961869120597839
121,82,maybe,greeting,undecided,0.45022332668304443
121,121,maybe,maybe,i'm afraid i don't know how to answer that,0.9997524619102478
121,107,maybe,yes,might,0.7574340105056763
121,121,maybe,maybe,it might go either way,0.9978050589561462
121,121,maybe,maybe,both could be,0.9998030066490173
121,121,maybe,maybe,either or,0.999769389629364
121,121,maybe,maybe,my answer would be maybe,0.9952391386032104
121,121,maybe,maybe,either one might be,0.9998996257781982
121,121,maybe,maybe,i can't say for certain either way,0.8502398133277893
121,121,maybe,maybe,it could go either way,0.9991804957389832
121,121,maybe,maybe,it's definitely a maybe for that,0.8508211970329285
121,121,maybe,maybe,i am not sure,0.9993239641189575
121,121,maybe,maybe,maybe it is,0.8281341195106506
121,121,maybe,maybe,i can't say,0.7453832626342773
121,121,maybe,maybe,could be,0.9814923405647278
121,107,maybe,yes,i am unable to say,0.6197476387023926
121,147,maybe,cancel,i am not able to say,0.414284884929657
121,121,maybe,maybe,i am really not sure,0.9828866124153137
121,121,maybe,maybe,i do not know,0.9937864542007446
121,121,maybe,maybe,not sure,0.9475083351135254
121,121,maybe,maybe,not sure to be honest,0.9569185376167297
121,121,maybe,maybe,i think maybe,0.9805006980895996
121,121,maybe,maybe,"um, i'm not quite sure",0.9206085205078125
121,121,maybe,maybe,"um, i'm not totally sure",0.8744892477989197
121,121,maybe,maybe,"um, i'm not actually sure",0.9156625270843506
121,121,maybe,maybe,i'm not actually sure,0.998482882976532
121,121,maybe,maybe,"um, i'm not sure",0.9968994855880737
121,95,maybe,date,that might be the case,0.8799902200698853
121,121,maybe,maybe,i'm not completely certain,0.9981679916381836
121,121,maybe,maybe,unsure,0.5520447492599487
3,3,oil_change_how,oil_change_how,help me change my oil,0.9961714148521423
3,3,oil_change_how,oil_change_how,what oil should i use for an oil change and how do i do it,0.9991496801376343
3,3,oil_change_how,oil_change_how,how do i do an oil change,0.9983258843421936
3,123,oil_change_how,oil_change_when,diy oil change,0.9057114720344543
3,3,oil_change_how,oil_change_how,how to do an oil change,0.9996887445449829
3,3,oil_change_how,oil_change_how,give me instructions for an oil change,0.572660505771637
3,3,oil_change_how,oil_change_how,diy oil change and oil type,0.9504615068435669
3,123,oil_change_how,oil_change_when,oil type and do it yourself oil change information please,0.86809241771698
3,3,oil_change_how,oil_change_how,i want to know how to change my oil,0.9999850988388062
3,3,oil_change_how,oil_change_how,can you tell me how to change my oil and what kind i use,0.9999877214431763
3,3,oil_change_how,oil_change_how,how to change oil and what oil type,0.9999953508377075
3,3,oil_change_how,oil_change_how,can you please instruct me on the proper way to change the oil in my car,0.9998217225074768
3,3,oil_change_how,oil_change_how,i need guidance on changing my oil,0.9462361931800842
3,3,oil_change_how,oil_change_how,i want a step by step explanation of how to change the oil in my car,0.999943733215332
3,3,oil_change_how,oil_change_how,can you teach me how to change my oil,0.9999933242797852
3,3,oil_change_how,oil_change_how,can you teach me how to change my oil in my car,0.9999910593032837
3,3,oil_change_how,oil_change_how,help me figure out how to change my oil,0.9998708963394165
3,3,oil_change_how,oil_change_how,walk me through the steps involved in changing my oil,0.9989629983901978
3,3,oil_change_how,oil_change_how,give me step by step instructions for changing my oil,0.9985626339912415
3,3,oil_change_how,oil_change_how,i want to change the oil in my car but i do not know how to do it can you help,0.9996598958969116
3,3,oil_change_how,oil_change_how,put together a list of instructions for me on how to change the oil in my car,0.999982476234436
3,3,oil_change_how,oil_change_how,"is it possible to change oil, if so how and what do i use",0.9974724650382996
3,3,oil_change_how,oil_change_how,what oil do i use when changing oil and how do i do it,0.9994621872901917
3,3,oil_change_how,oil_change_how,how would i replace my oil and what sort of oil should i use,0.9995417594909668
3,3,oil_change_how,oil_change_how,"can you change the oil, with what and how",0.9972745776176453
3,3,oil_change_how,oil_change_how,how could i replace my oil and what form of oil ought to i take advantage of,0.9919387698173523
3,3,oil_change_how,oil_change_how,can you tell me how to change my oil please,0.9996449947357178
3,3,oil_change_how,oil_change_how,how do i change my oil,0.9996455907821655
3,3,oil_change_how,oil_change_how,please let me know how to change the oil,0.9999606609344482
3,3,oil_change_how,oil_change_how,i need to know how to change oil in a car,0.9999827146530151
23,9,restaurant_reservation,accept_reservations,"i'd like to make a reservation at rooth chris, can you do that",0.9642195701599121
23,23,restaurant_reservation,restaurant_reservation,make a reservation for chik-fil-a at 3 o' clock please,0.985683023929596
23,23,restaurant_reservation,restaurant_reservation,reserve a table for 3 at 7 for olive garden,0.9998856782913208
23,23,restaurant_reservation,restaurant_reservation,will you reserve a table at olive garden for 3 people at 7,0.9994020462036133
23,23,restaurant_reservation,restaurant_reservation,"at 7, i need a table for 3 at olive garden",0.9990973472595215
23,23,restaurant_reservation,restaurant_reservation,i need a table for 3 at olive garden for 7,0.9998733997344971
23,23,restaurant_reservation,restaurant_reservation,get a table for me at 7 for 3 people at olive garden,0.9997194409370422
23,23,restaurant_reservation,restaurant_reservation,reserve table for 5 at red robin under the name sara at 3,0.9989301562309265
23,23,restaurant_reservation,restaurant_reservation,reverse a table for 5 at burger king under the name sara at 6,0.9998601675033569
23,23,restaurant_reservation,restaurant_reservation,can you reserve a table for 6 at red robin under the name mavrick at 5 clock,0.9999371767044067
23,23,restaurant_reservation,restaurant_reservation,could you reserve table for 3 at carlos jr under the name adam at 4,0.9902102947235107
23,23,restaurant_reservation,restaurant_reservation,i want to reserve table for 5 at red robin under the name sara at 5,0.999990701675415
23,23,restaurant_reservation,restaurant_reservation,i need a table for two at the havana at nine,0.9990424513816833
23,23,restaurant_reservation,restaurant_reservation,look for me a table at carl's cabin for twelve at eight,0.9932612776756287
23,23,restaurant_reservation,restaurant_reservation,i need a table at gemma for nine at two,0.9997381567955017
23,23,restaurant_reservation,restaurant_reservation,book me a table for three at rainforest cafe at seven,0.9942966103553772
23,23,restaurant_reservation,restaurant_reservation,get me a table for five at itta bena at three,0.9996374845504761
23,78,restaurant_reservation,distance,"5 people are going to be at tropicana by 8pm, reserve the table under martins name please",0.45784762501716614
23,23,restaurant_reservation,restaurant_reservation,use martins name to reserve a table at tropicana for 5 people at 8pm,0.9998522996902466
23,23,restaurant_reservation,restaurant_reservation,reserve a table at tropicana for 5 people under the name martins for 8pm,0.9997168183326721
23,23,restaurant_reservation,restaurant_reservation,martins needs a table for 5 people at tropicana at 8pm precisely,0.9995498061180115
23,23,restaurant_reservation,restaurant_reservation,the table should be reserved at 8pm at tropicana using martins name and it should be for 5 people,0.9836773872375488
23,9,restaurant_reservation,accept_reservations,are there any open reservations at outback tonight,0.5612244009971619
23,23,restaurant_reservation,restaurant_reservation,make a reservation for 2 tonight at 7:00 at outback steakhouse,0.999817430973053
23,23,restaurant_reservation,restaurant_reservation,michael will reserve a table for two at 7:00pm for olive garden,0.9996148347854614
23,23,restaurant_reservation,restaurant_reservation,a table for two needs to be reserved for 7:00pm at olive garden using the name michael,0.9940001964569092
23,23,restaurant_reservation,restaurant_reservation,please reserve a table for two at olive garden at 7:00pm for michael,0.9999243021011353
23,23,restaurant_reservation,restaurant_reservation,get reservations at olive garden for two at 7:00pm under michael,0.8119996786117554
23,9,restaurant_reservation,accept_reservations,reservations for two need to be made using michael's name for 7:00pm at olive garden,0.2551550567150116
23,145,restaurant_reservation,restaurant_suggestion,i want to eat at seven in the restaurant for two people,0.9900289177894592
35,68,balance,transactions,what are my coffers at,0.604266881942749
35,35,balance,balance,tell me the current balance of my bank accounts,0.999921441078186
35,35,balance,balance,what's my current bank account total,0.9962683320045471
35,35,balance,balance,how much do i have in my bank accounts,0.9999740123748779
35,35,balance,balance,what's the balance in my bank accounts,0.9999927282333374
35,35,balance,balance,what do i have in my bank accounts right now,0.9998425245285034
35,35,balance,balance,is there enough in my wells fargo account to buy some nike's,0.989936351776123
35,35,balance,balance,do i have enough in my wells fargo account to get some nike's,0.9984032511711121
35,35,balance,balance,do i have money in my wells fargo account for nike's,0.9991955161094666
35,35,balance,balance,"i want some nike's, is there enough in my wells fargo account",0.9979913234710693
35,35,balance,balance,check my wells fargo account to see if i have enough for these nike's,0.9526274800300598
35,35,balance,balance,would you tell me my bank balance,0.9998996257781982
35,35,balance,balance,can you tell me my bank balance,0.9999634027481079
35,35,balance,balance,will you let me know my bank balance,0.9990065693855286
35,35,balance,balance,will you tell me my bank balance,0.999966025352478
35,35,balance,balance,how much money is there in my bank accounts,0.9999889135360718
35,35,balance,balance,how much money do i have in my various bank accounts,0.9997473359107971
35,35,balance,balance,how much cash do i have in my various bank accounts,0.9999796152114868
35,35,balance,balance,how much cash do i have in my bank accounts,0.9999687671661377
35,35,balance,balance,how much dough do i have in my bank accounts,0.9999732971191406
35,35,balance,balance,whats the combined total of the money inside my bank accounts,0.998887836933136
35,35,balance,balance,whats my bank accounts look like,0.7836745381355286
35,35,balance,balance,how much moola is in my bank accounts,0.9999251365661621
35,42,balance,oos,what the numerical number inside my bank accounts,0.48796355724334717
35,35,balance,balance,how much does my bank account have,0.6181904077529907
35,35,balance,balance,tell me the current account balance,0.9988491535186768
35,35,balance,balance,check my checking balance,0.9999465942382812
35,35,balance,balance,how much do i have left in my checking account,0.999990701675415
35,35,balance,balance,what's my checking look like,0.9325827360153198
35,35,balance,balance,how much do i have in my savings account,0.9999626874923706
85,85,confirm_reservation,confirm_reservation,confirm my reservation for march 12 at 9:00 am,0.9998300075531006
85,85,confirm_reservation,confirm_reservation,please confirm that i have a reservation for march 1st at 7,0.9999148845672607
85,85,confirm_reservation,confirm_reservation,can you confirm that i have a reservation for february 21 at 6 o'clock,0.9999589920043945
85,85,confirm_reservation,confirm_reservation,verify my reservation for smith and wollensky at 6:45,0.9992637038230896
85,85,confirm_reservation,confirm_reservation,please confirm my reservation for bar les freres at 7,0.999962329864502
85,85,confirm_reservation,confirm_reservation,tell me whether or not i have a reservation at gramercy tavern for tad,0.9286498427391052
85,85,confirm_reservation,confirm_reservation,can you confirm that i have a reservation for 2/20 at 6:00 pm,0.9999914169311523
85,85,confirm_reservation,confirm_reservation,please tell me if i still have a reservation at acero for susie,0.9998890161514282
85,85,confirm_reservation,confirm_reservation,please confirm my reservation at brio for theodore,0.999915361404419
85,85,confirm_reservation,confirm_reservation,confirm my reservation for acero at 7,0.9999768733978271
85,85,confirm_reservation,confirm_reservation,please confirm that i have a reservation for 2/20 at 6:00 pm,0.999981164932251
85,85,confirm_reservation,confirm_reservation,confirm that there is a reservation at bellagio for thomas,0.7080657482147217
85,85,confirm_reservation,confirm_reservation,can you confirm the reservation at fleming's for jane,0.5714398622512817
85,85,confirm_reservation,confirm_reservation,are there reservation for joe and will,0.5807914733886719
85,85,confirm_reservation,confirm_reservation,please verify my reservation for john at bardenay,0.9990907907485962
85,85,confirm_reservation,confirm_reservation,will you call and check on my reservation for john at bardenay,0.9993864297866821
85,85,confirm_reservation,confirm_reservation,is my reservation set for john at bardenay,0.9999126195907593
85,85,confirm_reservation,confirm_reservation,do we know if my reservation for john at bardenay was accepted,0.9997922778129578
85,85,confirm_reservation,confirm_reservation,has my reservation for john at bardenay been confirmed,0.998928964138031
85,85,confirm_reservation,confirm_reservation,"let's try and confirm my reservation for bubble bar under ""franklin",0.9996933937072754
85,85,confirm_reservation,confirm_reservation,i need to confirm my reservation for red lobster for frank,0.9998394250869751
85,85,confirm_reservation,confirm_reservation,"find my reservation for steve at crucere's and confirm it, please",0.9992421865463257
85,85,confirm_reservation,confirm_reservation,confirm the john reservation at applebee's,0.8404825329780579
85,9,confirm_reservation,accept_reservations,i'd like to confirm the josh reservation at moe's,0.7314154505729675
85,85,confirm_reservation,confirm_reservation,i have a reservation for strip house for jennifer that i'd like to confirm,0.8860572576522827
85,85,confirm_reservation,confirm_reservation,please try to confirm my reservation for jim at barney's,0.9997039437294006
85,85,confirm_reservation,confirm_reservation,confirm my reservation for joe at hoss's,0.9999600648880005
85,85,confirm_reservation,confirm_reservation,i need to confirm the reservation for frank at chili's,0.9989525079727173
85,85,confirm_reservation,confirm_reservation,i'll be confirming my reservation for joseph at red lobster,0.8094350695610046
85,85,confirm_reservation,confirm_reservation,is there a reservation for mark at mimis,0.9611513614654541
20,20,freeze_account,freeze_account,can you freeze my bank account,0.999982476234436
20,20,freeze_account,freeze_account,i want to freeze my bank account,0.9999971389770508
20,20,freeze_account,freeze_account,i want my account locked out,0.9880317449569702
20,20,freeze_account,freeze_account,stop all access to my account,0.9999202489852905
20,20,freeze_account,freeze_account,i need my account frozen!,0.9730215072631836
20,20,freeze_account,freeze_account,i need to lock my account right now!,0.9637179970741272
20,20,freeze_account,freeze_account,please force my account to freeze,0.9994530081748962
20,20,freeze_account,freeze_account,please stop my account,0.9999818801879883
20,20,freeze_account,freeze_account,please allow my account to freeze,0.9996488094329834
20,20,freeze_account,freeze_account,please put my account on hold,0.9983307719230652
20,20,freeze_account,freeze_account,freeze my account at the bank immediately,0.9999785423278809
20,20,freeze_account,freeze_account,would you be able to freeze my bank account,0.9996566772460938
20,20,freeze_account,freeze_account,my account at the bank needs to be frozen,0.9612446427345276
20,20,freeze_account,freeze_account,please block my discover account immediately,0.9999271631240845
20,20,freeze_account,freeze_account,please put a block on my citi account immediately,0.9999696016311646
20,144,freeze_account,change_user_name,block my american saving bank for now,0.2776506543159485
20,20,freeze_account,freeze_account,block my bank of america immdediately,0.9947901964187622
20,20,freeze_account,freeze_account,put a block on bank of amerian immediately,0.9994370341300964
20,20,freeze_account,freeze_account,my account needs to be frozen,0.994391143321991
20,20,freeze_account,freeze_account,freeze my account for me,0.9998747110366821
20,20,freeze_account,freeze_account,put a freeze on my account,0.9999903440475464
20,20,freeze_account,freeze_account,could you please put a stop on my bank account,0.9999769926071167
20,20,freeze_account,freeze_account,i need to put a stop on my bank account,0.9999724626541138
20,20,freeze_account,freeze_account,are you able to put a stop on my bank account,0.9999262094497681
20,20,freeze_account,freeze_account,please put a stop on my bank account,0.9999810457229614
20,20,freeze_account,freeze_account,i am hoping you can put a stop on my bank account,0.9999557733535767
20,20,freeze_account,freeze_account,please put a freeze on my banking account,0.9999855756759644
20,20,freeze_account,freeze_account,i need my bank account frozen,0.9813196659088135
20,20,freeze_account,freeze_account,how do i freeze my bank account,0.9998078942298889
20,20,freeze_account,freeze_account,would you freeze my bank account,0.9999868869781494
100,7,rollover_401k,interest_rate,"i heard i can transfer my 401k, but don't know how, do you",0.855247437953949
100,7,rollover_401k,interest_rate,"i need some help with transferring my 401k, can you help",0.755730390548706
100,100,rollover_401k,rollover_401k,can you tell me how to transfer my 401k,0.9999613761901855
100,100,rollover_401k,rollover_401k,i want to transfer my 401k,0.999947190284729
100,100,rollover_401k,rollover_401k,i wanna transfer my 401k,0.9999582767486572
100,100,rollover_401k,rollover_401k,i have to rollover my 401k,0.9999723434448242
100,100,rollover_401k,rollover_401k,i must rollover my 401k,0.9999892711639404
100,100,rollover_401k,rollover_401k,i want help to transfer my 401k,0.9998772144317627
100,100,rollover_401k,rollover_401k,help me to transfer my 401k,0.9998999834060669
100,100,rollover_401k,rollover_401k,i will rollover my 401k,0.9999821186065674
100,100,rollover_401k,rollover_401k,i need help to transfer my 401k,0.9998886585235596
100,100,rollover_401k,rollover_401k,i want to rollover my 401k,0.9999806880950928
100,100,rollover_401k,rollover_401k,how do i transfer my 401k to a new firm,0.9882259368896484
100,100,rollover_401k,rollover_401k,how do i roll over my 401k,0.999994158744812
100,100,rollover_401k,rollover_401k,can i move my 401k to an ira,0.9968096613883972
100,72,rollover_401k,directions,how do i do a 401(k) rollover,0.19499389827251434
100,147,rollover_401k,cancel,can 401ks be moved,0.9498153924942017
100,100,rollover_401k,rollover_401k,can i transfer my 401k somewhere,0.9952888488769531
100,100,rollover_401k,rollover_401k,how do i switch 401k companies,0.4205981492996216
100,100,rollover_401k,rollover_401k,tell me how to roll over my 401k,0.9999781847000122
100,100,rollover_401k,rollover_401k,how can i transfer my 401k,0.9999436140060425
100,100,rollover_401k,rollover_401k,what are the steps to rollover my 401k,0.9999914169311523
100,7,rollover_401k,interest_rate,"my 401k, can i roll it over",0.42782163619995117
100,100,rollover_401k,rollover_401k,"i want to rollover my 401k , can i",0.9999933242797852
100,100,rollover_401k,rollover_401k,help me rollover my 401k,0.9999637603759766
100,100,rollover_401k,rollover_401k,do you know the process to rollover my 401k,0.9999815225601196
100,100,rollover_401k,rollover_401k,tell me how to rollover my 401k,0.9999862909317017
100,100,rollover_401k,rollover_401k,my 401k needs to rollover and i need your help,0.999723494052887
100,100,rollover_401k,rollover_401k,let me know how to rollover my 401k,0.9999932050704956
100,100,rollover_401k,rollover_401k,what do i have to do to transfer my 401k,0.9997674822807312
96,96,who_made_you,who_made_you,what company made this ai,0.9999481439590454
96,96,who_made_you,who_made_you,what is the name of the person who made you,0.9992753863334656
96,96,who_made_you,who_made_you,who is the person that brought you to life,0.9753486514091492
96,96,who_made_you,who_made_you,who is the one that made you,0.9997383952140808
96,57,who_made_you,who_do_you_work_for,who is your maker,0.9434543251991272
96,96,who_made_you,who_made_you,which company made you,0.9999784231185913
96,96,who_made_you,who_made_you,who assembled you,0.9999511241912842
96,96,who_made_you,who_made_you,i wanna know who programmed you,0.999963641166687
96,96,who_made_you,who_made_you,let me know who programmed you,0.9999891519546509
96,96,who_made_you,who_made_you,who made you,0.9999862909317017
96,77,who_made_you,where_are_you_from,i wanna know your maker,0.9762795567512512
96,96,who_made_you,who_made_you,who was your maker,0.9990336894989014
96,96,who_made_you,who_made_you,who is the one who programmed you,0.999996542930603
96,96,who_made_you,who_made_you,i must know who programmed you,0.999970555305481
96,96,who_made_you,who_made_you,tell me who your maker was,0.9928377270698547
96,96,who_made_you,who_made_you,what was the company that designed you,0.9991044402122498
96,96,who_made_you,who_made_you,do you know what company were you designed by,0.9987290501594543
96,96,who_made_you,who_made_you,let me know which company were you designed by,0.9998117089271545
96,96,who_made_you,who_made_you,what company were you designed by,0.9996966123580933
96,96,who_made_you,who_made_you,can you let me know what company were you designed by,0.9991781115531921
96,96,who_made_you,who_made_you,which company were you designed by,0.999931812286377
96,96,who_made_you,who_made_you,tell me who made you please,0.9999881982803345
96,96,who_made_you,who_made_you,can you tell me who made you,0.9999923706054688
96,96,who_made_you,who_made_you,whats the name of the person who made you,0.9993104934692383
96,96,who_made_you,who_made_you,what company did the design for this,0.9079200029373169
96,96,who_made_you,who_made_you,what company did this design,0.977206826210022
96,96,who_made_you,who_made_you,what company is responsible for this design,0.9841757416725159
96,96,who_made_you,who_made_you,what company designed this,0.9864712357521057
96,96,who_made_you,who_made_you,"for this design, what company did it",0.9453892707824707
96,75,who_made_you,what_is_your_name,name the person or group that programmed you,0.5749111771583557
78,78,distance,distance,which way do we go and how long will it take to get to the sears tower in chicago,0.9998199343681335
78,78,distance,distance,"so, does it take long to get to dodger stadium in anaheim",0.9998331069946289
78,78,distance,distance,how many minutes will it take to get to the empire state building in manhattan,0.997687816619873
78,72,distance,directions,what's the mileage to get the the taj mahal in atlantic city,0.992456316947937
78,78,distance,distance,does it take long to get to yankee stadium in the bronx,0.9996644258499146
78,4,distance,time,how much time is left until we get there,0.6881951093673706
78,78,distance,distance,what's the time to destination going via bus to omaha,0.5138211846351624
78,78,distance,distance,how far from our destination are we,0.72059565782547
78,31,distance,measurement_conversion,how many minutes am i from texaco,0.3979203999042511
78,78,distance,distance,how long will i be on the bus if i rid it to seattle,0.5348555445671082
78,146,distance,travel_notification,is it going to be much longer until i reach the bank,0.7993340492248535
78,72,distance,directions,am i close to arriving at the post office,0.9749146103858948
78,78,distance,distance,what's the estimated travel time to get to dc via bus,0.8489009141921997
78,79,distance,payday,when will i arrive at hy-vee,0.5339789986610413
78,78,distance,distance,how long does it take to get to el paso on a bus,0.9984833598136902
78,78,distance,distance,how long will it take me to get to walmart,0.9986409544944763
78,78,distance,distance,what's the average time to boston when riding a bus,0.8769280910491943
78,72,distance,directions,when will the bus get me to vermont,0.859499990940094
78,78,distance,distance,how long will i be on the bus to new orleans,0.9987601041793823
78,78,distance,distance,how long is a bus ride to staples,0.9966962337493896
78,78,distance,distance,how long does it take to get downtown by bus,0.9996086955070496
78,78,distance,distance,what time will i get to the beach taking the bus,0.9976186156272888
78,38,distance,exchange_rate,how far am i from orlando,0.3557894825935364
78,80,distance,flight_status,give me an eta on when i will arrive at my destination,0.9996418952941895
78,78,distance,distance,tell me how much longer i will have to drive to reach the destination,0.9638458490371704
78,80,distance,flight_status,when will i get to orlando,0.469845175743103
78,58,distance,share_location,how much farther is orlando from my location,0.7881850600242615
78,48,distance,todo_list,do i have a ways to go or am i close to getting to penn station,0.8256872296333313
78,78,distance,distance,please give me the approximate amount of time i will need to go from jfk international airport to penn station,0.9842192530632019
78,86,distance,cook_time,can you tell me about what time i should be arriving at the airport,0.8447713851928711
11,11,user_name,user_name,how do you refer to me,0.9986771941184998
11,11,user_name,user_name,call my name,0.7242966890335083
11,115,user_name,what_can_i_ask_you,what do i go by,0.5519541501998901
11,11,user_name,user_name,say my name,0.999173104763031
11,11,user_name,user_name,what do you think my name is,0.9996299743652344
11,11,user_name,user_name,what do you think i'm called,0.9790130853652954
11,11,user_name,user_name,what do you have for my name,0.9995545744895935
11,11,user_name,user_name,how do you address my name,0.9992467164993286
11,75,user_name,what_is_your_name,what's your designation,0.9965541362762451
11,11,user_name,user_name,what do you call me,0.9997606873512268
11,11,user_name,user_name,i want to hear my name,0.9881812930107117
11,11,user_name,user_name,my name,0.9900785684585571
11,11,user_name,user_name,what's my name,0.9987900853157043
11,11,user_name,user_name,what's my name on file,0.9896446466445923
11,11,user_name,user_name,what name do you have for me,0.9995014667510986
11,11,user_name,user_name,what did i tell you to call me,0.9951046705245972
11,11,user_name,user_name,please tell me the name that you have for me,0.9998728036880493
11,11,user_name,user_name,i need to know the name that you have for me,0.9993481040000916
11,11,user_name,user_name,can you tell me what name you have for me,0.999922513961792
11,11,user_name,user_name,tell me what name you have for me,0.9997084736824036
11,11,user_name,user_name,i would like to know the name you have for me,0.9995949864387512
11,11,user_name,user_name,what is the name you have for me,0.9995736479759216
11,11,user_name,user_name,could you tell me my name,0.9996405839920044
11,11,user_name,user_name,do you have a name for me,0.9962490200996399
11,11,user_name,user_name,can you tell me my name for me,0.999382495880127
11,11,user_name,user_name,what's the name you use for me,0.9981367588043213
11,11,user_name,user_name,you call me what,0.9959059953689575
11,11,user_name,user_name,what do you know me by,0.8053467273712158
11,139,user_name,definition,you know me by what right now,0.7718585133552551
11,11,user_name,user_name,what's the way you refer to me,0.9952183365821838
66,66,timezone,timezone,what's the timezone for britain,0.9999830722808838
66,66,timezone,timezone,i need the time zone for la,0.9999303817749023
66,66,timezone,timezone,i would like to know the timezone for britain,0.9999752044677734
66,66,timezone,timezone,i need la's time zone,0.9984174966812134
66,66,timezone,timezone,i need to know britain's timezone,0.9981915354728699
66,66,timezone,timezone,what timezone is britain in,0.9999077320098877
66,66,timezone,timezone,can you tell me britain's timezone,0.9646280407905579
66,66,timezone,timezone,what is the la's time zone,0.9858608245849609
66,66,timezone,timezone,can you tell me the time zone for la,0.9992167949676514
66,66,timezone,timezone,what is texas's timezone,0.9956436157226562
66,66,timezone,timezone,tell me the timezone for california,0.9998953342437744
66,66,timezone,timezone,what timezone would missouri be in,0.9998549222946167
66,66,timezone,timezone,what timezone do they use in arizona,0.9999724626541138
66,66,timezone,timezone,is new york in mountain timezone,0.6250326037406921
66,66,timezone,timezone,what is the timezone for la,0.9999563694000244
66,66,timezone,timezone,what is the timezone for new york,0.9997735619544983
66,66,timezone,timezone,what is the timezone for san francisco,0.9994170665740967
66,66,timezone,timezone,what is the timezone for paris,0.9999613761901855
66,66,timezone,timezone,what is the timezone for houston,0.9999657869338989
66,66,timezone,timezone,denver's timezone is what,0.9998840093612671
66,118,timezone,next_song,does denver reside in the eastern timezones,0.2880832552909851
66,66,timezone,timezone,which timezone is denver located,0.9994416832923889
66,136,timezone,current_location,"denver's timezone is a mystery, i wonder where its located",0.9081229567527771
66,66,timezone,timezone,in which time zone does denver reside,0.9994157552719116
66,66,timezone,timezone,what's the timezone in valencia,0.9999523162841797
66,66,timezone,timezone,what's the timezone now in hiram,0.9971672892570496
66,66,timezone,timezone,timezone in salt lake city,0.9998553991317749
66,66,timezone,timezone,timezone currently in mobile,0.9990881681442261
66,4,timezone,time,what time is it in phoenix,0.9999940395355225
66,66,timezone,timezone,can you give me the timezone for the country,0.9999680519104004
118,118,next_song,next_song,"i don't like this song, can skip it",0.907605767250061
118,118,next_song,next_song,can we move onto the next song,0.9999865293502808
118,118,next_song,next_song,"skip this song, please",0.788615882396698
118,118,next_song,next_song,can you swipe to the next song,0.9999959468841553
118,118,next_song,next_song,"next song, please!",0.9860969185829163
118,118,next_song,next_song,start the next song,0.9999691247940063
118,118,next_song,next_song,go to the next song and play it,0.9999678134918213
118,118,next_song,next_song,move forward one song,0.9959530830383301
118,118,next_song,next_song,play the next one,0.999908447265625
118,118,next_song,next_song,skip to next track,0.9998834133148193
118,118,next_song,next_song,skip ahead one song,0.997431218624115
118,118,next_song,next_song,go to upcoming song,0.9877824187278748
118,118,next_song,next_song,play the next song please,0.999906063079834
118,118,next_song,next_song,i dont want to listen to this song,0.9992616772651672
118,118,next_song,next_song,could you hit next,0.8371812701225281
118,118,next_song,next_song,can you go to the next song,0.9999946355819702
118,118,next_song,next_song,let's go to the next song please,0.9999724626541138
118,118,next_song,next_song,maybe we can go to the next song,0.9999697208404541
118,118,next_song,next_song,may i suggest we go to the next song,0.9955160021781921
118,118,next_song,next_song,please can we go to the next song,0.9999473094940186
118,118,next_song,next_song,might we go to the next song,0.999988317489624
118,118,next_song,next_song,next track,0.6473610401153564
118,118,next_song,next_song,skip to the next track,0.9999611377716064
118,118,next_song,next_song,skip this track,0.986577033996582
118,118,next_song,next_song,play next song,0.9998499155044556
118,118,next_song,next_song,next song,0.9973370432853699
118,118,next_song,next_song,change this song please,0.8111621141433716
118,118,next_song,next_song,i want you to play the next song,0.9999942779541016
118,118,next_song,next_song,play the next song please if you would,0.9947956204414368
118,118,next_song,next_song,please play the next track,0.9999741315841675
68,68,transactions,transactions,i need to know all my spending transactions,0.6599465012550354
68,37,transactions,last_maintenance,when did i last make a purchase,0.717349648475647
68,71,transactions,spending_history,how much did i spend on my most recent transaction,0.9847895503044128
68,68,transactions,transactions,show me my ten most recent transactions on account xyz,0.9990956783294678
68,68,transactions,transactions,i want to see all transactions in the past month for all accounts,0.9997844099998474
68,68,transactions,transactions,show me my recent transactions from account xyz,0.9999783039093018
68,68,transactions,transactions,open bank app and show my most recent transactions,0.9950537085533142
68,68,transactions,transactions,are you able to find my recent transactions for me,0.9998295307159424
68,70,transactions,report_fraud,i made a transaction recently,0.917114794254303
68,68,transactions,transactions,what was my recent transaction,0.9999803304672241
68,68,transactions,transactions,i want to know what my recent transaction was,0.9999154806137085
68,68,transactions,transactions,i need information about my recent transaction,0.9999910593032837
68,68,transactions,transactions,state recent transaction,0.9998922348022461
68,41,transactions,credit_limit,is my visa bill over my limit this month,0.9683942794799805
68,71,transactions,spending_history,what have i spent things on,0.999758780002594
68,68,transactions,transactions,show my transactions,0.9998012185096741
68,68,transactions,transactions,what were my last 10 charges on my credit card,0.6421648859977722
68,71,transactions,spending_history,show what i have spent things on,0.9994577765464783
68,71,transactions,spending_history,how much have i spent on my debit card this month,0.899578869342804
68,27,transactions,bill_balance,how much have i spent on my bank card sine i last paid my bill,0.7012636065483093
68,68,transactions,transactions,how much was my last target trip,0.8055622577667236
68,68,transactions,transactions,can you verify my recent visa card transaction,0.9493173956871033
68,68,transactions,transactions,what was my recent transaction on my visa card,0.9996304512023926
68,68,transactions,transactions,what is the last transaction on my visa card,0.995785653591156
68,68,transactions,transactions,show my my most recent visa card transaction,0.9555309414863586
68,68,transactions,transactions,please review my recent visa card transaction,0.7391456961631775
68,68,transactions,transactions,how many transactions do i have on flower shops from last wednesday between 2pm and 7pm,0.8672903776168823
68,68,transactions,transactions,what transactions did i make on electronics this morning after 6am,0.9977585077285767
68,68,transactions,transactions,what is the largest transaction i have made on video games this month,0.9993512034416199
68,68,transactions,transactions,what transactions do i have on groceries from yesterday,0.8938287496566772
145,145,restaurant_suggestion,restaurant_suggestion,please give me the name of a few good options for places to eat dinner tonight,0.9996414184570312
145,145,restaurant_suggestion,restaurant_suggestion,i need some suggestions for dinner places tonight,0.993540346622467
145,145,restaurant_suggestion,restaurant_suggestion,what are some good places to go out for dinner in my area tonight,0.9994569420814514
145,145,restaurant_suggestion,restaurant_suggestion,show me some restaurants that have high reviews for eating out,0.9997983574867249
145,145,restaurant_suggestion,restaurant_suggestion,can you search recommended casual restaurants for tonight in philadelphia,0.9999582767486572
145,134,restaurant_suggestion,ingredient_substitution,where can i go to eat,0.5613088607788086
145,46,restaurant_suggestion,meal_suggestion,where can i get some good food,0.3745883107185364
145,145,restaurant_suggestion,restaurant_suggestion,"in cleveland, are there any good places that serve clams",0.9991581439971924
145,145,restaurant_suggestion,restaurant_suggestion,does cleveland have any good places that serve clams,0.9990044236183167
145,145,restaurant_suggestion,restaurant_suggestion,can you find any good places in cleveland that serve clams,0.9999042749404907
145,145,restaurant_suggestion,restaurant_suggestion,are there good clam places in cleveland,0.9996376037597656
145,145,restaurant_suggestion,restaurant_suggestion,are there any good places in cleveland that serve clams,0.9999487400054932
145,46,restaurant_suggestion,meal_suggestion,"could you suggest a french restaurant, please",0.9481318593025208
145,145,restaurant_suggestion,restaurant_suggestion,can you suggest a french restaurant,0.8744359016418457
145,145,restaurant_suggestion,restaurant_suggestion,can you suggest a thai restaurant,0.9991157650947571
145,46,restaurant_suggestion,meal_suggestion,"can you suggest a french restaurant, please",0.9632735252380371
145,46,restaurant_suggestion,meal_suggestion,"can you suggest a thai restaurant, please",0.8634225726127625
145,145,restaurant_suggestion,restaurant_suggestion,are there are any good places in washington that serve cheese pizza,0.9983103275299072
145,38,restaurant_suggestion,exchange_rate,what's the food can easily get in canada,0.817206621170044
145,145,restaurant_suggestion,restaurant_suggestion,what are the best places to get shrimp in chicago,0.9975160360336304
145,145,restaurant_suggestion,restaurant_suggestion,what are the best restaurants open tonight,0.999680757522583
145,145,restaurant_suggestion,restaurant_suggestion,i need a list of good places to eat near me,0.9998853206634521
145,145,restaurant_suggestion,restaurant_suggestion,pull up some recommendations for places serving fish in maine,0.9993808269500732
145,145,restaurant_suggestion,restaurant_suggestion,where should i go for food tonight,0.9999411106109619
145,145,restaurant_suggestion,restaurant_suggestion,where should i eat,0.999203622341156
145,145,restaurant_suggestion,restaurant_suggestion,any fantastic restaurants to get shrimp at in atlanta,0.9951581358909607
145,145,restaurant_suggestion,restaurant_suggestion,give me a list of places that serve the best wings in charlotte,0.9861451387405396
145,145,restaurant_suggestion,restaurant_suggestion,i need reviews for places serving tacos in chicago,0.84456467628479
145,145,restaurant_suggestion,restaurant_suggestion,give me restaurant reccomendations,0.9746571779251099
145,29,restaurant_suggestion,change_language,where can i satisfy my craving for french food in milwaukee,0.9540294408798218
50,50,rewards_balance,rewards_balance,x card has earned how many points,0.9690335988998413
50,50,rewards_balance,rewards_balance,can you give me a points update on my rewards plus card,0.999771773815155
50,6,rewards_balance,redeem_rewards,can you pull up how many points i've earned with travel card,0.9406396150588989
50,6,rewards_balance,redeem_rewards,what is the updated points that i earned with synovus card,0.6546472311019897
50,50,rewards_balance,rewards_balance,how many points do i have on my six flags rewards card,0.9998207688331604
50,50,rewards_balance,rewards_balance,i would like to check my rewards for my credit card,0.9993523955345154
50,50,rewards_balance,rewards_balance,i need to check my rewards for my credit card,0.9997856020927429
50,50,rewards_balance,rewards_balance,i wanna know how many points have i earned with my credit card,0.9987074136734009
50,50,rewards_balance,rewards_balance,i would like to know my debit card's rewards balance,0.9997996687889099
50,50,rewards_balance,rewards_balance,i would like to know how many points have i earned with my credit card,0.9986513257026672
50,50,rewards_balance,rewards_balance,i need to know my credit card's rewards balance,0.9914058446884155
50,50,rewards_balance,rewards_balance,i wanna know my credit card's rewards balance,0.9973649382591248
50,50,rewards_balance,rewards_balance,i really need to check my rewards for my credit card,0.9998279809951782
50,50,rewards_balance,rewards_balance,i would like to check my rewards for my debit card,0.9998564720153809
50,50,rewards_balance,rewards_balance,i wish to know my debit card's rewards balance,0.9998999834060669
50,50,rewards_balance,rewards_balance,i wanna check my rewards for my credit card,0.9996523857116699
50,50,rewards_balance,rewards_balance,tell me my debit card's rewards balance,0.9998558759689331
50,50,rewards_balance,rewards_balance,i need to understand how many points have i earned with my credit card,0.985558032989502
50,50,rewards_balance,rewards_balance,i must know how many points have i earned with my credit card,0.9924335479736328
50,50,rewards_balance,rewards_balance,i gotta know how many points i have gotten with my debit card,0.9998811483383179
50,50,rewards_balance,rewards_balance,how many points earned do i have with my american express card,0.9999372959136963
50,50,rewards_balance,rewards_balance,how many points have i earned with my paypal credit card so far,0.9841418862342834
50,50,rewards_balance,rewards_balance,i have points on my capital one card and i'd like to know how many i've earned,0.6182039380073547
50,50,rewards_balance,rewards_balance,"have i earned points with my venture card, and how many",0.7496241927146912
50,50,rewards_balance,rewards_balance,what do my visa points look like,0.7750006914138794
50,50,rewards_balance,rewards_balance,how many points do i have on my visa,0.9959604144096375
50,50,rewards_balance,rewards_balance,tell me the number of points on my visa card,0.9990585446357727
50,50,rewards_balance,rewards_balance,give me the point total on my visa card,0.8725926876068115
50,50,rewards_balance,rewards_balance,what points have i earned on my visa,0.9989966750144958
50,50,rewards_balance,rewards_balance,how many rewards points do i have on my rewards points i have on my mastercard,0.9999455213546753
111,111,pay_bill,pay_bill,i have a car payment that needs to be paid,0.3539584279060364
111,111,pay_bill,pay_bill,i need to put in a payment towards my phone bill,0.9906046986579895
111,111,pay_bill,pay_bill,help me get my gas bill paid,0.6227014660835266
111,111,pay_bill,pay_bill,pay my con edison bill using my capital one account,0.9998672008514404
111,133,pay_bill,transfer,"use my navy federal account and pay this month's verizon bill, please",0.4478684365749359
111,111,pay_bill,pay_bill,please pay my sprint bill using my bank of america checking account,0.999786913394928
111,111,pay_bill,pay_bill,i need some assistance paying my utilities bill,0.8100687861442566
111,111,pay_bill,pay_bill,i need a hand getting this gas bill paid,0.9506516456604004
111,111,pay_bill,pay_bill,can you help me pay my electricity bill,0.9993379712104797
111,111,pay_bill,pay_bill,i have to pay my water bill but need help doing it,0.9984048008918762
111,111,pay_bill,pay_bill,i am going to need help paying my rent bill,0.9974918365478516
111,111,pay_bill,pay_bill,i want to pay my bill,0.9999339580535889
111,111,pay_bill,pay_bill,can you help me pay my bill,0.9998496770858765
111,111,pay_bill,pay_bill,i want to pay my bill through the app,0.999596893787384
111,111,pay_bill,pay_bill,pay my electric bill for me,0.9998884201049805
111,111,pay_bill,pay_bill,"pull up my electric bill, i want to pay it",0.33779609203338623
111,111,pay_bill,pay_bill,how do i pay my electric bill,0.9987285733222961
111,111,pay_bill,pay_bill,"i want to pay my electric bill, can you do it for me",0.9999310970306396
111,111,pay_bill,pay_bill,pay my light bill,0.9998400211334229
111,111,pay_bill,pay_bill,pay my utility bill from my bank account,0.9998418092727661
111,111,pay_bill,pay_bill,charge my internet bill to the corporate account,0.9796379208564758
111,111,pay_bill,pay_bill,pay my gas bill with my checking account,0.9999284744262695
111,111,pay_bill,pay_bill,i need to pay my electric bill,0.9999544620513916
111,111,pay_bill,pay_bill,i know i should pay my electric bill,0.9106011390686035
111,56,pay_bill,bill_due,"today my electric bill will be paid, or should be",0.9442030787467957
111,56,pay_bill,bill_due,today is the day i should pay my electric bill,0.9995971322059631
111,111,pay_bill,pay_bill,my electric bill should be paid today,0.9537034630775452
111,111,pay_bill,pay_bill,i need to pay my visa,0.9987307190895081
111,111,pay_bill,pay_bill,pay $175 on my visa,0.9925711750984192
111,111,pay_bill,pay_bill,i'd like to pay $4735 to my water bill,0.9993245601654053
71,71,spending_history,spending_history,what's the total i've spent on shoes this month,0.9999306201934814
71,71,spending_history,spending_history,how many dollars have i spent on coffee this month,0.998908519744873
71,71,spending_history,spending_history,what have i spent on food this month,0.999997615814209
71,71,spending_history,spending_history,how much have i spent on tires this month,0.9999983310699463
71,71,spending_history,spending_history,how much have i been spending on booze this month,0.9998824596405029
71,71,spending_history,spending_history,what have i spent on fast food recently,0.9999971389770508
71,71,spending_history,spending_history,how much total have i spent on fast food lately,0.999997615814209
71,71,spending_history,spending_history,how much fast food have i bought recently,0.9783227443695068
71,71,spending_history,spending_history,check how much i spent this week,0.9978259205818176
71,71,spending_history,spending_history,how much money have i spent on fast food lately,0.9999887943267822
71,71,spending_history,spending_history,how much money have a spent in the last week,0.9998342990875244
71,71,spending_history,spending_history,how much money did i spend this weekend,0.9999083280563354
71,71,spending_history,spending_history,tell me how much money i've spent on fast food in the past week,0.9998193383216858
71,71,spending_history,spending_history,what is the total amount i spent last week,0.9999803304672241
71,71,spending_history,spending_history,what've i spent on gas this month,0.999852180480957
71,67,spending_history,cancel_reservation,have i gone over my entertainment budget,0.5917373895645142
71,71,spending_history,spending_history,would you say i've spent too much money on chips as of late,0.7373011708259583
71,0,spending_history,restaurant_reviews,"looking at this week only, have i overspent on hoagies",0.3578135371208191
71,95,spending_history,date,do i overspend when it comes to fast food,0.300334632396698
71,71,spending_history,spending_history,"looking at the past month, what did i spend total",0.9993822574615479
71,131,spending_history,schedule_maintenance,have i gone over my chocolate budget lately,0.21300242841243744
71,71,spending_history,spending_history,how much have i spent this week,0.999998927116394
71,71,spending_history,spending_history,about how much did i spend recently,0.9999881982803345
71,35,spending_history,balance,tell me how much i have been buying as of late,0.9282891154289246
71,71,spending_history,spending_history,what did i spend on beer last month,0.9999122619628906
71,19,spending_history,meeting_schedule,did i stick to my dinner budget,0.40277501940727234
71,71,spending_history,spending_history,how much have i spent on video games recently,0.9999990463256836
71,71,spending_history,spending_history,do i spend too much on beer,0.9461588859558105
71,0,spending_history,restaurant_reviews,what are my finances like lately,0.6176552176475525
71,71,spending_history,spending_history,how much money have i spent recently,0.9999974966049194
101,101,pto_request_status,pto_request_status,did my vacation get approval,0.9984390139579773
101,101,pto_request_status,pto_request_status,do you know if vacation got approved,0.9983464479446411
101,101,pto_request_status,pto_request_status,does my vacation have approval,0.9829034209251404
101,101,pto_request_status,pto_request_status,can you let me know if my vacation was approved,0.999578058719635
101,101,pto_request_status,pto_request_status,any news on my vacation,0.8818581104278564
101,101,pto_request_status,pto_request_status,tell me if my vacation was approved yet,0.9996205568313599
101,101,pto_request_status,pto_request_status,was there any progress on my vacation request,0.9994853734970093
101,101,pto_request_status,pto_request_status,is my vacation approved,0.9999642372131348
101,101,pto_request_status,pto_request_status,is my request going to be approved for vacation,0.99776291847229
101,126,pto_request_status,pto_balance,is vacation a go,0.5435935258865356
101,101,pto_request_status,pto_request_status,will i get my time off approved,0.9997296929359436
101,126,pto_request_status,pto_balance,how is my vacation looking,0.9536628127098083
101,101,pto_request_status,pto_request_status,did the manager approve my vacation yet,0.9992747902870178
101,101,pto_request_status,pto_request_status,any new info on my vacation,0.49482160806655884
101,101,pto_request_status,pto_request_status,any update on my vacation,0.996112048625946
101,101,pto_request_status,pto_request_status,is there a status update on my vacation approval,0.9996508359909058
101,101,pto_request_status,pto_request_status,can you notify me when my vacation days have approved,0.9491257667541504
101,126,pto_request_status,pto_balance,when will my vacation time be confirmed,0.8946914076805115
101,101,pto_request_status,pto_request_status,when will i hear back about my days off,0.5085688233375549
101,97,pto_request_status,pto_request,am i okay to take those vacation days,0.7700682878494263
101,101,pto_request_status,pto_request_status,has my vacation time been approved,0.9999054670333862
101,101,pto_request_status,pto_request_status,what is the day off request status as of now,0.9997604489326477
101,101,pto_request_status,pto_request_status,what is the day off request status please,0.9998476505279541
101,101,pto_request_status,pto_request_status,what is the day off request status if you would tell me,0.9959819316864014
101,101,pto_request_status,pto_request_status,what is the day off request status,0.9994819760322571
101,101,pto_request_status,pto_request_status,what is the day off request status if you could tell me,0.9838817119598389
101,101,pto_request_status,pto_request_status,i need to know status of my day off request,0.9999758005142212
101,101,pto_request_status,pto_request_status,i want to know the status of my vacation request,0.999958872795105
101,101,pto_request_status,pto_request_status,tell me status of my day off request,0.9999387264251709
101,101,pto_request_status,pto_request_status,please let me know the status of my vacation request,0.9999092817306519
69,69,credit_score,credit_score,i would like to know my credit score,0.9999182224273682
69,69,credit_score,credit_score,tell me what my credit score is,0.9998965263366699
69,69,credit_score,credit_score,can you find what my credit score is,0.9998918771743774
69,69,credit_score,credit_score,how is my credit score numberwise,0.999925971031189
69,69,credit_score,credit_score,what credit score number do i have,0.9902164936065674
69,69,credit_score,credit_score,what is my credit score number,0.9997195601463318
69,69,credit_score,credit_score,how much is my credit score,0.9998559951782227
69,69,credit_score,credit_score,what number is my credit score currently,0.999692440032959
69,69,credit_score,credit_score,is my credit score over 700 yet,0.9999022483825684
69,69,credit_score,credit_score,please give me my current credit score,0.9997629523277283
69,28,credit_score,improve_credit_score,i'm trying to raise my credit score can you tell me what it is now,0.659441351890564
69,69,credit_score,credit_score,i need to know what my credit score is,0.9997883439064026
69,69,credit_score,credit_score,could you tell me what my credit score is,0.9997919201850891
69,69,credit_score,credit_score,give me my credit score please,0.9998493194580078
69,69,credit_score,credit_score,could you share my credit score,0.9994375109672546
69,69,credit_score,credit_score,how's my credit score,0.9999403953552246
69,69,credit_score,credit_score,i was wondering what my credit score is,0.9997469782829285
69,69,credit_score,credit_score,where do i go for my credit score,0.9883251190185547
69,69,credit_score,credit_score,i need to find my credit score,0.9997889399528503
69,69,credit_score,credit_score,how can i locate my credit score,0.999777615070343
69,69,credit_score,credit_score,what is my credit rating,0.9997648596763611
69,69,credit_score,credit_score,i want to know my credit rating,0.9998100399971008
69,69,credit_score,credit_score,my credit rating is what,0.9994675517082214
69,69,credit_score,credit_score,tell me my credit raing,0.9938212633132935
69,69,credit_score,credit_score,give me my credit rating,0.9998345375061035
69,69,credit_score,credit_score,please tell me what my credit score is,0.9998916387557983
69,69,credit_score,credit_score,i'd like you to check on my credit score,0.9996753931045532
69,69,credit_score,credit_score,let me know what my credit score is today,0.9999172687530518
69,69,credit_score,credit_score,can you check my credit score,0.9998855590820312
69,69,credit_score,credit_score,can you check my credit score for me,0.9997491240501404
91,91,new_card,new_card,i would like to get a new credt card,0.9973788261413574
91,91,new_card,new_card,i would love to get a new credit card,0.9998193383216858
91,91,new_card,new_card,do you have any information on how to open a new credit card,0.9594309329986572
91,91,new_card,new_card,tell me how to apply for a new credit card,0.9999909400939941
91,91,new_card,new_card,tell me how to apply for a credit card,0.9999922513961792
91,91,new_card,new_card,i want to know how to go about getting a new credit card,0.9985978007316589
91,91,new_card,new_card,please tell me how to get a new credit card,0.9997571110725403
91,91,new_card,new_card,am i eligible for a new credit card,0.9999613761901855
91,91,new_card,new_card,i need to get a new credit card application,0.9983192086219788
91,42,new_card,oos,what's the best way to get a mastercard,0.9193435311317444
91,91,new_card,new_card,is this where i apply for a new credit card,0.999913215637207
91,91,new_card,new_card,how do i apply do get myself a visa,0.9973415732383728
91,91,new_card,new_card,can you complete an application for a new credit card for me,0.9998146891593933
91,91,new_card,new_card,i need to get a mastercard somehow,0.5703466534614563
91,91,new_card,new_card,how can i get a visa card,0.9976407289505005
91,91,new_card,new_card,can i apply here for a new card,0.9998834133148193
91,24,new_card,traffic,does bank of america give credit cards to people like me,0.467413067817688
91,91,new_card,new_card,what do i do to get a visa card,0.9506464600563049
91,91,new_card,new_card,is it possible for me to get a better credit card,0.9989803433418274
91,91,new_card,new_card,how do i submit an application for a discover card,0.999935507774353
91,91,new_card,new_card,how do i apply for american express,0.9913874268531799
91,90,new_card,replacement_card_duration,find out if there's a new credit card that suits me,0.44471612572669983
91,91,new_card,new_card,how do i apply for a new credit card,0.9999791383743286
91,42,new_card,oos,what's it take to get a mastercard,0.5184250473976135
91,91,new_card,new_card,can i apply for a visa card,0.9999368190765381
91,91,new_card,new_card,how do i apply for a visa card,0.999983549118042
91,91,new_card,new_card,i wish to apply for a visa card,0.9998517036437988
91,91,new_card,new_card,help me apply for a visa card,0.9998470544815063
91,6,new_card,redeem_rewards,is there a list of good credit cards i can choose from to apply for,0.7840146422386169
91,91,new_card,new_card,how can i find a new credit card to apply to,0.999903678894043
113,113,lost_luggage,lost_luggage,is my luggage lost,0.9997782111167908
113,113,lost_luggage,lost_luggage,why is my luggage not here,0.9999940395355225
113,113,lost_luggage,lost_luggage,what happened to my luggage,0.9999488592147827
113,113,lost_luggage,lost_luggage,i need help finding my luggage,0.9999171495437622
113,113,lost_luggage,lost_luggage,what steps should i take if my luggage has been lost,0.9999676942825317
113,113,lost_luggage,lost_luggage,i seem to have lost my luggage! what are my options now,0.9870188236236572
113,113,lost_luggage,lost_luggage,what would be the best way to deal with lost luggage,0.9999750852584839
113,113,lost_luggage,lost_luggage,it appears that my luggage has been lost,0.9999251365661621
113,113,lost_luggage,lost_luggage,i'm afraid my luggage has gone missing,0.9999954700469971
113,113,lost_luggage,lost_luggage,i am a bit panicked because my luggage seems to have gone missing,0.9999765157699585
113,113,lost_luggage,lost_luggage,i have no idea where my luggage went!,0.9998717308044434
113,113,lost_luggage,lost_luggage,unfortunately it would appear that my luggage is totally lost,0.9999884366989136
113,113,lost_luggage,lost_luggage,how should i proceed if i accidentally lost my luggage,0.9999152421951294
113,113,lost_luggage,lost_luggage,"if i lost my luggage, what should i do next",0.8176210522651672
113,113,lost_luggage,lost_luggage,i have no idea where my luggage is,0.9999862909317017
113,113,lost_luggage,lost_luggage,i think my luggage has been misplaced,0.9999865293502808
113,113,lost_luggage,lost_luggage,what do i have to do if i lost my luggage,0.9999933242797852
113,113,lost_luggage,lost_luggage,i think my luggage is lost,0.9999773502349854
113,113,lost_luggage,lost_luggage,my luggage appears to be lost,0.9999257326126099
113,113,lost_luggage,lost_luggage,i can't seem to track down my luggage,0.9999523162841797
113,113,lost_luggage,lost_luggage,what is the next thing i should do if i lost my luggage,0.99997878074646
113,113,lost_luggage,lost_luggage,what step should i take next if i lost my luggage,0.9999822378158569
113,113,lost_luggage,lost_luggage,i've lost my luggage what should i do now,0.9997020363807678
113,113,lost_luggage,lost_luggage,what should i do about losing my luggage,0.9999682903289795
113,113,lost_luggage,lost_luggage,where would i find my luggage,0.9998063445091248
113,113,lost_luggage,lost_luggage,my luggage has been misplaced,0.9999971389770508
113,113,lost_luggage,lost_luggage,i can't find my luggage,0.9999033212661743
113,136,lost_luggage,current_location,i lost all my stuff that i had packed,0.19155102968215942
113,113,lost_luggage,lost_luggage,my luggage has disappeared,0.9998939037322998
113,113,lost_luggage,lost_luggage,it appears my luggage is lost,0.9999877214431763
13,13,repeat,repeat,may you say that again,0.9998747110366821
13,13,repeat,repeat,can you please repeat that,0.9999667406082153
13,13,repeat,repeat,can you please say that again,0.9995495676994324
13,13,repeat,repeat,may you please say that again,0.9989365935325623
13,13,repeat,repeat,would you say it again please,0.9992722868919373
13,13,repeat,repeat,would you repeat what you said earlier,0.9997017979621887
13,13,repeat,repeat,i would like you to repeat it,0.9993670582771301
13,13,repeat,repeat,repeat please,0.9886996150016785
13,13,repeat,repeat,"pardon, i didn't hear you",0.9844993948936462
13,13,repeat,repeat,i didn't hear you can you say that again,0.999882698059082
13,13,repeat,repeat,i didn't catch that,0.9402649998664856
13,13,repeat,repeat,could you repeat that,0.999997615814209
13,13,repeat,repeat,say again please,0.986684262752533
13,30,repeat,no,would you mind repeating that,0.6457585692405701
13,13,repeat,repeat,"sorry, i didn't catch that could you say it again",0.9999780654907227
13,13,repeat,repeat,i need you to repeat that please,0.999833345413208
13,13,repeat,repeat,repeat that for me please,0.9980752468109131
13,13,repeat,repeat,what did you just say,0.9862315058708191
13,13,repeat,repeat,please say it one more time,0.9996806383132935
13,121,repeat,maybe,sorry i missed that,0.9966232776641846
13,96,repeat,who_made_you,i didn't understand you,0.9789384603500366
13,13,repeat,repeat,can you repeat the question again,0.9999898672103882
13,13,repeat,repeat,can you phrase that question again,0.9971491694450378
13,82,repeat,greeting,what'd you say,0.9447299838066101
13,13,repeat,repeat,please repeat the last thing,0.7633224129676819
13,13,repeat,repeat,repeat that,0.9998601675033569
13,13,repeat,repeat,can you repeat that,0.9999969005584717
13,13,repeat,repeat,what were you just saying,0.5245730876922607
13,13,repeat,repeat,come again,0.9916946291923523
13,13,repeat,repeat,"can you say that again, please",0.9997240900993347
142,142,mpg,mpg,tell me: car gas mileage,0.9895288348197937
142,142,mpg,mpg,what is my car's gas mileage,0.999885082244873
142,142,mpg,mpg,tell me what the gas mileage is on my car,0.9985044002532959
142,142,mpg,mpg,what is the gas mileage of my car,0.9998816251754761
142,142,mpg,mpg,check: car gas mileage,0.9951841235160828
142,142,mpg,mpg,what is my car's mpg,0.9997424483299255
142,93,mpg,income,"what is my car's mpg, please",0.8886467814445496
142,142,mpg,mpg,what's my car's mpg,0.9988918900489807
142,93,mpg,income,"what's my car's mpg, please",0.7318720817565918
142,142,mpg,mpg,what is the highway mpg of this car,0.9999102354049683
142,142,mpg,mpg,hows the city mpg of this car,0.9999837875366211
142,142,mpg,mpg,what is the highway mpg on this car like,0.9999847412109375
142,142,mpg,mpg,what mpg does this car get in the city,0.9999432563781738
142,142,mpg,mpg,how many mpg does this car get in the city,0.9999853372573853
142,142,mpg,mpg,tell me about this car's highway mpg,0.9998888969421387
142,142,mpg,mpg,can i have more information about this car's highway mpg,0.990410566329956
142,142,mpg,mpg,what is the city mpg on this car,0.9999544620513916
142,142,mpg,mpg,whats the mpg for this car,0.999976396560669
142,142,mpg,mpg,whats the mpg of this car,0.9982690811157227
142,142,mpg,mpg,i need to know my cars mpg,0.9871990084648132
142,142,mpg,mpg,can i get this car's mpg,0.993844747543335
142,142,mpg,mpg,i would like to know the mpg of my car,0.9995174407958984
142,21,mpg,what_song,what kind of mileage am i getting,0.802852988243103
142,142,mpg,mpg,what the mpg,0.9995771050453186
142,142,mpg,mpg,can you tell me my vehicles mpg,0.9875871539115906
142,142,mpg,mpg,whats the fuel economy of this car,0.9971951246261597
142,142,mpg,mpg,what kind of mileage does this car get,0.9772879481315613
142,142,mpg,mpg,mpg for this car please,0.9998906850814819
142,142,mpg,mpg,what is the miles per gallon,0.9998719692230225
142,142,mpg,mpg,how is the car's fuel economy,0.9945861101150513
123,123,oil_change_when,oil_change_when,am i due for an oil change yet,0.9993736147880554
123,123,oil_change_when,oil_change_when,when is the next time i should change my oil,0.9999639987945557
123,123,oil_change_when,oil_change_when,when is my car due for its next oil change,0.9998101592063904
123,123,oil_change_when,oil_change_when,when am i due for my next oil change,0.9999604225158691
123,123,oil_change_when,oil_change_when,when should i get my next oil change,0.999993085861206
123,123,oil_change_when,oil_change_when,when's the next time i should change my oil,0.9999709129333496
123,123,oil_change_when,oil_change_when,when should i get my car's oil changed next,0.9998699426651001
123,123,oil_change_when,oil_change_when,when is the next time i need to get an oil change,0.9999691247940063
123,123,oil_change_when,oil_change_when,when is my car's next oil change supposed to be,0.999922513961792
123,123,oil_change_when,oil_change_when,how long until my next oil change,0.9999613761901855
123,123,oil_change_when,oil_change_when,when's the next time i ought to change my oil,0.999956488609314
123,123,oil_change_when,oil_change_when,when's the next time i have to get an oil change,0.9998815059661865
123,123,oil_change_when,oil_change_when,when should i get my oil changed,0.9997430443763733
123,123,oil_change_when,oil_change_when,when should i get the oil changed in my car,0.9998857975006104
123,123,oil_change_when,oil_change_when,figure out when my car will next need an oil change,0.9984239339828491
123,123,oil_change_when,oil_change_when,can you recommend for me when to next get my oil changed,0.9996529817581177
123,123,oil_change_when,oil_change_when,when do you think i ought to change the oil in my car next,0.9845033884048462
123,123,oil_change_when,oil_change_when,how soon until i will need to get my oil changed,0.9996352195739746
123,123,oil_change_when,oil_change_when,find out for me when my car is next due for an oil change,0.9983927607536316
123,3,oil_change_when,oil_change_how,where can i find information on oil changes for my car,0.9561792016029358
123,3,oil_change_when,oil_change_how,what are the manufacturers guidance on oil changes,0.24024710059165955
123,123,oil_change_when,oil_change_when,is my car due for it's next oil change,0.9997077584266663
123,131,oil_change_when,schedule_maintenance,what is the recommended interval to get my oil changed,0.675361692905426
123,123,oil_change_when,oil_change_when,when will i need my next oil change,0.9999750852584839
123,123,oil_change_when,oil_change_when,how often should i change the oil,0.999951958656311
123,123,oil_change_when,oil_change_when,do i need to change my oil soon,0.9998477697372437
123,123,oil_change_when,oil_change_when,when will my oil change be due for this car,0.9972323775291443
123,123,oil_change_when,oil_change_when,is my oil change coming up soon,0.9783450365066528
123,3,oil_change_when,oil_change_how,what's my oil change status,0.5014490485191345
123,123,oil_change_when,oil_change_when,when does this car need oil changes,0.9975032210350037
107,107,yes,yes,i will say yes as my response,0.9993610978126526
107,107,yes,yes,my answer to your question is yes,0.9508306384086609
107,107,yes,yes,yes is my answer,0.9994354844093323
107,107,yes,yes,"yes, ai, that is correct",0.9999626874923706
107,107,yes,yes,that's true,0.9999760389328003
107,107,yes,yes,that's correct,0.9912925362586975
107,84,yes,order_status,that checks out,0.7978365421295166
107,107,yes,yes,that's right,0.9987643957138062
107,107,yes,yes,affirmative,0.9981163740158081
107,107,yes,yes,"yes, that is factual",0.9986357092857361
107,107,yes,yes,"yes, that happens to be correct",0.999657392501831
107,107,yes,yes,that would be correct,0.9998536109924316
107,107,yes,yes,thats right,0.28002434968948364
107,107,yes,yes,"yes, this is true",0.9999216794967651
107,107,yes,yes,sure,0.7539451122283936
107,82,yes,greeting,okay,0.9403677582740784
107,30,yes,no,definitely,0.9168207049369812
107,107,yes,yes,roger that,0.5969199538230896
107,121,yes,maybe,i agree,0.5988287329673767
107,107,yes,yes,absolutely,0.684981644153595
107,107,yes,yes,you're right,0.6938598155975342
107,107,yes,yes,"yes, that's right",0.9999713897705078
107,107,yes,yes,please let's do it,0.39498472213745117
107,107,yes,yes,yes please,0.9973136782646179
107,114,yes,goodbye,can we please,0.5477771759033203
107,107,yes,yes,"yes, please",0.970556378364563
107,82,yes,greeting,10-4,0.3425534963607788
107,107,yes,yes,ya,0.5245509743690491
107,147,yes,cancel,yup,0.33751392364501953
107,114,yes,goodbye,great,0.992117702960968
149,149,travel_suggestion,travel_suggestion,what are some interesting things i can do while in raleigh,0.999984622001648
149,149,travel_suggestion,travel_suggestion,can you help me pick some fun things to do in london during my trip,0.9976497292518616
149,65,travel_suggestion,todo_list_update,"help me plan my traveling itinerary for my trip to madrid, i want to see lots of sights!",0.915778398513794
149,65,travel_suggestion,todo_list_update,help me pick a new location to travel to,0.574715793132782
149,149,travel_suggestion,travel_suggestion,can you do some research about the best places to travel,0.38954344391822815
149,149,travel_suggestion,travel_suggestion,tell me some fun activities to do in oklahoma city,0.9992073178291321
149,149,travel_suggestion,travel_suggestion,what are some popular tourist activities in mexico city,0.9998780488967896
149,145,travel_suggestion,restaurant_suggestion,i am itching to travel but don't know where to go,0.25207018852233887
149,149,travel_suggestion,travel_suggestion,give me some recommendations of good tourist attractions in montreal,0.999895453453064
149,149,travel_suggestion,travel_suggestion,tell me some fun tourist attractions in london,0.9998284578323364
149,72,travel_suggestion,directions,give me some ideas of what to do during my trip to dallas,0.6631931662559509
149,149,travel_suggestion,travel_suggestion,find out the best tourist attractions to visit in moscow,0.9878155589103699
149,149,travel_suggestion,travel_suggestion,i want some suggestions for tourist activities in dublin,0.9999603033065796
149,149,travel_suggestion,travel_suggestion,i am traveling to paris soon and would like some suggestions of what to do and see,0.9885106086730957
149,149,travel_suggestion,travel_suggestion,what are some local attractions in portland,0.9999029636383057
149,149,travel_suggestion,travel_suggestion,what sorts of activities should i get up to while i am in dublin,0.5519890189170837
149,46,travel_suggestion,meal_suggestion,i want to explore a new place but don't know where i should go do you have any ideas,0.34743693470954895
149,149,travel_suggestion,travel_suggestion,please give me some ideas of fun tourist activities to do while i am in paris,0.9909948706626892
149,149,travel_suggestion,travel_suggestion,can you throw out some suggestions to me of places to travel to,0.9975940585136414
149,149,travel_suggestion,travel_suggestion,suggest some things for me to do while i am in los angeles,0.9991716146469116
149,149,travel_suggestion,travel_suggestion,let me know some things to do in phoenix,0.9997232556343079
149,149,travel_suggestion,travel_suggestion,let me know some things i can do in dallas,0.9999276399612427
149,149,travel_suggestion,travel_suggestion,i wanna know some things to do in phoenix,0.9997894167900085
149,149,travel_suggestion,travel_suggestion,i would like to do some things in phoenix,0.9995030164718628
149,149,travel_suggestion,travel_suggestion,tell me some things to do in phoenix,0.9998300075531006
149,149,travel_suggestion,travel_suggestion,what are some fun silly things to do in new jersey,0.9998701810836792
149,149,travel_suggestion,travel_suggestion,what are some cool tourist attractions in england,0.9998281002044678
149,149,travel_suggestion,travel_suggestion,what are some fun local experiences in canada,0.999969482421875
149,149,travel_suggestion,travel_suggestion,what are some fun tourist things to do in mumbai,0.9999628067016602
149,149,travel_suggestion,travel_suggestion,what are some fun cheap activities to do in colorado,0.999743640422821
74,74,insurance,insurance,which insurance plan to i have,0.9583938717842102
74,74,insurance,insurance,do you know which insurance plan i have,0.9986887574195862
74,74,insurance,insurance,what kind of insurance plan am i in,0.9956628680229187
74,74,insurance,insurance,what health coverage do i have,0.9991963505744934
74,74,insurance,insurance,what are the details on my health care plan,0.9999469518661499
74,74,insurance,insurance,which insurance plan am i enrolled in,0.9999290704727173
74,74,insurance,insurance,what is my health insurance,0.9999210834503174
74,74,insurance,insurance,what insurance plan am i enrolled in,0.9999402761459351
74,74,insurance,insurance,check on my health care plan,0.9982361793518066
74,74,insurance,insurance,what's my health insurance plan,0.9916702508926392
74,74,insurance,insurance,what sort of health benefits do i have,0.999913215637207
74,74,insurance,insurance,"which health plan do i have, again",0.9999382495880127
74,74,insurance,insurance,tell me about my health benefits,0.9999951124191284
74,74,insurance,insurance,what's the name of my health insurance plan,0.9998412132263184
74,74,insurance,insurance,explain my health benefits,0.9999914169311523
74,74,insurance,insurance,what are my health insurance benefits,0.999993085861206
74,74,insurance,insurance,what specific health plan do i have,0.9999618530273438
74,74,insurance,insurance,tell me the full name of my health plan,0.9998822212219238
74,74,insurance,insurance,how do my health benefits work,0.9999685287475586
74,74,insurance,insurance,can you tell me what health plan i am on,0.9999872446060181
74,74,insurance,insurance,tell me my current health plan,0.9997591376304626
74,74,insurance,insurance,which health plan am i currently enrolled in,0.9999841451644897
74,74,insurance,insurance,i want to know what health plan i'm currently on,0.9999755620956421
74,74,insurance,insurance,could you please inform me what health plan i am currently on,0.9999550580978394
74,74,insurance,insurance,what are the benefits associated with my insurance,0.9999954700469971
74,74,insurance,insurance,what are the benefits of having this insurance,0.9619656801223755
74,74,insurance,insurance,what are my benefits with this insurance,0.9999955892562866
74,74,insurance,insurance,what are my benefits on the insurance,0.9999889135360718
74,74,insurance,insurance,google find out what health plan i am under,0.999853253364563
74,74,insurance,insurance,tell me what health plan coverage i have,0.9999904632568359
65,65,todo_list_update,todo_list_update,cross grocery shopping off the todo list,0.9940181970596313
65,65,todo_list_update,todo_list_update,i don't need grocery shopping on my todo list anymore,0.996329128742218
65,65,todo_list_update,todo_list_update,take grocery shopping off my todo list,0.9976992011070251
65,125,todo_list_update,shopping_list_update,remove grocery shopping from todo list,0.5275100469589233
65,125,todo_list_update,shopping_list_update,cross off grocery shopping from todo list,0.7999556660652161
65,65,todo_list_update,todo_list_update,i don't need mowing the lawn on my to do list anymore,0.9998379945755005
65,48,todo_list_update,todo_list,empty the contents of my to do list,0.9998552799224854
65,65,todo_list_update,todo_list_update,take everything off my to do list please,0.9984568357467651
65,65,todo_list_update,todo_list_update,take everything off my to do list,0.9846684336662292
65,65,todo_list_update,todo_list_update,please remove science fair from my to do list,0.9998841285705566
65,65,todo_list_update,todo_list_update,please put babysitting on my to do list,0.9999144077301025
65,65,todo_list_update,todo_list_update,please put lawn mowing on my list of to dos,0.9999343156814575
65,65,todo_list_update,todo_list_update,put the dishes on my list of things to do,0.9995819926261902
65,65,todo_list_update,todo_list_update,remove all items from my to do list,0.9991752505302429
65,65,todo_list_update,todo_list_update,take tennis practice off my to do list,0.9993964433670044
65,65,todo_list_update,todo_list_update,get rid of my to do list,0.9998452663421631
65,65,todo_list_update,todo_list_update,take dishes off the to do list,0.9998451471328735
65,65,todo_list_update,todo_list_update,add grocery shopping to my to do list,0.9990600943565369
65,65,todo_list_update,todo_list_update,remove laundry from my to do list,0.999990701675415
65,65,todo_list_update,todo_list_update,please add laundry to the chores,0.6577872633934021
65,65,todo_list_update,todo_list_update,add mopping to the to do list,0.9999889135360718
65,65,todo_list_update,todo_list_update,please put dusting on my list of things to do,0.9999666213989258
65,65,todo_list_update,todo_list_update,please note vacuuming on my to do list,0.9945853352546692
65,65,todo_list_update,todo_list_update,insert mowing on the chore list,0.859662652015686
65,65,todo_list_update,todo_list_update,you can dusting off my todo list,0.999957799911499
65,65,todo_list_update,todo_list_update,you take sweeping of my todo list,0.9381940960884094
65,65,todo_list_update,todo_list_update,you can vacuuming of my todo list,0.9244344234466553
65,65,todo_list_update,todo_list_update,you can take laundry off my todo list,0.9998719692230225
65,65,todo_list_update,todo_list_update,you can take dishes off my todo list,0.9999386072158813
65,65,todo_list_update,todo_list_update,i need you to clear my todo list,0.9995473027229309
76,76,reminder,reminder,give me my reminders,0.9999359846115112
76,76,reminder,reminder,what were the things that i wanted to remember,0.999914288520813
76,53,reminder,reminder_update,what were you supposed to remind me of,0.5847906470298767
76,76,reminder,reminder,my list of reminders contains what,0.9999576807022095
76,76,reminder,reminder,what did i want to remember,0.99997878074646
76,76,reminder,reminder,what did i ask you to remind me of,0.8378974795341492
76,76,reminder,reminder,read my reminder list,0.9999510049819946
76,76,reminder,reminder,is my meeting with frank on my list of reminders,0.9997232556343079
76,76,reminder,reminder,list my reminders,0.9999841451644897
76,76,reminder,reminder,what stuff am i trying to remember,0.9994909763336182
76,76,reminder,reminder,what are my reminders,0.9999866485595703
76,76,reminder,reminder,did i tell you to remind me about laundry,0.6248341202735901
76,76,reminder,reminder,"on my reminders list, is there an item called conference call",0.5941401720046997
76,76,reminder,reminder,what items did i want to remember,0.9999113082885742
76,76,reminder,reminder,what's on my list of things to remember,0.9999475479125977
76,76,reminder,reminder,what kinds of things are you supposed to remind me of,0.5695359110832214
76,76,reminder,reminder,is grocery shopping on my reminders list,0.9999568462371826
76,76,reminder,reminder,i want to know my reminders,0.999795138835907
76,76,reminder,reminder,read my list of reminders,0.9999895095825195
76,76,reminder,reminder,can you tell me the to do's on my reminder list,0.9965265393257141
76,76,reminder,reminder,please go though the bullet points on my reminder list,0.9948988556861877
76,76,reminder,reminder,what are all the things on my reminder list,0.9999872446060181
76,76,reminder,reminder,"i would like to hear the reminders that i listed on my things to remember list, please",0.9937375783920288
76,48,reminder,todo_list,what were the things i want to recall,0.5195098519325256
76,52,reminder,vaccines,can you please remind me of the items that i made note of to not forget,0.40888911485671997
76,76,reminder,reminder,refresh my memory about what items i want to remember,0.9932996034622192
76,76,reminder,reminder,remind me of the items on my list of things to remember,0.9947984218597412
76,76,reminder,reminder,"i'd like to just confirm all of the reminders currently on my list of reminders, please",0.9820484519004822
76,76,reminder,reminder,please play my list of reminders,0.9841720461845398
76,76,reminder,reminder,"""which things are wanted to remember",0.9990891218185425
119,119,change_speed,change_speed,can i speed up your voice,0.9998513460159302
119,119,change_speed,change_speed,can i change your talking voice,0.9994671940803528
119,119,change_speed,change_speed,talk fast,0.5513325333595276
119,119,change_speed,change_speed,change voice speed,0.9963299632072449
119,119,change_speed,change_speed,change device talking speed,0.9986415505409241
119,119,change_speed,change_speed,speak it again slowly,0.8884927034378052
119,119,change_speed,change_speed,try to speak slowly,0.9608767628669739
119,119,change_speed,change_speed,will you please slow down your voice,0.9958464503288269
119,119,change_speed,change_speed,slow down your voice,0.997302770614624
119,119,change_speed,change_speed,can you speak faster,0.99989914894104
119,119,change_speed,change_speed,how do i change the speed of your voice,0.9999369382858276
119,119,change_speed,change_speed,can you talk faster,0.9963351488113403
119,119,change_speed,change_speed,how do i make you talk faster,0.9630355834960938
119,119,change_speed,change_speed,why are you talking so slowly,0.9893402457237244
119,119,change_speed,change_speed,speed up your talking,0.999914288520813
119,119,change_speed,change_speed,talk faster,0.983660101890564
119,119,change_speed,change_speed,you talk to slow,0.5934180021286011
119,119,change_speed,change_speed,can you adjust the speed of your voice,0.9987348914146423
119,119,change_speed,change_speed,can you talk more slowly,0.9997932314872742
119,114,change_speed,goodbye,go faster,0.29323768615722656
119,119,change_speed,change_speed,can you not talk so fast,0.991245687007904
119,119,change_speed,change_speed,speak more quickly,0.9999803304672241
119,119,change_speed,change_speed,you're talking too fast,0.9999346733093262
119,119,change_speed,change_speed,you talk too slow,0.9991232752799988
119,119,change_speed,change_speed,please speak a bit faster,0.9993128776550293
119,119,change_speed,change_speed,double the speaking speed please,0.999164342880249
119,119,change_speed,change_speed,speed up speech please,0.999859094619751
119,119,change_speed,change_speed,change speaking speed to 50 percent faster,0.9999234676361084
119,119,change_speed,change_speed,your speech slower it,0.9988678693771362
119,119,change_speed,change_speed,make slower your speech,0.9998183846473694
98,98,tire_pressure,tire_pressure,give me the pressure for the tires on my car,0.9997192025184631
98,98,tire_pressure,tire_pressure,can you tell me the tire pressure for the car,0.9917153716087341
98,98,tire_pressure,tire_pressure,give me the tire pressure for the car,0.9999278783798218
98,98,tire_pressure,tire_pressure,go ahead and give me the tire pressure of my vehicle,0.9998292922973633
98,98,tire_pressure,tire_pressure,what exactly is the tire pressure for the car,0.9995680451393127
98,98,tire_pressure,tire_pressure,i must kniw how low are my tires on air,0.9998086094856262
98,98,tire_pressure,tire_pressure,please tell me my car's tire pressure,0.999988317489624
98,98,tire_pressure,tire_pressure,i need to know how low are my tires on air,0.9999372959136963
98,98,tire_pressure,tire_pressure,i shall know how low are my tires on air,0.99992835521698
98,98,tire_pressure,tire_pressure,tell me my car's tire pressure,0.9999942779541016
98,98,tire_pressure,tire_pressure,i gotta know my car;s tire pressure,0.9998748302459717
98,98,tire_pressure,tire_pressure,i would like to know my car's tire pressure,0.9999973773956299
98,98,tire_pressure,tire_pressure,i gotta know how low are my tires on air,0.9999513626098633
98,98,tire_pressure,tire_pressure,i wanna know my car's tire pressure,0.9999963045120239
98,98,tire_pressure,tire_pressure,i wanna know how low are my tires on air,0.9999470710754395
98,98,tire_pressure,tire_pressure,how can i find out what my tire pressure is,0.9999101161956787
98,98,tire_pressure,tire_pressure,how do i find out my tire pressure,0.9999536275863647
98,98,tire_pressure,tire_pressure,my tires are how low on air,0.9990311861038208
98,98,tire_pressure,tire_pressure,how low are my tires right now on air,0.9998528957366943
98,98,tire_pressure,tire_pressure,my tires are filled enough or no,0.35906630754470825
98,98,tire_pressure,tire_pressure,what's the tire pressure of my tires,0.9999715089797974
98,98,tire_pressure,tire_pressure,is there enough air in my tires,0.9999828338623047
98,98,tire_pressure,tire_pressure,my tires need how much more air in them,0.9884083867073059
98,98,tire_pressure,tire_pressure,are my tires filled properly,0.9994382262229919
98,98,tire_pressure,tire_pressure,are my tires filled enough,0.9937029480934143
98,98,tire_pressure,tire_pressure,what is the pressure of my tires,0.9995535016059875
98,98,tire_pressure,tire_pressure,do my tires have enough pressure,0.9994831085205078
98,98,tire_pressure,tire_pressure,what is the air pressure of my tires,0.9999880790710449
98,98,tire_pressure,tire_pressure,what is the level of air pressure of my tires,0.9999887943267822
98,98,tire_pressure,tire_pressure,is my tire pressure high,0.9999396800994873
30,30,no,no,that isn't right,0.9983482360839844
30,30,no,no,that's incorrect,0.9985911250114441
30,30,no,no,nope that's not it,0.9946120977401733
30,30,no,no,no that isn't right,0.9999696016311646
30,30,no,no,that's not correct,0.9941934943199158
30,30,no,no,that isn't correct,0.9869563579559326
30,30,no,no,that is incorrect,0.9960882663726807
30,30,no,no,that's wrong,0.9998161196708679
30,30,no,no,"no, that is wrong",0.9999784231185913
30,30,no,no,"no, that is incorrect",0.9999778270721436
30,30,no,no,"no, definitely not",0.999613344669342
30,30,no,no,i'd say no,0.9999756813049316
30,30,no,no,the statement is false,0.996052622795105
30,30,no,no,that's false,0.9989743232727051
30,30,no,no,false,0.9941774606704712
30,30,no,no,it is no,0.9969178438186646
30,30,no,no,it is false,0.9979687333106995
30,30,no,no,it is very much false,0.9943056702613831
30,30,no,no,that has to be false,0.9974614381790161
30,30,no,no,that is so false,0.97540682554245
30,107,no,yes,that can't be true,0.9995167255401611
30,30,no,no,that's a negatory,0.7307024002075195
30,30,no,no,there is no way in heck that is true,0.8385886549949646
30,30,no,no,nope not it,0.9975433945655823
30,30,no,no,that is most definitely false,0.996833860874176
30,30,no,no,"no, you are wrong",0.9998564720153809
30,30,no,no,"no, that is a falsehood",0.9998641014099121
30,30,no,no,you got that wrong,0.9924669861793518
30,30,no,no,that is the wrong answer,0.9997875094413757
30,30,no,no,not right now,0.985093355178833
132,132,apr,apr,you need to tell me my credit card's apr,0.9999459981918335
132,132,apr,apr,now tell me my credit card's apr,0.9999332427978516
132,132,apr,apr,i need to know the apr on my wells fargo credit card,0.9998725652694702
132,132,apr,apr,tell me my chase credit card's apr,0.9996645450592041
132,132,apr,apr,tell me what my wells fargo credit card apr is,0.9998037219047546
132,132,apr,apr,what is my b of a credit card's apr,0.9999449253082275
132,132,apr,apr,can you tell me the apr of my target credit card,0.9892246127128601
132,132,apr,apr,what is my apr rate,0.9927377104759216
132,132,apr,apr,is my apr rate above average,0.9996337890625
132,132,apr,apr,does my apr rate suck,0.9984506368637085
132,132,apr,apr,what is my card's apr rate,0.9999773502349854
132,132,apr,apr,is my apr rate better than most,0.9247827529907227
132,132,apr,apr,what's my credit card's annual percentage rate,0.9997151494026184
132,132,apr,apr,what's the annual percentage rate for my credit card,0.9823503494262695
132,132,apr,apr,how high is the apr on my credit card,0.9999626874923706
132,132,apr,apr,what's the apr on my credit card,0.9999755620956421
132,132,apr,apr,how much am i paying for apr on my credit card,0.9247477650642395
132,132,apr,apr,is my card's apr a decent rate,0.9999788999557495
132,132,apr,apr,can you tell me my apr on my credit card,0.9999814033508301
132,132,apr,apr,would you consider my apr to be good,0.9928629994392395
132,132,apr,apr,what's the current apr on my credit card,0.9999823570251465
132,132,apr,apr,what kind of credit card apr do i get,0.9994962215423584
132,132,apr,apr,what's my apr rate,0.9975842237472534
132,132,apr,apr,tell me my apr rate,0.9986611604690552
132,132,apr,apr,could you share my credit card's apr,0.9998630285263062
132,132,apr,apr,is my apr rate good,0.9975838661193848
132,132,apr,apr,"i need to know what the current apr is for my chase sapphire, please",0.9838152527809143
132,132,apr,apr,can you find me the apr listed on the statement for my citi mastercard,0.9639144539833069
132,132,apr,apr,what's the apr on my capital one venture card,0.9998874664306641
132,132,apr,apr,inform me on what my credit card's apr is,0.9999090433120728
1,1,nutrition_info,nutrition_info,tell me nutritional info for brocoli,0.9998847246170044
1,1,nutrition_info,nutrition_info,tell me nutritional info for lettuce,0.9999547004699707
1,1,nutrition_info,nutrition_info,tell me nutritional info for fish,0.9998756647109985
1,1,nutrition_info,nutrition_info,tell me nutritional info for burger,0.9995357990264893
1,1,nutrition_info,nutrition_info,tell me nutritional info for beans,0.999648928642273
1,1,nutrition_info,nutrition_info,how healthy is blueberrys,0.9995343685150146
1,1,nutrition_info,nutrition_info,how healthy is tacos,0.9995734095573425
1,1,nutrition_info,nutrition_info,how healthy is mcdonalds,0.9946396946907043
1,1,nutrition_info,nutrition_info,how healthy is a cheeseburger,0.9970160722732544
1,1,nutrition_info,nutrition_info,how healthy is rice,0.9951744675636292
1,1,nutrition_info,nutrition_info,find the nutrition info for whole milk for me,0.9994218349456787
1,1,nutrition_info,nutrition_info,what are the nutrition facts for greek yogurt,0.9981675148010254
1,1,nutrition_info,nutrition_info,find the nutrition info for ketchup for me,0.9999581575393677
1,1,nutrition_info,nutrition_info,what are the nutrition facts for cucumbers,0.9999809265136719
1,1,nutrition_info,nutrition_info,what are the nutrition facts for apple sauce,0.9999948740005493
1,1,nutrition_info,nutrition_info,what are the nutrition facts for peanut butter,0.9999849796295166
1,1,nutrition_info,nutrition_info,find the nutrition info for bell peppers for me,0.9954190254211426
1,1,nutrition_info,nutrition_info,find the nutrition info for cheese fries for me,0.9992952346801758
1,1,nutrition_info,nutrition_info,find the nutrition info for cucumbers for me,0.9999843835830688
1,1,nutrition_info,nutrition_info,what are the nutrition facts for carrots,0.9999967813491821
1,1,nutrition_info,nutrition_info,please give me the nutritional information for an egg,0.9998537302017212
1,1,nutrition_info,nutrition_info,what's the nutrition info for a pound of chicken,0.9999984502792358
1,1,nutrition_info,nutrition_info,tell me the nutrition info for a cup of milk,0.9999945163726807
1,1,nutrition_info,nutrition_info,what's the nutrition info for a cucumber,0.9999940395355225
1,1,nutrition_info,nutrition_info,give me the nutritional details for a cup of yogurt,0.9999083280563354
1,1,nutrition_info,nutrition_info,i need the nutrition facts for ramen,0.9998692274093628
1,1,nutrition_info,nutrition_info,tell me the nutrition facts for shepherd's pie,0.9999737739562988
1,1,nutrition_info,nutrition_info,i would like nutrition facts for spaghetti carbonara,0.9998691082000732
1,1,nutrition_info,nutrition_info,tell me spaghetti bolognese's nutrition facts,0.9999551773071289
1,1,nutrition_info,nutrition_info,i want the nutrition facts for buttered spaghetti,0.9999288320541382
60,43,calendar,shopping_list,do i have my nephew's birthday marked for november 10th,0.5211308002471924
60,60,calendar,calendar,do i have any appoints set for my calendar april 3rd,0.9991856217384338
60,76,calendar,reminder,did i set march 10th as my doctor's appointment,0.9927069544792175
60,60,calendar,calendar,do i have any appointments on my calendar march 22nd,0.9999735355377197
60,60,calendar,calendar,did i set a day on my calendar for voting in the next election,0.8577346801757812
60,105,calendar,calendar_update,did i mark the mechanic's appointment on my calendar,0.9235082864761353
60,60,calendar,calendar,do i have any calendars set for may 12th,0.9991437196731567
60,60,calendar,calendar,what day did i set on my calendar for the first day of school,0.9969419836997986
60,60,calendar,calendar,is anything on my calendar for june 22nd,0.9998921155929565
60,60,calendar,calendar,what do i have going on on my calendar for march 18th,0.9999243021011353
60,19,calendar,meeting_schedule,is my meeting with frank on my calendar,0.9635778069496155
60,60,calendar,calendar,what do i have planned for 3/5,0.9996446371078491
60,105,calendar,calendar_update,have i gotten around to adding the bike ride to my calendar yet,0.9926037192344666
60,60,calendar,calendar,what events do i have going on on march 11th,0.9991393089294434
60,105,calendar,calendar_update,i can't remember if i added the fun run to my calendar yet; did i,0.9872473478317261
60,105,calendar,calendar_update,have i added my doctor's appointment to my calendar,0.999914288520813
60,60,calendar,calendar,do i have calendar events on march 19th,0.9998906850814819
60,60,calendar,calendar,read my calendar for march 7th,0.9998107552528381
60,60,calendar,calendar,do i have any items on my calendar for march 21st,0.999966025352478
60,60,calendar,calendar,do i have any calendar entries for march 8th,0.9995335340499878
60,60,calendar,calendar,tell me what's on my calendar for march 22nd,0.9999918937683105
60,105,calendar,calendar_update,is the marathon on friday added to my calendar,0.9996167421340942
60,60,calendar,calendar,what's on my calendar for march 20th,0.9999897480010986
60,60,calendar,calendar,what's on my calendar on march 10th,0.999943733215332
60,60,calendar,calendar,"check my calendar for me, please",0.9654206037521362
60,60,calendar,calendar,is event on my calendar,0.9990311861038208
60,60,calendar,calendar,retrieve events on my calendar,0.9984315037727356
60,60,calendar,calendar,is bowling on my calendar,0.9707711338996887
60,18,calendar,schedule_meeting,on tuesday you are supposed to have a meeting,0.9940179586410522
60,105,calendar,calendar_update,you have yo go to school on calendar,0.9779647588729858
39,39,uber,uber,"i'd like an uber for 6 people, going to walmart",0.9995787739753723
39,39,uber,uber,can you get me an uber to disney world,0.999996542930603
39,39,uber,uber,get me an uber for 3 people uptown,0.9999942779541016
39,39,uber,uber,i need to go downtown with 2 people; can you get me an uber,0.999967098236084
39,39,uber,uber,i'm going to need to book an uber to universal studios,0.9994198083877563
39,39,uber,uber,i need to get four people to red lobster; can you order me an uber,0.9989148378372192
39,39,uber,uber,i'm going to need an uber for 4 people to go to patty's bar,0.9997288584709167
39,39,uber,uber,i need to get to the staples center; can you call me an uber,0.9999312162399292
39,39,uber,uber,find me an uber to the liberty bell,0.9997958540916443
39,39,uber,uber,i need an uber to madison square garden,0.9999946355819702
39,39,uber,uber,i need an uber to get to the bank,0.9998120665550232
39,39,uber,uber,can i get an uber to drive me to the movies,0.9999487400054932
39,39,uber,uber,contact uber and have them pick me up,0.9986212253570557
39,39,uber,uber,can i take an uber to the statue of liberty,0.9999639987945557
39,39,uber,uber,i need an uber for 5 to go to the concerthall,0.9998531341552734
39,39,uber,uber,get a uber for two to go to a romantic dinner at mcdonalds,0.9567301273345947
39,39,uber,uber,please call an uber for 6 people to go to amazon's southside warehouse,0.999954104423523
39,39,uber,uber,find me an uber and get it here,0.9994019269943237
39,39,uber,uber,is there an uber that drives to the bank on 5th that can hold 3 people,0.9983445405960083
39,39,uber,uber,we'd like an uber for 4 to take us to the olive garden,0.9999639987945557
39,39,uber,uber,i want an uber for one person to go to bank of america,0.999982476234436
39,39,uber,uber,can i get an uber for 2 to go to austin,0.999964714050293
39,39,uber,uber,call me an uber please,0.9885311126708984
39,39,uber,uber,is it possible to take an uber to burger king,0.9996813535690308
39,39,uber,uber,book me an uber for a party of 5 to the salvage yard off maple,0.9999804496765137
39,39,uber,uber,i need an uber for 5 people to go to the statue of liberty,0.9999759197235107
39,39,uber,uber,i want an uber to take me to walmart,0.9999922513961792
39,39,uber,uber,have an uber sent to take me to the courthouse,0.9999619722366333
39,39,uber,uber,call an uber to take a group of 4 from this bar to the one on maple st,0.9936938881874084
39,39,uber,uber,i'm too drunk to drive and need an uber home,0.9999496936798096
138,138,calculator,calculator,what is 300 divided by 42,0.9999845027923584
138,138,calculator,calculator,what is 400 times 2,0.9999945163726807
138,42,calculator,oos,"what is the average of 54, 23, 43, 12, and 442",0.991124153137207
138,138,calculator,calculator,add 45 to 87 plus 54 plus 43 plus 22,0.601032555103302
138,138,calculator,calculator,what is 48 multiplied by 4 divided by 2,0.9869464039802551
138,138,calculator,calculator,"what is 25% of $54,788",0.9665269255638123
138,138,calculator,calculator,what is the square root of 95,0.9999728202819824
138,42,calculator,oos,what is 1100 minus 2347,0.5817095041275024
138,138,calculator,calculator,tell me what 1875 plus 3459 equals,0.5687097907066345
138,138,calculator,calculator,tell me the answer to 1000 divided by 40,0.9985210299491882
138,138,calculator,calculator,what is 1000 plus 745,0.9995166063308716
138,72,calculator,directions,i need to know the answer to 10000 multiplied by 44,0.9133308529853821
138,138,calculator,calculator,what is 100 multiplied by 55,0.9998674392700195
138,138,calculator,calculator,what's 15% of 68,0.8017721176147461
138,138,calculator,calculator,what's 47 times 83,0.9898803234100342
138,138,calculator,calculator,"if something is 15% off $35, how much is it",0.6615555286407471
138,138,calculator,calculator,how many times can 3 be divided into 1253,0.9996554851531982
138,138,calculator,calculator,divide 100 by 12,0.9739285111427307
138,138,calculator,calculator,find square root of 453,0.9499188661575317
138,138,calculator,calculator,what is 1243 times 45,0.9999947547912598
138,138,calculator,calculator,find the square root of 1243435,0.9938160181045532
138,138,calculator,calculator,what is the square root of 36,0.9999583959579468
138,42,calculator,oos,what is 592 minus 124,0.2974863052368164
138,138,calculator,calculator,i need to know what 25 times 38 is,0.9999300241470337
138,138,calculator,calculator,can you calculate the square root of 172,0.9997937083244324
138,68,calculator,transactions,i bought 6 shirts at $499 each what was my total expenditure for them,0.6758303642272949
138,97,calculator,pto_request,i spent 34 dollars for 12 gallons of paint what is the average price for each gallon,0.1829203963279724
138,138,calculator,calculator,what is the sum of eleven and ten,0.8047081828117371
138,138,calculator,calculator,what is the solution to sixty times thirty,0.9987460374832153
138,138,calculator,calculator,how do i ask the ai to help me with math problem,0.9820176362991333
95,95,date,date,date please,0.995699405670166
95,95,date,date,what is the current day,0.9999260902404785
95,95,date,date,which day is it now,0.9996757507324219
95,95,date,date,what's the name of the day today,0.995376706123352
95,95,date,date,what is the day now,0.9898968935012817
95,95,date,date,what day are we in,0.9920364022254944
95,95,date,date,tell me what tomorrow's date is,0.9999972581863403
95,95,date,date,please tell me what the date is tomorrow,0.9999997615814209
95,95,date,date,let me know what tomorrow's date is,0.9999933242797852
95,95,date,date,let me know the date tomorrow,0.9999942779541016
95,95,date,date,i need to know tomorrow's date,0.9999747276306152
95,95,date,date,please tell me what today is,0.9999399185180664
95,95,date,date,"tell me the date, please",0.9997928738594055
95,95,date,date,tell me the date 5 days from now,0.9999394416809082
95,95,date,date,tell me what the date will be in 5 days,0.9999805688858032
95,95,date,date,what is the date in 5 days,0.9993990659713745
95,95,date,date,"in 5 days from today, what will the date be",0.9998230338096619
95,95,date,date,what would the date be 5 days from today,0.9990641474723816
95,95,date,date,what day it today,0.999923586845398
95,95,date,date,what will tomorrow be on the calendar,0.9996494054794312
95,95,date,date,what date will it be tomorrow,0.999996542930603
95,95,date,date,what date is it tomorrow,0.9999788999557495
95,95,date,date,what is the date of tomorrow,0.9999990463256836
95,95,date,date,what's tomorrow's date,0.9999960660934448
95,95,date,date,what's the date today,0.9999954700469971
95,95,date,date,give me today's date,0.999995231628418
95,95,date,date,tell me today's date,0.9999945163726807
95,95,date,date,what's the date,0.999997615814209
95,95,date,date,today is which day of the week,0.999687910079956
95,95,date,date,today is what day of the week,0.9994533658027649
62,62,carry_on,carry_on,what restrictions do they have for carry-on,0.9754284024238586
62,62,carry_on,carry_on,ist all carry-on restrictions applicable to my flight,0.9824391603469849
62,42,carry_on,oos,what are the size limits regarding-carry on bags,0.9999473094940186
62,62,carry_on,carry_on,how many bags can i carry-on,0.8480409979820251
62,42,carry_on,oos,can i bring perfume on the plane or what is the size limit,0.8468417525291443
62,149,carry_on,travel_suggestion,what are the rules for traveling with toothpaste,0.7121568322181702
62,62,carry_on,carry_on,can i bring suntan lotion in my carry on,0.9829299449920654
62,117,carry_on,are_you_a_bot,can i fly with my razors or are there restrictions,0.5077980756759644
62,62,carry_on,carry_on,are there restrictions for carrying lighters in my backpack on a plane,0.8578059673309326
62,62,carry_on,carry_on,how many carry ons can i take on a flight with american airlines to japan,0.9999982118606567
62,62,carry_on,carry_on,how many carry ons can i take on a flight with panam to wales,0.9999220371246338
62,62,carry_on,carry_on,what is the carry-on policy for flights on panam,0.9998262524604797
62,62,carry_on,carry_on,what is the carry-on policy for flights on lufthansa,0.9999731779098511
62,62,carry_on,carry_on,what is the carry-on policy for flights on delta airlines,0.9999827146530151
62,62,carry_on,carry_on,how many carry ons can i take on a flight with southwestern to tampa,0.9999866485595703
62,62,carry_on,carry_on,how many carry ons can i take on a flight with delta to seattle,0.9999946355819702
62,62,carry_on,carry_on,how many carry ons can i take on a flight with united airlines to austin,0.9999762773513794
62,62,carry_on,carry_on,what is the carry-on policy for flights on the airline called jetblue,0.9972510933876038
62,62,carry_on,carry_on,i need to know the carry-on rules for southwest,0.9998459815979004
62,62,carry_on,carry_on,tell me the carry-on rules for my flight,0.7538750171661377
62,62,carry_on,carry_on,i am flying to finland and wanna know the carry-on rules,0.9989752769470215
62,62,carry_on,carry_on,what is the carry-on policy for flights on southwest,0.9996819496154785
62,62,carry_on,carry_on,i need to know the the carry-on restrictions for american airlines,0.9999786615371704
62,62,carry_on,carry_on,what is the carry-on policy for flights on transaero,0.9999047517776489
62,62,carry_on,carry_on,what is the carry-on policy for flights on jetblue,0.9998914003372192
62,62,carry_on,carry_on,i gotta know the the carry-on restrictions for american airlines,0.9999785423278809
62,62,carry_on,carry_on,what is the carry-on policy for flights on american airlines,0.999968409538269
62,62,carry_on,carry_on,i must know the the carry-on restrictions for american airlines,0.9999711513519287
62,62,carry_on,carry_on,i wanna know the carry-on rules for the flight i have,0.9945428371429443
62,62,carry_on,carry_on,tell me the the carry-on restrictions for american airlines,0.9999245405197144
148,148,pto_used,pto_used,how many days did i take off,0.9999223947525024
148,148,pto_used,pto_used,tell me how many days i took off,0.9708853960037231
148,148,pto_used,pto_used,so how many days did i take off sir,0.9998774528503418
148,148,pto_used,pto_used,so how many days did i take off,0.9999904632568359
148,126,pto_used,pto_balance,i need to know how many days i toof off,0.9844096899032593
148,148,pto_used,pto_used,what is the total number of days that i have taken off work since january,0.9543664455413818
148,148,pto_used,pto_used,how many days off have i taken so far this year,0.9999871253967285
148,148,pto_used,pto_used,i want to know how many days off are listed on my time off sheet that i have taken this year,0.988777220249176
148,148,pto_used,pto_used,tell me how many days off you see that i have taken so far this year please,0.9998623132705688
148,148,pto_used,pto_used,can you look and see how many days off i have taken so far since january,0.9994407296180725
148,148,pto_used,pto_used,check how many days off i've taken,0.9999690055847168
148,148,pto_used,pto_used,how many hours of pto have i used,0.9999886751174927
148,42,pto_used,oos,how much pto is gone,0.9565235376358032
148,148,pto_used,pto_used,see how many days i've taken off so far,0.9999872446060181
148,148,pto_used,pto_used,how much of my pto is left,0.9927404522895813
148,148,pto_used,pto_used,how much of my pto is gone,0.9956133365631104
148,148,pto_used,pto_used,please let me know how many days i've taken off,0.9999836683273315
148,148,pto_used,pto_used,what is the amount of my taken off days so far,0.9999587535858154
148,148,pto_used,pto_used,i need to know how many days off i have used so far,0.999996542930603
148,148,pto_used,pto_used,how many days off have i taken until right now,0.9998052716255188
148,148,pto_used,pto_used,notify me how many days off i have used so far,0.9999972581863403
148,148,pto_used,pto_used,tell me how many days off i have taken so far,0.9999936819076538
148,126,pto_used,pto_balance,i want to know how many days off i have utilized until now,0.8851446509361267
148,148,pto_used,pto_used,how much so far pto have i used,0.999983549118042
148,148,pto_used,pto_used,i have used how much pto so far,0.9997140765190125
148,148,pto_used,pto_used,pto i have used so far is how much,0.9966157078742981
148,148,pto_used,pto_used,pto so far i have used is how much,0.984421968460083
148,148,pto_used,pto_used,so far how much pto have i used,0.9999946355819702
148,148,pto_used,pto_used,how many vacation days i have used,0.9999470710754395
148,148,pto_used,pto_used,i want to know how many vacation days i have used,0.9998601675033569
131,131,schedule_maintenance,schedule_maintenance,can you see if i can make an appointment to have my oil changed,0.9962013363838196
131,123,schedule_maintenance,oil_change_when,find out the next available date and time i can go to get my oil changed please,0.9949690699577332
131,123,schedule_maintenance,oil_change_when,can you let me know the next open slot for me to get my oil changed,0.8938730359077454
131,131,schedule_maintenance,schedule_maintenance,"i need to make an appointment for an oil change, please",0.9979819059371948
131,123,schedule_maintenance,oil_change_when,what is the next date for which i can get an oil change appointment,0.9986560344696045
131,131,schedule_maintenance,schedule_maintenance,i need a aaa service place to make an appointment for my tires to be assessed,0.9751556515693665
131,131,schedule_maintenance,schedule_maintenance,my auto tires need to be checked out so where can i get an appointment,0.9988197684288025
131,131,schedule_maintenance,schedule_maintenance,where can i go to have my tires checked out,0.986042320728302
131,131,schedule_maintenance,schedule_maintenance,i need an appointment for someone to check out my check engine light being on,0.9999791383743286
131,131,schedule_maintenance,schedule_maintenance,my check engine light is on so is anyone available to check it out for me,0.9981198906898499
131,131,schedule_maintenance,schedule_maintenance,can someone take a look at my car because the check engine light is on,0.9999736547470093
131,131,schedule_maintenance,schedule_maintenance,do you have time today for someone to look at my car because the check engine light is on,0.9927646517753601
131,131,schedule_maintenance,schedule_maintenance,find a place near me to have my tires inspected,0.9472795128822327
131,40,schedule_maintenance,car_rental,where can i get a appointment for a tire check for the car,0.47607651352882385
131,131,schedule_maintenance,schedule_maintenance,i need to bring my car in because the check engine light is staying lit,0.9999748468399048
131,131,schedule_maintenance,schedule_maintenance,can i get someone to check my check engine light,0.999722421169281
131,131,schedule_maintenance,schedule_maintenance,can someone tell me why my check engine light is on,0.9998410940170288
131,131,schedule_maintenance,schedule_maintenance,"my check engine light is on, i need someone to look at it",0.9979488253593445
131,131,schedule_maintenance,schedule_maintenance,can someone look at my check engine light,0.9999864101409912
131,131,schedule_maintenance,schedule_maintenance,my check engine light is on and i need someone to look at it,0.9999406337738037
131,131,schedule_maintenance,schedule_maintenance,will someone please look at my check engine light that is on,0.9999879598617554
131,131,schedule_maintenance,schedule_maintenance,can someone look at my check engine light that's on,0.9999938011169434
131,131,schedule_maintenance,schedule_maintenance,could someone look at my check engine light that's on,0.9999815225601196
131,131,schedule_maintenance,schedule_maintenance,can i get someone to look at my check engine light that is on,0.9999916553497314
131,131,schedule_maintenance,schedule_maintenance,should i schedule a car maintenance,0.9998750686645508
131,131,schedule_maintenance,schedule_maintenance,should i go to a car maintenance,0.9840738773345947
131,17,schedule_maintenance,jump_start,should i call a car maintenance,0.539562463760376
131,131,schedule_maintenance,schedule_maintenance,may i schedule a car maintenance,0.9999818801879883
131,131,schedule_maintenance,schedule_maintenance,should i take my car to a maintenance,0.9632784128189087
131,131,schedule_maintenance,schedule_maintenance,can i make a car maintenance appointment,0.9963913559913635
146,146,travel_notification,travel_notification,i will be traveling to lima alert my bank,0.9980547428131104
146,146,travel_notification,travel_notification,assure my bank i really am going to california,0.9648023247718811
146,146,travel_notification,travel_notification,please tell my bank i'm traveling to mexico between next wednesday for a week after,0.9965373277664185
146,146,travel_notification,travel_notification,please inform my bank i'll be vacationing in the bahamas in a couple of days,0.7547773122787476
146,146,travel_notification,travel_notification,"i'm going to be in mexico from thursday to friday, so can you let my bank know",0.9996728897094727
146,146,travel_notification,travel_notification,please kindly inform my bank i'm going to be in canada from next week to two weeks after,0.9999982118606567
146,146,travel_notification,travel_notification,"let my bank know i'll be in ireland from may 01, 2019 to august 02, 2019",0.9998007416725159
146,146,travel_notification,travel_notification,alert my bank i'm checking out seattle for the next month,0.9998735189437866
146,146,travel_notification,travel_notification,i'm going to brazil soon and want to let my bank now,0.9971475005149841
146,146,travel_notification,travel_notification,i'm leaving for montreal tomorrow and need to let my bank know,0.9866286516189575
146,146,travel_notification,travel_notification,inform my bank i'm traveling to australia between february 23rd to february 25th,0.9999732971191406
146,146,travel_notification,travel_notification,please tell my bank i'll be in anchorage this week,0.9999362230300903
146,146,travel_notification,travel_notification,"i need to tell my bank i am, indeed, going to be in london in a few hours",0.999458372592926
146,146,travel_notification,travel_notification,please alert my bank i'm going to be in the caymans from may 1st to june 2nd,0.9999703168869019
146,146,travel_notification,travel_notification,let my bank know i actually am visiting brazil,0.9883571267127991
146,146,travel_notification,travel_notification,i'll be travelling to russia from april 1 through april 20 and need my financial institute apprised of it,0.7264800667762756
146,146,travel_notification,travel_notification,please alert my bank i'm traveling to europe between april 1st and 5th,0.9998359680175781
146,137,travel_notification,international_fees,tell my bank's fraud department i'm going to mexico,0.28949815034866333
146,146,travel_notification,travel_notification,please notify my bank i'm going to africa between tomorrow and next tuesday,0.9999165534973145
146,146,travel_notification,travel_notification,tell my bank i'm in canada the entire week of the 6th to the 13th,0.999980092048645
146,146,travel_notification,travel_notification,inform my bank i'm seeing italy,0.9999179840087891
146,146,travel_notification,travel_notification,can you notify my bank that i will be traveling to mexico between march 1st and 15th,0.9999822378158569
146,146,travel_notification,travel_notification,please let my bank know that i will be visiting spain from june 12th to the 24th,0.9994397759437561
146,146,travel_notification,travel_notification,i need you to make my bank aware that i will be visiting taiwan from the 22nd of february until the 3rd of march,0.975627601146698
146,146,travel_notification,travel_notification,send a notification to my bank of my travel dates from february 19th to 26th to peru,0.9045947194099426
146,105,travel_notification,calendar_update,alert my bank of my travel to dubai for the dates april 14th through april 22nd,0.5085492134094238
146,146,travel_notification,travel_notification,"from sunday to wednesday, i will be in oakland, so should i call my bank to let them know",0.9800657033920288
146,146,travel_notification,travel_notification,my bank needs to know about my traveling to georgia in europe,0.9518772959709167
146,103,travel_notification,application_status,must call my bank about my travel plans,0.5610828399658203
146,58,travel_notification,share_location,contact bank and let them know about my travel plans,0.5101273655891418
130,81,sync_device,find_phone,i want my phone to be disconnected from you,0.9467236995697021
130,55,sync_device,change_ai_name,i would like for my phone to be synced with you,0.5553389191627502
130,130,sync_device,sync_device,can you connect to my phone,0.9997684359550476
130,130,sync_device,sync_device,i would like for you to unsync my phone,0.9997091889381409
130,130,sync_device,sync_device,i no longer want you to be synced to my phone,0.9992737174034119
130,81,sync_device,find_phone,i do not want my phone synced anymore,0.9618693590164185
130,130,sync_device,sync_device,i want you paired to my phone,0.9933250546455383
130,130,sync_device,sync_device,please sync up with my phone,0.9950118064880371
130,130,sync_device,sync_device,can you pair yourself with my phone please,0.9995474219322205
130,130,sync_device,sync_device,can you please disconnect from my phone,0.9996242523193359
130,130,sync_device,sync_device,remove the connection to my phone,0.9998533725738525
130,81,sync_device,find_phone,can you sync up with my phone,0.9827085137367249
130,130,sync_device,sync_device,i want you to connect to my handset,0.9083929061889648
130,130,sync_device,sync_device,pair yourself to my phone if you can,0.9858400821685791
130,130,sync_device,sync_device,connect to my device,0.4055083990097046
130,130,sync_device,sync_device,can you link up with my phone,0.9977733492851257
130,130,sync_device,sync_device,can you disconnect yourself from my phone,0.9991855025291443
130,130,sync_device,sync_device,don't be synced to my phone anymore,0.6391496658325195
130,130,sync_device,sync_device,can you get paired to my phone right away,0.8790848255157471
130,130,sync_device,sync_device,i don't want you connected to my phone anymore,0.9943992495536804
130,130,sync_device,sync_device,please get connected to my phone,0.9996962547302246
130,130,sync_device,sync_device,i don't want you synced to my phone anymore,0.6979686617851257
130,130,sync_device,sync_device,sync with my phone please,0.919219434261322
130,130,sync_device,sync_device,please unsync from my phone right now,0.9976267218589783
130,133,sync_device,transfer,unsync yourself from my device,0.8681566715240479
130,130,sync_device,sync_device,please connect yourself to my main phone,0.9999009370803833
130,130,sync_device,sync_device,unsync from my phone please,0.9993181228637695
130,130,sync_device,sync_device,don't be connected to my phone anymore,0.9929898977279663
130,133,sync_device,transfer,disconnect from my device please,0.9156240820884705
130,130,sync_device,sync_device,"alexa, connect to the phone now",0.8354909420013428
124,124,thank_you,thank_you,thank you ever so much for that!,0.9973189234733582
124,124,thank_you,thank_you,you’re the best thanks so much!,0.9949045181274414
124,124,thank_you,thank_you,thanks for helping,0.9998464584350586
124,124,thank_you,thank_you,i am grateful for the help,0.9999748468399048
124,124,thank_you,thank_you,thank you for the heip,0.9997217059135437
124,96,thank_you,who_made_you,i apprecaite the help from you,0.3844776153564453
124,124,thank_you,thank_you,thanks that was really helpful,0.9991828799247742
124,124,thank_you,thank_you,thank you for your time and trying to help,0.9899775981903076
124,124,thank_you,thank_you,thank you for your assistance,0.9999569654464722
124,124,thank_you,thank_you,thanks for all your help,0.9999802112579346
124,124,thank_you,thank_you,thanks for trying,0.9867768883705139
124,124,thank_you,thank_you,many thank,0.9931754469871521
124,124,thank_you,thank_you,thanks a million,0.9995062351226807
124,124,thank_you,thank_you,thank a bunch,0.9991694688796997
124,121,thank_you,maybe,i appeciate it,0.5100348591804504
124,124,thank_you,thank_you,i would like to thank you ai,0.9941093921661377
124,124,thank_you,thank_you,"ai you have given me so much information, thank you",0.9993632435798645
124,124,thank_you,thank_you,thanks so much ai,0.999983549118042
124,124,thank_you,thank_you,thank you ai for everything you do,0.9584398865699768
124,35,thank_you,balance,"ai is a helpful item to have in my home, thank you",0.8123157620429993
124,124,thank_you,thank_you,thank you very much,0.9999949932098389
124,124,thank_you,thank_you,"that answer was very helpful, thanks",0.7612313628196716
124,124,thank_you,thank_you,"great, thanks!",0.8527779579162598
124,124,thank_you,thank_you,thanks for your help!,0.999940037727356
124,124,thank_you,thank_you,thanks so much,0.9999595880508423
124,124,thank_you,thank_you,thanks for that answer,0.9985483288764954
124,124,thank_you,thank_you,thank you for that reply,0.9998162388801575
124,124,thank_you,thank_you,thanks for the reply,0.9976215958595276
124,124,thank_you,thank_you,thanks for that response,0.9968834519386292
124,124,thank_you,thank_you,thank you for that response,0.9996975660324097
92,92,roll_dice,roll_dice,how much do you get when you roll an eight sided die,0.9677844047546387
92,92,roll_dice,roll_dice,i need a dice roll for a six sided die,0.9999984502792358
92,92,roll_dice,roll_dice,roll a dice that has seven sides,0.9999775886535645
92,92,roll_dice,roll_dice,roll the five sided die,0.9999966621398926
92,92,roll_dice,roll_dice,what is the result when you roll a four sided die,0.9997196793556213
92,92,roll_dice,roll_dice,roll a fourteen sided dice exactly,0.9999977350234985
92,92,roll_dice,roll_dice,please roll twelve sided dice,0.9999990463256836
92,92,roll_dice,roll_dice,can i have a 2 sided dice,0.9997125267982483
92,92,roll_dice,roll_dice,roll a 9 sided dice,0.9999994039535522
92,92,roll_dice,roll_dice,roll five sided dice,0.9999996423721313
92,92,roll_dice,roll_dice,roll those dice once,0.9999675750732422
92,92,roll_dice,roll_dice,throw a roll of the dice,0.9999991655349731
92,92,roll_dice,roll_dice,make a roll of the dice,0.9999963045120239
92,87,roll_dice,damaged_card,"ai pick up the dice, then drop it",0.7123441696166992
92,92,roll_dice,roll_dice,ai toss the dice,0.9999549388885498
92,92,roll_dice,roll_dice,ai roll the dice,0.9999972581863403
92,92,roll_dice,roll_dice,ai throw the dice on the table,0.9963930249214172
92,92,roll_dice,roll_dice,"ai shake the dice in a cup, then throw dice on table",0.9970381259918213
92,92,roll_dice,roll_dice,can you roll a four sided die and tell me the result,0.9999973773956299
92,92,roll_dice,roll_dice,roll a six sided die for me and tell me the result,0.9999029636383057
92,92,roll_dice,roll_dice,roll a die please,0.9995682835578918
92,92,roll_dice,roll_dice,can you roll an eight sided die and tell me what it comes up as,0.9989883303642273
92,92,roll_dice,roll_dice,can you simulate a dice roll,0.9999854564666748
92,92,roll_dice,roll_dice,can you roll a ten sided die and tell me the number,0.9999127388000488
92,92,roll_dice,roll_dice,roll a four sided die for me,0.9999568462371826
92,92,roll_dice,roll_dice,simulate rolling a dice and tell me what it lands on,0.9871151447296143
92,92,roll_dice,roll_dice,can you roll a die for me,0.9993187189102173
92,92,roll_dice,roll_dice,can you fake roll a die for me,0.9998138546943665
92,92,roll_dice,roll_dice,what's the result of a 10-sided dice roll,0.9999970197677612
92,92,roll_dice,roll_dice,can you roll a 10-sided dice for me,0.9999814033508301
54,54,food_last,food_last,how soon milk expires,0.9991913437843323
54,54,food_last,food_last,when does milk will go bad,0.9994145631790161
54,42,food_last,oos,how many days milk can be preserved,0.9075700044631958
54,54,food_last,food_last,what is expire of milk,0.8647065162658691
54,54,food_last,food_last,when is the milk date before used,0.8898687958717346
54,54,food_last,food_last,when does the jerky expire,0.9881486296653748
54,95,food_last,date,what is the expiration date for honey,0.9972238540649414
54,42,food_last,oos,when is the egg expired,0.6982129216194153
54,54,food_last,food_last,when does the honey expire,0.9970570802688599
54,95,food_last,date,what is the expiration date for those eg,0.9730979204177856
54,54,food_last,food_last,how long can i freeze tofu before it goes bad,0.9773848652839661
54,54,food_last,food_last,how much time do i have to keep tofu in the freezer before it goes bad,0.9893633723258972
54,54,food_last,food_last,when will tofu expire if i keep it in the freezer,0.9999881982803345
54,54,food_last,food_last,how long will tofu last in the freezer before it expires,0.9997449517250061
54,54,food_last,food_last,does tofu last long in the freezer before it goes bad,0.9998589754104614
54,54,food_last,food_last,how many days later is it okay to eat curry that was in the fridge,0.9999051094055176
54,54,food_last,food_last,within what time is is fine to eat cooked tilapia kept in the fridge,0.9980655312538147
54,54,food_last,food_last,what is the most amount of time that is considered safe to store uncooked chicken in the fridge,0.9994230270385742
54,54,food_last,food_last,what length of time is safe for consuming leftover meatloaf stored in the fridge,0.9943776726722717
54,54,food_last,food_last,what is the longest i can leave meatballs in sauce in the freezer before it is no longer safe to eat,0.9926199316978455
54,54,food_last,food_last,can i store bread in the freezer indefinitely and it will still be okay,0.9972079396247864
54,54,food_last,food_last,after how much time is it still safe to drink milk that is in the fridge,0.9999886751174927
54,54,food_last,food_last,what is the most time i can keep a burrito frozen for before it's no good to eat,0.9211252927780151
54,54,food_last,food_last,roughly how long can i leave bananas in the freezer before i have to throw them out,0.9623616337776184
54,54,food_last,food_last,how long does chicken curry last in the freezer before it's spoiled,0.9997665286064148
54,54,food_last,food_last,milk can stay in my fridge for how long,0.9999451637268066
54,54,food_last,food_last,milk will go bad in my fridge when,0.9999700784683228
54,54,food_last,food_last,what is the amount of time to keep milk refrigerated,0.568244993686676
54,54,food_last,food_last,tell me how long milk stays good in the fridge,0.9999730587005615
54,54,food_last,food_last,how long can i keep milk in the fridge,0.9999738931655884
86,86,cook_time,cook_time,how long to grill thick steaks,0.9803901314735413
86,86,cook_time,cook_time,how long does pizza take,0.9990752935409546
86,86,cook_time,cook_time,lasagna takes how long to cook,0.9992258548736572
86,86,cook_time,cook_time,bake time for brownies,0.9524391889572144
86,86,cook_time,cook_time,how many minutes are involved in the preparation of curry,0.8715433478355408
86,86,cook_time,cook_time,what's the preparation time for this dish,0.9992318153381348
86,86,cook_time,cook_time,what is the proper cooking time for this,0.9593397974967957
86,86,cook_time,cook_time,how long do i cook this for,0.9999580383300781
86,104,cook_time,recipe,look up recipe time for this,0.8208243250846863
86,86,cook_time,cook_time,how many minutes should i put meal the cake in the oven,0.9999191761016846
86,86,cook_time,cook_time,what's the average cooking time for cooking wings,0.9984684586524963
86,86,cook_time,cook_time,how many minutes should i set an alarm for this bake,0.9648160934448242
86,9,cook_time,accept_reservations,when can i expect meal of salmon to be finished,0.3715200424194336
86,86,cook_time,cook_time,how long does it take to cook meal of tuscan,0.9992284774780273
86,86,cook_time,cook_time,tell me how long it will take to prepare a lasagna,0.997220516204834
86,86,cook_time,cook_time,i want to cook a lasagna please tell me how long it will take,0.6815256476402283
86,86,cook_time,cook_time,how long will it take to cook a lasagna,0.9998674392700195
86,86,cook_time,cook_time,can you tell me how long it will take to cook a lasagna,0.999771773815155
86,86,cook_time,cook_time,how long does it take to prepare a lasagna,0.9997796416282654
86,86,cook_time,cook_time,how long do i need to cook chicken,0.9999706745147705
86,86,cook_time,cook_time,how long should i boil eggs,0.9986644983291626
86,86,cook_time,cook_time,how long should i bake a cake,0.9999924898147583
86,86,cook_time,cook_time,how long does it take to cook steaks,0.9991831183433533
86,86,cook_time,cook_time,how long does it take to bake a cake,0.9999693632125854
86,86,cook_time,cook_time,how long should i cook the cookie dough,0.9999525547027588
86,86,cook_time,cook_time,how long should i cook my turkey,0.9990332126617432
86,86,cook_time,cook_time,how long do i boil eggs,0.9893736243247986
86,86,cook_time,cook_time,how long does it take to make mashed potatoes,0.9998451471328735
86,86,cook_time,cook_time,how long will it take to make an omelet,0.9978768825531006
86,104,cook_time,recipe,what are the minutes needed to cook the meal,0.5542296767234802
53,111,reminder_update,pay_bill,i want to be reminded to pay the electric bill,0.9994682669639587
53,25,reminder_update,make_call,don't forget to tell me to call my mother,0.8683361411094666
53,53,reminder_update,reminder_update,remind me to put gas in my car,0.8639938831329346
53,53,reminder_update,reminder_update,set a reminder to buy bread,0.9957273006439209
53,53,reminder_update,reminder_update,make a reminder to pay the mortgage,0.9999803304672241
53,53,reminder_update,reminder_update,create a reminder to wash the dishes,0.9999854564666748
53,53,reminder_update,reminder_update,create a reminder to change my oil,0.39664891362190247
53,53,reminder_update,reminder_update,set a reminder for when the turkey is finished cooking,0.3203684389591217
53,53,reminder_update,reminder_update,make a reminder to pay my cable bill today,0.9900071620941162
53,53,reminder_update,reminder_update,i need a reminder to give the dog his medicine at ten tonight,0.9996713399887085
53,147,reminder_update,cancel,i don't want to forget to call mom,0.5418896079063416
53,53,reminder_update,reminder_update,i need a reminder to wash dishes,0.9999526739120483
53,53,reminder_update,reminder_update,remind me to exercise,0.999692440032959
53,53,reminder_update,reminder_update,help me to remember to pick up stan later,0.5312343835830688
53,25,reminder_update,make_call,tell me later to call bill,0.7554736733436584
53,53,reminder_update,reminder_update,i need to be reminded to do something,0.9818500876426697
53,53,reminder_update,reminder_update,set up a new reminder to alert me when it's time to put the trash out,0.992952287197113
53,53,reminder_update,reminder_update,can you remind me to finish a task,0.9712047576904297
53,83,reminder_update,alarm,please set up a reminder for me,0.9722651839256287
53,53,reminder_update,reminder_update,i would like you to remind me to do something,0.9992995262145996
53,53,reminder_update,reminder_update,i need a reminder to take dinner out of the oven,0.9995115995407104
53,53,reminder_update,reminder_update,create a new reminder to study for my final exams,0.6739271879196167
53,53,reminder_update,reminder_update,i need a reminder to alert me to wish my mom a happy birthday,0.9905581474304199
53,53,reminder_update,reminder_update,are you able to remind me about something,0.8126010298728943
53,53,reminder_update,reminder_update,set up a reminder so i don't forget the baby shower this weekend,0.9849979281425476
53,53,reminder_update,reminder_update,set a reminder for me to let the plumber in tomorrow,0.9998453855514526
53,53,reminder_update,reminder_update,i need to set a reminder to call lisa for her birthday,0.9999363422393799
53,53,reminder_update,reminder_update,i would like to set a reminder to bring the plants in tonight,0.9999545812606812
53,53,reminder_update,reminder_update,can you set a reminder alarm for me to workout,0.7867410182952881
53,83,reminder_update,alarm,please set a reminder for me to put the clothes in the dryer,0.5462536811828613
12,12,report_lost_card,report_lost_card,i need to tell you about my lost card,0.9998635053634644
12,12,report_lost_card,report_lost_card,"i lost my card, what do i do next",0.9971291422843933
12,12,report_lost_card,report_lost_card,"i have lost my card, what am i supposed to do",0.9854534268379211
12,12,report_lost_card,report_lost_card,where do i report that my card was lost,0.9995694756507874
12,12,report_lost_card,report_lost_card,who do i speak with about my card that was lost,0.999902606010437
12,12,report_lost_card,report_lost_card,please help me report my lost card,0.999988317489624
12,12,report_lost_card,report_lost_card,set up a report for a lost card,0.999889612197876
12,12,report_lost_card,report_lost_card,can you report a lost card for me,0.9989602565765381
12,12,report_lost_card,report_lost_card,i lost my card and need to report it,0.908163845539093
12,12,report_lost_card,report_lost_card,what is the process for reporting my card as lost,0.999976396560669
12,70,report_lost_card,report_fraud,someone used my chase card without my authorization,0.8743578195571899
12,12,report_lost_card,report_lost_card,can you tell me how to report a card lost,0.9998629093170166
12,12,report_lost_card,report_lost_card,please tell me how to go about reporting a lost card,0.9996296167373657
12,12,report_lost_card,report_lost_card,search steps for how to report a card lost,0.9998646974563599
12,12,report_lost_card,report_lost_card,i need to to know how to report a lost card,0.9995939135551453
12,87,report_lost_card,damaged_card,my bank of america visa platinum was swiped from my belongings,0.29731816053390503
12,12,report_lost_card,report_lost_card,who do i call to report my card as lost,0.9999947547912598
12,12,report_lost_card,report_lost_card,what should i do if i need to report my card lost,0.9999867677688599
12,70,report_lost_card,report_fraud,my capital one visa was taken without permission,0.7027940154075623
12,70,report_lost_card,report_fraud,i need to report that someone ran off with my td bank card earlier,0.5261064171791077
12,12,report_lost_card,report_lost_card,what steps do i need to take to report a card lost,0.9999818801879883
12,12,report_lost_card,report_lost_card,i would like to report my american express card stolen,0.9999951124191284
12,12,report_lost_card,report_lost_card,how do i report that i lost my card,0.9840537905693054
12,12,report_lost_card,report_lost_card,how do i report that i actually lost my card,0.9996784925460815
12,87,report_lost_card,damaged_card,how do i report that i lost the card,0.8410709500312805
12,12,report_lost_card,report_lost_card,how do i report my very lost card,0.9953597187995911
12,12,report_lost_card,report_lost_card,how do i report the card as lost,0.9999769926071167
12,12,report_lost_card,report_lost_card,"lost report card, need new one",0.8496243357658386
12,12,report_lost_card,report_lost_card,my report card was stolen,0.9998912811279297
12,12,report_lost_card,report_lost_card,my report card was lost help!,0.9978687763214111
134,134,ingredient_substitution,ingredient_substitution,can i swap chili for sloppy joe mix in the recipe,0.9985535740852356
134,134,ingredient_substitution,ingredient_substitution,can i use sugar instead of salt,0.9999967813491821
134,134,ingredient_substitution,ingredient_substitution,can i use apples instead of oranges in this recipe,0.9999558925628662
134,134,ingredient_substitution,ingredient_substitution,can i use skim milk instead of 2% in the recipe,0.9999961853027344
134,134,ingredient_substitution,ingredient_substitution,is it ok to use bananas instead of oranges in the recipe,0.9997890591621399
134,134,ingredient_substitution,ingredient_substitution,can i use lettuce instead of rice,0.9999459981918335
134,134,ingredient_substitution,ingredient_substitution,will peas work instead of carrots,0.733633816242218
134,134,ingredient_substitution,ingredient_substitution,is it possible to use baking soda instead of flour,0.9999994039535522
134,134,ingredient_substitution,ingredient_substitution,can i just use oil instead of vinegar,0.9975716471672058
134,134,ingredient_substitution,ingredient_substitution,can i use mayo instead of miracle whip,0.999984860420227
134,134,ingredient_substitution,ingredient_substitution,will this recipe still be good if i use milk instead of eggs,0.9999169111251831
134,134,ingredient_substitution,ingredient_substitution,can i use oil instead of vinegar,0.9999271631240845
134,134,ingredient_substitution,ingredient_substitution,can i sub bacon for ham,0.9998636245727539
134,134,ingredient_substitution,ingredient_substitution,can i use pasta sauce instead of tomato paste,0.9995005130767822
134,134,ingredient_substitution,ingredient_substitution,can i use regular olive oil instead of virgin,0.999868631362915
134,134,ingredient_substitution,ingredient_substitution,is it possible to use starch instead of flour,0.9999963045120239
134,134,ingredient_substitution,ingredient_substitution,is it okay to use butter instead of margarine,0.9999905824661255
134,134,ingredient_substitution,ingredient_substitution,will it be ok to sub turkey for beef,0.8174625635147095
134,134,ingredient_substitution,ingredient_substitution,can i use butter instead of margarine,0.9999942779541016
134,134,ingredient_substitution,ingredient_substitution,is it okay to use applesauce instead of oil,0.9998488426208496
134,121,ingredient_substitution,maybe,"if i use applesauce instead of oil, will that mess it up",0.4567408859729767
134,134,ingredient_substitution,ingredient_substitution,can i swap applesauce for oil,0.9989731311798096
134,134,ingredient_substitution,ingredient_substitution,is it alright to switch applesauce for oil,0.7677759528160095
134,134,ingredient_substitution,ingredient_substitution,will it still work if i use applesauce instead of oil,0.8501887917518616
134,134,ingredient_substitution,ingredient_substitution,would it be ok to use butter instead of oil,0.9999567270278931
134,134,ingredient_substitution,ingredient_substitution,is it ok to use oil spray instead of canola oil,0.9374639987945557
134,134,ingredient_substitution,ingredient_substitution,could steak be used instead of chicken,0.9255778193473816
134,134,ingredient_substitution,ingredient_substitution,can i substitute butter for oil,0.9999840259552002
134,134,ingredient_substitution,ingredient_substitution,can i use red onions instead of white,0.9999973773956299
134,134,ingredient_substitution,ingredient_substitution,can i get peppers instead of onions,0.9988711476325989
25,25,make_call,make_call,i need to call my dad,0.9660984873771667
25,25,make_call,make_call,i need to call my friend,0.9879634380340576
25,144,make_call,change_user_name,i need to call my coworker,0.6328946352005005
25,25,make_call,make_call,i need to call my mom,0.9982592463493347
25,144,make_call,change_user_name,i need to call my boss,0.5713991522789001
25,25,make_call,make_call,i need you to call the phone company for me,0.9831539988517761
25,25,make_call,make_call,make a call for me to the vet,0.9829110503196716
25,25,make_call,make_call,dial up dominos pizza,0.41558146476745605
25,144,make_call,change_user_name,call my doctor,0.7776966691017151
25,25,make_call,make_call,get mom on the phone,0.9704880714416504
25,25,make_call,make_call,please make a call to stefan larson,0.9997401833534241
25,25,make_call,make_call,use phone to call alexa,0.9999619722366333
25,25,make_call,make_call,"computer, call alexa",0.9999892711639404
25,25,make_call,make_call,"computer, place a call to alexa",0.9995865225791931
25,25,make_call,make_call,can you call alexa,0.9969570636749268
25,25,make_call,make_call,call alexa at home,0.9998378753662109
25,25,make_call,make_call,i would like to make a call to sal,0.9866026639938354
25,25,make_call,make_call,i would like to make a phone call,0.9999420642852783
25,25,make_call,make_call,can i make a phone call,0.9999830722808838
25,25,make_call,make_call,i need to make a call,0.9992552399635315
25,16,make_call,order,i need you to phone sal,0.9601740837097168
25,25,make_call,make_call,i need to call sal,0.997885525226593
25,25,make_call,make_call,i have to make a phone call,0.999941349029541
25,25,make_call,make_call,i have to use the phone to make a call,0.9993834495544434
25,25,make_call,make_call,could you call sal,0.9780458211898804
25,25,make_call,make_call,call sal,0.998103141784668
25,144,make_call,change_user_name,x needs to be called by me,0.681269645690918
25,25,make_call,make_call,call to mom,0.9999830722808838
25,25,make_call,make_call,call mom,0.9998998641967773
25,25,make_call,make_call,dial her up,0.9608733654022217
83,83,alarm,alarm,i want to set an alarm,0.9999951124191284
83,83,alarm,alarm,set an alarm for 6 am tomorrow,0.9999982118606567
83,83,alarm,alarm,set an alarm for 8 tomorrow,0.9999825954437256
83,83,alarm,alarm,please set an alarm,0.9999924898147583
83,83,alarm,alarm,i'd love to set an alarm,0.9999845027923584
83,83,alarm,alarm,i would like to have an alarm set for me,0.9999924898147583
83,83,alarm,alarm,i want an alarm set,0.9999971389770508
83,83,alarm,alarm,i need to set an alarm,0.9999840259552002
83,83,alarm,alarm,set an alarm for ten tomorrow,0.9999936819076538
83,83,alarm,alarm,set an alarm for 11 tomorrow,0.9999866485595703
83,83,alarm,alarm,i want an alarm for 6 am,0.9999985694885254
83,83,alarm,alarm,set an alarm for me,0.9999892711639404
83,83,alarm,alarm,i wanna have an alarm,0.9988430738449097
83,83,alarm,alarm,i need an alarm set now,0.9999929666519165
83,83,alarm,alarm,set an alarm for 9 tomorrow,0.999995231628418
83,83,alarm,alarm,don't forget to set an alarm for noon,0.9999804496765137
83,83,alarm,alarm,can you set the alarm for noon,0.9999971389770508
83,72,alarm,directions,i need to up by noon,0.23464596271514893
83,83,alarm,alarm,can you wake me up at noon,0.9994096755981445
83,83,alarm,alarm,set alarm for noon,0.9999923706054688
83,83,alarm,alarm,wake me up with an alarm at 6am,0.9999895095825195
83,83,alarm,alarm,help me wake up with an alarm at 5:30am,0.9999206066131592
83,83,alarm,alarm,set an alarm to wake me up at 5:30am,0.9999315738677979
83,83,alarm,alarm,set an alarm for 5am,0.9999889135360718
83,83,alarm,alarm,please set the alarm,0.9998313188552856
83,83,alarm,alarm,please make sure the alarm is set,0.9998517036437988
83,83,alarm,alarm,could you set the alarm,0.9999649524688721
83,83,alarm,alarm,set the alarm now,0.9999951124191284
83,83,alarm,alarm,can you set an alarm,0.9999886751174927
83,83,alarm,alarm,i need an alarm,0.9999915361404419
48,48,todo_list,todo_list,what's on my todo list,0.999607503414154
48,48,todo_list,todo_list,let me hear my todo list,0.9994252920150757
48,48,todo_list,todo_list,"did i add ""cleaning the foyer"" to my todo list yet",0.9980362057685852
48,48,todo_list,todo_list,did i put grocery shopping on my todo list,0.9955631494522095
48,48,todo_list,todo_list,give me my todo list,0.9993405938148499
48,48,todo_list,todo_list,what things are on my todo list,0.9999505281448364
48,65,todo_list,todo_list_update,have i told you to add washing dishes to my todo list,0.9973025321960449
48,48,todo_list,todo_list,is laundry on my todo list,0.9987460374832153
48,48,todo_list,todo_list,read my todo list,0.9988613128662109
48,48,todo_list,todo_list,list my todo list items,0.9997918009757996
48,48,todo_list,todo_list,"is ""cleaning the bathroom"" an item on my todo list",0.9999741315841675
48,48,todo_list,todo_list,tell me what's on my todo list,0.9999489784240723
48,48,todo_list,todo_list,read my to-do list items,0.996016800403595
48,48,todo_list,todo_list,check on my to-do list items,0.9998237490653992
48,48,todo_list,todo_list,check what is on my to-do list,0.9984127283096313
48,48,todo_list,todo_list,what items are on my list of to-dos,0.8205413818359375
48,48,todo_list,todo_list,what is on my to-do list,0.9961942434310913
48,48,todo_list,todo_list,what kind of things do i have to do today,0.998289167881012
48,48,todo_list,todo_list,what's on my todo list for today,0.9998524188995361
48,48,todo_list,todo_list,please tell me my todo list,0.9998103976249695
48,48,todo_list,todo_list,is my todo list possible today,0.9887000918388367
48,48,todo_list,todo_list,i really want to know my todo list again thanks,0.9999426603317261
48,48,todo_list,todo_list,is it possible to read my to-do list again,0.9999638795852661
48,48,todo_list,todo_list,tell me my to-do list,0.9961501359939575
48,48,todo_list,todo_list,what is my to-do list like today,0.9462125897407532
48,48,todo_list,todo_list,list my to-do list,0.9948616623878479
48,48,todo_list,todo_list,give me my to-do list,0.9987247586250305
48,19,todo_list,meeting_schedule,what must i do today,0.644059956073761
48,65,todo_list,todo_list_update,is make a hair appointment on my todo list right now,0.979175329208374
48,48,todo_list,todo_list,can you see if paying garbage bill is on my todo list for this week,0.9848830103874207
51,51,change_accent,change_accent,change the accent you're using,0.9987816214561462
51,51,change_accent,change_accent,start using a different accent,0.999910831451416
51,51,change_accent,change_accent,talk to me in a different accent,0.9999555349349976
51,51,change_accent,change_accent,alter your accent,0.9974479675292969
51,51,change_accent,change_accent,change to the female voice,0.999983549118042
51,51,change_accent,change_accent,i want to hear the female voice from now on,0.9980950951576233
51,51,change_accent,change_accent,i want the male voice,0.9999922513961792
51,51,change_accent,change_accent,could you use the female voice,0.999993085861206
51,51,change_accent,change_accent,female voice please,0.9406615495681763
51,51,change_accent,change_accent,can you switch to the male voice,0.9999834299087524
51,51,change_accent,change_accent,the male voice please,0.9998088479042053
51,51,change_accent,change_accent,could you use the male voice,0.9999833106994629
51,51,change_accent,change_accent,i want the female voice,0.999994158744812
51,51,change_accent,change_accent,i want you to change your accent,0.9982650876045227
51,51,change_accent,change_accent,would you please switch to the male voice,0.9999963045120239
51,51,change_accent,change_accent,i would like you to change your accent,0.9990463852882385
51,51,change_accent,change_accent,i want you to change to the male voice,0.9999845027923584
51,51,change_accent,change_accent,can you change to the male voice,0.9999674558639526
51,51,change_accent,change_accent,change to girl voice,0.867868185043335
51,51,change_accent,change_accent,please switch to the girl voice,0.8264809250831604
51,14,change_accent,whisper_mode,change to the females voice please,0.9854758381843567
51,51,change_accent,change_accent,switch voice option to female,0.9987115859985352
51,51,change_accent,change_accent,change voice to female,0.9978085160255432
51,51,change_accent,change_accent,use the female voice,0.9999871253967285
51,26,change_accent,text,change settings to sound like a female,0.3548455536365509
51,118,change_accent,next_song,turn to the voice of the woman,0.6482222080230713
51,51,change_accent,change_accent,change to the woman voice,0.787115216255188
51,51,change_accent,change_accent,"i like the female voice, switch please",0.730028510093689
51,51,change_accent,change_accent,speak with a male british accent,0.9999654293060303
51,51,change_accent,change_accent,would you change your voice to the male british accent for me,0.9999841451644897
122,122,w2,w2,what site can i get my w2,0.9999889135360718
122,122,w2,w2,where do we get our w2 forms,0.9998239874839783
122,122,w2,w2,where can i get my w2,0.9999942779541016
122,122,w2,w2,where can i get my w2 from,0.9999889135360718
122,122,w2,w2,i would like to know where i can find my w2 for tax reasons,0.9984048008918762
122,122,w2,w2,what steps do i need to take to obtain my w2 for taxes,0.9990444779396057
122,122,w2,w2,what do i do if i need my w2 for my my taxes,0.8605306148529053
122,122,w2,w2,how can i get get a copy of my w2 for tax purposes,0.9997318387031555
122,122,w2,w2,can you tell me the process for obtaining a copy of my w2 for my taxes,0.994556188583374
122,122,w2,w2,where do i go to get that work tax form thing,0.9985963702201843
122,122,w2,w2,what do i need to do to get that tax form thing from my job,0.8843100666999817
122,94,w2,taxes,how do i get that tax form from my employer,0.8718400001525879
122,122,w2,w2,where can i find that tax form my employer gives me,0.9878044128417969
122,94,w2,taxes,how do i get the form to file my taxes from my employer,0.8297974467277527
122,122,w2,w2,where do i look to get a w2,0.9999599456787109
122,122,w2,w2,i need a w2 form from,0.9994444251060486
122,122,w2,w2,can you trll me where to get my w2,0.9999954700469971
122,122,w2,w2,i want to get the w-2 form,0.9999573230743408
122,122,w2,w2,i wanna know where to find a w2,0.9998791217803955
122,122,w2,w2,i wanna know where to get my w2,0.9999963045120239
122,122,w2,w2,tell me where to a w2 form,0.999924898147583
122,122,w2,w2,i must know where to get my w2,0.9999977350234985
122,122,w2,w2,i wanna get my w-2 form,0.9999866485595703
122,77,w2,where_are_you_from,"i need a w2, so where is it",0.9180755615234375
122,122,w2,w2,where can i find a w2,0.9998396635055542
122,122,w2,w2,i must get the w-2 form,0.9999806880950928
122,122,w2,w2,help me get w-2 form,0.9999432563781738
122,122,w2,w2,i wanna know where the w2 is,0.9976754784584045
122,122,w2,w2,help me get my w-2 form,0.9999620914459229
122,122,w2,w2,can't find w-2,0.998250424861908
56,56,bill_due,bill_due,when is my electric bill due by,0.9999858140945435
56,56,bill_due,bill_due,when is my car insurance bill due,0.999981164932251
56,56,bill_due,bill_due,how long until my water bill is due,0.9999808073043823
56,143,bill_due,min_payment,what's the latest i can pay my cellular bill,0.8845009803771973
56,56,bill_due,bill_due,what's the due date for my netflix subscription,0.8650221824645996
56,79,bill_due,payday,tell me where i can find my exterminator bill's due date,0.9375602006912231
56,56,bill_due,bill_due,how do i locate the due date for my bug bill,0.9999960660934448
56,56,bill_due,bill_due,where can i see the due date for auto loan bill,0.9999756813049316
56,56,bill_due,bill_due,when is my cell phone due,0.7777086496353149
56,56,bill_due,bill_due,i need to know where my due date is for my lawn bill,0.997171938419342
56,56,bill_due,bill_due,where can i find when my car payment bill is due,0.9999438524246216
56,56,bill_due,bill_due,what's the ultimate day for me to pay the internet bill,0.5627395510673523
56,56,bill_due,bill_due,tell me the last day i can pay my gas bill,0.998528003692627
56,56,bill_due,bill_due,what's the due date for my comcast bill,0.9997277855873108
56,56,bill_due,bill_due,i need to know when my water bill is due,0.9999699592590332
56,56,bill_due,bill_due,please tell me how to find out when my rent is due,0.9997473359107971
56,56,bill_due,bill_due,i need to know when my electricity bill is due,0.9999665021896362
56,56,bill_due,bill_due,can you tell me when my cable bill is due,0.9999451637268066
56,56,bill_due,bill_due,i need to find out how to check the due date for the water bill,0.9981054067611694
56,42,bill_due,oos,when does the current billing cycle end,0.9900603294372559
56,56,bill_due,bill_due,is the bill due today,0.9998898506164551
56,56,bill_due,bill_due,is the bill due,0.9997280240058899
56,56,bill_due,bill_due,when do i have to pay my internet,0.8231468200683594
56,56,bill_due,bill_due,i want to know when the deadline is to pay my car loan,0.999794065952301
56,56,bill_due,bill_due,tell me when my water bill is due,0.9999836683273315
56,56,bill_due,bill_due,what day of the month do i have to pay my mortgage,0.9987279772758484
56,79,bill_due,payday,when is my electricity due date,0.9976807832717896
56,44,bill_due,expiration_date,i need to know the next billing date of my american express card,0.992912232875824
56,56,bill_due,bill_due,when does my gas bill need paid by,0.9971880316734314
56,56,bill_due,bill_due,when is next month's cable bill due,0.9998427629470825
135,135,calories,calories,number of calories in coke,0.9999402761459351
135,135,calories,calories,what kind of calories do chicken tenders have,0.9991089701652527
135,135,calories,calories,calorie content of dr pepper,0.9992444515228271
135,135,calories,calories,what's the calorie content of chicken nuggets,0.997426450252533
135,135,calories,calories,how many calories are in hamburgers,0.9999979734420776
135,135,calories,calories,what is the calorie count for this milkshake,0.9999731779098511
135,135,calories,calories,how many calories does an orange have,0.9987541437149048
135,135,calories,calories,what is the total number of calories in this pizza,0.9999490976333618
135,135,calories,calories,how many calories are in a burger,0.9999079704284668
135,135,calories,calories,rolls have how many calories,0.9999871253967285
135,135,calories,calories,what is the calorie content in bananas,0.999996542930603
135,135,calories,calories,what is the calorie content in peanut butter,0.9999947547912598
135,135,calories,calories,what is the calorie content in french fries,0.9999902248382568
135,135,calories,calories,what is the calorie content in potatoes,0.9999945163726807
135,135,calories,calories,what is the calorie content in spaghetti,0.9999901056289673
135,135,calories,calories,i need to know the calorie content of spaghetti,0.9999957084655762
135,135,calories,calories,how many calories are in a sandwich,0.999967098236084
135,135,calories,calories,what number of calories are in a pizza,0.998767614364624
135,135,calories,calories,what is the number of calories in a steak,0.999970555305481
135,135,calories,calories,how many calories are in a cheeseburger,0.9999935626983643
135,135,calories,calories,can you check the amount of calories in a chicken sandwich,0.9999793767929077
135,135,calories,calories,what is the calorie count of a burrito,0.9999852180480957
135,135,calories,calories,"calorie check, cheese burger",0.6220493316650391
135,135,calories,calories,how many calories are in a taco,0.9998819828033447
135,135,calories,calories,can you see how many calories are in cream of mushroom soup,0.9925846457481384
135,135,calories,calories,the intake of calories it it bad,0.8984885215759277
135,42,calories,oos,how much is alorie intake,0.8350315093994141
135,135,calories,calories,hoq many calories does pasta have,0.9999017715454102
135,135,calories,calories,how many calories can i expect to be in fries,0.9966480135917664
135,135,calories,calories,what's the calorie content of french fries,0.9999948740005493
87,87,damaged_card,damaged_card,tell me how to go about reporting a damaged card,0.6541953682899475
87,87,damaged_card,damaged_card,my card is damaged,0.9995577931404114
87,87,damaged_card,damaged_card,i want to report a damaged card,0.9999780654907227
87,87,damaged_card,damaged_card,where should i report a damaged card,0.9998526573181152
87,87,damaged_card,damaged_card,can you find out how to report a damaged card,0.9993553757667542
87,87,damaged_card,damaged_card,my card has become too frayed and torn to use,0.9919983744621277
87,87,damaged_card,damaged_card,what do i do about a card that's too messed up to be properly scanned,0.43578702211380005
87,87,damaged_card,damaged_card,my card became damaged when i dropped it in the parking lot and it got ran over,0.9964951872825623
87,87,damaged_card,damaged_card,i have a damaged card that needs replaced because my son dropped it in a blender,0.997925877571106
87,87,damaged_card,damaged_card,i sat on my credit card and broke it in half and need it replaced,0.9999288320541382
87,87,damaged_card,damaged_card,my credit card got torn and i need a new one,0.9941954016685486
87,87,damaged_card,damaged_card,what do i do with a damaged credit card,0.8002259135246277
87,87,damaged_card,damaged_card,how do i replace a damaged card,0.9980039000511169
87,87,damaged_card,damaged_card,i have a card that needs replaced because my wine dumped wine on it,0.9147177934646606
87,87,damaged_card,damaged_card,i spilled wine on my credit card and now its all mushy and needs to be replaced,0.9525435566902161
87,87,damaged_card,damaged_card,my dog swallowed my credit card and i need a new one,0.9882627129554749
87,87,damaged_card,damaged_card,i want to report a damaged card that my cat shredded with its claws,0.9996335506439209
87,87,damaged_card,damaged_card,i need to replace a card that my daughter spilled juice on,0.9995768666267395
87,87,damaged_card,damaged_card,i'm unable to use my card because it's been ruined,0.9973909854888916
87,87,damaged_card,damaged_card,i can't use my card because it’s damaged badly,0.9995883107185364
87,87,damaged_card,damaged_card,i cannot use my card cuz it's damaged,0.9997349381446838
87,87,damaged_card,damaged_card,i can't use my card because it’s messed up,0.9966782331466675
87,87,damaged_card,damaged_card,i can't use my card because it’s broken,0.9995602965354919
87,87,damaged_card,damaged_card,i can't use my card because i damaged it,0.9999798536300659
87,87,damaged_card,damaged_card,who should i talk to about the fact that i inadvertently split my card almost in half,0.8077635169029236
87,87,damaged_card,damaged_card,i accidentally deactivated the magnetic stripe on my visa debit card and i need to report it,0.9910863041877747
87,87,damaged_card,damaged_card,can i talk to someone to let them know my card was damaged from being melted on a radiator,0.815536618232727
87,87,damaged_card,damaged_card,i would like to report a damaged card that was burnt,0.9991361498832703
87,87,damaged_card,damaged_card,i would like to report my card damaged since i accidentally spilled gorilla glue all over it and the numbers are now obscured,0.999944806098938
87,103,damaged_card,application_status,my visa has been damaged,0.7965434193611145
0,0,restaurant_reviews,restaurant_reviews,does applebees have good reviews,0.9999886751174927
0,0,restaurant_reviews,restaurant_reviews,are the reviews ned get's good,0.9999712705612183
0,19,restaurant_reviews,meeting_schedule,is the review ned's have good,0.7213254570960999
0,0,restaurant_reviews,restaurant_reviews,are ned's reviews good,0.9999150037765503
0,0,restaurant_reviews,restaurant_reviews,are the reviews for ned's good,0.9999862909317017
0,0,restaurant_reviews,restaurant_reviews,how are the reviews for tacos at the buffet,0.9977554678916931
0,19,restaurant_reviews,meeting_schedule,do they serve good tacos at the buffet,0.8242408037185669
0,67,restaurant_reviews,cancel_reservation,"my favorite, beef tacos at the buffet",0.8683777451515198
0,125,restaurant_reviews,shopping_list_update,they sold out of tacos at the buffet,0.39691027998924255
0,18,restaurant_reviews,schedule_meeting,"yum, pulled pork tacos at the buffet",0.3935311734676361
0,0,restaurant_reviews,restaurant_reviews,what do people think of the new burger at mcdonalds,0.9878730773925781
0,0,restaurant_reviews,restaurant_reviews,how are the reviews for the supreme pizza at papa john's,0.9998703002929688
0,0,restaurant_reviews,restaurant_reviews,what are people saying about chick-fil-a's chicken nuggets,0.7325332164764404
0,0,restaurant_reviews,restaurant_reviews,show me the reviews for the new jalapeno fries at taco bell,0.9979737401008606
0,125,restaurant_reviews,shopping_list_update,give me some feedback about the pasta at piada please,0.306332528591156
0,138,restaurant_reviews,calculator,how is gramercy tavern rated,0.711909830570221
0,42,restaurant_reviews,oos,how many stars does babbo have,0.7000486254692078
0,0,restaurant_reviews,restaurant_reviews,does cielo have good reviews,0.9999762773513794
0,22,restaurant_reviews,meaning_of_life,do people say per se is any good or not,0.804747462272644
0,46,restaurant_reviews,meal_suggestion,what do food critics say about gramercy tavern,0.30116376280784607
0,0,restaurant_reviews,restaurant_reviews,what are the reviews like for l'auberge aubergine,0.9998942613601685
0,0,restaurant_reviews,restaurant_reviews,how many stars does brasserie les halles have,0.6119815707206726
0,94,restaurant_reviews,taxes,what rating do the critics give the french laundry,0.4166574478149414
0,0,restaurant_reviews,restaurant_reviews,does acero have good or bad ratings,0.9982335567474365
0,0,restaurant_reviews,restaurant_reviews,has the french laundry gotten good reviews lately,0.8944931030273438
0,0,restaurant_reviews,restaurant_reviews,what kind of reviews does the olive garden have,0.9997937083244324
0,38,restaurant_reviews,exchange_rate,what's the average review for olive garden,0.21367572247982025
0,0,restaurant_reviews,restaurant_reviews,oliver garden reviews,0.9954838752746582
0,0,restaurant_reviews,restaurant_reviews,does olive garden have good customer reviews,0.9997679591178894
0,0,restaurant_reviews,restaurant_reviews,does olive garden have good reviews,0.9999676942825317
45,45,routing,routing,i need my routing number for my checking account at bb&t bank,0.9996839761734009
45,45,routing,routing,what is my routing number to my checking account at bb&t bankj,0.9999300241470337
45,45,routing,routing,"tell me my routing number at my bank, community trust",0.9998100399971008
45,45,routing,routing,what is the routing number of my checking account at first national bankj,0.9999942779541016
45,45,routing,routing,"give me the routing number of my checking account at my main bank, first commerce",0.9978979825973511
45,45,routing,routing,what is my bank routing number,0.9999535083770752
45,45,routing,routing,what's my routing number,0.9999046325683594
45,45,routing,routing,what's wells fargo's routing number,0.9936783909797668
45,45,routing,routing,tell me my routing number,0.9999837875366211
45,45,routing,routing,where can i find my routing number,0.99997878074646
45,45,routing,routing,where's the routing number for wells fargo,0.9999985694885254
45,45,routing,routing,where can i find wells fargo's routing number,0.9991695880889893
45,45,routing,routing,where is wells fargo's routing number listed,0.9979773163795471
45,45,routing,routing,where should i go to find the routing number for well's fargo,0.9999572038650513
45,45,routing,routing,is my routing number on my account page,0.9977160692214966
45,45,routing,routing,what is the bank's routing number,0.9990019202232361
45,45,routing,routing,i want to know what my routing number is,0.9990366697311401
45,45,routing,routing,i need a routing number,0.9995595812797546
45,45,routing,routing,does pnc have a routing number,0.9998941421508789
45,45,routing,routing,can you tell me the routing number to pnc,0.9999374151229858
45,45,routing,routing,can you please read me the routing number to pnc,0.9999479055404663
45,45,routing,routing,where can i find routing number for pnc,0.9999024868011475
45,45,routing,routing,what is the routing number for pnc,0.999996542930603
45,45,routing,routing,i need x's routing number,0.9999469518661499
45,45,routing,routing,where would century bank have their routing number listed,0.9998824596405029
45,45,routing,routing,where do i go if i am seeking the routing number of dallas capital,0.9994932413101196
45,45,routing,routing,what is the location that td bank has their routing number listed,0.9960905909538269
45,45,routing,routing,where would the routing number for first utah be located,0.999845027923584
45,45,routing,routing,tell me what my savings account routing number is,0.9997832179069519
45,45,routing,routing,what is chase bank's routing number,0.9987987279891968
34,34,do_you_have_pets,do_you_have_pets,cats or dogs are your preference,0.9973636269569397
34,34,do_you_have_pets,do_you_have_pets,what kinds of pets do you own,0.9999783039093018
34,34,do_you_have_pets,do_you_have_pets,do you have any pets and what kind,0.9997782111167908
34,34,do_you_have_pets,do_you_have_pets,would you describe yourself as a cat or dog person,0.9997444748878479
34,34,do_you_have_pets,do_you_have_pets,you have what types or kinds of pets,0.9999216794967651
34,34,do_you_have_pets,do_you_have_pets,are you a pet owner what kind,0.999722421169281
34,34,do_you_have_pets,do_you_have_pets,do you have a pet,0.997904896736145
34,34,do_you_have_pets,do_you_have_pets,would you call yourself a cat or dog person,0.997853696346283
34,34,do_you_have_pets,do_you_have_pets,what kind of animals do you own,0.9995635151863098
34,34,do_you_have_pets,do_you_have_pets,can you name the type of pets you have,0.9994356036186218
34,34,do_you_have_pets,do_you_have_pets,do you have any pets,0.9999496936798096
34,34,do_you_have_pets,do_you_have_pets,are you a pet owner and what kind,0.9990515112876892
34,34,do_you_have_pets,do_you_have_pets,what pets do you own,0.9997556805610657
34,34,do_you_have_pets,do_you_have_pets,tell me any animals that you have as pets,0.9998424053192139
34,34,do_you_have_pets,do_you_have_pets,do you have cats or dogs or something else as a pet,0.9997205138206482
34,34,do_you_have_pets,do_you_have_pets,please tell me the types of pets you have,0.9999302625656128
34,34,do_you_have_pets,do_you_have_pets,how would you categorize the pets you have,0.9999312162399292
34,34,do_you_have_pets,do_you_have_pets,tell me about the pets you have,0.9999706745147705
34,34,do_you_have_pets,do_you_have_pets,do you have friendly or unfriendly pets,0.9978952407836914
34,34,do_you_have_pets,do_you_have_pets,which pets do you have,0.9997757077217102
34,34,do_you_have_pets,do_you_have_pets,which type of pets do you have,0.9999713897705078
34,34,do_you_have_pets,do_you_have_pets,what pets do you have,0.9999772310256958
34,34,do_you_have_pets,do_you_have_pets,do you like appreciate cats or dogs more,0.9998922348022461
34,34,do_you_have_pets,do_you_have_pets,do you like cats or dogs more,0.9999598264694214
34,34,do_you_have_pets,do_you_have_pets,which kinds of pets do you own,0.999980092048645
34,34,do_you_have_pets,do_you_have_pets,do you prefer cats or dogs,0.9998718500137329
34,34,do_you_have_pets,do_you_have_pets,do you prefer cats or dogs more,0.9999581575393677
34,34,do_you_have_pets,do_you_have_pets,which kinds of pets do you have,0.9999915361404419
34,34,do_you_have_pets,do_you_have_pets,do you currently have any pets,0.9997543692588806
34,34,do_you_have_pets,do_you_have_pets,what is the total number of pets that you have,0.9997262358665466
18,18,schedule_meeting,schedule_meeting,please book a meeting room for thusday at 4:00,0.9998780488967896
18,18,schedule_meeting,schedule_meeting,would you please schedule a meeting room for 4:00 on thursday,0.999988317489624
18,18,schedule_meeting,schedule_meeting,could you schedule a meeting room for 4:00 on thursday,0.9999796152114868
18,18,schedule_meeting,schedule_meeting,will you schedule a conference room for thursday at 4:00,0.9939265847206116
18,18,schedule_meeting,schedule_meeting,can you reserve a meeting space for 4:00 on thursday,0.9997197985649109
18,18,schedule_meeting,schedule_meeting,i need to know how to schedule a meeting,0.9998587369918823
18,18,schedule_meeting,schedule_meeting,please help me figure out how to set up a meeting,0.9886729121208191
18,18,schedule_meeting,schedule_meeting,i need assistance scheduling a meeting,0.9998679161071777
18,18,schedule_meeting,schedule_meeting,walk me through the process of scheduling a meeting,0.9997748732566833
18,18,schedule_meeting,schedule_meeting,help me set up a meeting please,0.9985204339027405
18,18,schedule_meeting,schedule_meeting,"i need a meeting room between 3-7, are any available",0.9998250603675842
18,18,schedule_meeting,schedule_meeting,can you tell me if there are meeting rooms available between 1 and 4,0.9999853372573853
18,18,schedule_meeting,schedule_meeting,are meeting rooms free between 8-3,0.999927282333374
18,18,schedule_meeting,schedule_meeting,do you know if meeting rooms are open to use 1-2,0.9982512593269348
18,18,schedule_meeting,schedule_meeting,can you check if meeting rooms are available between 4 and 5,0.9999703168869019
18,18,schedule_meeting,schedule_meeting,meeting rooms open between one and three pm,0.9992616772651672
18,18,schedule_meeting,schedule_meeting,check meeting room availability between one and three pm,0.9998838901519775
18,18,schedule_meeting,schedule_meeting,what meeting rooms are available for meeting 5pm friday,0.9996918439865112
18,18,schedule_meeting,schedule_meeting,"reserve a meeting room for friday, 5pm",0.9998593330383301
18,18,schedule_meeting,schedule_meeting,one and three pm are there meeting rooms open,0.9971910119056702
18,18,schedule_meeting,schedule_meeting,friday 5pm schedule a room for meeting,0.9996106028556824
18,18,schedule_meeting,schedule_meeting,open meeting rooms from one to three pm,0.9975712895393372
18,18,schedule_meeting,schedule_meeting,can you reserve a room for a friday meeting at 5pm,0.8922613263130188
18,18,schedule_meeting,schedule_meeting,reserve a meeting room for 5pm on friday,0.9994022846221924
18,18,schedule_meeting,schedule_meeting,check meeting rooms available between one and three pm,0.9998594522476196
18,18,schedule_meeting,schedule_meeting,"i need to schedule meeting room for monday at 2:30 pm, please",0.998847246170044
18,18,schedule_meeting,schedule_meeting,i would like you to reserve a conference room for noon tomorrow,0.23359422385692596
18,18,schedule_meeting,schedule_meeting,please reserve a meeting room for 1:00 pm on tuesday,0.9985809326171875
18,26,schedule_meeting,text,"go ahead and hold a conference room for friday at 11 am, please",0.3553806245326996
18,18,schedule_meeting,schedule_meeting,can you book a meeting room for friday at 9:00 am,0.9998407363891602
8,42,gas_type,oos,which gas would be best,0.8740948438644409
8,8,gas_type,gas_type,what type of gas should i use,0.8999984264373779
8,8,gas_type,gas_type,which type of gas should i get,0.9088943600654602
8,8,gas_type,gas_type,can you tell me what gas this car takes,0.9998387098312378
8,8,gas_type,gas_type,can you tell me this vehicles gas type,0.9957603812217712
8,8,gas_type,gas_type,what fuel should i use for this car,0.9998905658721924
8,8,gas_type,gas_type,what kind of gas should i use for this car,0.9999643564224243
8,8,gas_type,gas_type,i need to know the gas type for this vehicle,0.9999809265136719
8,8,gas_type,gas_type,for this car what kind of fuel does it take,0.9999001026153564
8,8,gas_type,gas_type,i need to know the type of gas for this car,0.9999990463256836
8,8,gas_type,gas_type,i want to know what kind of gas this car uses,0.9999973773956299
8,8,gas_type,gas_type,what gas does this car use,0.9999301433563232
8,8,gas_type,gas_type,what fuel do i put in this car,0.9998570680618286
8,8,gas_type,gas_type,what type of gas goes into the car,0.9996501207351685
8,8,gas_type,gas_type,what type of fuel does this car utilize,0.9999995231628418
8,8,gas_type,gas_type,what type of gas do i put in this new car,0.9997747540473938
8,8,gas_type,gas_type,what type of gas do i use in this car,0.9665747880935669
8,8,gas_type,gas_type,is there a certain kind of fuel needed,0.996997594833374
8,8,gas_type,gas_type,what gas goes in the vehicle,0.9895373582839966
8,110,gas_type,gas,what raiting of gas is called for,0.6003023386001587
8,8,gas_type,gas_type,what kind of gas goes in,0.7508235573768616
8,8,gas_type,gas_type,can you tell me what kind of gas your car uses,0.8911192417144775
8,8,gas_type,gas_type,what kind of gas does your car use,0.999760091304779
8,8,gas_type,gas_type,the car you are driving uses what kind of gas,0.9680164456367493
8,8,gas_type,gas_type,what kind of gas can i put into this car,0.9999603033065796
8,8,gas_type,gas_type,which gas type goes into this car,0.9999655485153198
8,8,gas_type,gas_type,which type of gas does this car take,0.9999986886978149
8,8,gas_type,gas_type,i need gas what type do i need for this car,0.9999808073043823
8,8,gas_type,gas_type,what types of gas can i get for this car,0.9958953857421875
8,8,gas_type,gas_type,which type of gas does my car use,0.9999978542327881
120,120,plug_type,plug_type,would a socket converter be needed in france,0.9999860525131226
120,31,plug_type,measurement_conversion,how do i plug stuff in in france,0.6278390884399414
120,120,plug_type,plug_type,is socket converter required in france,0.9999948740005493
120,120,plug_type,plug_type,does france use a socket converter,0.9996364116668701
120,5,plug_type,weather,is electricity the same in france,0.660486102104187
120,120,plug_type,plug_type,will i need a plug converter when i visit costa rica,0.9999315738677979
120,120,plug_type,plug_type,will i require a plug converter when i visit kenya,0.9999918937683105
120,120,plug_type,plug_type,will i need to get a plug converter when i visit guam,0.9999980926513672
120,120,plug_type,plug_type,do i require a plug converter when i visit puerto rico,0.999983549118042
120,120,plug_type,plug_type,will i need to have a plug converter when i visit madrid,0.9999936819076538
120,120,plug_type,plug_type,z uses which type of plug,0.9999624490737915
120,120,plug_type,plug_type,what sort of plug is used in the caribbean,0.9999624490737915
120,120,plug_type,plug_type,which plug is used in japan,0.9999500513076782
120,120,plug_type,plug_type,plug used in china,0.9948491454124451
120,120,plug_type,plug_type,what kind of plug is used in england,0.9999947547912598
120,120,plug_type,plug_type,what do i need for a plug in wales,0.9985211491584778
120,143,plug_type,min_payment,does z used the same plus as we do in the united states,0.2554631531238556
120,120,plug_type,plug_type,can i used the same type of plug in z as i do in the us,0.979468584060669
120,120,plug_type,plug_type,electrical plugs used in that country,0.979438066482544
120,120,plug_type,plug_type,are the electric plugs the same over in that country,0.9617170691490173
120,120,plug_type,plug_type,what kind of electrical outlet does that country use,0.9995594620704651
120,120,plug_type,plug_type,do i need a converter for my electronics when i go to that coutntry,0.5040717720985413
120,120,plug_type,plug_type,can i plug in my electronics there like normal,0.9520381689071655
120,120,plug_type,plug_type,is a socket converter necessary if i'm travelling to london,0.9999983310699463
120,120,plug_type,plug_type,are socket converters something i need to bring if going to australia,0.9997549653053284
120,120,plug_type,plug_type,can i use electronic devices in mexico without a socket converter,0.999964714050293
120,120,plug_type,plug_type,are socket converters needed if i'm going to cape town,0.9996515512466431
120,120,plug_type,plug_type,does sweden use the same kind of socket or do i need a converter,0.9885616302490234
120,120,plug_type,plug_type,what plug type is used internationally,0.9995385408401489
120,120,plug_type,plug_type,what's the plug type in honduras,0.9999639987945557
47,47,tire_change,tire_change,when would you change my tires,0.9998501539230347
47,47,tire_change,tire_change,when is the next time i should get my tires changed,0.9999059438705444
47,47,tire_change,tire_change,how soon should i get my tires changed,0.9999768733978271
47,47,tire_change,tire_change,how often should i get my tires changed,0.9999700784683228
47,47,tire_change,tire_change,do you know when i should get my tires changed next,0.9998947381973267
47,47,tire_change,tire_change,when should my tires be changed,0.9999452829360962
47,47,tire_change,tire_change,i need to know when i should change my tires,0.999974250793457
47,47,tire_change,tire_change,how soon till i need to change my tires,0.9999517202377319
47,47,tire_change,tire_change,can you tell me when my tires have to be changed,0.997112512588501
47,47,tire_change,tire_change,am i almost due for a tire change,0.9858178496360779
47,47,tire_change,tire_change,when is my car due for an tire change,0.9875089526176453
47,47,tire_change,tire_change,how do i know when to get the tires changed on my car,0.9998915195465088
47,47,tire_change,tire_change,how often should my tires be changed,0.9999537467956543
47,47,tire_change,tire_change,how often should i change the tires on my car,0.9998584985733032
47,47,tire_change,tire_change,i replaced tires last june when should i do it again,0.9902907013893127
47,47,tire_change,tire_change,on feb 3rd i changed my tires are they still good,0.94327712059021
47,47,tire_change,tire_change,my tires are 29 months old should u change them,0.9569562673568726
47,47,tire_change,tire_change,when do my tires need changing after i replaced them last week,0.9999750852584839
47,47,tire_change,tire_change,in september i changed my tires are they in need of changing,0.9933266639709473
47,47,tire_change,tire_change,how do i know if it is time to replace my tires,0.9998713731765747
47,47,tire_change,tire_change,how long does the average set of tire last before needing replacement,0.9415692687034607
47,47,tire_change,tire_change,how long are my tires expected to last before needing to be replaced,0.9989223480224609
47,47,tire_change,tire_change,how many miles are my tires rated for,0.7491432428359985
47,47,tire_change,tire_change,what is the time for a tire change,0.9965013265609741
47,47,tire_change,tire_change,my tires should be changed when,0.9998347759246826
47,47,tire_change,tire_change,tell me when to get my tires changed,0.9997689127922058
47,47,tire_change,tire_change,when is it time for a change in tires,0.9987568855285645
47,47,tire_change,tire_change,what is the timeframe for getting my tires changed,0.9908684492111206
47,47,tire_change,tire_change,tell me when i'll need new tires,0.9999854564666748
47,47,tire_change,tire_change,when will my tires need to be changed,0.9998879432678223
38,38,exchange_rate,exchange_rate,convert 200 us dollars to british pounds,0.9997637867927551
38,38,exchange_rate,exchange_rate,how many japanese yen are in a us dollar,0.9987003803253174
38,38,exchange_rate,exchange_rate,how much is 5 us dollars worth in canadian dollars,0.9999804496765137
38,38,exchange_rate,exchange_rate,can you tell me what 100 british pounds equals in us dollars,0.99581378698349
38,38,exchange_rate,exchange_rate,what is the exchange rate between us dollars and japanese yen,0.999968409538269
38,38,exchange_rate,exchange_rate,whats the current exchange rate between usd and eur,0.9998784065246582
38,19,exchange_rate,meeting_schedule,what's the exhange rate between mxn and gbp,0.846802294254303
38,38,exchange_rate,exchange_rate,what is the current exchange rate between mxn and eur,0.9964710474014282
38,38,exchange_rate,exchange_rate,what's the exchange rate between ils and usd,0.9999159574508667
38,38,exchange_rate,exchange_rate,what is the usd mxn exchange rate,0.9999802112579346
38,38,exchange_rate,exchange_rate,how many mexican pesos is a us dollar worth,0.9999487400054932
38,38,exchange_rate,exchange_rate,how much is one us dollar in british pounds,0.9999738931655884
38,38,exchange_rate,exchange_rate,whats the exchange rate for us dollars to british pounds,0.9999973773956299
38,38,exchange_rate,exchange_rate,what is a british pound worth in mexican pesos,0.9252169132232666
38,38,exchange_rate,exchange_rate,how many mexican pesos can i get for one us dollar,0.9999666213989258
38,38,exchange_rate,exchange_rate,look up the rate of exchange between pesos and usd,0.9999245405197144
38,38,exchange_rate,exchange_rate,find me the exchange rate between usd and cad,0.9999736547470093
38,38,exchange_rate,exchange_rate,what is the exchange rate between euros and pesos,0.9999983310699463
38,38,exchange_rate,exchange_rate,tell me the current exchange rate between cad and euros,0.9997310042381287
38,38,exchange_rate,exchange_rate,what is the present exchange rate between usd and british pound,0.9998730421066284
38,38,exchange_rate,exchange_rate,convert 20 yen to dollars,0.9998992681503296
38,38,exchange_rate,exchange_rate,how many dollars can i get for 20 yen,0.9999843835830688
38,38,exchange_rate,exchange_rate,how many dollars is 20 yen worth,0.9999951124191284
38,38,exchange_rate,exchange_rate,20 yen is how many dollars,0.9999758005142212
38,38,exchange_rate,exchange_rate,20 yen equals how many dollars,0.9999866485595703
38,38,exchange_rate,exchange_rate,is $30 usd more or less in canada,0.5605514049530029
38,138,exchange_rate,calculator,"in canadian dollars, what is $30",0.9093500971794128
38,38,exchange_rate,exchange_rate,what is the conversion of $30 in canadian dollars,0.9998098015785217
38,38,exchange_rate,exchange_rate,can you please convert $30 usd to canadian dollars,0.9805207252502441
38,38,exchange_rate,exchange_rate,how much is $30 usd in canadian dollar,0.9999983310699463
140,140,next_holiday,next_holiday,on what day is our next free day,0.999936580657959
140,140,next_holiday,next_holiday,on what day is our next day off,0.9999943971633911
140,140,next_holiday,next_holiday,what day is our next day off,0.9999985694885254
140,140,next_holiday,next_holiday,is our next day off soon,0.9999860525131226
140,140,next_holiday,next_holiday,do you know when our next day off is,0.9999943971633911
140,140,next_holiday,next_holiday,when are we off work next,0.9980500936508179
140,140,next_holiday,next_holiday,when is the next day we have off,0.9999943971633911
140,140,next_holiday,next_holiday,when will our next day off be,0.9999970197677612
140,140,next_holiday,next_holiday,are there any holidays coming and when,0.9871548414230347
140,140,next_holiday,next_holiday,how many holidays are there and when is the next one here,0.9850836396217346
140,140,next_holiday,next_holiday,for the holidays when is the next one we do here,0.8148227334022522
140,140,next_holiday,next_holiday,what holiday is next and when,0.9999669790267944
140,140,next_holiday,next_holiday,how long before the next holiday here,0.9999808073043823
140,140,next_holiday,next_holiday,what's the wait period until the next day off,0.9999792575836182
140,140,next_holiday,next_holiday,when will my next vacation day be,0.9998958110809326
140,140,next_holiday,next_holiday,how long do i have to wait to get a day off,0.49802738428115845
140,140,next_holiday,next_holiday,when's the next day off,0.9999974966049194
140,140,next_holiday,next_holiday,how many days left until the next day out of work,0.9949711561203003
140,140,next_holiday,next_holiday,tell me the next holiday,0.9999773502349854
140,140,next_holiday,next_holiday,tell me how long until the next day off,0.9999953508377075
140,140,next_holiday,next_holiday,i got to know how long until the next day off,0.9999924898147583
140,140,next_holiday,next_holiday,i wanna know how long until the next day off,0.999995231628418
140,140,next_holiday,next_holiday,i need to know how long until the next day off,0.9999839067459106
140,140,next_holiday,next_holiday,i wanna know the next holiday,0.9999961853027344
140,140,next_holiday,next_holiday,let me know how long until the next day off,0.9999939203262329
140,140,next_holiday,next_holiday,i wish to know the next holiday,0.9999861717224121
140,140,next_holiday,next_holiday,i must know the next holiday,0.9999921321868896
140,140,next_holiday,next_holiday,i would like to know the next holiday,0.9999948740005493
140,140,next_holiday,next_holiday,find the next holiday,0.9999855756759644
140,140,next_holiday,next_holiday,when is the soonest holiday,0.9982699155807495
150,150,change_volume,change_volume,turn volume up to 4,0.994531512260437
150,150,change_volume,change_volume,adjust volume setting to 4,0.9999717473983765
150,150,change_volume,change_volume,keep volume at 4 all the time,0.9993886947631836
150,150,change_volume,change_volume,put volume setting on number 4,0.9732257127761841
150,150,change_volume,change_volume,please make sure the volume stays at 4,0.9971942901611328
150,150,change_volume,change_volume,put the volume to 4,0.999832272529602
150,150,change_volume,change_volume,volume to 4,0.9996953010559082
150,150,change_volume,change_volume,turn down your speaker,0.9997816681861877
150,82,change_volume,greeting,decrease your decibel level,0.4751477539539337
150,147,change_volume,cancel,be more quiet,0.9954673051834106
150,147,change_volume,cancel,please lower the sound,0.4929550290107727
150,114,change_volume,goodbye,speak up,0.46969377994537354
150,30,change_volume,no,not so loud,0.9963905215263367
150,147,change_volume,cancel,quieter please,0.5175613164901733
150,150,change_volume,change_volume,increase the volume,0.9999014139175415
150,150,change_volume,change_volume,turn up the volume,0.9974451065063477
150,150,change_volume,change_volume,speak louder please,0.9954458475112915
150,150,change_volume,change_volume,please lower your volume,0.9965852499008179
150,150,change_volume,change_volume,louder please,0.8565080165863037
150,150,change_volume,change_volume,turn down the volume,0.999923586845398
150,119,change_volume,change_speed,can you speak quieter,0.6860453486442566
150,150,change_volume,change_volume,turn to volume 4,0.9946073889732361
150,150,change_volume,change_volume,set 4 as the volume,0.9998067021369934
150,150,change_volume,change_volume,turn volume to 4,0.9987955093383789
150,150,change_volume,change_volume,volume 4 set,0.999933123588562
150,150,change_volume,change_volume,volume set to 4,0.9999520778656006
150,150,change_volume,change_volume,i can't hear you and need you to turn up the volume,0.9465011954307556
150,150,change_volume,change_volume,turn up your speaker volume,0.6686269044876099
150,150,change_volume,change_volume,can you speak louder,0.9941273927688599
150,150,change_volume,change_volume,can you turn up the volume for your speaker,0.9897468090057373
57,57,who_do_you_work_for,who_do_you_work_for,who is in charge of you when you work,0.9999867677688599
57,96,who_do_you_work_for,who_made_you,who is responsible for your employment,0.8844746351242065
57,57,who_do_you_work_for,who_do_you_work_for,who do you report to for your work,0.9999892711639404
57,57,who_do_you_work_for,who_do_you_work_for,let me know who your boss is,0.9999339580535889
57,57,who_do_you_work_for,who_do_you_work_for,i want to know who your boss is,0.9999897480010986
57,57,who_do_you_work_for,who_do_you_work_for,would you let me know who your boss is,0.9998754262924194
57,57,who_do_you_work_for,who_do_you_work_for,i would like to know who your boss is,0.9999692440032959
57,57,who_do_you_work_for,who_do_you_work_for,are you my insubordinate,0.5675089359283447
57,57,who_do_you_work_for,who_do_you_work_for,does someone else control you,0.9898068308830261
57,57,who_do_you_work_for,who_do_you_work_for,do i own you,0.2186765819787979
57,57,who_do_you_work_for,who_do_you_work_for,what firm do you work for,0.9974266886711121
57,77,who_do_you_work_for,where_are_you_from,do you take your orders from me,0.6781156063079834
57,82,who_do_you_work_for,greeting,do i control you,0.955529510974884
57,136,who_do_you_work_for,current_location,am i in charge of you,0.5521054267883301
57,96,who_do_you_work_for,who_made_you,is there another person that controls you,0.5065200328826904
57,57,who_do_you_work_for,who_do_you_work_for,who do you take your orders from,0.9933441877365112
57,57,who_do_you_work_for,who_do_you_work_for,would you consider someone else your boss,0.9992720484733582
57,57,who_do_you_work_for,who_do_you_work_for,do you take orders from someone else,0.73250812292099
57,96,who_do_you_work_for,who_made_you,who controls you,0.9999643564224243
57,57,who_do_you_work_for,who_do_you_work_for,who's your boss,0.9992825388908386
57,57,who_do_you_work_for,who_do_you_work_for,what company do you work for,0.9999843835830688
57,96,who_do_you_work_for,who_made_you,who employs you,0.9999231100082397
57,57,who_do_you_work_for,who_do_you_work_for,where do you work,0.9846797585487366
57,57,who_do_you_work_for,who_do_you_work_for,who is it that you work for,0.9999986886978149
57,57,who_do_you_work_for,who_do_you_work_for,whom do you work for,0.9999904632568359
57,57,who_do_you_work_for,who_do_you_work_for,who is your job with,0.9970557689666748
57,57,who_do_you_work_for,who_do_you_work_for,what company are you employed by,0.9970839619636536
57,57,who_do_you_work_for,who_do_you_work_for,what is the name of the place you work at,0.7110868096351624
57,57,who_do_you_work_for,who_do_you_work_for,what's your boss's name,0.9977971315383911
57,96,who_do_you_work_for,who_made_you,who can i talk to above you,0.8990727066993713
41,42,credit_limit,oos,what's the most i can charge on my card,0.24802228808403015
41,41,credit_limit,credit_limit,how much do i have available on my visa card,0.5458271503448486
41,41,credit_limit,credit_limit,what is my visa credit limit,0.9999549388885498
41,41,credit_limit,credit_limit,how much of a credit limit does visa allow,0.973834216594696
41,41,credit_limit,credit_limit,is there a substantial credit limit on my visa,0.8427759408950806
41,103,credit_limit,application_status,as my visa got a high enough limit on it,0.3457600772380829
41,69,credit_limit,credit_score,what is my credit max,0.979539155960083
41,41,credit_limit,credit_limit,what is my credit card spending limit,0.9996191263198853
41,41,credit_limit,credit_limit,what's my daily spending limit,0.9985419511795044
41,41,credit_limit,credit_limit,tell me my credit limit,0.9997261166572571
41,50,credit_limit,rewards_balance,how much credit do i have on my discover card,0.5897296071052551
41,41,credit_limit,credit_limit,do i have a monthly spending limit,0.936350405216217
41,41,credit_limit,credit_limit,what's the limit on my discover card,0.999488115310669
41,41,credit_limit,credit_limit,is there a spending limit,0.9684926867485046
41,41,credit_limit,credit_limit,what is my credit limit on my discover,0.9997507929801941
41,41,credit_limit,credit_limit,what's my spending limit on my discover,0.9984034895896912
41,41,credit_limit,credit_limit,how much is my maximum to spend on credit cards,0.6871062517166138
41,41,credit_limit,credit_limit,what's my discover credit limit,0.9954814910888672
41,41,credit_limit,credit_limit,how much can i use on my visa,0.8114349246025085
41,41,credit_limit,credit_limit,my visa has what limit,0.9994059801101685
41,41,credit_limit,credit_limit,tell me my visa limit,0.999722421169281
41,41,credit_limit,credit_limit,look up how high my visa limit is,0.9999594688415527
41,41,credit_limit,credit_limit,what is the limit on my visa,0.9999123811721802
41,41,credit_limit,credit_limit,what is my state bank of india card credit limit,0.9990058541297913
41,41,credit_limit,credit_limit,calculate the limit i have available for spending on my natwest card,0.9894270896911621
41,41,credit_limit,credit_limit,tell me my hsbc card credit limit,0.9982833862304688
41,41,credit_limit,credit_limit,what's the spending limit on my lloyds card,0.999954342842102
41,41,credit_limit,credit_limit,i need you to tell me the credit limit for my republic bank card,0.9974741339683533
41,41,credit_limit,credit_limit,how high is my credit limit,0.999785840511322
41,41,credit_limit,credit_limit,i want to know my credit limit,0.9994329810142517
102,102,how_busy,how_busy,is the resataurant busy at 5:00 pm,0.9942969679832458
102,102,how_busy,how_busy,how busy is the cafe at 7:00,0.998202919960022
102,102,how_busy,how_busy,would tio's be crowded at 7,0.9011558294296265
102,23,how_busy,restaurant_reservation,can i get a table for four at 8:00,0.9459207653999329
102,24,how_busy,traffic,is the friday's full after 4,0.49720028042793274
102,102,how_busy,how_busy,how long is the wait at fridays,0.9999879598617554
102,145,how_busy,restaurant_suggestion,is the mexican place crowded at night,0.7646628022193909
102,0,how_busy,restaurant_reviews,are cool people at the bar at 9:00 pm,0.6083243489265442
102,42,how_busy,oos,what is the best time to go to get a burger without a line,0.8827654719352722
102,54,how_busy,food_last,how long before i can eat at chic fil a,0.338259220123291
102,102,how_busy,how_busy,how long to be seated at carrabas,0.9421980977058411
102,102,how_busy,how_busy,is the wait at pizza hut long,0.9998908042907715
102,145,how_busy,restaurant_suggestion,is the breakfast place full in the mornings,0.7937065362930298
102,102,how_busy,how_busy,is the wait more than an hour at the italian place,0.9917287230491638
102,102,how_busy,how_busy,tell me how busy red robin is at 5 pm,0.9998476505279541
102,102,how_busy,how_busy,i wanna know how busy denny's is at 5 am,0.9992679953575134
102,102,how_busy,how_busy,i need to know how busy denny's is at 6 am,0.9955163598060608
102,102,how_busy,how_busy,how busy is red robin around 5 pm,0.9999676942825317
102,102,how_busy,how_busy,so how busy is the outback steakhouse at 5 pm,0.9986580610275269
102,102,how_busy,how_busy,tell me mr joes pizza average wait time,0.9999157190322876
102,18,how_busy,schedule_meeting,is mr joes pizza available for a seating,0.9575200080871582
102,102,how_busy,how_busy,does mr joes pizza usually have a long wait,0.999893069267273
102,0,how_busy,restaurant_reviews,can you find out the waiting times for mr joes pizza,0.47407203912734985
102,102,how_busy,how_busy,what's the typical wait time for mr joes pizza,0.997434675693512
102,102,how_busy,how_busy,how busy is cheesecake factory right now,0.9605108499526978
102,102,how_busy,how_busy,how long is the wait at cheesecake factory,0.9999858140945435
102,102,how_busy,how_busy,how long will i have to wait at cheesecake factory,0.999988317489624
102,5,how_busy,weather,is cheesecake factory busy right now,0.5981014370918274
102,102,how_busy,how_busy,check how busy cheesecake factory is,0.9702327251434326
102,102,how_busy,how_busy,is there a long wait at chili's around 5:00,0.9999953508377075
9,9,accept_reservations,accept_reservations,can i do a reservation at sammy's crab shack,0.9980893731117249
9,9,accept_reservations,accept_reservations,does bill's house of chop suey accept reservations,0.9993366599082947
9,9,accept_reservations,accept_reservations,check if bj's takes reservations,0.9999076128005981
9,9,accept_reservations,accept_reservations,does bj's take reservations,0.9999980926513672
9,9,accept_reservations,accept_reservations,will bj's take reservations,0.9999388456344604
9,9,accept_reservations,accept_reservations,do you know if i can make reservations at bj's,0.999272882938385
9,9,accept_reservations,accept_reservations,tell me if the new york restaurant takes reservations,0.91934734582901
9,25,accept_reservations,make_call,can i reserve tables at the new york restaurant,0.6916356682777405
9,9,accept_reservations,accept_reservations,i want to know if the new york restaurant takes reservations,0.9196886420249939
9,9,accept_reservations,accept_reservations,does the new york restaurant take reservations,0.9935603141784668
9,9,accept_reservations,accept_reservations,is it possible to make reservations at the new york restaurant,0.9659260511398315
9,9,accept_reservations,accept_reservations,do you have any idea if the flying wing does reservations,0.9426032304763794
9,9,accept_reservations,accept_reservations,does village inn let you make reservations,0.9990741014480591
9,9,accept_reservations,accept_reservations,is it possible to get reservations at ihop,0.9991501569747925
9,23,accept_reservations,restaurant_reservation,is it possible to reserve a table at white castle,0.6705307364463806
9,23,accept_reservations,restaurant_reservation,do you think they'll let me reserve a table at the olive garden,0.9776850342750549
9,9,accept_reservations,accept_reservations,do they take reservations at applebeesi,0.999957799911499
9,9,accept_reservations,accept_reservations,does applebees do reservations,0.9998756647109985
9,9,accept_reservations,accept_reservations,can applebees take reservations,0.9999890327453613
9,9,accept_reservations,accept_reservations,can i get reservations at applebees,0.9989413619041443
9,9,accept_reservations,accept_reservations,does applebees take reservations,0.9999992847442627
9,9,accept_reservations,accept_reservations,tell me if taco bell takes reservations,0.999657154083252
9,9,accept_reservations,accept_reservations,any clue as to if taco bell takes reservations,0.9985973238945007
9,9,accept_reservations,accept_reservations,do you know if taco bell takes reservations,0.9996507167816162
9,9,accept_reservations,accept_reservations,any idea as to if taco bell takes reservations,0.9983848333358765
9,9,accept_reservations,accept_reservations,do you know if l'arpege will ask for reservations,0.9961503744125366
9,9,accept_reservations,accept_reservations,will we have to make reservations for roca,0.9508892297744751
9,9,accept_reservations,accept_reservations,does osteria francescana take reservations,0.999976396560669
9,9,accept_reservations,accept_reservations,do you have any idea if central needs reservations,0.9997856020927429
9,9,accept_reservations,accept_reservations,eleven madison park takes reservations right,0.9607368111610413
84,84,order_status,order_status,where is my order now,0.9994421601295471
84,68,order_status,transactions,tell me all updates about my order's status,0.9641746878623962
84,84,order_status,order_status,is my order on its way or what's going on,0.9972768425941467
84,84,order_status,order_status,how is my order doing right now,0.9993106126785278
84,84,order_status,order_status,locate my package,0.999677300453186
84,19,order_status,meeting_schedule,can you monitor my package's progress,0.5416508316993713
84,84,order_status,order_status,track my order,0.9999722242355347
84,84,order_status,order_status,tell me where my package is currently,0.9995429515838623
84,84,order_status,order_status,where is my package en route,0.9967717528343201
84,84,order_status,order_status,give me the status of my order,0.9999927282333374
84,84,order_status,order_status,when will i get my order,0.9999277591705322
84,84,order_status,order_status,tell me where my order is,0.9993261098861694
84,84,order_status,order_status,what is the status of the order i placed with you yesterday,0.9998434782028198
84,84,order_status,order_status,what's the updated status of my order,0.9999926090240479
84,138,order_status,calculator,can you help with delivery tracking,0.6921480298042297
84,114,order_status,goodbye,i need a delivery tracked,0.9443294405937195
84,84,order_status,order_status,i need to track my order,0.9994483590126038
84,16,order_status,order,i placed an order and i need it tracked,0.6655705571174622
84,16,order_status,order,could you track an order for me,0.9962868690490723
84,84,order_status,order_status,has my package been sent,0.9988534450531006
84,84,order_status,order_status,what time is my package getting here,0.9921966791152954
84,84,order_status,order_status,how's my amazon order doing,0.9999685287475586
84,84,order_status,order_status,i need to track a package,0.8928147554397583
84,16,order_status,order,i want to track a package i should be getting,0.4330412447452545
84,84,order_status,order_status,please track my order,0.9997480511665344
84,42,order_status,oos,can you tell me when my item will get here,0.6613009572029114
84,136,order_status,current_location,can you tell me where my item is,0.7090274095535278
84,84,order_status,order_status,what's up with my order,0.9999395608901978
84,84,order_status,order_status,are they any updates on my order,0.999708354473114
84,84,order_status,order_status,i need to track the status of my order,0.9999603033065796
89,89,pin_change,pin_change,i'm struggling to remind myself the pin number to my card,0.9970405697822571
89,89,pin_change,pin_change,i'm having trouble remembering the pin number to my card,0.9982530474662781
89,89,pin_change,pin_change,the pin number to my card has been forgotten,0.9323614835739136
89,89,pin_change,pin_change,i don't remember the pin number to my card,0.9981065988540649
89,89,pin_change,pin_change,i do not recall the pin number to my card,0.9976826906204224
89,144,pin_change,change_user_name,i would like to change the name on my checking account,0.9849326014518738
89,144,pin_change,change_user_name,i would like to change the name on my credit card account,0.9529002904891968
89,144,pin_change,change_user_name,i would like to change the name on my first hawaiian bank account,0.9739838242530823
89,144,pin_change,change_user_name,i would like to change the name on my first bankcard account,0.9865556955337524
89,144,pin_change,change_user_name,i would like to change the name on my capital one account,0.9969918727874756
89,89,pin_change,pin_change,change the pin on my savings account to 1234,0.999988317489624
89,89,pin_change,pin_change,i want to change my savings account pin to 1234,0.9998728036880493
89,89,pin_change,pin_change,make 1234 a new pin for my savings account,0.9999802112579346
89,89,pin_change,pin_change,make 1234 the pin on my savings account,0.9999592304229736
89,89,pin_change,pin_change,can you make 1234 the pin for my savings account,0.9999822378158569
89,89,pin_change,pin_change,make my pin 1234 for my checking account,0.9999709129333496
89,89,pin_change,pin_change,go my to checking account and switch my pin to 1234,0.9999836683273315
89,89,pin_change,pin_change,access my checking account and update my pin to 1234,0.999987006187439
89,89,pin_change,pin_change,correct my account pin to 1234 on my checking account,0.9999825954437256
89,89,pin_change,pin_change,modify my account pin to 1234 on my checking account,0.99998939037323
89,89,pin_change,pin_change,tell me the pin number for my checking account,0.9999865293502808
89,89,pin_change,pin_change,please give me the pin number for my checking account,0.9999897480010986
89,89,pin_change,pin_change,i need the pin number for my checking account,0.9999959468841553
89,89,pin_change,pin_change,does my checking account have a pin number,0.9999395608901978
89,89,pin_change,pin_change,what's the pin number for my checking account,0.9999879598617554
89,20,pin_change,freeze_account,change the code of my savings account to be 1234,0.6503154039382935
89,89,pin_change,pin_change,alter the pin on my savings account to be 1234,0.9999905824661255
89,89,pin_change,pin_change,what exactly is my pin,0.9998410940170288
89,89,pin_change,pin_change,how do i change the account pin number for me,0.9998760223388672
89,89,pin_change,pin_change,please tell me how do i change the account pin number,0.9999042749404907
114,114,goodbye,goodbye,good speaking to you,0.9770868420600891
114,114,goodbye,goodbye,it was really awesome to talk to you,0.9995348453521729
114,114,goodbye,goodbye,it was great to speak with you,0.9999487400054932
114,114,goodbye,goodbye,it was great to talk to you,0.9999877214431763
114,114,goodbye,goodbye,bye bye then,0.9999644756317139
114,114,goodbye,goodbye,it was very good to talk to you,0.9999620914459229
114,114,goodbye,goodbye,good bye then,0.9998871088027954
114,114,goodbye,goodbye,bye,0.999751627445221
114,114,goodbye,goodbye,regards,0.44748708605766296
114,114,goodbye,goodbye,catch you later,0.9999686479568481
114,124,goodbye,thank_you,"great talk, thanks",0.9989755153656006
114,114,goodbye,goodbye,later,0.9998171925544739
114,114,goodbye,goodbye,goodbye,0.999925971031189
114,114,goodbye,goodbye,see you later,0.9999932050704956
114,150,goodbye,change_volume,"enjoy your day, goodbye",0.7845327854156494
114,124,goodbye,thank_you,thank you goodbye,0.9999213218688965
114,114,goodbye,goodbye,"have a good day, bye",0.9931865930557251
114,95,goodbye,date,that will be all have a nice day!,0.23888306319713593
114,114,goodbye,goodbye,"i enjoyed talking to you, bye",0.9999102354049683
114,114,goodbye,goodbye,it was great talking to you,0.9999834299087524
114,114,goodbye,goodbye,nice seeing you bye,0.9999353885650635
114,114,goodbye,goodbye,it was nice to chat,0.9999980926513672
114,114,goodbye,goodbye,it was a pleasure talking to you,0.9992817044258118
114,114,goodbye,goodbye,ok good chatting goodbye,0.9999138116836548
114,124,goodbye,thank_you,thanks bye bye!,0.6374517679214478
114,124,goodbye,thank_you,"that's all i need, i'm going now",0.4767255187034607
114,114,goodbye,goodbye,"talk to you soon, bye!",0.9915409684181213
114,124,goodbye,thank_you,"thanks for your help, goodbye!",0.9998903274536133
114,114,goodbye,goodbye,good bye,0.9997346997261047
114,82,goodbye,greeting,signing off,0.45847922563552856
2,2,account_blocked,account_blocked,why is my bank account locked,0.9999891519546509
2,20,account_blocked,freeze_account,how do i unlock my bank account,0.8966321349143982
2,2,account_blocked,account_blocked,can you unlock my bank account,0.9952782392501831
2,2,account_blocked,account_blocked,how did my bank account get frozen,0.9266709089279175
2,2,account_blocked,account_blocked,can you help me unlock my bank account,0.9994093179702759
2,2,account_blocked,account_blocked,call my bank and ask them why my account is frozen,0.9996039271354675
2,2,account_blocked,account_blocked,check with my bank to see why my account is frozen,0.9994367957115173
2,2,account_blocked,account_blocked,do you know why my bank account is frozen,0.9999204874038696
2,2,account_blocked,account_blocked,why did my bank place a hold on my bank account,0.9999535083770752
2,2,account_blocked,account_blocked,are there any problems with my bank account,0.9865052103996277
2,2,account_blocked,account_blocked,did someone who is unauthorized try to get into my bank account,0.9999566078186035
2,20,account_blocked,freeze_account,how can i unfreeze my bank account,0.6112986207008362
2,2,account_blocked,account_blocked,why is there a stop on my deposit account,0.8253445625305176
2,2,account_blocked,account_blocked,why can't i use my money market account,0.9072757363319397
2,2,account_blocked,account_blocked,why is there a delay on my checking account,0.9907197952270508
2,2,account_blocked,account_blocked,why is my checking account not working,0.9982708692550659
2,2,account_blocked,account_blocked,what could cause a hold on my savings account,0.9996596574783325
2,2,account_blocked,account_blocked,what caused a hold on my us bank account,0.9995586276054382
2,2,account_blocked,account_blocked,can you check and see why us bank put a hold on my account,0.9999494552612305
2,2,account_blocked,account_blocked,why does us bank have a hold on my account,0.9999939203262329
2,2,account_blocked,account_blocked,reasons that us bank would place a hold on my account,0.9387394785881042
2,2,account_blocked,account_blocked,check to see why us bank placed a hold on my account,0.9999831914901733
2,2,account_blocked,account_blocked,"is there a problem with my account, it appears to be blocked",0.7922281622886658
2,2,account_blocked,account_blocked,"what is up with my account, why is it blocked",0.9747899174690247
2,2,account_blocked,account_blocked,there seems to be an issue with my account,0.7611477375030518
2,2,account_blocked,account_blocked,can you help me unblock my account,0.9988784193992615
2,2,account_blocked,account_blocked,"can you check what the problem with my account is, it seems to b e blocked",0.9909103512763977
2,20,account_blocked,freeze_account,is there a reason you put a hold on my chase account,0.5795750021934509
2,2,account_blocked,account_blocked,why can't i access my chase account,0.9993500113487244
2,2,account_blocked,account_blocked,how come my chase account has a hold on it,0.9865161180496216
21,21,what_song,what_song,i'd like to know what song this is,0.9999855756759644
21,21,what_song,what_song,what is this song name,0.9999960660934448
21,21,what_song,what_song,i need to know this song,0.9911233186721802
21,21,what_song,what_song,what is the name of this song that's on right now,0.9999948740005493
21,21,what_song,what_song,i need to know the title of this song,0.9999897480010986
21,21,what_song,what_song,find out what song is currently on the speakers,0.969119668006897
21,21,what_song,what_song,look up the name of this song,0.9999945163726807
21,21,what_song,what_song,can you identify this song for me,0.893762469291687
21,21,what_song,what_song,tell me what this song is called,0.9999974966049194
21,118,what_song,next_song,please identify the song we're currently listening to,0.5926673412322998
21,21,what_song,what_song,what is the title of the song we're listening to right now,0.9999626874923706
21,21,what_song,what_song,look up the song that's on right now,0.9990676045417786
21,21,what_song,what_song,can you identify this song that's playing,0.9902650117874146
21,21,what_song,what_song,find out what song this is,0.9999432563781738
21,21,what_song,what_song,i need to know what song this is that we're listening to,0.9999496936798096
21,21,what_song,what_song,tell me the song that is currently playing,0.9997318387031555
21,21,what_song,what_song,can you identify this song playing through the speaker right now,0.7572351098060608
21,21,what_song,what_song,tell me what this song is called that's playing,0.9999977350234985
21,21,what_song,what_song,what is the title of this song,0.9999960660934448
21,21,what_song,what_song,what is this song called,0.9999988079071045
21,21,what_song,what_song,what song is currently playing,0.9999899864196777
21,21,what_song,what_song,what is the information on this song,0.9892367720603943
21,21,what_song,what_song,what song is this one,0.9999823570251465
21,21,what_song,what_song,on the speaker do you know what song is on,0.9993459582328796
21,21,what_song,what_song,on the speaker what song is playing,0.9999649524688721
21,21,what_song,what_song,do you know what song is playing on the speaker,0.9999918937683105
21,21,what_song,what_song,at the moment what song is playing on the speaker,0.9999793767929077
21,21,what_song,what_song,what is playing on the speaker at the moment,0.9933938384056091
21,21,what_song,what_song,who is the singer on the speaker now,0.7855643630027771
21,150,what_song,change_volume,what kind of music on the speaker now,0.47865861654281616
137,137,international_fees,international_fees,will i be charged transaction fees if i use my american card internationally,0.9992904663085938
137,137,international_fees,international_fees,will i incur transaction fees if i use my american card internationally,0.999969482421875
137,137,international_fees,international_fees,do i have transaction fees if i use my american card internationally,0.9922078251838684
137,137,international_fees,international_fees,could you find out if my bank charges transaction fees on my american card if use internationally,0.9996881484985352
137,137,international_fees,international_fees,will the bank charge transaction fees if i use my american card internationally,0.9999946355819702
137,137,international_fees,international_fees,do i get charged extra for using my card in portland,0.9999042749404907
137,137,international_fees,international_fees,will i get charged for using my credit card in portland,0.4564403295516968
137,137,international_fees,international_fees,if i'm in portland can i still use my card without getting charged extra,0.7058331966400146
137,137,international_fees,international_fees,is there a fee for using my card in portland,0.9998103976249695
137,137,international_fees,international_fees,does using my card in portland charge me extra,0.9981604218482971
137,137,international_fees,international_fees,what are the transaction fees associated with my discover card if i am in rome,0.999687910079956
137,137,international_fees,international_fees,how many transaction fees are there when i use my discover card in rome,0.9993094205856323
137,137,international_fees,international_fees,are there transaction fees for discover cards used in rome,0.999140739440918
137,137,international_fees,international_fees,will using a discover card in rome cause transaction fees,0.9989811778068542
137,137,international_fees,international_fees,do i have transaction fees when i use my discover card in rome,0.9970003962516785
137,137,international_fees,international_fees,are there transaction fees using my discover if i'm in cuba,0.9999961853027344
137,137,international_fees,international_fees,when i go to cuba will there be a transaction fee for using my discover card,0.9898660778999329
137,137,international_fees,international_fees,is there a fee to use my card in france,0.9997014403343201
137,137,international_fees,international_fees,will i be charged a transaction fee on my discover card in cuba,0.635525643825531
137,137,international_fees,international_fees,is there a charge to use my card in france,0.9998238682746887
137,137,international_fees,international_fees,if i use my discover card in cuba are there transaction fees,0.9999704360961914
137,137,international_fees,international_fees,are there transaction fees in cuba for using my discover card,0.9999297857284546
137,137,international_fees,international_fees,so i get charged if i use my card in france,0.999728262424469
137,137,international_fees,international_fees,is there an international charge for using my card in france,0.9999850988388062
137,137,international_fees,international_fees,is there a fee if i use my card in france,0.9995656609535217
137,137,international_fees,international_fees,is there a charge to use my card in croatia,0.9999409914016724
137,87,international_fees,damaged_card,"in x, will i be charged to use my card",0.7404285669326782
137,137,international_fees,international_fees,"in x, what is the charge if i use my card",0.9864655137062073
137,137,international_fees,international_fees,"if i use my card in x, will there be a charge",0.9992475509643555
137,137,international_fees,international_fees,will it cost me anything to use my card in turin,0.9961491823196411
37,37,last_maintenance,last_maintenance,what was the date of my last car appointment,0.9999791383743286
37,37,last_maintenance,last_maintenance,was my car in the shop this past week,0.999823272228241
37,37,last_maintenance,last_maintenance,how many weeks ago was my car in the shop,0.9999188184738159
37,10,last_maintenance,smart_home,did i get my car inspected recently,0.7062137722969055
37,37,last_maintenance,last_maintenance,i cannot remember when i last took my car to the shop,0.9986428618431091
37,37,last_maintenance,last_maintenance,did i bring my car to the shop last week,0.9851282238960266
37,37,last_maintenance,last_maintenance,when did i get my car inspected last,0.986514151096344
37,37,last_maintenance,last_maintenance,give me the date that i last got my car checked,0.9479115009307861
37,37,last_maintenance,last_maintenance,did i take my car to the mechanics recently,0.9521841406822205
37,37,last_maintenance,last_maintenance,tell me when i got my car checked last,0.9971047043800354
37,37,last_maintenance,last_maintenance,when did i last take my car to the shop,0.9999808073043823
37,37,last_maintenance,last_maintenance,give me an exact date of when i took my car to the mechanic,0.9998512268066406
37,37,last_maintenance,last_maintenance,remind me of the last date that i got my car checked,0.9958521127700806
37,37,last_maintenance,last_maintenance,when was my last visit to the car shop,0.9999969005584717
37,37,last_maintenance,last_maintenance,when was my car last in the shop,0.9999881982803345
37,37,last_maintenance,last_maintenance,how long ago did i take my car to the shop,0.9997345805168152
37,37,last_maintenance,last_maintenance,how long has it been since i last took my car to the shop,0.9997833371162415
37,37,last_maintenance,last_maintenance,when did i take my car to the shop last,0.9999330043792725
37,37,last_maintenance,last_maintenance,give me the date of my last oil change,0.9996728897094727
37,37,last_maintenance,last_maintenance,tell me when i last had my oil changed,0.9998514652252197
37,37,last_maintenance,last_maintenance,when was my oil last changed,0.9994822144508362
37,37,last_maintenance,last_maintenance,what day did i last take my car to the shop,0.9997808337211609
37,131,last_maintenance,schedule_maintenance,have i recently had an oil change,0.9817560911178589
37,37,last_maintenance,last_maintenance,what was the date of the last time i took my car to the shop,0.9999066591262817
37,37,last_maintenance,last_maintenance,what day did i last take my car in,0.9998465776443481
37,37,last_maintenance,last_maintenance,tell me when my last oil change was,0.9998145699501038
37,37,last_maintenance,last_maintenance,i last got my oil changed when,0.970520555973053
37,37,last_maintenance,last_maintenance,what day did i last have the oil in my car changed,0.9999619722366333
37,37,last_maintenance,last_maintenance,what was the date of my last oil change,0.9999796152114868
37,37,last_maintenance,last_maintenance,i'd like to know the last time my car got looked at,0.9997934699058533
19,19,meeting_schedule,meeting_schedule,are there meetings scheduled for today,0.9999977350234985
19,19,meeting_schedule,meeting_schedule,check today's calendar for meetings,0.9983313679695129
19,19,meeting_schedule,meeting_schedule,check my schedule for meetings today,0.9969353675842285
19,19,meeting_schedule,meeting_schedule,list meetings on calendar for today,0.9999673366546631
19,19,meeting_schedule,meeting_schedule,exactly what time is my meeting with robin scheduled for on,0.9674693942070007
19,19,meeting_schedule,meeting_schedule,for what time is my meeting with marketing scheduled,0.9999169111251831
19,19,meeting_schedule,meeting_schedule,what time is my meeting with design team scheduled for,0.9999676942825317
19,19,meeting_schedule,meeting_schedule,when is my meeting with infrastructure,0.9999730587005615
19,19,meeting_schedule,meeting_schedule,when is my meeting with invoicing scheduled,0.9999910593032837
19,19,meeting_schedule,meeting_schedule,is the meeting with lisa today,0.9999575614929199
19,19,meeting_schedule,meeting_schedule,are there meetings from 1 to 5 pm,0.7589437961578369
19,19,meeting_schedule,meeting_schedule,when for i meet jane for our meeting,0.6433179974555969
19,19,meeting_schedule,meeting_schedule,tell me if i have a meeting with liz today,0.9971672892570496
19,18,meeting_schedule,schedule_meeting,is there a meeting with sam today,0.9399266242980957
19,19,meeting_schedule,meeting_schedule,do i have a meeting with paul today,0.9976843595504761
19,19,meeting_schedule,meeting_schedule,is there any meetings from 5 to 6 pm,0.9809869527816772
19,19,meeting_schedule,meeting_schedule,when is my meeting with jim scheduled for,0.999799907207489
19,19,meeting_schedule,meeting_schedule,are there any meetings between 2 and 5 pm,0.9978867173194885
19,19,meeting_schedule,meeting_schedule,is it possible i have a meeting with kim today,0.9598470330238342
19,19,meeting_schedule,meeting_schedule,my meeting with alice is scheduled for when,0.9998127818107605
19,19,meeting_schedule,meeting_schedule,when is my meeting with jack for,0.9995705485343933
19,19,meeting_schedule,meeting_schedule,when is my meeting with ann,0.9999383687973022
19,19,meeting_schedule,meeting_schedule,do i have any meetings between 1 and 8 pm,0.9997512698173523
19,19,meeting_schedule,meeting_schedule,i need to know if i have meetings from 3 to 6 pm,0.44401633739471436
19,19,meeting_schedule,meeting_schedule,do i have any meetings scheduled today,0.9999985694885254
19,19,meeting_schedule,meeting_schedule,give me a summary of today's meetings,0.9965760111808777
19,19,meeting_schedule,meeting_schedule,tell me when today's meeting is supposed to happen,0.9988698363304138
19,19,meeting_schedule,meeting_schedule,what time is today's meeting,0.9997852444648743
19,19,meeting_schedule,meeting_schedule,check the start time of the meeting scheduled for today,0.9999955892562866
19,19,meeting_schedule,meeting_schedule,am i supposed to attend any meetings today,0.9999988079071045
112,112,ingredients_list,ingredients_list,what food do you need to make lasagna,0.9973650574684143
112,112,ingredients_list,ingredients_list,what ingredients do you need to make lasagna,0.9999706745147705
112,112,ingredients_list,ingredients_list,what ingredients are needed to make lasgana,0.9999748468399048
112,112,ingredients_list,ingredients_list,what is needed to make lasagna,0.9132035970687866
112,104,ingredients_list,recipe,what is needed to cook lasagna,0.6516818404197693
112,104,ingredients_list,recipe,give me a recipe for tacos,0.9999872446060181
112,112,ingredients_list,ingredients_list,what ingredients are in tacos,0.9999842643737793
112,42,ingredients_list,oos,tell me what's in tacos,0.3908212184906006
112,104,ingredients_list,recipe,what's a good recipe foe tacos,0.9955535531044006
112,112,ingredients_list,ingredients_list,tell me the ingredients for making tom yum,0.999812662601471
112,112,ingredients_list,ingredients_list,i want to know the ingredients for making pizza,0.9734665155410767
112,112,ingredients_list,ingredients_list,let me know the ingredients i will need for pasta making,0.9977110624313354
112,112,ingredients_list,ingredients_list,what ingredients are necessary to make spaghetti carbonara,0.9999762773513794
112,112,ingredients_list,ingredients_list,what do i need to use to make lasagna,0.9798508286476135
112,112,ingredients_list,ingredients_list,how much flour do i need for a strawberry cake,0.9819633960723877
112,104,ingredients_list,recipe,tell me the ingredients to make an apple pie,0.9767593145370483
112,112,ingredients_list,ingredients_list,what ingredients are in beef jerkey,0.9999817609786987
112,112,ingredients_list,ingredients_list,what ingredients does agor agor need,0.9999697208404541
112,112,ingredients_list,ingredients_list,what do i need to make authentic kimchi,0.9954908490180969
112,112,ingredients_list,ingredients_list,what do i need to make macaroni,0.9779110550880432
112,43,ingredients_list,shopping_list,what do i need to buy for spaghetti,0.8536316752433777
112,43,ingredients_list,shopping_list,what am i gonna need for sushi,0.46731001138687134
112,112,ingredients_list,ingredients_list,what ingredients do i use for pork belly,0.9999860525131226
112,112,ingredients_list,ingredients_list,what ingredients are in filet mignon,0.9997368454933167
112,112,ingredients_list,ingredients_list,let me know what ingredients i need to make pasta,0.9996132254600525
112,112,ingredients_list,ingredients_list,what do i need to make pasta,0.9967502355575562
112,112,ingredients_list,ingredients_list,give me a list of ingredients for making pasta,0.999567449092865
112,112,ingredients_list,ingredients_list,pull up everything i need to make a pasta dish,0.4007449448108673
112,112,ingredients_list,ingredients_list,tell me all the things i need to buy to make pasta,0.988116979598999
112,112,ingredients_list,ingredients_list,what do i need to make brownies,0.9961745738983154
70,70,report_fraud,report_fraud,i want to report fraudulent activity on my navy federal card,0.9999887943267822
70,70,report_fraud,report_fraud,i would like to report fraudulent activity on my chase card,0.9999934434890747
70,70,report_fraud,report_fraud,i need to report fraudulent activity on my usaa card,0.9999982118606567
70,70,report_fraud,report_fraud,i have to report fraudulent activity on my bank of the west card,0.9999985694885254
70,70,report_fraud,report_fraud,i have to report fraudulent activity the bank of america card,0.9999969005584717
70,70,report_fraud,report_fraud,i seem to have a purchase that i didn't make from olive garden on my account,0.8364789485931396
70,16,report_fraud,order,my online bill has some items that i didn't purchase from penneys,0.6507374048233032
70,70,report_fraud,report_fraud,my account shows a transaction that i didn't make from foot locker,0.9306078553199768
70,111,report_fraud,pay_bill,my bill shows a purchase from payless shoes but i didn't buy anything,0.9139145016670227
70,2,report_fraud,account_blocked,i have some charges on my account from old navy that aren't mine,0.9846200346946716
70,42,report_fraud,oos,this charge is bs,0.4710462987422943
70,70,report_fraud,report_fraud,i have a bogus transaction from amazon on my account,0.6770621538162231
70,70,report_fraud,report_fraud,i have a fraudulent buy from dave's video on my account,0.9888911247253418
70,70,report_fraud,report_fraud,i have a crap transaction from guitar center on my account,0.9650013446807861
70,68,report_fraud,transactions,i think this transaction is bogus,0.5969719886779785
70,147,report_fraud,cancel,i don't remember buying this,0.44314292073249817
70,70,report_fraud,report_fraud,i have a bs transaction from ebay on my account,0.5085437893867493
70,70,report_fraud,report_fraud,i've got a fraudulent purchase from kayak on my account,0.9998078942298889
70,70,report_fraud,report_fraud,do i have a fraudulent transaction on my account,0.9998125433921814
70,70,report_fraud,report_fraud,i'm pretty sure i have a fraudulent transaction on my account,0.9995391368865967
70,70,report_fraud,report_fraud,there's a false charge on my account from mcdonald's,0.9993756413459778
70,70,report_fraud,report_fraud,i think there's a fraudulent charge from mcdonald's on my account,0.9999961853027344
70,2,report_fraud,account_blocked,i think someone jacked my bank account,0.9197561144828796
70,70,report_fraud,report_fraud,i saw suspicious activity on my bank account,0.9666668176651001
70,70,report_fraud,report_fraud,someone else used my account to buy stuff from mcdonald's,0.9634711742401123
70,70,report_fraud,report_fraud,there's a messed up transaction on my account from mcdonald's,0.9680118560791016
70,70,report_fraud,report_fraud,i saw a fraudulent transaction,0.9999288320541382
70,70,report_fraud,report_fraud,i have a false charge on my account from mcdonald's,0.9982377290725708
70,70,report_fraud,report_fraud,who do i contact to report fraud on my visa,0.9996135830879211
70,70,report_fraud,report_fraud,there has been unauthorized use of my visa,0.4716157615184784
31,31,measurement_conversion,measurement_conversion,how many teaspoons will make one tablespoon,0.8349542021751404
31,31,measurement_conversion,measurement_conversion,i need the conversion between a cup and a tablespoon,0.566041111946106
31,31,measurement_conversion,measurement_conversion,inform me how many pounds are in 10 kilos,0.9999761581420898
31,31,measurement_conversion,measurement_conversion,i wanna know how many pounds are in 10 kilos,0.9999752044677734
31,31,measurement_conversion,measurement_conversion,how do you convert kilos to pounds,0.9998834133148193
31,31,measurement_conversion,measurement_conversion,how many teaspoons is one tablespoon,0.9986366629600525
31,31,measurement_conversion,measurement_conversion,i need to convert kilos to pounds,0.9930778741836548
31,31,measurement_conversion,measurement_conversion,i need to know the conversion between teaspoons and tablespoons,0.9981058835983276
31,31,measurement_conversion,measurement_conversion,how many pounds are in 10 kilos,0.9999911785125732
31,31,measurement_conversion,measurement_conversion,can you assist me to convert kilos to pounds,0.9992389678955078
31,31,measurement_conversion,measurement_conversion,let me know how many pounds are in 10 kilos,0.9999619722366333
31,31,measurement_conversion,measurement_conversion,give me the conversion between ounces and cups,0.9999837875366211
31,31,measurement_conversion,measurement_conversion,help me convert kilos to pounds,0.9968935251235962
31,31,measurement_conversion,measurement_conversion,i need to know how many pounds are in 10 kilos,0.9998950958251953
31,31,measurement_conversion,measurement_conversion,i want to convert kilos to pounds,0.998304009437561
31,31,measurement_conversion,measurement_conversion,how can i convert centimeters to inches,0.9999955892562866
31,31,measurement_conversion,measurement_conversion,how would i change from centimeters to inches,0.9988487958908081
31,31,measurement_conversion,measurement_conversion,what can i use to convert from centimeters to inches,0.9989308714866638
31,31,measurement_conversion,measurement_conversion,how can you convert centimeters to inches,0.9999903440475464
31,31,measurement_conversion,measurement_conversion,how could we convert centimeters to inches,0.9999624490737915
31,24,measurement_conversion,traffic,how does measurement slugs convert to measurement lb,0.43234118819236755
31,31,measurement_conversion,measurement_conversion,how does measurement a convert to measurement b,0.5623167157173157
31,42,measurement_conversion,oos,where can i find measurement conversions,0.9808040261268616
31,31,measurement_conversion,measurement_conversion,how many ounces are in 4 pounds,0.9999778270721436
31,31,measurement_conversion,measurement_conversion,how many grams are in 9 kilograms,0.998680055141449
31,31,measurement_conversion,measurement_conversion,how many centimeters are in 12 meters,0.9999939203262329
31,31,measurement_conversion,measurement_conversion,how many inches are in 36 feet,0.9998898506164551
31,31,measurement_conversion,measurement_conversion,how many millimeters are in 21 centimeters,0.9997281432151794
31,31,measurement_conversion,measurement_conversion,how many milliliters are in 2 gallons,0.9798664450645447
31,31,measurement_conversion,measurement_conversion,how many liters are in 1 gallon,0.9966585636138916
10,10,smart_home,smart_home,i would like it if you would turn the bedroom lights on low until i'm finished reading,0.8367487788200378
10,10,smart_home,smart_home,i need you to turn the bathroom lights on,0.9999957084655762
10,10,smart_home,smart_home,set the ceiling fan to low,0.9999743700027466
10,10,smart_home,smart_home,start the dishwasher,0.7572592496871948
10,10,smart_home,smart_home,turn on the tv on channel 6,0.9991807341575623
10,32,smart_home,timer,turn on the microwave for 3 minutes,0.9599707126617432
10,10,smart_home,smart_home,"on the tv, turn on",0.8936678171157837
10,10,smart_home,smart_home,set the tv on,0.9999852180480957
10,10,smart_home,smart_home,how is the temperature at ac,0.9892323017120361
10,10,smart_home,smart_home,the tv turn it on,0.9998204112052917
10,10,smart_home,smart_home,oven set it to 350,0.9946734309196472
10,10,smart_home,smart_home,the temperature at ac is what,0.9991088509559631
10,10,smart_home,smart_home,tv turn it on,0.9984996318817139
10,10,smart_home,smart_home,350 set the oven,0.9963710308074951
10,10,smart_home,smart_home,the oven be set at 350,0.9899178147315979
10,10,smart_home,smart_home,turn the oven to 350,0.9999498128890991
10,5,smart_home,weather,"at ac, what's the temperature like",0.9897170066833496
10,10,smart_home,smart_home,ac temperature is at what,0.9030566811561584
10,10,smart_home,smart_home,turn on the tv,0.999991774559021
10,10,smart_home,smart_home,what is it like the temperature at ac,0.7412847876548767
10,10,smart_home,smart_home,"to 350, set the oven",0.9570222496986389
10,10,smart_home,smart_home,please turn the lights down low,0.9654553532600403
10,10,smart_home,smart_home,can you adjust the lights down,0.9980071187019348
10,147,smart_home,cancel,i want the light less bright please,0.4096989035606384
10,10,smart_home,smart_home,make the lights darker,0.9999127388000488
10,10,smart_home,smart_home,please set the oven to 350 f,0.9990226030349731
10,10,smart_home,smart_home,please set the temperature to 70 f,0.9999639987945557
10,10,smart_home,smart_home,set the oven temperature to 350,0.9999963045120239
10,10,smart_home,smart_home,i need the temperature set at 70 f,0.9998434782028198
10,10,smart_home,smart_home,turn up the oven temperature to 350,0.999167799949646
116,116,book_hotel,book_hotel,i really need you to find me a hotel with good reviews in phoenix,0.9999899864196777
116,116,book_hotel,book_hotel,i wanna book a place to stay in phoenix from the 5th to the 9th of march,0.9998652935028076
116,116,book_hotel,book_hotel,i wanna find a hotel with good reviews in phoenix,0.9999876022338867
116,116,book_hotel,book_hotel,i want a hotel in phoenix near chase field from january 4th to the 8th,0.9999953508377075
116,116,book_hotel,book_hotel,i would like to book a place to stay in phoenix from the 5th to the 9th of march,0.9997283816337585
116,116,book_hotel,book_hotel,i need a hotel in phoenix near chase field from january 4th to the 8th,0.999996542930603
116,116,book_hotel,book_hotel,i need a hotel room that is big enough for eleven people from march 10th to the 15th in phoenix,0.9996010661125183
116,116,book_hotel,book_hotel,i must get a hotel in phoenix near chase field from january 4th to the 8th,0.9999539852142334
116,116,book_hotel,book_hotel,go ahead and find me a hotel with good reviews in phoenix,0.9999865293502808
116,116,book_hotel,book_hotel,find me a hotel with good reviews in phoenix,0.9999797344207764
116,116,book_hotel,book_hotel,i need you to find me a hotel with good reviews in phoenix,0.9999933242797852
116,116,book_hotel,book_hotel,get me a hotel in phoenix near chase field from january 4th to the 8th,0.9999209642410278
116,116,book_hotel,book_hotel,i need to get a hotel in phoenix near chase field from january 4th to the 8th,0.9999351501464844
116,116,book_hotel,book_hotel,please book me a place to stay in phoenix from the 5th to the 9th of march,0.9997276663780212
116,116,book_hotel,book_hotel,i need to book a place to stay in phoenix from the 5th to the 9th of march,0.9991685152053833
116,116,book_hotel,book_hotel,i really gotta book a place to stay in phoenix from the 5th to the 9th of march,0.99979168176651
116,116,book_hotel,book_hotel,i need to get a hotel room that is big enough for eleven people from march 10th to the 15th in phoenix,0.9982395172119141
116,116,book_hotel,book_hotel,can you find me a reputable hotel in honolulu,0.9999855756759644
116,116,book_hotel,book_hotel,"i want a hotel with good review in honolulu, can you find one",0.9995243549346924
116,116,book_hotel,book_hotel,find for me a hotel with great reviews in ho chi minh,0.999994158744812
116,116,book_hotel,book_hotel,i need your help to find a good reviewed hotel in washington,0.9981226325035095
116,116,book_hotel,book_hotel,can you find me a good reviewed hotel in japan,0.9988095760345459
116,116,book_hotel,book_hotel,i need a hotel between january 1st through 3rd in jacksonville near the stadium,0.9995880722999573
116,116,book_hotel,book_hotel,find me a place to stay in jacksonville near the stadium from january 1st through 3rd,0.9997504353523254
116,116,book_hotel,book_hotel,book me a hotel in jacksonville near the stadium from january 1st to 3rd,0.9999595880508423
116,116,book_hotel,book_hotel,id like a room in jacksonville near the stadium between january 1st to 3rd,0.9499687552452087
116,116,book_hotel,book_hotel,find me a room near the jacksonville stadium between january 1st through january 3rd,0.5376207828521729
116,116,book_hotel,book_hotel,get me a hotel room big enough for 4 people from may 3 to may 5 in boston,0.9999350309371948
116,63,book_hotel,book_flight,i'm travelling to boston on march 2 until march 4 please make a hotel reservation for me,0.5560500025749207
116,116,book_hotel,book_hotel,i need a hotel room for 4 people from may 3 to may 5 in boston,0.9999855756759644
136,136,current_location,current_location,pull up the map and show my location,0.9990794658660889
136,136,current_location,current_location,where am i currently,0.9986442923545837
136,136,current_location,current_location,where is my current location,0.9985284805297852
136,136,current_location,current_location,what's my map location,0.9999489784240723
136,136,current_location,current_location,find my current location,0.9998188614845276
136,136,current_location,current_location,please tell me the current location,0.9932536482810974
136,136,current_location,current_location,i want to see my location on the map,0.9999055862426758
136,136,current_location,current_location,what's the location where i am,0.9998544454574585
136,136,current_location,current_location,can you tell me my current location,0.99992835521698
136,136,current_location,current_location,where am i located on the map,0.9998810291290283
136,136,current_location,current_location,where am i currently located,0.9993011951446533
136,136,current_location,current_location,show my location on the map,0.9998924732208252
136,42,current_location,oos,i am currently located in what town,0.5320292711257935
136,136,current_location,current_location,my current location is what,0.9947819113731384
136,136,current_location,current_location,give me my location,0.9996780157089233
136,136,current_location,current_location,tell me where i am,0.9997232556343079
136,136,current_location,current_location,whats my location,0.9987140893936157
136,136,current_location,current_location,show my position on the map,0.995984673500061
136,136,current_location,current_location,where is my location,0.9974761605262756
136,58,current_location,share_location,current location please,0.9058219790458679
136,136,current_location,current_location,display my location on the map,0.9999690055847168
136,136,current_location,current_location,where am i,0.9959309697151184
136,136,current_location,current_location,find out where i am on the map,0.9999513626098633
136,136,current_location,current_location,where am i on the map,0.9996910095214844
136,136,current_location,current_location,show me where i am on the map please,0.9999781847000122
136,58,current_location,share_location,open map and pin point my location,0.6176621317863464
136,136,current_location,current_location,show me my location,0.9999053478240967
136,42,current_location,oos,what could help me locate myself,0.8753106594085693
136,136,current_location,current_location,i need assistance with my current location,0.9349476099014282
136,136,current_location,current_location,where would i search for my location,0.9992150068283081
5,5,weather,weather,what is the weather,0.9997155070304871
5,5,weather,weather,current weather,0.9985591769218445
5,5,weather,weather,tell me the weather,0.9998070597648621
5,5,weather,weather,what's the weather like today,0.9966834187507629
5,5,weather,weather,what is the weather like,0.9999964237213135
5,5,weather,weather,show me what the weather is like,0.9998979568481445
5,5,weather,weather,let's take a look at the weather,0.9262049794197083
5,5,weather,weather,how is the weather looking in seattle,0.9994726777076721
5,5,weather,weather,how's the weather in seattle,0.9999781847000122
5,5,weather,weather,what is the state of the weather in seattle,0.9999206066131592
5,5,weather,weather,what is the weather forecast looking like for seattle,0.9999852180480957
5,5,weather,weather,what are the weather conditions like in seattle,0.9999971389770508
5,5,weather,weather,what is the weather doing now,0.9998041987419128
5,5,weather,weather,what kind of weather can i expect now,0.9983946681022644
5,5,weather,weather,tell me what the weather is looking like,0.9997698664665222
5,5,weather,weather,how is the weather,0.8227053284645081
5,5,weather,weather,can you tell me the weather forecast,0.9999896287918091
5,5,weather,weather,could you tell me what the weather is in austin,0.9998028874397278
5,5,weather,weather,what is the weather doing in austin,0.9999276399612427
5,5,weather,weather,what about the weather in austin,0.9999724626541138
5,5,weather,weather,how is the weather in austin,0.9980847835540771
5,5,weather,weather,what is happening with the weather in austin,0.9997343420982361
5,5,weather,weather,how is that weather,0.8696123957633972
5,5,weather,weather,how does the weather feel,0.9990133047103882
5,5,weather,weather,need to know the weather now,0.9997640252113342
5,5,weather,weather,give weather update now,0.998620867729187
5,5,weather,weather,want to know the weather,0.9998996257781982
5,5,weather,weather,tell me the weather for today,0.9851363897323608
5,5,weather,weather,what is the current weather like,0.9999536275863647
5,121,weather,maybe,las vegas weather today,0.6704933643341064
94,94,taxes,taxes,tell me what my federal taxes amount to,0.9999645948410034
94,94,taxes,taxes,what taxes do i owe,0.9997846484184265
94,94,taxes,taxes,lets talk about what my federal taxes look like,0.999991774559021
94,94,taxes,taxes,what taxes will i owe from my income,0.9998860359191895
94,94,taxes,taxes,whats the total of my taxes,0.9985455274581909
94,94,taxes,taxes,what do my federal taxes look like,0.9999918937683105
94,94,taxes,taxes,how much are the taxes on my income,0.9992362260818481
94,94,taxes,taxes,please share my federal taxes total with me,0.9924926161766052
94,94,taxes,taxes,how much in taxes will i owe,0.9998487234115601
94,94,taxes,taxes,what do my state taxes look like,0.999993085861206
94,94,taxes,taxes,whats the total of taxes from my income,0.9989511966705322
94,94,taxes,taxes,tell me how much my state taxes amount to,0.9999111890792847
94,94,taxes,taxes,whats the total of my federal taxes,0.9999790191650391
94,94,taxes,taxes,look up how much my state taxes are,0.999984622001648
94,94,taxes,taxes,talk to me about the total of my state taxes,0.9999533891677856
94,94,taxes,taxes,what am i paying in taxes,0.9993038177490234
94,94,taxes,taxes,what is the total of my state taxes,0.9999622106552124
94,94,taxes,taxes,how much do i owe the irs,0.9735322594642639
94,94,taxes,taxes,how much do i pay the irs,0.9914426207542419
94,94,taxes,taxes,do you know my state tax total,0.9999110698699951
94,93,taxes,income,what's the amount of taxes for my income,0.7169712781906128
94,93,taxes,income,how much are my taxes for my income,0.5710799098014832
94,94,taxes,taxes,i pay how much of taxes with my income,0.9556613564491272
94,94,taxes,taxes,how much is my state taxes,0.9999088048934937
94,94,taxes,taxes,i need the data and price from my state taxes,0.9988213181495667
94,94,taxes,taxes,do you know the price for my taxes in income,0.9960501790046692
94,94,taxes,taxes,what is the amount of my state taxes,0.9995796084403992
94,94,taxes,taxes,what is the price of my state taxes that i owe,0.9999017715454102
94,94,taxes,taxes,do you know the total for taxes for my income,0.9171565175056458
94,94,taxes,taxes,what should i squirrel away to pay in taxes,0.9986560344696045
143,143,min_payment,min_payment,i must pay verizon what minimum amount on my bill,0.9999850988388062
143,143,min_payment,min_payment,what is the lowest amount i must pay on my verizon bill,0.9772626757621765
143,27,min_payment,bill_balance,"at a minimum, what must i pay on my verizon bill",0.5378674864768982
143,143,min_payment,min_payment,what is my minimum verizon bill payment,0.994498074054718
143,27,min_payment,bill_balance,"what must i pay, at a minimum, on my verizon bill",0.8412914872169495
143,143,min_payment,min_payment,what's the least i can pay this month,0.9954173564910889
143,143,min_payment,min_payment,what is my amex minimum payment,0.9998970031738281
143,143,min_payment,min_payment,what's the minimum payment,0.9999397993087769
143,56,min_payment,bill_due,what is my minimum payment and when is it due,0.8341742157936096
143,143,min_payment,min_payment,is there a minimum payment i can make,0.9990253448486328
143,143,min_payment,min_payment,what is the lowest amount i can pay for my cellphone bill,0.9999871253967285
143,143,min_payment,min_payment,what is the lowest amount i can pay for my insurance bill,0.9999940395355225
143,143,min_payment,min_payment,what is the minimum i can pay on my credit card bill,0.9999831914901733
143,143,min_payment,min_payment,what is the lowest amount i can pay for my medical bill,0.9999922513961792
143,143,min_payment,min_payment,what is the minimum i can pay on my phone bill,0.9999984502792358
143,143,min_payment,min_payment,what is the minimum i can pay on my insurance bill,0.9999982118606567
143,143,min_payment,min_payment,what is the minimum i can pay on my electric bill,0.9999964237213135
143,143,min_payment,min_payment,what is the minimum i can pay on my gas bill,0.99997878074646
143,143,min_payment,min_payment,what is the lowest amount i can pay for my hospital bill,0.9999697208404541
143,143,min_payment,min_payment,what is the lowest amount i can pay for my car bill,0.9999920129776001
143,143,min_payment,min_payment,what is the minimum i can pay on my cell phone bill,0.9999970197677612
143,143,min_payment,min_payment,what is the minimum i can pay on my water bill,0.9999880790710449
143,143,min_payment,min_payment,what is the minimum i can pay on my heating bill,0.999991774559021
143,143,min_payment,min_payment,tell me the minimum i can pay on my utilities bill,0.9999895095825195
143,143,min_payment,min_payment,what is the minimum amount i can pay on my gas bill,0.9999955892562866
143,143,min_payment,min_payment,do you know the smallest amount i can pay on my water bill,0.9997557997703552
143,143,min_payment,min_payment,look up the lowest amount i can pay on my electricity bill,0.9999793767929077
143,143,min_payment,min_payment,what is the minimum payable amount for my rent bill this month,0.9999732971191406
143,143,min_payment,min_payment,what is the minimum payment on my water bill,0.9999938011169434
143,35,min_payment,balance,"if i wanted to spend the lowest for my electric bill, then how much would it be",0.4614483118057251
14,14,whisper_mode,whisper_mode,set whisper mode to off,0.9999933242797852
14,14,whisper_mode,whisper_mode,switch off whisper mode,0.9999978542327881
14,14,whisper_mode,whisper_mode,switch whisper mode off,0.9999985694885254
14,14,whisper_mode,whisper_mode,turn whisper mode off,0.9999985694885254
14,14,whisper_mode,whisper_mode,"whisper mode, please",0.9999096393585205
14,14,whisper_mode,whisper_mode,please start whisper mode,0.9999904632568359
14,14,whisper_mode,whisper_mode,switch over to whisper mode,0.9999974966049194
14,14,whisper_mode,whisper_mode,leave whisper mode,0.9999971389770508
14,14,whisper_mode,whisper_mode,revert from whisper mode,0.9998579025268555
14,14,whisper_mode,whisper_mode,whisper mode must be left,0.9999761581420898
14,14,whisper_mode,whisper_mode,change from whisper mode,0.9999773502349854
14,14,whisper_mode,whisper_mode,help to turn on whisper mode,0.9999264478683472
14,14,whisper_mode,whisper_mode,turn on whisper mode,0.9999914169311523
14,14,whisper_mode,whisper_mode,whisper mode,0.9999914169311523
14,14,whisper_mode,whisper_mode,start whisper mode,0.9999986886978149
14,14,whisper_mode,whisper_mode,go to whisper mode until this movie is over,0.9999916553497314
14,14,whisper_mode,whisper_mode,go to whisper mode until i say to go back to normal,0.9999549388885498
14,14,whisper_mode,whisper_mode,go into whisper mode until the plane lands,0.999966025352478
14,14,whisper_mode,whisper_mode,go to whisper mode for one hour,0.999990701675415
14,14,whisper_mode,whisper_mode,go to whisper mode until my morning alarm goes off,0.9993471503257751
14,14,whisper_mode,whisper_mode,make saound function operate in whisper mode,0.9999428987503052
14,14,whisper_mode,whisper_mode,change audio settings to the whisper option,0.9948920011520386
14,14,whisper_mode,whisper_mode,change audio to whisper mode,0.9999954700469971
14,14,whisper_mode,whisper_mode,i want to only use the whisper sound,0.9999802112579346
14,14,whisper_mode,whisper_mode,change sound setting to whisper,0.9996589422225952
14,14,whisper_mode,whisper_mode,change to something that's not whisper mode,0.9999475479125977
14,14,whisper_mode,whisper_mode,cancel whisper mode,0.999863862991333
14,14,whisper_mode,whisper_mode,get out of whisper mode,0.9999821186065674
14,14,whisper_mode,whisper_mode,"whisper mode, stop",0.9997051358222961
14,14,whisper_mode,whisper_mode,stop whisper mode,0.9999946355819702
147,147,cancel,cancel,stop what you're doing,0.9998608827590942
147,147,cancel,cancel,this process needs to stop,0.9940066337585449
147,147,cancel,cancel,stop this process,0.9999754428863525
147,147,cancel,cancel,"that was a mistake, undo that",0.9730541110038757
147,147,cancel,cancel,ignore the previous command,0.9973614811897278
147,147,cancel,cancel,forget what i told you to do,0.8425843715667725
147,147,cancel,cancel,please cancel the last input,0.9994024038314819
147,147,cancel,cancel,please stop the current process,0.9999631643295288
147,147,cancel,cancel,can you end the current process,0.9999749660491943
147,147,cancel,cancel,just stop talking,0.9999849796295166
147,147,cancel,cancel,please stop talking,0.9995670914649963
147,147,cancel,cancel,"stop, just stop",0.9999363422393799
147,147,cancel,cancel,you can stop talking ai,0.9918668866157532
147,147,cancel,cancel,stop the process,0.9999470710754395
147,147,cancel,cancel,can you turn off the process,0.9986979961395264
147,147,cancel,cancel,stop talking,0.999991774559021
147,147,cancel,cancel,you can cancel the task,0.9999282360076904
147,147,cancel,cancel,can you cancel that,0.9999552965164185
147,147,cancel,cancel,can you cancel that request,0.9998729228973389
147,147,cancel,cancel,"could you cancel that request, please",0.9996376037597656
147,147,cancel,cancel,"can you cancel that request, please",0.9994388222694397
147,147,cancel,cancel,"can you cancel that, please",0.9994115829467773
147,147,cancel,cancel,hush,0.43179503083229065
147,147,cancel,cancel,be quiet,0.9991527795791626
147,147,cancel,cancel,stop it now!,0.9999061822891235
147,147,cancel,cancel,stop talking you are annoying,0.9999855756759644
147,147,cancel,cancel,you need to shut it,0.5568732023239136
147,147,cancel,cancel,stop processing,0.9988688826560974
147,147,cancel,cancel,abort mission,0.9918991327285767
147,147,cancel,cancel,stop speaking,0.9999383687973022
59,59,international_visa,international_visa,are visas needed to travel to jamaica,0.31794998049736023
59,59,international_visa,international_visa,do i need a visa for south korea,0.9998705387115479
59,59,international_visa,international_visa,"if i go to columbia, will i need a visa",0.9998527765274048
59,52,international_visa,vaccines,are visas required to go to cuba,0.7201606631278992
59,59,international_visa,international_visa,do i need to apply for a visa for my trip to india,0.993327260017395
59,59,international_visa,international_visa,if i go to indonesia would i need a visa,0.9999597072601318
59,59,international_visa,international_visa,do i need a visa to travel to indonesia,0.9999911785125732
59,59,international_visa,international_visa,should i apply for a visa if i am traveling to mexico,0.9994506239891052
59,59,international_visa,international_visa,is a visa necessary for traveling to south africa,0.997352123260498
59,59,international_visa,international_visa,if i want to travel to singapore do i need a visa,0.9999843835830688
59,52,international_visa,vaccines,do americans need visas in canada,0.2964705228805542
59,59,international_visa,international_visa,would i need a visa in taiwan,0.9996017813682556
59,59,international_visa,international_visa,i'd like to go to malaysia so do i need a visa,0.9996721744537354
59,59,international_visa,international_visa,is a travel visa needed for thailand,0.9980844259262085
59,148,international_visa,pto_used,what are the visa requirements for brazil,0.3142525553703308
59,59,international_visa,international_visa,is a travel visa required to visit paraguay,0.9998313188552856
59,59,international_visa,international_visa,does travelling to st petersburg require a travel visa,0.9999703168869019
59,59,international_visa,international_visa,should i get a travel visa if i want to go to guyana,0.9999703168869019
59,59,international_visa,international_visa,will i be able to visit peru without a travel visa,0.9955286383628845
59,59,international_visa,international_visa,"if i want to go to x, do i need a travel visa",0.9999456405639648
59,59,international_visa,international_visa,can i get to cuba with this visa,0.8174322843551636
59,59,international_visa,international_visa,do i need a visa to get to puerto rico,0.9992883801460266
59,59,international_visa,international_visa,do i need a visa to go to colombia,0.999945878982544
59,59,international_visa,international_visa,do i need a states visa to get to cuba,0.9967963099479675
59,59,international_visa,international_visa,do i need a us visa for cuba,0.9999721050262451
59,59,international_visa,international_visa,if i get a visa can i travel to japan,0.9988608360290527
59,59,international_visa,international_visa,do i need a visa if i'm going to san jose,0.9993064403533936
59,59,international_visa,international_visa,do i need a visa to travel outside of the us,0.9990666508674622
59,137,international_visa,international_fees,are visas for international travel,0.8630704283714294
59,59,international_visa,international_visa,can you travel outside of the united states without a visa,0.8255197405815125
52,52,vaccines,vaccines,do i need to get any shots before i travel to morocco,0.9999904632568359
52,52,vaccines,vaccines,do i need to get any shots before i travel to south africa,0.9999926090240479
52,52,vaccines,vaccines,do i need to get any shots before i travel to zimbabwe,0.9999936819076538
52,52,vaccines,vaccines,do i need to get any shots before i travel to liberia,0.9999966621398926
52,52,vaccines,vaccines,do i need to get any shots before i travel to spain,0.9998445510864258
52,52,vaccines,vaccines,are there any required shots to travel to astana,0.9999732971191406
52,52,vaccines,vaccines,what shots do i need if i'm travelling to odessa,0.9903240203857422
52,52,vaccines,vaccines,are there any shots i need to travel to karachi,0.9999744892120361
52,52,vaccines,vaccines,are there any required shots in indonesia,0.8571212291717529
52,52,vaccines,vaccines,what are the required shots in mozambique,0.987410843372345
52,52,vaccines,vaccines,are more shots needed to travel to argentina,0.9998691082000732
52,52,vaccines,vaccines,what sorts of vaccinations should i get prior to a trip to hong kong,0.9997895359992981
52,52,vaccines,vaccines,before i embark on a trip to europe should i get more shots,0.9981368780136108
52,52,vaccines,vaccines,would you need more shots to go to mexico,0.9894269704818726
52,128,vaccines,travel_alert,is vaccination necessary for travel to asia,0.9332655668258667
52,52,vaccines,vaccines,"do you think my shots would be needed, before traveling to columbia",0.9704391360282898
52,103,vaccines,application_status,"will having my shots updated be a good idea, before i travel to south america",0.7157103419303894
52,52,vaccines,vaccines,should i have my shots up to date before i travel to the virgin islands,0.9992861151695251
52,55,vaccines,change_ai_name,"if you were traveling to indonesia, as i am, would you have your shots updated before your visit",0.3393271863460541
52,52,vaccines,vaccines,are shots required before traveling to china,0.9998822212219238
52,59,vaccines,international_visa,does cuba require vaccines,0.519793689250946
52,52,vaccines,vaccines,which vaccines are meant for cuba,0.9967066645622253
52,52,vaccines,vaccines,which vaccines will i need for cuba,0.992554247379303
52,52,vaccines,vaccines,do i need a vaccine for the congo,0.9414604306221008
52,52,vaccines,vaccines,vaccines for my trip to cuba,0.9856928586959839
52,52,vaccines,vaccines,are there vaccinations needed if i go there,0.9984252452850342
52,52,vaccines,vaccines,would vaccinations be needed if i go here,0.7809163331985474
52,52,vaccines,vaccines,"if i travel abroad, do i need vaccinations",0.9936210513114929
52,52,vaccines,vaccines,"if i travel here, do i need vaccinations",0.9992135763168335
52,52,vaccines,vaccines,do i need vaccinations if i go this country,0.9997304081916809
126,126,pto_balance,pto_balance,i would like to know my vacation days balance,0.9962239265441895
126,126,pto_balance,pto_balance,"give me vacation days remaining, please",0.9991605281829834
126,126,pto_balance,pto_balance,how many vacation days do i still have available,0.9999845027923584
126,126,pto_balance,pto_balance,please tell me the exact number of days i have still for vacation,0.9986203908920288
126,126,pto_balance,pto_balance,what's the number of vacation days i have left,0.9999257326126099
126,126,pto_balance,pto_balance,what amount of vacation days do i have,0.9999599456787109
126,148,pto_balance,pto_used,what is the number of pto days i have left,0.9884429574012756
126,148,pto_balance,pto_used,what amount of pto days do i have left,0.9965859651565552
126,126,pto_balance,pto_balance,what are the amount of vacation days i have,0.999923825263977
126,126,pto_balance,pto_balance,how much pto days do i have remaining,0.9999421834945679
126,126,pto_balance,pto_balance,what number of days do i have for vacation,0.9807611703872681
126,126,pto_balance,pto_balance,what is my remaining amount of pto days,0.7216624617576599
126,148,pto_balance,pto_used,what do my pto days amount to,0.9468615055084229
126,126,pto_balance,pto_balance,what do my vacation days amount to,0.965552568435669
126,126,pto_balance,pto_balance,how many days of vacation do i have left,0.999537467956543
126,126,pto_balance,pto_balance,what day am i on on vacation and how much do i got left,0.7832840085029602
126,126,pto_balance,pto_balance,how many vacation days are remaining on my time,0.998884379863739
126,126,pto_balance,pto_balance,how many days of vacation are left now,0.998354971408844
126,126,pto_balance,pto_balance,how many days on holiday do i have,0.9041573405265808
126,97,pto_balance,pto_request,can you see if i have any vacation days available for a request,0.9948021173477173
126,126,pto_balance,pto_balance,how much vacation time have i earned,0.9997456669807434
126,126,pto_balance,pto_balance,how much vacation time do i have,0.9998459815979004
126,126,pto_balance,pto_balance,how many weeks of vacation time have i earned,0.9998892545700073
126,126,pto_balance,pto_balance,how many weeks of vacation time do i have,0.9997524619102478
126,126,pto_balance,pto_balance,how many days can i take for vacation,0.974918782711029
126,126,pto_balance,pto_balance,what is the balance on my vacation days,0.5893070101737976
126,126,pto_balance,pto_balance,how many days are remaining on my vacation days,0.9992183446884155
126,126,pto_balance,pto_balance,so i have any vacation days left,0.9927076697349548
126,126,pto_balance,pto_balance,what is the year to date total on my vacation days,0.9978278279304504
126,126,pto_balance,pto_balance,how many sick days do i have,0.9476506114006042
72,72,directions,directions,how do i get downtown by foot,0.30509212613105774
72,72,directions,directions,how do i get to the subway by foot,0.9999890327453613
72,72,directions,directions,how do i get to the train by foot,0.9999879598617554
72,72,directions,directions,how do i get to central park by foot,0.9999692440032959
72,72,directions,directions,how do i get to the airport by foot,0.9998776912689209
72,72,directions,directions,where is the nearest wal mart,0.9973167777061462
72,72,directions,directions,i want directions to phoenix,0.9472070932388306
72,72,directions,directions,i must understand the nearest gas station to glendale,0.9949251413345337
72,72,directions,directions,i need some directions to phoenix,0.3446466326713562
72,72,directions,directions,give me directions to phoenix,0.9958236217498779
72,78,directions,distance,i must know the closest gas station to glendale,0.4950883686542511
72,72,directions,directions,where is the nearest fry's,0.9994114637374878
72,72,directions,directions,where is the nearest papa john's,0.9999284744262695
72,72,directions,directions,i would love to know the closest gas station to glendale,0.8983958959579468
72,72,directions,directions,get me directions to phoenix,0.7088869214057922
72,72,directions,directions,where is the nearest k mart,0.9998383522033691
72,72,directions,directions,where is the nearest circuit city,0.9999518394470215
72,72,directions,directions,let me know the nearest gas station to glendale,0.9831873774528503
72,78,directions,distance,where is the closest gas station to glendale,0.9948947429656982
72,72,directions,directions,where is the nearest movie theater to time' square,0.9996613264083862
72,72,directions,directions,where is the closest bathroom to the statue of liberty,0.9999719858169556
72,72,directions,directions,where is the closest mcdonald's to foxwoods casino,0.999683141708374
72,72,directions,directions,where is the nearest marijuana dispensary to kentucky fried chicken,0.9788525700569153
72,72,directions,directions,where is the closest hospital to madison square garden,0.9970080256462097
72,72,directions,directions,where is the closest pharmacy,0.9890435934066772
72,72,directions,directions,show me the nearest gas station,0.999083399772644
72,72,directions,directions,which hospital is nearest to me,0.9908146262168884
72,72,directions,directions,i need to know where the hospital closest to me is,0.9927259683609009
72,72,directions,directions,where is the nearest arco gas station to macdonalds,0.9972296357154846
72,72,directions,directions,find the closest cvs near galleria mall,0.9993911981582642
73,73,spelling,spelling,spell aaron,0.9943865537643433
73,73,spelling,spelling,how do you spell aaron,0.9999833106994629
73,73,spelling,spelling,spell the word aaron,0.9964590668678284
73,73,spelling,spelling,correct spelling for aaron,0.9984989166259766
73,73,spelling,spelling,spell aaron for me,0.9997630715370178
73,73,spelling,spelling,"i don't know how to spell apoplectic, can you tell me",0.9976840019226074
73,73,spelling,spelling,"what is the correct spelling of the word comity, since i do not know",0.9997864365577698
73,73,spelling,spelling,"do you know how to spell, bourgeois",0.5454915165901184
73,73,spelling,spelling,"how do you spell the word comity, i need to know",0.9913363456726074
73,73,spelling,spelling,i need to know how to spell the word serendipity,0.99998939037323
73,73,spelling,spelling,can you tell me the correct spelling of liaison,0.9999779462814331
73,73,spelling,spelling,what is the proper spelling of corporate,0.9679898619651794
73,73,spelling,spelling,please tell me how to spell the word coup,0.9999920129776001
73,73,spelling,spelling,i am not sure how to spell the word liaison,0.9995235204696655
73,73,spelling,spelling,"can you tell me how to spell the word schadenfreude, i don't know how it's spelt",0.9994367957115173
73,73,spelling,spelling,do you know how to spell curiosity,0.999954104423523
73,73,spelling,spelling,spell curiosity for me,0.9993945360183716
73,73,spelling,spelling,tell me how to spell curiosity,0.9999799728393555
73,73,spelling,spelling,i need to know the proper spelling of curiosity,0.9975394010543823
73,73,spelling,spelling,please tell me how curiosity is spelled,0.9993289709091187
73,73,spelling,spelling,"what's the proper way to spell ""helicopter",0.9998553991317749
73,138,spelling,calculator,"tell me how to spent ""frightened",0.9161019325256348
73,73,spelling,spelling,"can you spell ""fragile"" for me",0.9996545314788818
73,73,spelling,spelling,"can you spell out ""wonderful",0.9953952431678772
73,73,spelling,spelling,"i need to know how to spell ""miranda",0.9999817609786987
73,73,spelling,spelling,"i need help spelling ""exquisite",0.9652543067932129
73,73,spelling,spelling,"can you spell out ""annulment",0.9981130361557007
73,73,spelling,spelling,"how do you spell ""exactly",0.9999605417251587
73,73,spelling,spelling,"how do you spell ""montpelier",0.9999866485595703
73,73,spelling,spelling,"what's the right way to spell ""emolument",0.9997404217720032
82,82,greeting,greeting,how are you doing,0.9998331069946289
82,82,greeting,greeting,are you okay,0.9993983507156372
82,82,greeting,greeting,what are you feeling today,0.6105203032493591
82,95,greeting,date,is everything ok today,0.9656923413276672
82,82,greeting,greeting,are you doing alright,0.9994571805000305
82,82,greeting,greeting,"hello, how's your day",0.9979816675186157
82,82,greeting,greeting,"hey there, how are you today",0.9970809817314148
82,82,greeting,greeting,"hello, how is it going",0.9999287128448486
82,82,greeting,greeting,"hi there, how are you doing",0.9999866485595703
82,82,greeting,greeting,"hey, how are you",0.9999297857284546
82,82,greeting,greeting,"hey, what's up",0.9998836517333984
82,82,greeting,greeting,"hello, how are you doing",0.999988317489624
82,82,greeting,greeting,"hi, how are you",0.9981179237365723
82,82,greeting,greeting,"hi, how are you today",0.9902188181877136
82,82,greeting,greeting,"hello, how are things",0.9999524354934692
82,82,greeting,greeting,hey there,0.999966025352478
82,82,greeting,greeting,"hey, what's new",0.9932858347892761
82,114,greeting,goodbye,it is good to see you,0.8161852955818176
82,82,greeting,greeting,i'd like to know how you are doing,0.9989626407623291
82,82,greeting,greeting,hello there,0.999738872051239
82,82,greeting,greeting,tell me how you are doing,0.9996047616004944
82,82,greeting,greeting,"hello there, good morning",0.9977935552597046
82,82,greeting,greeting,let me know how you are doing,0.9971066117286682
82,82,greeting,greeting,well hi there,0.9964591860771179
82,82,greeting,greeting,i want to know how you are doing,0.9977091550827026
82,82,greeting,greeting,i need to know how you are doing today,0.8471445441246033
82,82,greeting,greeting,hello there ai,0.9991403818130493
82,82,greeting,greeting,will you tell me how the ai is doing,0.9985840320587158
82,82,greeting,greeting,would you tell me how the ai is doing,0.996002733707428
82,147,greeting,cancel,hola!,0.28876402974128723
88,88,reset_settings,reset_settings,so please reset your factory settings,0.998724639415741
88,88,reset_settings,reset_settings,i need your to reset to factory settings,0.9997966885566711
88,88,reset_settings,reset_settings,now reset your factory settings,0.9997499585151672
88,88,reset_settings,reset_settings,revert to the original configuration,0.9529016017913818
88,88,reset_settings,reset_settings,change back to the factory set up,0.9973794221878052
88,88,reset_settings,reset_settings,change all setting to original ones,0.7789023518562317
88,88,reset_settings,reset_settings,please reset to factory settings,0.9998841285705566
88,88,reset_settings,reset_settings,reset all settings to the factory settings,0.9997439980506897
88,88,reset_settings,reset_settings,can you please revert to factory settings at this time,0.9994074106216431
88,88,reset_settings,reset_settings,please remove current settings and go back to factory settings now,0.9643766283988953
88,88,reset_settings,reset_settings,please reset to factory settings at once,0.9992871880531311
88,88,reset_settings,reset_settings,"i would like you to change the settings back to factory default now, please",0.9998470544815063
88,88,reset_settings,reset_settings,adjust settings back to original factory settings immediately,0.9995563626289368
88,88,reset_settings,reset_settings,can you reset your factory settings,0.9998118281364441
88,88,reset_settings,reset_settings,could you please reset your factory settings,0.9990686774253845
88,88,reset_settings,reset_settings,your factory settings need to be reset,0.9986853003501892
88,88,reset_settings,reset_settings,go back to your manufacturers' settings,0.8070939183235168
88,57,reset_settings,who_do_you_work_for,prioritize to the settings you started with,0.41562020778656006
88,88,reset_settings,reset_settings,reset to your original settings,0.9990944862365723
88,88,reset_settings,reset_settings,restart your actions with the original settings you came with,0.9764463901519775
88,88,reset_settings,reset_settings,please rely on your original settings,0.962374210357666
88,88,reset_settings,reset_settings,can you return to the factory fresh settings,0.9997279047966003
88,88,reset_settings,reset_settings,please return to default settings,0.9988576173782349
88,88,reset_settings,reset_settings,revert to original settings,0.9983123540878296
88,14,reset_settings,whisper_mode,start over using factory setting,0.4926297664642334
88,88,reset_settings,reset_settings,go back to the default settings please,0.9708032608032227
88,88,reset_settings,reset_settings,revert to factory settings,0.9997522234916687
88,88,reset_settings,reset_settings,go back to factory settings,0.9988380074501038
88,88,reset_settings,reset_settings,please turn on factory settings,0.707524836063385
88,88,reset_settings,reset_settings,revert back to factory settings,0.9998950958251953
75,75,what_is_your_name,what_is_your_name,tell me what your name is,0.8004791140556335
75,77,what_is_your_name,where_are_you_from,what did they name you,0.30713388323783875
75,75,what_is_your_name,what_is_your_name,"hey, how do i call your attention",0.9973326921463013
75,75,what_is_your_name,what_is_your_name,what's your name,0.999751627445221
75,75,what_is_your_name,what_is_your_name,give me your name so i can use you,0.9991683959960938
75,75,what_is_your_name,what_is_your_name,how should i address you,0.9978203773498535
75,75,what_is_your_name,what_is_your_name,what do i call you,0.9929760694503784
75,75,what_is_your_name,what_is_your_name,what's your name anyway,0.9994032382965088
75,75,what_is_your_name,what_is_your_name,tell me what to call you,0.9989921450614929
75,75,what_is_your_name,what_is_your_name,can you tell me what you are called,0.9912302494049072
75,75,what_is_your_name,what_is_your_name,what should you be called,0.9992765784263611
75,75,what_is_your_name,what_is_your_name,what should i use when i refer to you,0.9516875743865967
75,75,what_is_your_name,what_is_your_name,how do you say your name,0.9996225833892822
75,75,what_is_your_name,what_is_your_name,what is your preferred name,0.888526976108551
75,75,what_is_your_name,what_is_your_name,what can i call you,0.9980769157409668
75,75,what_is_your_name,what_is_your_name,what name do you go by,0.9569846987724304
75,42,what_is_your_name,oos,who do i have the pleasure of speaking with,0.6556012630462646
75,75,what_is_your_name,what_is_your_name,may i have your name,0.9966037273406982
75,136,what_is_your_name,current_location,who am i speaking with,0.24971234798431396
75,75,what_is_your_name,what_is_your_name,and your name is,0.8711605668067932
75,75,what_is_your_name,what_is_your_name,"what do i call you, ai",0.7901593446731567
75,75,what_is_your_name,what_is_your_name,"what name do you go by, ai",0.9930263757705688
75,75,what_is_your_name,what_is_your_name,"ai, what is your name",0.9992392063140869
75,75,what_is_your_name,what_is_your_name,"what do they call you, ai",0.8898170590400696
75,75,what_is_your_name,what_is_your_name,"ai, what is your given name",0.9992870688438416
75,75,what_is_your_name,what_is_your_name,what name do you want me to use,0.9545309543609619
75,75,what_is_your_name,what_is_your_name,what do you like to be called,0.9994983673095703
75,75,what_is_your_name,what_is_your_name,what should i call you,0.9999042749404907
75,75,what_is_your_name,what_is_your_name,what would you like me to call you,0.9992380142211914
75,75,what_is_your_name,what_is_your_name,what is your name,0.9982494115829468
108,108,direct_deposit,direct_deposit,how do i set up a direct deposit,0.9999923706054688
108,108,direct_deposit,direct_deposit,how do i set up direct deposit,0.999997615814209
108,108,direct_deposit,direct_deposit,chase account direct deposit options,0.9995214939117432
108,108,direct_deposit,direct_deposit,set my paycheck to direct deposit to chase account,0.9999901056289673
108,108,direct_deposit,direct_deposit,activate direct deposit to chase account,0.9999892711639404
108,108,direct_deposit,direct_deposit,chase account options direct deposit,0.9999632835388184
108,108,direct_deposit,direct_deposit,bank options direct deposit,0.9999439716339111
108,108,direct_deposit,direct_deposit,how do i set up a direct deposit for my paycheck,0.999997615814209
108,108,direct_deposit,direct_deposit,how to activate direct deposit to chase account,0.9999841451644897
108,108,direct_deposit,direct_deposit,get my paycheck to direct deposit,0.9997454285621643
108,108,direct_deposit,direct_deposit,direct deposit,0.9998371601104736
108,108,direct_deposit,direct_deposit,i need a direct deposit,0.9998127818107605
108,108,direct_deposit,direct_deposit,can we get a direct deposit,0.9982277750968933
108,108,direct_deposit,direct_deposit,set up direct deposit,0.9999860525131226
108,108,direct_deposit,direct_deposit,i want to set up direct deposit,0.9999978542327881
108,108,direct_deposit,direct_deposit,setting up direct deposit,0.9999947547912598
108,108,direct_deposit,direct_deposit,how do i get my paycheck into direct deposit at nations bank,0.9999488592147827
108,108,direct_deposit,direct_deposit,could you tell me how to set up direct deposit for my check from work at nations bank,0.999946117401123
108,108,direct_deposit,direct_deposit,if i want to direct deposit my check into my nations bank account how do i do that,0.9995361566543579
108,108,direct_deposit,direct_deposit,i need to know how to do direct deposit with my paycheck at nations bank,0.999967098236084
108,108,direct_deposit,direct_deposit,could you tell me how to direct deposit my check from work into nations bank,0.9939581155776978
108,108,direct_deposit,direct_deposit,how does one set up direct deposit to my bank account,0.9999971389770508
108,108,direct_deposit,direct_deposit,what do i need to do to set up direct deposit,0.9999837875366211
108,108,direct_deposit,direct_deposit,what is the process of setting up direct deposit,0.9999949932098389
108,108,direct_deposit,direct_deposit,"if i want to set up direct deposit, how do i do it",0.9998726844787598
108,108,direct_deposit,direct_deposit,i'm not sure how to set up direct deposit,0.9999973773956299
108,108,direct_deposit,direct_deposit,can you tell me how to set up direct deposit,0.9999988079071045
108,127,direct_deposit,order_checks,"i'd like my checks to be deposited into my account directly, how do i do that",0.801976203918457
108,108,direct_deposit,direct_deposit,i'd like to set up direct deposit,0.9999974966049194
108,108,direct_deposit,direct_deposit,how do i set up my direct deposit,0.9999934434890747
7,7,interest_rate,interest_rate,what's my bank of america account getting in interest,0.5099455714225769
7,7,interest_rate,interest_rate,where do i see what interest my mortgage has,0.9844824075698853
7,7,interest_rate,interest_rate,is there somewhere my personal loan displays the interest rate i'm paying on it,0.9995742440223694
7,132,interest_rate,apr,what's the apr on my savings account,0.6216877698898315
7,7,interest_rate,interest_rate,what interest rate am i getting from bank of america,0.999996542930603
7,7,interest_rate,interest_rate,what interest rate am i getting from wells fargo,0.9999978542327881
7,7,interest_rate,interest_rate,what interest rate is bofi giving me on my cd,0.9997966885566711
7,7,interest_rate,interest_rate,how do i find the interest rate for my checking account,0.9999755620956421
7,7,interest_rate,interest_rate,what interest rate am i getting from citrix,0.999985933303833
7,7,interest_rate,interest_rate,how can i tell what the interest rate on my money market account is,0.9999881982803345
7,7,interest_rate,interest_rate,what's my checking account yielding in interest,0.7376062870025635
7,7,interest_rate,interest_rate,how much interest is my nfcu accrueing,0.9708582162857056
7,7,interest_rate,interest_rate,what interest rate am i getting from sunflower bank,0.9999926090240479
7,7,interest_rate,interest_rate,where do i go to find the interest rate on my savings account,0.999915361404419
7,7,interest_rate,interest_rate,what interest rate am i getting from nfcu,0.9999945163726807
7,7,interest_rate,interest_rate,for my savings account i would like to know the interest rate,0.9999699592590332
7,7,interest_rate,interest_rate,i need my checking account's interest rate,0.9999943971633911
7,7,interest_rate,interest_rate,tell me the interest for my savings account,0.9996182918548584
7,7,interest_rate,interest_rate,what's the interest rate on my savings account,0.9999929666519165
7,7,interest_rate,interest_rate,i want the interest rate for my checking account,0.9999852180480957
7,7,interest_rate,interest_rate,can i get the interest rate for my checking account,0.9999337196350098
7,7,interest_rate,interest_rate,i need to get the interest rate of my savings account,0.9994975328445435
7,7,interest_rate,interest_rate,what's my savings account interest,0.9959678649902344
7,7,interest_rate,interest_rate,what's my savings account interest rate,0.9999562501907349
7,7,interest_rate,interest_rate,i would like the interest rate for my savings account,0.9999873638153076
7,7,interest_rate,interest_rate,what amount of interest does my checking account earn,0.8500847816467285
7,35,interest_rate,balance,what does my checking account at chase earn in interest,0.9836682677268982
7,35,interest_rate,balance,what amount of interest does my checking account at chase earn,0.8424568176269531
7,7,interest_rate,interest_rate,what interest rate does my checking account come with,0.9999455213546753
7,7,interest_rate,interest_rate,what does chase pay in interest per year,0.9787443280220032
109,109,credit_limit_change,credit_limit_change,when can i change my credit limit,0.9997507929801941
109,109,credit_limit_change,credit_limit_change,can i change my credit limit,0.999992847442627
109,109,credit_limit_change,credit_limit_change,can i get more credit,0.7314822673797607
109,109,credit_limit_change,credit_limit_change,i need to change the credit limit i have,0.9998639822006226
109,109,credit_limit_change,credit_limit_change,you need to tell me how to increase credit limit for my chase card,0.9999498128890991
109,109,credit_limit_change,credit_limit_change,need to increase credit limit for chase card,0.9998724460601807
109,109,credit_limit_change,credit_limit_change,i need to increase credit limit for my chase card,0.9999905824661255
109,109,credit_limit_change,credit_limit_change,please tell me how to increase credit limit for the chase card,0.9998886585235596
109,109,credit_limit_change,credit_limit_change,tell me how to increase credit limit for chase card,0.9999258518218994
109,109,credit_limit_change,credit_limit_change,is it possible for me to increase my credit limit by 500 dollars,0.9999953508377075
109,109,credit_limit_change,credit_limit_change,can my credit limit be increased by 500 dollars,0.9999803304672241
109,109,credit_limit_change,credit_limit_change,"i would like to increase my credit limit, can i do so by 500 dollars",0.9998935461044312
109,109,credit_limit_change,credit_limit_change,may i increase my credit limit by 500 dollars,0.999985933303833
109,109,credit_limit_change,credit_limit_change,could i perhaps increase by credit limit by 500 dollars,0.9999079704284668
109,109,credit_limit_change,credit_limit_change,can i increase the credit limit on my mastercard,0.9999972581863403
109,109,credit_limit_change,credit_limit_change,can i increase the credit limit on my visa card,0.9999961853027344
109,109,credit_limit_change,credit_limit_change,can i increase the credit limit on my discover card,0.9999984502792358
109,109,credit_limit_change,credit_limit_change,can i increase the credit limit on my capital one card,0.9999957084655762
109,109,credit_limit_change,credit_limit_change,can i increase the credit limit on my travel rewards card,0.9999423027038574
109,109,credit_limit_change,credit_limit_change,how can i get my credit limit to be increased to $1000,0.9999608993530273
109,109,credit_limit_change,credit_limit_change,can you get my credit limit increased to $1000,0.999946117401123
109,109,credit_limit_change,credit_limit_change,how do i get my credit limit increased to $1000,0.9995704293251038
109,109,credit_limit_change,credit_limit_change,how do i ask for a limit increase on my discover card,0.9987444877624512
109,109,credit_limit_change,credit_limit_change,can i get my limit increased on my discover card,0.9994401335716248
109,109,credit_limit_change,credit_limit_change,how can i get a limit increase on my discover card,0.9999587535858154
109,109,credit_limit_change,credit_limit_change,who do i need to contact to ask for a credit limit increase on my discover card,0.9998726844787598
109,109,credit_limit_change,credit_limit_change,can you increase my credit limit to $1000,0.9999984502792358
109,109,credit_limit_change,credit_limit_change,can my credit limit be increased to $1000,0.9999551773071289
109,41,credit_limit_change,credit_limit,how do i adjust my credit limit,0.5852894186973572
109,109,credit_limit_change,credit_limit_change,how can i increase the credit limit on my discover card,0.9999948740005493
15,15,what_are_your_hobbies,what_are_your_hobbies,what are your hobbies exactly,0.999698281288147
15,15,what_are_your_hobbies,what_are_your_hobbies,what are your hobbies in life,0.9996622800827026
15,15,what_are_your_hobbies,what_are_your_hobbies,what are some of your hobbies,0.9998482465744019
15,15,what_are_your_hobbies,what_are_your_hobbies,i would like to know some of your hobbies,0.9998962879180908
15,15,what_are_your_hobbies,what_are_your_hobbies,would you give me examples of what some of your hobbies are,0.996422290802002
15,15,what_are_your_hobbies,what_are_your_hobbies,tell me what some of your hobbies are,0.9998165965080261
15,15,what_are_your_hobbies,what_are_your_hobbies,i am needing to know what some of your hobbies are,0.9985138773918152
15,15,what_are_your_hobbies,what_are_your_hobbies,i need you to talk to me about your hobbies,0.9961302280426025
15,15,what_are_your_hobbies,what_are_your_hobbies,would you tell me about your hobbies,0.9997835755348206
15,15,what_are_your_hobbies,what_are_your_hobbies,i want to talk to you about your hobbies,0.9976620674133301
15,15,what_are_your_hobbies,what_are_your_hobbies,give me examples of what some of your hobbies are,0.9989669322967529
15,15,what_are_your_hobbies,what_are_your_hobbies,what kinds of hobbies do you have,0.9951028823852539
15,15,what_are_your_hobbies,what_are_your_hobbies,what hobbies do you like to do,0.9999548196792603
15,15,what_are_your_hobbies,what_are_your_hobbies,would you tell me the hobbies the ai has,0.9608953595161438
15,15,what_are_your_hobbies,what_are_your_hobbies,what are the ai's hobbies,0.999626874923706
15,15,what_are_your_hobbies,what_are_your_hobbies,does the ai have hobbies,0.9983002543449402
15,15,what_are_your_hobbies,what_are_your_hobbies,what kind of hobbies does the ai have,0.9822006225585938
15,15,what_are_your_hobbies,what_are_your_hobbies,can you tell me what hobbies the ai has,0.9826654195785522
15,15,what_are_your_hobbies,what_are_your_hobbies,what do you engage in during your free time,0.9991446733474731
15,34,what_are_your_hobbies,do_you_have_pets,what kind of things to you like to outside of work,0.25881755352020264
15,15,what_are_your_hobbies,what_are_your_hobbies,what do you like to do during your leisure time,0.9970255494117737
15,15,what_are_your_hobbies,what_are_your_hobbies,what kinds of activities to you participate in during your free time,0.9996682405471802
15,138,what_are_your_hobbies,calculator,what do you do on off days,0.45655617117881775
15,15,what_are_your_hobbies,what_are_your_hobbies,how to you spend your free time,0.9997751116752625
15,57,what_are_your_hobbies,who_do_you_work_for,what do you do after work,0.5739611983299255
15,57,what_are_your_hobbies,who_do_you_work_for,what do you like to do besides work,0.39589425921440125
15,107,what_are_your_hobbies,yes,if you have hobbies tell me some of them,0.6302840709686279
15,15,what_are_your_hobbies,what_are_your_hobbies,what kind of hobbies are you interested in,0.9968544840812683
15,15,what_are_your_hobbies,what_are_your_hobbies,any hobbies you like to do,0.9999747276306152
15,15,what_are_your_hobbies,what_are_your_hobbies,what do you enjoy doing in your off time,0.9992237091064453
63,63,book_flight,book_flight,"book me a flight to jackson, mississippi from austin texas on american airlines",0.9999736547470093
63,72,book_flight,directions,book me a place to chicago from atlanta united airlines,0.936999499797821
63,63,book_flight,book_flight,can you book me a flight to memphis from st louis on delta airlines,0.9999493360519409
63,63,book_flight,book_flight,book a flight to los angeles from las vegas on american airlines,0.9997836947441101
63,63,book_flight,book_flight,"book me a flight to dallas from st, paul, minnesota on delta airlines",0.9998749494552612
63,63,book_flight,book_flight,i need a flight on delta from los angeles to seattle,0.994895875453949
63,63,book_flight,book_flight,i need to book a flight on jet blue to boston from new york,0.9953867793083191
63,63,book_flight,book_flight,can you get me a flight from san francisco to san jose using american airlines,0.9999039173126221
63,63,book_flight,book_flight,i want a flight from new york to san francisco using delta,0.9991983771324158
63,63,book_flight,book_flight,get me a flight from barcelona to paris from jet blue,0.9997628331184387
63,63,book_flight,book_flight,"""i'll be travelling from lax and headed to phl for 120 on the 10th of may",0.5622378587722778
63,63,book_flight,book_flight,"""i'm fly out from lax to phl this weekend for around $120",0.6278634667396545
63,24,book_flight,traffic,"""i""m headed out to lax and going to phl for a low price of $120 this weekend on the 12th",0.66025310754776
63,63,book_flight,book_flight,"""i'm going on a flight from lax and going to phl, which is only $120 on june 15th",0.9198786616325378
63,18,book_flight,schedule_meeting,"""i'll leave to lax and go to phl for $120 on nov 5th",0.5014982223510742
63,63,book_flight,book_flight,book me a flight from midway to jfk for less than 200 dollars,0.9998996257781982
63,63,book_flight,book_flight,i need a flight from boston to miami for under 300 dollars,0.9995009899139404
63,38,book_flight,exchange_rate,can i fly from atlanta to san francisco for less than 100 dollars,0.49621155858039856
63,63,book_flight,book_flight,book a flight from new york to la for less than 200 dollars,0.9983246922492981
63,63,book_flight,book_flight,find me a flight from seattle to detroit for less than 200 dollars,0.999415397644043
63,63,book_flight,book_flight,i want to a book a roundtrip flight from san antonio to dtw departing on friday and returning on wednesday,0.9991335272789001
63,63,book_flight,book_flight,i'm looking for a flight from billings to cleveland on may 2 and a return on may 9,0.997645914554596
63,63,book_flight,book_flight,i'm looking for flights that depart on the 3rd and return on z from monday to friday,0.9826998710632324
63,63,book_flight,book_flight,what roundtrip flights from orlando to vegas are available from thursday to monday,0.9999727010726929
63,63,book_flight,book_flight,are there any roundtrip flights from shanghai to seatac that depart on wednesday and return on the thirty first,0.9996668100357056
63,63,book_flight,book_flight,make sure i get a delta flight from pittsburgh to arizona,0.9963254332542419
63,63,book_flight,book_flight,book a delta flight to arizona from pittsburgh,0.9948542714118958
63,63,book_flight,book_flight,schedule a flight from pittsburgh to arizona on delta,0.9812673330307007
63,63,book_flight,book_flight,i want to fly to atlanta for under 300 from pittsburgh,0.8221518993377686
63,63,book_flight,book_flight,i need a flight for under 300 from pittsburgh to atlanta,0.9994163513183594
43,43,shopping_list,shopping_list,does my shopping list have pop tarts,0.9981523156166077
43,43,shopping_list,shopping_list,can you check to see if my shopping list already has milk,0.9984349608421326
43,76,shopping_list,reminder,did i remember to put oatmeal on my list,0.8590572476387024
43,48,shopping_list,todo_list,iterate over the items on my grocery list,0.9977846741676331
43,43,shopping_list,shopping_list,tell me what i have on my shopping list,0.9999632835388184
43,48,shopping_list,todo_list,do i have twinkies on the grocery list,0.8248909711837769
43,43,shopping_list,shopping_list,have i already got eggs down on the shopping list,0.9815954566001892
43,37,shopping_list,last_maintenance,recite the items i'm planning to purchase,0.2735562324523926
43,43,shopping_list,shopping_list,what do i currently have on my shopping list,0.9998810291290283
43,48,shopping_list,todo_list,what's on my to-buy list,0.9713776111602783
43,76,shopping_list,reminder,what's on my purchase list,0.8611893057823181
43,43,shopping_list,shopping_list,do i have to buy milk,0.9154669642448425
43,43,shopping_list,shopping_list,is milk on my shopping list,0.9991922974586487
43,43,shopping_list,shopping_list,is milk one of my shopping list items,0.9998224377632141
43,43,shopping_list,shopping_list,am i supposed to buy milk,0.950509250164032
43,16,shopping_list,order,is milk one of the things i need to buy,0.5189285278320312
43,43,shopping_list,shopping_list,tell me what's is on my shopping list,0.9999767541885376
43,43,shopping_list,shopping_list,please read my shopping list,0.999854326248169
43,125,shopping_list,shopping_list_update,did you put carrots on the shopping list,0.9511237144470215
43,43,shopping_list,shopping_list,does the shopping list have apples on it,0.9312638640403748
43,65,shopping_list,todo_list_update,are carrots added to the grocery list,0.9810581207275391
43,48,shopping_list,todo_list,is garlic on my grocery list,0.8870218396186829
43,43,shopping_list,shopping_list,did carrots get on my shopping list,0.916557252407074
43,43,shopping_list,shopping_list,what things are on my shopping list today,0.9997718930244446
43,43,shopping_list,shopping_list,tell me the items in my shopping list,0.9999539852142334
43,43,shopping_list,shopping_list,what does my shopping list contain,0.9999841451644897
43,43,shopping_list,shopping_list,i need to know what's on my shopping list,0.999901533126831
43,43,shopping_list,shopping_list,what is on the shopping list,0.9999759197235107
43,43,shopping_list,shopping_list,please let me know what is on my shopping list,0.9996565580368042
43,43,shopping_list,shopping_list,let me know what's on my shopping list,0.9998862743377686
26,26,text,text,"text chrissy, i'm on my way",0.9999959468841553
26,26,text,text,"text dave, i'll be there soon",0.9999954700469971
26,26,text,text,send davis a text i'll be there in a few,0.9999994039535522
26,26,text,text,text laura i'll be late for dinner,0.999991774559021
26,26,text,text,"text mike, ""i'm running late",0.9999384880065918
26,78,text,distance,tell jim i'm coming home soon,0.3199818730354309
26,19,text,meeting_schedule,i want to tell susan that the meeting has been cancelled,0.8277764320373535
26,121,text,maybe,tell fred that i don't have his guitar,0.9741686582565308
26,26,text,text,could you send a text to bill saying no,0.9996988773345947
26,26,text,text,text mark hello,0.9999572038650513
26,26,text,text,text emily,0.9999815225601196
26,26,text,text,please text john,0.9998816251754761
26,26,text,text,i want you to text mark,0.9997066855430603
26,26,text,text,get a text to mark,0.9999833106994629
26,26,text,text,can you text walt and tell him to meet me at the car wash,0.999599039554596
26,26,text,text,text courtney and inform her about the detour,0.9999701976776123
26,26,text,text,text dan and tell him to go home,0.9999915361404419
26,26,text,text,text samantha and let her know i will arrive in 10 minutes,0.9995846152305603
26,26,text,text,text katy and tell her i love her,0.9999954700469971
26,26,text,text,text jean and tell him to call work,0.9999891519546509
26,26,text,text,text steve and tell him i am running late,0.9999947547912598
26,26,text,text,i'd like you to text marie and let her know to meet me at the hospital,0.9961448907852173
26,26,text,text,text jeff and tell him to pay the bill,0.999651312828064
26,26,text,text,text mark and tell him to leave now,0.9999991655349731
26,26,text,text,send jack a text saying hi,0.9999955892562866
26,26,text,text,send a text that says hi to abby,0.9999996423721313
26,26,text,text,"i'd like to send a text to jack, say ""hi",0.9999856948852539
26,26,text,text,can you text dave and tell him i like his paper,0.9976402521133423
26,26,text,text,can you text mary and tell her she is amazing,0.9999920129776001
26,26,text,text,can you text bill and tell him i love him,0.9995381832122803
27,27,bill_balance,bill_balance,what do i owe to jcp,0.8404174447059631
27,41,bill_balance,credit_limit,what is the amount due on my visa,0.8610091209411621
27,27,bill_balance,bill_balance,how much do i owe visa,0.5224977135658264
27,27,bill_balance,bill_balance,how much do you think my rent and electric bills are,0.9998252987861633
27,85,bill_balance,confirm_reservation,what would you say my gas and phone bills are at,0.7489937543869019
27,74,bill_balance,insurance,i need to know the price of my car payment and insurance please,0.2389717400074005
27,27,bill_balance,bill_balance,what price is my credit card and my water bill at,0.8827020525932312
27,93,bill_balance,income,how much is my water and sewer,0.5532625317573547
27,27,bill_balance,bill_balance,how much do i need to pay for my electricity and water bills,0.9996539354324341
27,27,bill_balance,bill_balance,what is the cost of my rent and water bills,0.9999105930328369
27,27,bill_balance,bill_balance,how much are my rent and cable,0.9986257553100586
27,27,bill_balance,bill_balance,how much does my water and electricity cost,0.616380512714386
27,27,bill_balance,bill_balance,what do i owe this month on all my bills,0.999691367149353
27,27,bill_balance,bill_balance,"i think all my bills are paid, but can you double check",0.33859506249427795
27,105,bill_balance,calendar_update,"i think i owe about 100 left on my bills, am i forgetting anything",0.4463423490524292
27,27,bill_balance,bill_balance,what are my bills this month,0.8010510802268982
27,27,bill_balance,bill_balance,what does my cable bill look like,0.9990360736846924
27,27,bill_balance,bill_balance,has my electricity bill increased this month how much,0.9992548823356628
27,42,bill_balance,oos,how expensive is my internet,0.9967233538627625
27,27,bill_balance,bill_balance,how much will my monthly bill be,0.9845340251922607
27,27,bill_balance,bill_balance,what are my total bills this month,0.9900336861610413
27,27,bill_balance,bill_balance,what will i be paying for utilities this month,0.990321934223175
27,27,bill_balance,bill_balance,how much is my telephone bill this month,0.9995008707046509
27,27,bill_balance,bill_balance,how much is due for my water bill,0.9688910245895386
27,27,bill_balance,bill_balance,how much do i have to pay this month,0.9948428273200989
27,27,bill_balance,bill_balance,tell me my water bill please,0.8316765427589417
27,42,bill_balance,oos,is the phone bill the same as last month,0.7565957903862
27,64,bill_balance,insurance_change,whens my insurance due and how much does it cost,0.47336071729660034
27,27,bill_balance,bill_balance,how much is the car bill this month,0.9549711346626282
27,27,bill_balance,bill_balance,what is the electricity bill,0.9955264925956726
58,58,share_location,share_location,can i share my location with david,0.9996535778045654
58,58,share_location,share_location,please send my location to kevin and also to lucy,0.9992039799690247
58,58,share_location,share_location,how do i share my location with kate and mike,0.9997369647026062
58,58,share_location,share_location,can you let michael and julie know my location,0.9998950958251953
58,58,share_location,share_location,please let lisa and chris know my location information,0.9997754693031311
58,58,share_location,share_location,make my location available with david and kate,0.8904603123664856
58,58,share_location,share_location,i need to give my location to macy and george,0.9986740350723267
58,136,share_location,current_location,i'd like for this person to know my location,0.9977567791938782
58,136,share_location,current_location,can you indicate my location to my friend,0.8493250012397766
58,58,share_location,share_location,share my location with this person,0.9999433755874634
58,58,share_location,share_location,send my location to this individual,0.9994557499885559
58,136,share_location,current_location,what is my current location,0.9995025396347046
58,58,share_location,share_location,share location with john,0.999649167060852
58,58,share_location,share_location,give ann and scott my location,0.9989367127418518
58,58,share_location,share_location,could you inform ann and scott of my location,0.9997398257255554
58,58,share_location,share_location,let ann and scott know where i am,0.9994994401931763
58,58,share_location,share_location,will you make sure ann and scott know my location,0.9984039664268494
58,58,share_location,share_location,tell ann and scott where i am,0.9979865550994873
58,136,share_location,current_location,tell david my location,0.7719241380691528
58,58,share_location,share_location,send david my location,0.9983311295509338
58,58,share_location,share_location,tell my location to david,0.9989452958106995
58,136,share_location,current_location,tell david where i am,0.9648911356925964
58,58,share_location,share_location,share location with david,0.9980688691139221
58,72,share_location,directions,show allison how to get to me,0.9424295425415039
58,58,share_location,share_location,send my location to sis,0.9999332427978516
58,136,share_location,current_location,show cody where i am,0.7030898332595825
58,58,share_location,share_location,share my location to susan,0.9999817609786987
58,58,share_location,share_location,share my current location with kristen,0.9999116659164429
58,58,share_location,share_location,send sarah my current location,0.9993276596069336
58,58,share_location,share_location,please send my location to rob and mary,0.9997797608375549
6,6,redeem_rewards,redeem_rewards,how do i get stuff with visa points,0.8546009063720703
6,6,redeem_rewards,redeem_rewards,what are my mastercard points good for,0.6266180276870728
6,50,redeem_rewards,rewards_balance,how many points do i have to cash,0.39372485876083374
6,6,redeem_rewards,redeem_rewards,where can i cash out my card points,0.9996809959411621
6,6,redeem_rewards,redeem_rewards,what do i have to do to use my credit points acquired through purchases,0.9995402097702026
6,6,redeem_rewards,redeem_rewards,how do i use my card reward points for my next flight,0.9941073656082153
6,6,redeem_rewards,redeem_rewards,how do i go about getting cash for my card points accumulated,0.9999573230743408
6,6,redeem_rewards,redeem_rewards,tell me how to get my points from credit card use cashed in,0.9339268803596497
6,6,redeem_rewards,redeem_rewards,i want to use my card reward points,0.9996029734611511
6,6,redeem_rewards,redeem_rewards,can i redeem my points by transferring them to someone as a gift,0.9849939942359924
6,6,redeem_rewards,redeem_rewards,can i redeem my points on gas,0.8451232314109802
6,6,redeem_rewards,redeem_rewards,can i redeem my points for flights,0.8494651913642883
6,6,redeem_rewards,redeem_rewards,can i get cash back for my points,0.9977926015853882
6,6,redeem_rewards,redeem_rewards,can i use my points to pay my credit card,0.9999268054962158
6,50,redeem_rewards,rewards_balance,what are the steps to get my rewards for my visa card,0.97404545545578
6,6,redeem_rewards,redeem_rewards,how can i cash out my rewards for a visa card,0.9522954821586609
6,50,redeem_rewards,rewards_balance,how can i claim my rewards for my visa card,0.9964867830276489
6,50,redeem_rewards,rewards_balance,how can i get my rewards for my master card,0.9985063672065735
6,50,redeem_rewards,rewards_balance,where would i get my rewards for my master card,0.9998279809951782
6,6,redeem_rewards,redeem_rewards,let me cash my credit rewards,0.9840266704559326
6,6,redeem_rewards,redeem_rewards,help me redeem my reward points,0.9602189064025879
6,6,redeem_rewards,redeem_rewards,put in a request for cashing in credit points,0.6512094736099243
6,6,redeem_rewards,redeem_rewards,i want to use my credit rewards now,0.9951547384262085
6,6,redeem_rewards,redeem_rewards,i need to use my credit points,0.9980250597000122
6,6,redeem_rewards,redeem_rewards,i need to redeem my visa points,0.9462164640426636
6,6,redeem_rewards,redeem_rewards,whats the policy to redeem my visa reward points,0.9992013573646545
6,6,redeem_rewards,redeem_rewards,what can i get with my mastercard points,0.9993804693222046
6,6,redeem_rewards,redeem_rewards,how do i cash in my amex reward points,0.9999945163726807
6,6,redeem_rewards,redeem_rewards,how do i redeem my visa points,0.9764871001243591
6,6,redeem_rewards,redeem_rewards,i want to shop using credit card points,0.9990363121032715
106,106,play_music,play_music,play the song called baby shark,0.9990098476409912
106,106,play_music,play_music,play the song called wreckless love,0.9999723434448242
106,106,play_music,play_music,play the song called i want it that way,0.9999159574508667
106,106,play_music,play_music,play the song called dancing on the ceiling,0.9998369216918945
106,106,play_music,play_music,play the song called amazing grace,0.9997690320014954
106,14,play_music,whisper_mode,get me my slow sounds,0.4234870672225952
106,14,play_music,whisper_mode,let me hear my slow songs,0.1960684210062027
106,135,play_music,calories,pull up the songs under slow,0.3539053797721863
106,106,play_music,play_music,i want to hear my slow playlist,0.9489973783493042
106,86,play_music,cook_time,i'm in the mood for slow songs and nothing else,0.3844905197620392
106,106,play_music,play_music,"the song that goes, ""starships were meant to fly"", play it",0.7871901392936707
106,106,play_music,play_music,"please play that song that goes, ""starships were meant to fly",0.999819815158844
106,106,play_music,play_music,"play the song that goes, ""starships were meant to fly",0.999525785446167
106,106,play_music,play_music,"can you play the song that goes like, ""starships were meant to fly",0.9999822378158569
106,106,play_music,play_music,"will you play the song that goes like, ""starships were meant to fly",0.9997647404670715
106,150,play_music,change_volume,drop some beats,0.47541186213493347
106,10,play_music,smart_home,turn on top 20 country hits,0.6654731035232544
106,105,play_music,calendar_update,turn on my tunes,0.4021855294704437
106,106,play_music,play_music,please play music by acdc,0.9999986886978149
106,106,play_music,play_music,play oldschool rap,0.9999344348907471
106,106,play_music,play_music,put on some metallica music,0.9605151414871216
106,106,play_music,play_music,play music by ludacris,0.9999971389770508
106,21,play_music,what_song,bump some jams,0.4099961519241333
106,106,play_music,play_music,play ludacris hits,0.9981628060340881
106,106,play_music,play_music,play a song,0.9969889521598816
106,105,play_music,calendar_update,turn on metallicas greatest hits,0.2163936197757721
106,141,play_music,update_playlist,put on my 90s playlist,0.9939927458763123
106,106,play_music,play_music,can you play music by led zepplin,0.9999988079071045
106,106,play_music,play_music,lets play some music by korn,0.9999951124191284
106,106,play_music,play_music,do play the music by linkin park,0.9999390840530396
105,105,calendar_update,calendar_update,i need to add something to my calendar for next tuesday,0.9941260814666748
105,105,calendar_update,calendar_update,please clear my calendar,0.9967616200447083
105,105,calendar_update,calendar_update,take the doctor appointment off my calendar please,0.9998509883880615
105,105,calendar_update,calendar_update,can you add an event to my calendar,0.9998489618301392
105,105,calendar_update,calendar_update,erase all events on friday from my calendar,0.9999715089797974
105,105,calendar_update,calendar_update,remove jess's party from my calendar,0.9998067021369934
105,105,calendar_update,calendar_update,delete all calendar entries on march 3,0.9996169805526733
105,105,calendar_update,calendar_update,delete dentist from my calendar,0.999594509601593
105,105,calendar_update,calendar_update,cancel doctors appointment from my calendar,0.9943339824676514
105,105,calendar_update,calendar_update,erase meeting with jeff from my calendar,0.9969239830970764
105,105,calendar_update,calendar_update,clear my calendar on feb 28,0.9996496438980103
105,105,calendar_update,calendar_update,cancel event scheduled for this afternoon,0.9061992764472961
105,105,calendar_update,calendar_update,please take off my calendar on saturday the 6th birthday party for john,0.9999558925628662
105,105,calendar_update,calendar_update,i want to take the 8am meeting with sam on monday the 5th off my calendar,0.9995655417442322
105,105,calendar_update,calendar_update,please remove lunch with sally that is on my calendar on tuesday the 8th,0.9999465942382812
105,105,calendar_update,calendar_update,i need buy a birthday gift for sue taken off my calendar it is on monday or tuesday last week,0.9899439811706543
105,105,calendar_update,calendar_update,will you remove the dinner with june on saturday the 4th at 7pm from my calendar,0.9997840523719788
105,105,calendar_update,calendar_update,can you cancel improv class from my calendar for may 7th,0.9994291663169861
105,105,calendar_update,calendar_update,clear my calendar for may 3rd,0.9983357787132263
105,105,calendar_update,calendar_update,take work from my calendar for may 7th,0.9921100735664368
105,105,calendar_update,calendar_update,clear my calendar for september 6th,0.9994242191314697
105,105,calendar_update,calendar_update,delete jury duty from my calendar for may 7th,0.9999712705612183
105,105,calendar_update,calendar_update,remove fencing from my calendar for may 7th,0.9999593496322632
105,105,calendar_update,calendar_update,clear my calendar for february 29th,0.9998087286949158
105,105,calendar_update,calendar_update,clear my calendar for april 20th,0.9994422793388367
105,105,calendar_update,calendar_update,clear my calendar for november 11th,0.9996490478515625
105,105,calendar_update,calendar_update,remove wrestlemania from my calendar for may 7th,0.9999619722366333
105,42,calendar_update,oos,what can i do to get rid of this event,0.3503592908382416
105,42,calendar_update,oos,what is the best way to remove this appointment,0.9917064905166626
105,105,calendar_update,calendar_update,friday needs to be clear on my calendar,0.9997153878211975
117,117,are_you_a_bot,are_you_a_bot,tell me if you are a human or are a computer,0.9999730587005615
117,117,are_you_a_bot,are_you_a_bot,would you tell me if you are a human or are a computer,0.9999573230743408
117,117,are_you_a_bot,are_you_a_bot,provide me with the knowledge of whether you are a human or are a computer,0.9999740123748779
117,117,are_you_a_bot,are_you_a_bot,let me know if you are a human or are a computer,0.9995821118354797
117,117,are_you_a_bot,are_you_a_bot,i need to know whether you are a human or are a computer,0.9999734163284302
117,117,are_you_a_bot,are_you_a_bot,are you real,0.9999889135360718
117,117,are_you_a_bot,are_you_a_bot,can you tell me if your a bot,0.9977346658706665
117,117,are_you_a_bot,are_you_a_bot,i want to know if your a bot,0.9984180927276611
117,117,are_you_a_bot,are_you_a_bot,is this a bot,0.9974415302276611
117,117,are_you_a_bot,are_you_a_bot,i think your a bot,0.9995404481887817
117,117,are_you_a_bot,are_you_a_bot,is it true your a real person,0.999765932559967
117,117,are_you_a_bot,are_you_a_bot,are you a person that's real,0.9999901056289673
117,117,are_you_a_bot,are_you_a_bot,are you actually a person,0.99989914894104
117,117,are_you_a_bot,are_you_a_bot,are you really real,0.9999653100967407
117,117,are_you_a_bot,are_you_a_bot,your a bot aren't you,0.9990218877792358
117,117,are_you_a_bot,are_you_a_bot,could you be human,0.7991395592689514
117,117,are_you_a_bot,are_you_a_bot,could you be a person,0.9932411909103394
117,117,are_you_a_bot,are_you_a_bot,are you human,0.9996664524078369
117,117,are_you_a_bot,are_you_a_bot,are you a human or ai computer based,0.9999710321426392
117,117,are_you_a_bot,are_you_a_bot,would you call yourself a human or a computer,0.9999163150787354
117,117,are_you_a_bot,are_you_a_bot,how do you describe yourself: as a computer or a human,0.9970376491546631
117,117,are_you_a_bot,are_you_a_bot,are you computer or human,0.9999735355377197
117,117,are_you_a_bot,are_you_a_bot,would most people say you are a computer or a human,0.9999771118164062
117,117,are_you_a_bot,are_you_a_bot,are you real or a computer,0.9999940395355225
117,117,are_you_a_bot,are_you_a_bot,are you a computer generated voice,0.763235867023468
117,117,are_you_a_bot,are_you_a_bot,am i talking to a real live person,0.9995879530906677
117,117,are_you_a_bot,are_you_a_bot,is your voice from a human or is it synthesized,0.9967459440231323
117,117,are_you_a_bot,are_you_a_bot,are you a person or artificial intelligence,0.9998342990875244
117,117,are_you_a_bot,are_you_a_bot,could you tell me if you're a real person,0.9999456405639648
117,117,are_you_a_bot,are_you_a_bot,are you a person or robot,0.9999641180038452
110,110,gas,gas,can i get to work on my fuel tank,0.9973450303077698
110,78,gas,distance,can i get to susan's house with my current tank,0.36400744318962097
110,110,gas,gas,do i have enough gas to get home,0.9999415874481201
110,110,gas,gas,do i have enough fuel to travel to san diego from here,0.9961585402488708
110,110,gas,gas,will i make it to my current destination on this fuel tank,0.9438825249671936
110,110,gas,gas,can i make it to los angeles with this fuel level,0.2931080162525177
110,8,gas,gas_type,can i reach seattle with this amount of fuel,0.6273874640464783
110,110,gas,gas,do i have enough gas in my tank to make it to washington dc,0.9991652965545654
110,110,gas,gas,do i have enough gas in my car to make it to dallas,0.9972355961799622
110,110,gas,gas,will i run out of gas before i reach atlantic city,0.9651766419410706
110,110,gas,gas,tell me where my gas tank is,0.9999583959579468
110,110,gas,gas,where can i find my gas tank,0.999977707862854
110,110,gas,gas,where is my gas tank located,0.9999827146530151
110,110,gas,gas,how many gallons do i have left in my gas tank,0.9998373985290527
110,35,gas,balance,how's my gasoline how much do i have left,0.8603432178497314
110,110,gas,gas,what percentage full is my gas tank,0.9999250173568726
110,110,gas,gas,how full or empty is my tank of gas,0.9984945058822632
110,110,gas,gas,how much gas do i have left in my tank,0.9993311166763306
110,110,gas,gas,how full is my gas tank,0.99997878074646
110,110,gas,gas,how many more miles can i drive on my current tank,0.9807081818580627
110,110,gas,gas,how much gas is left in my car,0.9994319081306458
110,110,gas,gas,how full is the gas tank,0.9998773336410522
110,110,gas,gas,what does the gas meter read,0.9978103041648865
110,110,gas,gas,how much of the gas do i have left,0.9998689889907837
110,110,gas,gas,how much gas do i have here,0.9874323606491089
110,110,gas,gas,how much gas do i have in the tank,0.9998942613601685
110,110,gas,gas,can you tell me how much gas is in my tank,0.9999281167984009
110,110,gas,gas,tell me my gas tank levels,0.9998736381530762
110,110,gas,gas,what is the data of my gas tank,0.9999504089355469
110,110,gas,gas,how much gas do i have in my tank,0.9991421699523926
44,87,expiration_date,damaged_card,"i want to bring my card on the texas trip in june, will it be expired by then",0.9397602081298828
44,44,expiration_date,expiration_date,"what's the month, year, and day that my card expires",0.9999635219573975
44,44,expiration_date,expiration_date,"does my card ending in 1234, or any of my cards, expire soon",0.9742746353149414
44,42,expiration_date,oos,"does my card have an expiration date and if so, what is it",0.37207987904548645
44,90,expiration_date,replacement_card_duration,"when does my card expire, the one ending in 1234",0.7991582155227661
44,44,expiration_date,expiration_date,give me my credit card expiration date,0.9999724626541138
44,44,expiration_date,expiration_date,what is the expiration month and year on my credit car,0.948124885559082
44,44,expiration_date,expiration_date,when is the date of expiration for my first bank card,0.9961967468261719
44,44,expiration_date,expiration_date,what is the expiration month of my card,0.9999691247940063
44,44,expiration_date,expiration_date,what is the expiration date of my credit card,0.9999713897705078
44,44,expiration_date,expiration_date,let me know when my credit card expire,0.9999935626983643
44,44,expiration_date,expiration_date,when will my citi card expire,0.9834099411964417
44,44,expiration_date,expiration_date,when is my credit card expire,0.9999605417251587
44,44,expiration_date,expiration_date,when is the expiration month for my card,0.9981563687324524
44,44,expiration_date,expiration_date,when is the expiration date of my credit card,0.9998594522476196
44,44,expiration_date,expiration_date,what is the expiration date on my chase card,0.9991752505302429
44,44,expiration_date,expiration_date,when is the expiration date for me discover,0.9787967205047607
44,87,expiration_date,damaged_card,when it my citi card expired,0.5048589706420898
44,44,expiration_date,expiration_date,when is my card expired,0.442142128944397
44,44,expiration_date,expiration_date,tell me the expiration date on my credit card,0.9997531771659851
44,44,expiration_date,expiration_date,what month is my card expired in,0.9717066884040833
44,44,expiration_date,expiration_date,how soon does my credit card expire,0.9999781847000122
44,90,expiration_date,replacement_card_duration,when will my new credit card arrive,0.9903997778892517
44,44,expiration_date,expiration_date,what month does my credit card expire,0.9999039173126221
44,44,expiration_date,expiration_date,what is the date when my visa card will expire,0.9999970197677612
44,44,expiration_date,expiration_date,can you tell me what the date of expiry for my visa card is,0.9997171759605408
44,44,expiration_date,expiration_date,tell me the expiration date for my visa card,0.999954342842102
44,44,expiration_date,expiration_date,show me the expiration date for my visa card,0.9999353885650635
44,44,expiration_date,expiration_date,where should i look for my credit card expiration day,0.9976713061332703
44,44,expiration_date,expiration_date,when will my credit card no longer be good,0.9888064861297607
141,141,update_playlist,update_playlist,add to my motivational playlist rap god,0.9915083646774292
141,106,update_playlist,play_music,include rap god on the motivational playlist,0.5511651039123535
141,141,update_playlist,update_playlist,move rap god to my motivational playlist,0.8059954643249512
141,106,update_playlist,play_music,in my motivational playlist include the song rap god,0.844792366027832
141,141,update_playlist,update_playlist,add the song rap god to the motivational playlist,0.8766118288040161
141,141,update_playlist,update_playlist,i need this song on my meditation playlist,0.9993451237678528
141,141,update_playlist,update_playlist,i want the current song added to my pregame playlist,0.999419093132019
141,141,update_playlist,update_playlist,please put this song on my studying playlist,0.9997817873954773
141,141,update_playlist,update_playlist,please throw this song onto my cleaning playlist,0.9997360110282898
141,106,update_playlist,play_music,i would like the song playing right now put on my driving playlist,0.4918186366558075
141,141,update_playlist,update_playlist,i want this song on my pregame playlist,0.9995614886283875
141,141,update_playlist,update_playlist,please add this song to my study playlist,0.9999469518661499
141,141,update_playlist,update_playlist,can you add this song to my driving playlist,0.9999814033508301
141,141,update_playlist,update_playlist,will you be sure to add this current song to my sleep playlist,0.9999676942825317
141,141,update_playlist,update_playlist,please add the song i'm listening to right now to my relaxation playlist,0.9998729228973389
141,141,update_playlist,update_playlist,add this to my rock playlist,0.9998984336853027
141,141,update_playlist,update_playlist,add what im listening to to my rock playlist,0.9999486207962036
141,141,update_playlist,update_playlist,i want to put this on my rock playlist,0.9988455772399902
141,141,update_playlist,update_playlist,add current song to rock playlist,0.9997404217720032
141,141,update_playlist,update_playlist,add this song to my rock playlist,0.9999396800994873
141,141,update_playlist,update_playlist,please add this song to my country music playlist,0.9999904632568359
141,141,update_playlist,update_playlist,i am asking you to add this song to my country music playlist,0.9999767541885376
141,141,update_playlist,update_playlist,help me add this song to my country music playlist,0.999987006187439
141,141,update_playlist,update_playlist,can you add this song to my country music playlist,0.9999853372573853
141,141,update_playlist,update_playlist,this song needs to be added to my country music playlist,0.9953936338424683
141,141,update_playlist,update_playlist,this song i'm listening to would be great on my commute playlist,0.9905076026916504
141,141,update_playlist,update_playlist,i need this song on my jam playlist,0.9998571872711182
141,141,update_playlist,update_playlist,i want what i'm listening to to be added to my chill playlist,0.9990057349205017
141,141,update_playlist,update_playlist,i need what i'm listening to right now to be put on my exercise playlist,0.925898015499115
141,141,update_playlist,update_playlist,put what i'm listening to on my workout playlist,0.992820680141449
67,67,cancel_reservation,cancel_reservation,i do not actually need my reservation anymore,0.9994227886199951
67,67,cancel_reservation,cancel_reservation,i need to cancel my reservation for rob at red robin,0.9999116659164429
67,67,cancel_reservation,cancel_reservation,cancel my reservation for bob at red robin,0.9999812841415405
67,67,cancel_reservation,cancel_reservation,i do not want my reservation anymore,0.9889016151428223
67,67,cancel_reservation,cancel_reservation,i need you to cancel my reservation for 5 at red robin,0.9999339580535889
67,67,cancel_reservation,cancel_reservation,please cancel my reservation for tim at jb's,0.9999281167984009
67,67,cancel_reservation,cancel_reservation,i gotta cancel my reservation for barry at red robin,0.9999700784683228
67,67,cancel_reservation,cancel_reservation,i don't need the reservation anymore,0.9991890788078308
67,67,cancel_reservation,cancel_reservation,i want you to cancel my reservation for 5 at red robin,0.9998856782913208
67,67,cancel_reservation,cancel_reservation,i am not in need of my reservation anymore,0.9932352900505066
67,67,cancel_reservation,cancel_reservation,go ahead and cancel my reservation for 5 at red robin,0.9998975992202759
67,67,cancel_reservation,cancel_reservation,i wish to cancel my reservation for fred at red robin,0.9999532699584961
67,67,cancel_reservation,cancel_reservation,i no longer want my reservation anymore,0.9961420893669128
67,67,cancel_reservation,cancel_reservation,please cancel my reservation for 5 at red robin,0.9999828338623047
67,67,cancel_reservation,cancel_reservation,i need you to cancel my reservation for smith at the williams diner,0.9999526739120483
67,67,cancel_reservation,cancel_reservation,i want a cancellation of the dinner reservation for phillips at bernardin's,0.9891387820243835
67,67,cancel_reservation,cancel_reservation,please delete the reservation for roberts at village tavern,0.9920296669006348
67,67,cancel_reservation,cancel_reservation,could you cancel my reservation for winters at the palace tonight,0.999962329864502
67,67,cancel_reservation,cancel_reservation,i would like you to cancel the dinner reservation for williams at the palace tonight,0.9999409914016724
67,67,cancel_reservation,cancel_reservation,i have to cancel my reservation after all,0.999908447265625
67,67,cancel_reservation,cancel_reservation,"cancel my reservation for dinner tonight, please",0.9999921321868896
67,67,cancel_reservation,cancel_reservation,i need to cancel my reservation after all,0.9999929666519165
67,67,cancel_reservation,cancel_reservation,"i have to cancel my reservation after all, please",0.9998984336853027
67,67,cancel_reservation,cancel_reservation,"cancel my reservation for dinner this saturday, please",0.9999827146530151
67,67,cancel_reservation,cancel_reservation,"cancel my reservation for dinner this friday, please",0.9999904632568359
67,67,cancel_reservation,cancel_reservation,cancel my reservation for dinner this saturday,0.9999929666519165
67,67,cancel_reservation,cancel_reservation,cancel my reservation for dinner tonight,0.999987006187439
67,67,cancel_reservation,cancel_reservation,i have to cancel my reservation,0.9999781847000122
67,67,cancel_reservation,cancel_reservation,"i need to cancel my reservation after all, please",0.999988317489624
67,67,cancel_reservation,cancel_reservation,i need my dinner reservation canceled,0.9999597072601318
36,36,tell_joke,tell_joke,i would like to hear something funny,0.9998424053192139
36,36,tell_joke,tell_joke,do you have any monkey jokes,0.9991880059242249
36,36,tell_joke,tell_joke,know any dad jokes,0.9998518228530884
36,36,tell_joke,tell_joke,tell me a dog joke,0.9999971389770508
36,36,tell_joke,tell_joke,heard any good jokes,0.9999748468399048
36,36,tell_joke,tell_joke,i want to hear a joke about elephants,0.9999738931655884
36,36,tell_joke,tell_joke,i'd like to hear a lawyer joke,0.9508315920829773
36,36,tell_joke,tell_joke,tell me a blonde joke,0.9998134970664978
36,36,tell_joke,tell_joke,do you know any dad jokes,0.9997503161430359
36,36,tell_joke,tell_joke,tell me a joke about elephants,0.999992847442627
36,36,tell_joke,tell_joke,tell me a joke about the subject of sailing,0.999987006187439
36,36,tell_joke,tell_joke,give me a joke about water,0.9999914169311523
36,36,tell_joke,tell_joke,give me a joke about the topic of television,0.9999903440475464
36,36,tell_joke,tell_joke,give me a joke about the subject of bugs,0.9999608993530273
36,36,tell_joke,tell_joke,tell me a joke about the topic of mice,0.9999963045120239
36,36,tell_joke,tell_joke,i would like to hear a joke,0.9999901056289673
36,36,tell_joke,tell_joke,will you tell me a joke,0.9999986886978149
36,1,tell_joke,nutrition_info,let's hear a joke!,0.22013868391513824
36,36,tell_joke,tell_joke,"i could use a laugh, got any jokes",0.9998252987861633
36,36,tell_joke,tell_joke,can you tell me something funny about science,0.9999767541885376
36,36,tell_joke,tell_joke,can you share something funny about traveling,0.9991528987884521
36,36,tell_joke,tell_joke,i want to hear your best joke,0.9818904399871826
36,36,tell_joke,tell_joke,tell me a good joke,0.999997615814209
36,36,tell_joke,tell_joke,tell me something funny about horses,0.999994158744812
36,36,tell_joke,tell_joke,i want to hear something funny about history,0.9998519420623779
36,36,tell_joke,tell_joke,can you share a humorous joke with me,0.9992486834526062
36,36,tell_joke,tell_joke,i want to hear something funny about politicsi,0.998809814453125
36,36,tell_joke,tell_joke,let's hear a joke from you please,0.9540179371833801
36,36,tell_joke,tell_joke,tell me something funny about the middle ages,0.9817609190940857
36,36,tell_joke,tell_joke,do you know any jokes,0.9999724626541138
55,55,change_ai_name,change_ai_name,would it be possible to change your name to coraline,0.9999558925628662
55,55,change_ai_name,change_ai_name,would it be okay to change your name to daphne,0.999992847442627
55,55,change_ai_name,change_ai_name,id like to change your name to max,0.9998555183410645
55,75,change_ai_name,what_is_your_name,what do you think about changing your name to heath,0.7455759644508362
55,55,change_ai_name,change_ai_name,lets start calling you allan,0.9996343851089478
55,55,change_ai_name,change_ai_name,i would like to start calling you heath,0.9989246726036072
55,11,change_ai_name,user_name,what do you think about me calling you cora,0.9710949063301086
55,55,change_ai_name,change_ai_name,im going to call you xander,0.8972755670547485
55,55,change_ai_name,change_ai_name,can we change your name to clara,0.99998939037323
55,55,change_ai_name,change_ai_name,how about lets start calling you juliette,0.9940185546875
55,55,change_ai_name,change_ai_name,i want to start calling you owen,0.9981991648674011
55,55,change_ai_name,change_ai_name,can i call you arnold instead,0.5495675802230835
55,55,change_ai_name,change_ai_name,how about i call you sue,0.9958270192146301
55,55,change_ai_name,change_ai_name,can i start calling you fred,0.9996342658996582
55,55,change_ai_name,change_ai_name,can i rename you bob,0.9981924891471863
55,55,change_ai_name,change_ai_name,i want to rename you joe,0.9958584904670715
55,55,change_ai_name,change_ai_name,"your new name is joe, okay",0.9499307870864868
55,55,change_ai_name,change_ai_name,i'm going to start calling you joe,0.9970059990882874
55,82,change_ai_name,greeting,you are going to be called joe now,0.6664190292358398
55,18,change_ai_name,schedule_meeting,start responding to joe,0.34975507855415344
55,55,change_ai_name,change_ai_name,i'm changing your name to joe,0.8953506350517273
55,55,change_ai_name,change_ai_name,i'd like to start calling you buddy,0.9988921284675598
55,55,change_ai_name,change_ai_name,i'd like to start calling you jake,0.9976155757904053
55,55,change_ai_name,change_ai_name,i'd like to start calling you lover,0.9995392560958862
55,55,change_ai_name,change_ai_name,i'd like to start calling you friend,0.9877339601516724
55,55,change_ai_name,change_ai_name,i want to change your name to shelby,0.9999455213546753
55,55,change_ai_name,change_ai_name,i'd rather call you gloria,0.8941695690155029
55,55,change_ai_name,change_ai_name,i'm changing your name to goliath,0.8791813850402832
55,55,change_ai_name,change_ai_name,is it okay to change your name to samson,0.9999943971633911
55,55,change_ai_name,change_ai_name,can i call you james instead,0.7409548163414001
99,99,how_old_are_you,how_old_are_you,what your numerical digit to display as your age,0.5739287734031677
99,99,how_old_are_you,how_old_are_you,how old will you be,0.9957127571105957
99,99,how_old_are_you,how_old_are_you,how old will you be this year,0.9953059554100037
99,99,how_old_are_you,how_old_are_you,whats your age,0.9999655485153198
99,99,how_old_are_you,how_old_are_you,when is your birthday,0.9965169429779053
99,99,how_old_are_you,how_old_are_you,when were you made,0.9965808987617493
99,99,how_old_are_you,how_old_are_you,whats your age range,0.9999725818634033
99,99,how_old_are_you,how_old_are_you,could you tell me how old you are,0.999342143535614
99,99,how_old_are_you,how_old_are_you,would you tell me how old you are,0.9986656904220581
99,99,how_old_are_you,how_old_are_you,your date of birth,0.9986592531204224
99,124,how_old_are_you,thank_you,your birthday please,0.9016801118850708
99,99,how_old_are_you,how_old_are_you,can you tell me your birthday,0.9949305653572083
99,124,how_old_are_you,thank_you,whens your birthday,0.6699126362800598
99,77,how_old_are_you,where_are_you_from,what's your bday,0.6967411041259766
99,99,how_old_are_you,how_old_are_you,how old were you on your last birthday,0.9970235228538513
99,99,how_old_are_you,how_old_are_you,how many years have you been alive,0.9993250370025635
99,99,how_old_are_you,how_old_are_you,can i ask your age,0.9996672868728638
99,99,how_old_are_you,how_old_are_you,do you mind if i ask how old you are,0.9988970756530762
99,99,how_old_are_you,how_old_are_you,may i ask your age,0.9988077878952026
99,99,how_old_are_you,how_old_are_you,i need to know your age,0.9996542930603027
99,99,how_old_are_you,how_old_are_you,please tell me your age,0.9998461008071899
99,99,how_old_are_you,how_old_are_you,can you tell me your age,0.99994957447052
99,99,how_old_are_you,how_old_are_you,when's your birthday,0.9795188307762146
99,82,how_old_are_you,greeting,how young are you,0.9794231057167053
99,99,how_old_are_you,how_old_are_you,what's your age right now,0.9969269633293152
99,99,how_old_are_you,how_old_are_you,how old would you be,0.9801439642906189
99,99,how_old_are_you,how_old_are_you,do you know how old you are,0.9990204572677612
99,99,how_old_are_you,how_old_are_you,how old,0.9994792342185974
99,99,how_old_are_you,how_old_are_you,what's your date of birth,0.9998412132263184
99,99,how_old_are_you,how_old_are_you,how old are you turning,0.9994420409202576
40,39,car_rental,uber,i need to rent an suv in charlestown for the first week in june who do you suggest,0.3413872718811035
40,102,car_rental,how_busy,find a decent rental care for next week at the philadelphia airport,0.4060341417789459
40,40,car_rental,car_rental,who can i rent a car from next month in orlando,0.9999921321868896
40,40,car_rental,car_rental,"i need to rent a car kfor one week in ocean city, nj so who has the best deal",0.9963713884353638
40,40,car_rental,car_rental,"find me a car rental for the weekend in asheville, nc via priceline",0.9999721050262451
40,40,car_rental,car_rental,what is the phone number of the car rental place,0.7308892011642456
40,40,car_rental,car_rental,"book a rental car to rhode island for friday, tomorrow",0.9998879432678223
40,40,car_rental,car_rental,"alexa, book a rental car to los angeles county in 2 hours",0.9999852180480957
40,40,car_rental,car_rental,can you book a car rental today to new york city to philadelphia,0.999987006187439
40,40,car_rental,car_rental,book a car rental to miami florida today,0.9999203681945801
40,40,car_rental,car_rental,"siri, book a car rental to the poconos today right now",0.9981118440628052
40,40,car_rental,car_rental,where in syracuse can i book a car,0.9635986685752869
40,40,car_rental,car_rental,"in x, help me book a car",0.9334529042243958
40,40,car_rental,car_rental,book me a car rental in wichita,0.9999971389770508
40,40,car_rental,car_rental,how many places in dallas can i rent a car,0.9997710585594177
40,40,car_rental,car_rental,where can i rent a car in singapore,0.9999771118164062
40,116,car_rental,book_hotel,"march 2nd through march 18th, i'm going to need a jeep in frankfort",0.4788596034049988
40,40,car_rental,car_rental,rent a car for 3/1 through 3/3 in boston; i'd prefer an suv,0.9976304769515991
40,40,car_rental,car_rental,can i rent a sports car in augusta for 3/4 through 3/8,0.9999631643295288
40,40,car_rental,car_rental,"in tampa, i'd like to rent a sedan from 4/1 until 4/5",0.9605735540390015
40,40,car_rental,car_rental,i'm going to need a coupe car in sedona from 5/1 until 5/4,0.9367644786834717
40,40,car_rental,car_rental,schedule a rental car starting monday the 5th thru friday the 9th at rent a car in town,0.9997162222862244
40,40,car_rental,car_rental,"can you find a rental car for me that is available this monday through thursday , any make will do",0.9126390814781189
40,40,car_rental,car_rental,i need to rent a car from traveler's rent a car downtown and make it from friday the 6th to monday the 9th cheapest available,0.9999005794525146
40,40,car_rental,car_rental,i want a rental car that is available tomorrow and that i can keep for four days please find me one,0.7632849216461182
40,40,car_rental,car_rental,"find me a rental car for next week , from friday the 5th thru monday the 8th, any kind",0.9985924363136292
40,40,car_rental,car_rental,i need to rent a car for may 8th to may 25th in danville and i'd like a ford,0.9999611377716064
40,40,car_rental,car_rental,i need to rent a car for may 10th to may 15th in lizton and i'd like a bmw,0.9999103546142578
40,40,car_rental,car_rental,i need to rent a car for may 3rd to may 5th in indianapolis and i'd like a mercedes,0.9999754428863525
40,40,car_rental,car_rental,i need to rent a car for may 11thto may 13th in chicago and i'd like a coupe,0.9998738765716553
17,17,jump_start,jump_start,what should i do to get my car jump started,0.9975041747093201
17,17,jump_start,jump_start,what do i need to do to get my car jump started,0.9994658827781677
17,17,jump_start,jump_start,how can i go about jump starting my car,0.9998419284820557
17,17,jump_start,jump_start,what steps should be taken to jump start a car,0.9998093247413635
17,17,jump_start,jump_start,what can i do to jump start my car,0.9999312162399292
17,17,jump_start,jump_start,how do i jump start my car,0.9999922513961792
17,17,jump_start,jump_start,i need to know how to get my car jump started,0.9994428753852844
17,17,jump_start,jump_start,my car needs a jump start; what do i need to do,0.9996103644371033
17,17,jump_start,jump_start,tell me how to jump start my car,0.9999967813491821
17,17,jump_start,jump_start,what steps should i take if i think my car battery is dead,0.9999253749847412
17,89,jump_start,pin_change,"i'm almost certain my car battery died, please tell me what to do",0.5955477356910706
17,17,jump_start,jump_start,please give me a quick tutorial on jump starting my car,0.9998875856399536
17,17,jump_start,jump_start,"will you guide me through the process to jump start my car, please",0.9868778586387634
17,17,jump_start,jump_start,what steps do i need to follow to jump start my car,0.9987313151359558
17,17,jump_start,jump_start,what do i do if my car battery died,0.9991135001182556
17,17,jump_start,jump_start,what do i do if i suspect my car battery is dead,0.9998956918716431
17,17,jump_start,jump_start,i need instructions to walk me through jump starting my car,0.9998637437820435
17,17,jump_start,jump_start,"i believe that my car battery has died, what do i do next",0.9871086478233337
17,17,jump_start,jump_start,"can you give me instructions on how to jump start my car, please",0.9960623383522034
17,17,jump_start,jump_start,i wanna know how to jump start my car,0.9999977350234985
17,17,jump_start,jump_start,what do i do now that my battery is dead,0.9972445964813232
17,17,jump_start,jump_start,my car battery is dead what do i do,0.9998382329940796
17,17,jump_start,jump_start,i would like to jump start my car,0.999946117401123
17,17,jump_start,jump_start,i really need to jump start my car,0.999365508556366
17,17,jump_start,jump_start,what should i do now that my car battery is dead,0.9999707937240601
17,17,jump_start,jump_start,what do i need to do now that my battery is dead,0.9990646243095398
17,17,jump_start,jump_start,i have to jump start my car,0.9998358488082886
17,17,jump_start,jump_start,what shall i do now that my battery is dead,0.999789297580719
17,17,jump_start,jump_start,i gotta jump start my car,0.9988081455230713
17,17,jump_start,jump_start,what is the process for jump starting my car,0.9999890327453613
46,46,meal_suggestion,meal_suggestion,what's a good italian meal,0.998571515083313
46,46,meal_suggestion,meal_suggestion,i'm looking for a meal that's from the asian cuisine,0.9968850016593933
46,46,meal_suggestion,meal_suggestion,i'm feeling like a greek meal and need some suggestions,0.995927631855011
46,46,meal_suggestion,meal_suggestion,"indian cuisine suits me and i'd like a meal suggestion, please",0.9999499320983887
46,42,meal_suggestion,oos,"what's a good, popular american meal",0.7207688093185425
46,46,meal_suggestion,meal_suggestion,i'd like a meal suggestion from thailand,0.9998544454574585
46,46,meal_suggestion,meal_suggestion,tell me what meal to eat from texas,0.8912872076034546
46,46,meal_suggestion,meal_suggestion,can you give me a meal suggestion from the south,0.9999768733978271
46,46,meal_suggestion,meal_suggestion,i want to try a meal from ireland,0.9999775886535645
46,46,meal_suggestion,meal_suggestion,i want a meal from vietnam to be suggested to me,0.843742847442627
46,46,meal_suggestion,meal_suggestion,what are good thai dishes,0.6944623589515686
46,107,meal_suggestion,yes,i would like thai food,0.7401164174079895
46,14,meal_suggestion,whisper_mode,can you recommend thai food,0.938497006893158
46,16,meal_suggestion,order,i need a thai food suggestion,0.680832028388977
46,145,meal_suggestion,restaurant_suggestion,thai food suggestions,0.24631358683109283
46,29,meal_suggestion,change_language,i need options or italian tonight,0.9472916722297668
46,46,meal_suggestion,meal_suggestion,do you have any recommendations for korean,0.8536391854286194
46,46,meal_suggestion,meal_suggestion,do you have any ideas for a mexican meal,0.9999908208847046
46,46,meal_suggestion,meal_suggestion,what kind of indian would you recommend,0.811255693435669
46,46,meal_suggestion,meal_suggestion,what would you suggest for japanese,0.9989226460456848
46,46,meal_suggestion,meal_suggestion,i need to know what's good for chinese around here,0.9543656706809998
46,46,meal_suggestion,meal_suggestion,i want to make something from ethiopia for dinner,0.9855497479438782
46,46,meal_suggestion,meal_suggestion,i need some ideas for a mexican meal,0.9999837875366211
46,1,meal_suggestion,nutrition_info,i want to eat something from turkey,0.32362863421440125
46,46,meal_suggestion,meal_suggestion,i need a good italian dish,0.752936065196991
46,46,meal_suggestion,meal_suggestion,i need a good meal idea from italy,0.9857725501060486
46,61,meal_suggestion,translate,do you have any suggested roman recipes,0.9243824481964111
46,46,meal_suggestion,meal_suggestion,can you give me a american dinner suggestion,0.9999747276306152
46,46,meal_suggestion,meal_suggestion,tell me what to make for dinner,0.9997034668922424
46,46,meal_suggestion,meal_suggestion,do you know what is for dinner,0.9991725087165833
104,112,recipe,ingredients_list,what do i need to do to cook a chicken,0.5627380013465881
104,18,recipe,schedule_meeting,how do i go about cooking a 10lb turkey,0.9748767614364624
104,112,recipe,ingredients_list,how do i get started making homemade pizza dough,0.6444551944732666
104,112,recipe,ingredients_list,what instructions do i need to bake a cake from scratch,0.9994776844978333
104,104,recipe,recipe,how do i make lasagna,0.999639630317688
104,104,recipe,recipe,how do you make pasta,0.9986924529075623
104,104,recipe,recipe,how do you prepare omelet,0.8436053395271301
104,104,recipe,recipe,how do you prepare taco,0.8941007852554321
104,104,recipe,recipe,how do you make fried rice,0.9823493361473083
104,147,recipe,cancel,how do you cooked eggs,0.315778911113739
104,104,recipe,recipe,what's a good chili recipe,0.9999639987945557
104,104,recipe,recipe,i need a recipe for chili,0.9999319314956665
104,104,recipe,recipe,search for chili recipes,0.8622727990150452
104,104,recipe,recipe,search for a chili recipe for me,0.9999527931213379
104,104,recipe,recipe,find me a recipe for chili,0.9999927282333374
104,73,recipe,spelling,show me ideas for hamburger,0.505414605140686
104,83,recipe,alarm,can you get me recipes for eggs please,0.6517507433891296
104,104,recipe,recipe,show me how to make tuna casserole please,0.9982439279556274
104,14,recipe,whisper_mode,recipes for garlic bread please,0.34657207131385803
104,104,recipe,recipe,please tell me a recipe for this meal,0.9282186627388
104,104,recipe,recipe,can you find me a pork recipe,0.9999814033508301
104,104,recipe,recipe,can you find me a brisket recipe,0.9995697140693665
104,104,recipe,recipe,can you find me a rice recipe,0.9998561143875122
104,104,recipe,recipe,can you find me a salsa recipe,0.9995131492614746
104,104,recipe,recipe,scan you find me a chicken recipe,0.9998605251312256
104,104,recipe,recipe,i need a pasta recipe,0.996239423751831
104,104,recipe,recipe,i want a recipe for roasted veggies,0.9998043179512024
104,104,recipe,recipe,what is in a burrito recipe,0.9823982119560242
104,104,recipe,recipe,give me a tuna salad recipe,0.9984405636787415
104,104,recipe,recipe,find a recipe for baked ziti,0.9958475232124329
93,93,income,income,how much money do i make,0.9995591044425964
93,93,income,income,how much money do i earn,0.9998070597648621
93,93,income,income,what amount of money do i earn,0.9994089603424072
93,93,income,income,what do i take home,0.5167778730392456
93,93,income,income,how much do i take home yearly,0.9999096393585205
93,93,income,income,how much do i earn,0.9993347525596619
93,93,income,income,what's my yearly salary,0.9997907280921936
93,93,income,income,what's my salary,0.9999827146530151
93,93,income,income,how much do i earn a year,0.9995335340499878
93,93,income,income,what do i make annually,0.9992840886116028
93,93,income,income,what do i bring in over a year,0.9997535347938538
93,68,income,transactions,please tell me what amount i'm earning,0.5039823651313782
93,93,income,income,can you please tell me my income,0.9999558925628662
93,93,income,income,how much money am i earning,0.9974217414855957
93,93,income,income,what is my compensation,0.7403815984725952
93,93,income,income,how much am i paid,0.9999473094940186
93,93,income,income,how much do i get paid,0.9998443126678467
93,93,income,income,what is my income this year,0.9999884366989136
93,93,income,income,how much money do i make from work,0.9998854398727417
93,93,income,income,what will i make this year,0.9863541722297668
93,93,income,income,what will i get paid this year,0.9809916615486145
93,93,income,income,how much am i paid a year,0.9999229907989502
93,93,income,income,how much money am i making this year at work,0.9998395442962646
93,93,income,income,what's my salary for this year,0.9999545812606812
93,93,income,income,what is my current salary,0.9999350309371948
93,93,income,income,what's the amount of my income,0.9999738931655884
93,93,income,income,what amount is my income,0.9999648332595825
93,93,income,income,i want to know my income,0.9999587535858154
93,93,income,income,what is my payment going to be,0.8192773461341858
93,93,income,income,how much is the pay offered for my work,0.9982072114944458
16,16,order,order,"alexa, buy a new television",0.9457271099090576
16,84,order,order_status,place my order alexa,0.990777850151062
16,84,order,order_status,"siri, place my amazon order",0.9998443126678467
16,65,order,todo_list_update,"alexa, buy my grocery list",0.7096629738807678
16,16,order,order,purchase grass seed from the store,0.6998350024223328
16,19,order,meeting_schedule,find inner tube and buy it for me,0.3464735150337219
16,16,order,order,can you order me some nacho chips,0.9994767308235168
16,16,order,order,i'd like to buy something,0.9888105392456055
16,16,order,order,"i need to buy something, please",0.6374092102050781
16,16,order,order,i'd like to buy a lamp online,0.999144434928894
16,16,order,order,order all items on my shopping list,0.992209792137146
16,16,order,order,get me an order of creatine powder,0.8834649324417114
16,16,order,order,place an order for my whole shopping list,0.8535960912704468
16,16,order,order,"order me some doritos, please",0.9985437393188477
16,16,order,order,place an order for my entire shopping list,0.995378851890564
16,16,order,order,can you buy something,0.9999799728393555
16,16,order,order,make a purchase of doritos,0.9951015114784241
16,16,order,order,i'd like to you order everything that's on my shopping list,0.9999864101409912
16,16,order,order,please buy me something,0.999744713306427
16,125,order,shopping_list_update,order my whole shopping list,0.754612147808075
16,16,order,order,can you order some more eggs for me since i just ran out,0.9998094439506531
16,16,order,order,i've used the last can of tuna fish and need you to order a new case of it,0.6030257940292358
16,16,order,order,i've just run out of butter and need you to order me some more,0.9999977350234985
16,16,order,order,i'm out of milk so you will order me some more,0.9999973773956299
16,16,order,order,can you place an order for the olive oil i just finished,0.9438455700874329
16,124,order,thank_you,please go on amazon so i can buy bluetooth speakers,0.4625864326953888
16,124,order,thank_you,will you please go on amazon so i can buy speakers,0.39674320816993713
16,42,order,oos,where can i find bluetooth speakers,0.8766694664955139
16,21,order,what_song,what is the price of bluetooth speakers on amazon,0.758517861366272
16,16,order,order,please order some more pepsi,0.9973684549331665
24,24,traffic,traffic,i need to know traffic patterns heading to the george washington bridge from manhattan,0.9821816086769104
24,24,traffic,traffic,"can you give me a traffic update for driving routes nearest ocean city, new jersey from philadelphia",0.9860075116157532
24,24,traffic,traffic,"what will traffic be like nearest the george washington bridge, new york",0.9999954700469971
24,24,traffic,traffic,"what traffic can i expect on the way to the newark, new jersey from philadelphia",0.9999034404754639
24,24,traffic,traffic,can you tell me the traffic situation from philadelphia to the new jersey turnpike,0.9996920824050903
24,24,traffic,traffic,"how is the traffic normally driving into downtown washington, dc, from baltimore at 4:00 pm",0.9989941716194153
24,24,traffic,traffic,how is traffic nearest the ben franklin bridge philadelphia heading to the new jersey turnpike,0.935869574546814
24,24,traffic,traffic,i need to know what traffic is going to be like at 3:00 pm on the new jersey turnpike heading into camden from north jersey,0.9998698234558105
24,24,traffic,traffic,"what kind of traffic can i expect driving to newark, new jersey on i-95 from philadelphia at noon",0.9991125464439392
24,24,traffic,traffic,"i need to know what traffic looks like nearest the smithsonian institute in washington, dc for the next hour",0.9964865446090698
24,24,traffic,traffic,please tell me how traffic from the new jersey turnpike into the lincoln tunnel looks currently,0.99616539478302
24,24,traffic,traffic,is there traffic on i-95 north to new york from philadelphia,0.999997615814209
24,24,traffic,traffic,"can you tell me what the traffic is usually like at 7:00 pm from philadelphia to ocean city, new jersey",0.9999250173568726
24,24,traffic,traffic,will there be heavy traffic near downtown philadelphia from lincoln drive in the next two hours,0.9923384189605713
24,24,traffic,traffic,what does post rush hour traffic generally look like heading into the lincoln tunnel in manhattan from new jersey,0.9981421232223511
24,24,traffic,traffic,is traffic good or bad at 9:00 on the way to detroit,0.9999409914016724
24,24,traffic,traffic,what kind of traffic is there at 9:00 on the route to detroit,0.9997689127922058
24,24,traffic,traffic,how is the traffic at 9:00 on the way to detroit,0.9999699592590332
24,24,traffic,traffic,what kind of traffic can i expect at 9:00 on the route to detroit,0.9999605417251587
24,24,traffic,traffic,how bad is traffic at 9:00 going to detroit,0.9999195337295532
24,24,traffic,traffic,is there traffic right now on my route to work,0.9999929666519165
24,24,traffic,traffic,"going to work, will there be traffic",0.9992237091064453
24,24,traffic,traffic,is there traffic on my work route,0.999975323677063
24,24,traffic,traffic,is there traffic expected,0.9999654293060303
24,24,traffic,traffic,"on my way to work, is there traffic",0.9945403933525085
24,24,traffic,traffic,on the way to work is there traffic,0.9999533891677856
24,24,traffic,traffic,is there traffic on the way to work,0.9999954700469971
24,24,traffic,traffic,will i encounter traffic,0.9999527931213379
24,24,traffic,traffic,is there traffic on the way,0.9999934434890747
24,24,traffic,traffic,whats the traffic for the drive to the nearest restaurant,0.9978950023651123
127,127,order_checks,order_checks,"can i get some more checkbooks sent to me, please",0.9978481531143188
127,127,order_checks,order_checks,could i get some more checkbooks sent to me,0.9999381303787231
127,127,order_checks,order_checks,"can i get some more checkbooks mailed to me, please",0.999909520149231
127,127,order_checks,order_checks,can i get some more checkbooks sent to me,0.9999485015869141
127,127,order_checks,order_checks,"could i get some more checkbooks sent to me, please",0.9991061091423035
127,127,order_checks,order_checks,how do i order some checkbooks for my chase account,0.9999970197677612
127,127,order_checks,order_checks,for checkbooks can i order them for my chase account,0.99747234582901
127,127,order_checks,order_checks,am i able to order more checkbooks for my chase account,0.9999938011169434
127,127,order_checks,order_checks,for my chase account can i order some checkbooks,0.9998985528945923
127,127,order_checks,order_checks,is there a way to order checkbooks for a chase account,0.9999624490737915
127,127,order_checks,order_checks,can you overnight me a few checkbooks,0.9766108989715576
127,127,order_checks,order_checks,send me more checkbooks please,0.9994080066680908
127,127,order_checks,order_checks,please mail me more checkbooks,0.9999821186065674
127,127,order_checks,order_checks,i need more checkbooks mailed as soon as possible,0.9998846054077148
127,127,order_checks,order_checks,i'd like more checkbooks mailed to me,0.9992388486862183
127,127,order_checks,order_checks,how do i order some more checks for my bank of the west account,0.9999992847442627
127,127,order_checks,order_checks,how do i order some more checks for my bank of america account,0.9999990463256836
127,127,order_checks,order_checks,how do i order some more checks for my chase account,0.9999973773956299
127,127,order_checks,order_checks,how do i order some more checks for my usaa account,0.9999985694885254
127,127,order_checks,order_checks,how do i order some more checks for my navy federal account,0.9999997615814209
127,127,order_checks,order_checks,i'm out of all my checks can i get some new ones,0.9999674558639526
127,127,order_checks,order_checks,i'm out of my checks i need some new ones,0.9999864101409912
127,127,order_checks,order_checks,can i get some new checks i'm out of mine,0.9998879432678223
127,127,order_checks,order_checks,"i need to order some new checks, i'm all out of them",0.9378831386566162
127,127,order_checks,order_checks,i am in need of new checks i'm completely out of mine,0.9997394680976868
127,127,order_checks,order_checks,may i order more checks for my well's fargo account,0.9999954700469971
127,127,order_checks,order_checks,do you know how i order more checks for my well's fargo account,0.9999982118606567
127,127,order_checks,order_checks,what do i do to order new checkbooks for my well's fargo account,0.9999958276748657
127,127,order_checks,order_checks,how do i order more checkbooks for my well's fargo account,0.9999961853027344
127,127,order_checks,order_checks,where do i go to order more checks for my well's fargo account,0.999995231628418
49,49,card_declined,card_declined,my card got declined; why,0.5680627226829529
49,49,card_declined,card_declined,can you help me understand why my card got declined,0.9999510049819946
49,49,card_declined,card_declined,why was my card not accepted,0.9989792704582214
49,49,card_declined,card_declined,can you tell me why my card got declined,0.999804675579071
49,49,card_declined,card_declined,i was at publix trying to buy some food but my card wouldnt work,0.9680611491203308
49,49,card_declined,card_declined,who do i need to contact to find out why my card got declined,0.9998921155929565
49,49,card_declined,card_declined,i need to know why my card got declined,0.9999172687530518
49,49,card_declined,card_declined,"how do i fix my card, it was declined",0.9441667199134827
49,49,card_declined,card_declined,why did my card get declined at public when i was trying to buy food,0.9997679591178894
49,49,card_declined,card_declined,i was trying to buy food at publix but my card got declined,0.9999068975448608
49,49,card_declined,card_declined,i was trying to use my card to get food at publix but it got declined,0.9914790987968445
49,49,card_declined,card_declined,how can i fix my card being declined,0.999537467956543
49,49,card_declined,card_declined,"i was trying to get food at publix, why was my card declined",0.9999836683273315
49,49,card_declined,card_declined,do you know why my card got declined,0.9999135732650757
49,49,card_declined,card_declined,why my card stop working,0.9766244292259216
49,49,card_declined,card_declined,my card declined,0.97856205701828
49,49,card_declined,card_declined,i was in australia trying to buy chips and my cards got declined,0.9183779954910278
49,49,card_declined,card_declined,i was in thailand trying to buy candies and my card got declined,0.9997746348381042
49,49,card_declined,card_declined,why was my card got declined when i am trying to pay for dinner when i am in vietnam,0.9737276434898376
49,87,card_declined,damaged_card,i could not buy food using my card when i was in vietnam,0.7480111122131348
49,87,card_declined,damaged_card,i was in thailand and i could not use my card to buy snacks,0.4896951913833618
49,49,card_declined,card_declined,can you explain why i couldn't use my card at target,0.9984704852104187
49,49,card_declined,card_declined,why was my card not working at target,0.9999274015426636
49,49,card_declined,card_declined,my credit card was turned down at target and i'd like to know why,0.8921794295310974
49,121,card_declined,maybe,how come i got declined,0.4337356984615326
49,44,card_declined,expiration_date,why can't i use my credit card,0.7054274082183838
49,56,card_declined,bill_due,why won't you let me pay with my credit card,0.870833694934845
49,49,card_declined,card_declined,why did i get rejected on my card,0.4837765097618103
49,87,card_declined,damaged_card,how come my credit card isn't working,0.9964537620544434
49,87,card_declined,damaged_card,why didn't my card work,0.5660181641578674
42,42,oos,oos,how much has the dow changed today,0.6525676250457764
42,42,oos,oos,how many prime numbers are there between 0 and 100,0.732496440410614
42,31,oos,measurement_conversion,can you tell me how to solve simple algebraic equations with one variable,0.7705618143081665
42,147,oos,cancel,can you dim the brightness of my screen,0.5941759943962097
42,42,oos,oos,what is the account number to the internet service i have,0.8189338445663452
42,114,oos,goodbye,can you see a hdmi cord,0.783082902431488
42,134,oos,ingredient_substitution,what veggies can i pair with mushrooms,0.8115370273590088
42,8,oos,gas_type,can you put the car in fuel efficient mode,0.7852175831794739
42,91,oos,new_card,at what age can someone get a card,0.8881004452705383
42,38,oos,exchange_rate,please find today's most read stories from the new york times todayi,0.9377362728118896
42,38,oos,exchange_rate,how do i get red wine out of a couch cushion,0.5905190110206604
42,96,oos,who_made_you,can you tell me who sells dixie paper plates,0.4180244505405426
42,42,oos,oos,who invented the internet,0.9271888732910156
42,42,oos,oos,what big news happened over the weekend,0.6256580948829651
42,93,oos,income,what is happening in politicsu,0.34067654609680176
42,93,oos,income,how is my driving,0.5969513654708862
42,42,oos,oos,is the earth flat,0.9505618810653687
42,72,oos,directions,what is the best way to clean ceiling fans,0.7204579710960388
42,5,oos,weather,please tell me the status of the government shutdown,0.9500208497047424
42,104,oos,recipe,what oil is best for chicken,0.3999239504337311
42,94,oos,taxes,what is today's big article in the washington post,0.5017233490943909
42,71,oos,spending_history,has there been anything breaking this afternoon,0.32211676239967346
42,42,oos,oos,what are yahoo's top stories right now,0.43759268522262573
42,42,oos,oos,what's at movies,0.37742358446121216
42,42,oos,oos,what is the amount of blood needed to stay alive,0.8188495635986328
42,67,oos,cancel_reservation,can you add a bag to my reservation,0.7895219922065735
42,10,oos,smart_home,can you auto-pilot the car,0.6169828176498413
42,42,oos,oos,wash windshield,0.967857301235199
42,41,oos,credit_limit,can you tell me what credit cards i have open,0.2949507236480713
42,42,oos,oos,did the stock market finish up for the day,0.9890017509460449
42,5,oos,weather,what is the population of south africa,0.8926151394844055
42,147,oos,cancel,watch the fbi,0.9768014550209045
42,42,oos,oos,can you find the answer to number 26 in this algebra two textbook,0.33160388469696045
42,42,oos,oos,how to remove a stripped bolt,0.9586383700370789
42,113,oos,lost_luggage,which stocks have lost the least today,0.5192756652832031
42,138,oos,calculator,what are some things i can do on the way to work,0.9466103315353394
42,38,oos,exchange_rate,how many steps have i taken today,0.5633345246315002
42,42,oos,oos,can you fill in my credit card number on the screen,0.9582433700561523
42,42,oos,oos,who won the patriots game last nightu,0.9987909197807312
42,145,oos,restaurant_suggestion,is anything being newscasted about the threat of famine in chadu,0.19760677218437195
42,42,oos,oos,what are the different types of tvs,0.9720790982246399
42,42,oos,oos,do laundry,0.26293471455574036
42,42,oos,oos,what did trump do todayu,0.6861010789871216
42,42,oos,oos,how many miles does my car currently have,0.7681516408920288
42,14,oos,whisper_mode,close all internet tabs,0.7953107953071594
42,13,oos,repeat,can you sell stocks for me,0.3365078568458557
42,112,oos,ingredients_list,how do you treat an iron skillet,0.9001671075820923
42,42,oos,oos,how much has microsoft's stock changed over the last year,0.4527139365673065
42,42,oos,oos,what is the best product for removing soap scum,0.9654959440231323
42,26,oos,text,read text,0.9999074935913086
42,10,oos,smart_home,park the car,0.5224059820175171
42,76,oos,reminder,show me a list of top rated airlines,0.6363165378570557
42,58,oos,share_location,may i finish washing then i give you please,0.3946104943752289
42,136,oos,current_location,do i have overdraft protection,0.46102839708328247
42,87,oos,damaged_card,can you delete my saved credit card,0.9415110945701599
42,42,oos,oos,can you give me the most current market news,0.9999778270721436
42,95,oos,date,did the supreme court nominee get approvedu,0.25473707914352417
42,42,oos,oos,which company has gone up the most today,0.9988569021224976
42,42,oos,oos,who were the superbowl 23 champions,0.8069207668304443
42,91,oos,new_card,can you tell me how to clean a fish tank,0.7638356685638428
42,42,oos,oos,open cnn websiteo,0.5535792112350464
42,83,oos,alarm,how do i make my android phone more secure,0.306108295917511
42,144,oos,change_user_name,i need to update my address,0.4353436827659607
42,95,oos,date,what is that crunchy stuff on creme bruleo,0.6805736422538757
42,42,oos,oos,which airports do southwest service around the greater new york city area,0.6777741312980652
42,139,oos,definition,can you retrieve client d's file please,0.4146350622177124
42,16,oos,order,can you list all channels of a certain category,0.3192158341407776
42,42,oos,oos,where does jelly come from,0.8069559335708618
42,42,oos,oos,can you tell me the s&p average,0.9719098210334778
42,38,oos,exchange_rate,how would you rate the airport i am traveling to,0.844954788684845
42,14,oos,whisper_mode,am i too old to be a sugar babyo,0.3718453645706177
42,42,oos,oos,what was the closing number of the nasdaq today,0.8258233070373535
42,42,oos,oos,has ko gone up or down,0.6880297064781189
42,24,oos,traffic,how many cars average are on the road daily,0.9868099689483643
42,76,oos,reminder,what does the plus sign mean on my dashboard,0.5758912563323975
42,42,oos,oos,how is ford's stock doing,0.9991388320922852
42,35,oos,balance,what is my checking account number,0.790723979473114
42,47,oos,tire_change,when should i remove my snow tires,0.9935269355773926
42,42,oos,oos,which stocks gained the most today,0.9972153902053833
42,42,oos,oos,what is the fee for a cash advance,0.9999988079071045
42,68,oos,transactions,tell me about the earthquake in california that happened this morning,0.9462983012199402
42,42,oos,oos,change color contrast,0.9996510744094849
42,42,oos,oos,what is the golden ratio's number,0.997689962387085
42,24,oos,traffic,is the bank open on mlk day,0.6689614653587341
42,108,oos,direct_deposit,can i deposit a check,0.5447255373001099
42,105,oos,calendar_update,"from the second of the left ,the pink one",0.21175189316272736
42,54,oos,food_last,go and check the fridge,0.9480409026145935
42,42,oos,oos,can you tell me the score of the heat game,0.9374172687530518
42,96,oos,who_made_you,can you mark this note as important,0.3692910969257355
42,38,oos,exchange_rate,can you tell me how to multiply two fractions,0.5974839329719543
42,40,oos,car_rental,i want to find a new car under $25000,0.5665984749794006
42,140,oos,next_holiday,when is the next full moon,0.8567625880241394
42,42,oos,oos,how do i change the windshield wipers,0.9996672868728638
42,10,oos,smart_home,why is the sky blue,0.20154567062854767
42,10,oos,smart_home,should i do a complete stop at red lights,0.35430747270584106
42,115,oos,what_can_i_ask_you,are all televisions high definition,0.3878399729728699
42,42,oos,oos,can you tell me today's headlines pleasei,0.9805984497070312
42,42,oos,oos,who invented custardo,0.5804275870323181
42,73,oos,spelling,how to be millionare,0.47548601031303406
42,42,oos,oos,when does the stock market update,0.9996718168258667
42,16,oos,order,can you tell me how to get gum out of my rug,0.5095926523208618
42,91,oos,new_card,how can i get a better rate on my card,0.8446757793426514
42,42,oos,oos,open up internet browser,0.9816176295280457
42,107,oos,yes,it is white colour,0.38085824251174927
42,42,oos,oos,what makes pi so mathematically important,0.680793821811676
42,42,oos,oos,why can you have the square root of a negative number,0.515570878982544
42,35,oos,balance,how much time do i have left on my 0% apr,0.8714695572853088
42,42,oos,oos,what are the highest-rated android phones,0.9554989337921143
42,86,oos,cook_time,what time do i need to arrive to make it on time,0.4962579309940338
42,19,oos,meeting_schedule,find articles about the protests in parisi,0.25991782546043396
42,42,oos,oos,can you tell me how fast the average airplane enroute to california goes,0.9985287189483643
42,38,oos,exchange_rate,how many hurricanes are in an average hurricane season,0.4756605625152588
42,42,oos,oos,how does my current htc phone compare to other android phones,0.9428791403770447
42,42,oos,oos,what movies are available,0.999510645866394
42,31,oos,measurement_conversion,how many items are in a bakers dozen,0.9949177503585815
42,0,oos,restaurant_reviews,what articles are written at the cnn site about the women's march,0.41428911685943604
42,54,oos,food_last,when does napa close,0.28910571336746216
42,138,oos,calculator,what is the current price of tsla,0.8684840798377991
42,42,oos,oos,when will world war 3 begin,0.5699450373649597
42,42,oos,oos,what's going on in the world today,0.9594959020614624
42,81,oos,find_phone,what battery percentage is my phone at,0.9992714524269104
42,2,oos,account_blocked,can you sign out of my bank login,0.2466973513364792
42,38,oos,exchange_rate,what is one standard deviation,0.7249309420585632
42,42,oos,oos,has the market been up or down since the beginning of this year,0.991638720035553
42,42,oos,oos,how many moons does mars have,0.8281903862953186
42,132,oos,apr,what is the cashback rate for my credit card,0.7009720206260681
42,42,oos,oos,who has the best record in the nba,0.4497632086277008
42,78,oos,distance,how long is the bank open until,0.7834409475326538
42,145,oos,restaurant_suggestion,what are some good games for my android phone,0.6495372653007507
42,19,oos,meeting_schedule,can my grace period be extended any possible way,0.45267656445503235
42,5,oos,weather,how much over will overdraft protection cover,0.6175999641418457
42,82,oos,greeting,how fast am i going,0.9252637028694153
42,42,oos,oos,who was the first person to discover cells,0.999721348285675
42,31,oos,measurement_conversion,how many people died in yesterday's storm,0.7318638563156128
42,35,oos,balance,how much memory do i have left on this phone,0.6347771883010864
42,134,oos,ingredient_substitution,can i set up mobile deposits,0.6643028855323792
42,30,oos,no,sell three calls of of nvda,0.34963980317115784
42,42,oos,oos,what bills is congress talking about passing or blocking today,0.8905171155929565
42,148,oos,pto_used,how much data does my phone have left this month,0.722334623336792
42,127,oos,order_checks,how do i add someone to my account,0.22764191031455994
42,94,oos,taxes,how much money would my house sell for,0.3982895612716675
42,72,oos,directions,how do i install new cabinets,0.4605056643486023
42,42,oos,oos,is there a fee for cancelling a flight i've booked,0.9099974632263184
42,130,oos,sync_device,delete the contact uncle john from my phone,0.9940010905265808
42,136,oos,current_location,search my contacts for the auto repair place,0.5147278904914856
42,19,oos,meeting_schedule,does my carrier have coverage in europe,0.9558117389678955
42,42,oos,oos,is there a cheaper rate with another carrier for my mobile,0.5684341192245483
42,74,oos,insurance,what are the limits in my phone plan,0.8354127407073975
42,55,oos,change_ai_name,is there a way to change your houses address,0.9201412200927734
42,42,oos,oos,does dhl deliver to my address,0.9060155749320984
42,72,oos,directions,how frequently is the bus running today,0.687804639339447
42,72,oos,directions,is there a better bus route i should be taking,0.7547208666801453
42,42,oos,oos,what stores are at my local mall,0.7067838311195374
42,130,oos,sync_device,i need to get kalee added to my phone plan,0.731113076210022
42,81,oos,find_phone,what is the price of other company's similar phone plans,0.9940038323402405
42,102,oos,how_busy,how long do i have to wait to get my refund,0.9945344924926758
42,94,oos,taxes,how long does it take the irs to issue a tax refund,0.9715932607650757
42,2,oos,account_blocked,do you know if it is possible to close my savings account,0.5653603076934814
42,20,oos,freeze_account,how hard is it to close a bank account at wells fargo,0.8363461494445801
42,127,oos,order_checks,add my wife as an authorized user to checking account 20905432,0.3422607183456421
42,72,oos,directions,i would like to upgrade to full coverage for my car,0.5037221312522888
42,74,oos,insurance,who has the cheapest insurance for my model car in the area,0.2702852189540863
42,10,oos,smart_home,tell me the value on my current car,0.8845948576927185
42,48,oos,todo_list,where can i list my vehicle for sell,0.5564547181129456
42,68,oos,transactions,what is the price to buy more data on my phone,0.7551210522651672
42,20,oos,freeze_account,i need to add a person to my bank account,0.9577968716621399
42,42,oos,oos,who is the best local real estate agent,0.8411688208580017
42,72,oos,directions,i want to install new tiles in my kitchen,0.3813374936580658
42,42,oos,oos,what's the way for delta to cancel a flight,0.9943121671676636
42,81,oos,find_phone,read the phone number for mom in my phone contacts,0.8097286820411682
42,42,oos,oos,create a contact labeled mom,0.5540341734886169
42,54,oos,food_last,do other providers have better coverage than my cell carrier,0.31871888041496277
42,40,oos,car_rental,does centurytel offer any better plans than the one i'm on,0.3877090513706207
42,42,oos,oos,"what's going on in the world today, anything major",0.9603764414787292
42,42,oos,oos,what is the extra digits that are sometimes included on my zip code,0.998429000377655
42,42,oos,oos,what's the extended zipcode for my address,0.8781536817550659
42,72,oos,directions,is there an alternate bus stop close to my home i can use,0.9779244065284729
42,42,oos,oos,what stores are in the local mall,0.5990928411483765
42,130,oos,sync_device,"add mary to my phone plan, please",0.7340003848075867
42,130,oos,sync_device,how much is it to get more data on my phone plan,0.3122152090072632
42,108,oos,direct_deposit,can i use direct deposit for my tax refund,0.5271002054214478
42,93,oos,income,how much of a refund will i get this year,0.6043969988822937
42,133,oos,transfer,please take all my money out of my checking account and close the account,0.9890522360801697
42,24,oos,traffic,what are cars like mine selling for online,0.2831690311431885
42,142,oos,mpg,what's the blue book value of my car,0.49122878909111023
42,42,oos,oos,what are the last 4 digits of my credit card number,0.9285768270492554
42,14,oos,whisper_mode,switch over to low power mode to preserve battery life,0.9814615845680237
42,42,oos,oos,show me the most popular nonfiction book currently on the market,0.9982263445854187
42,16,oos,order,can you recommend some fiction books,0.29741352796554565
42,42,oos,oos,how can i repair a broken watch,0.9829079508781433
42,5,oos,weather,what's out at the theaters right now,0.6610890030860901
42,42,oos,oos,what is the most popular movie currently in theaters,0.9999985694885254
42,47,oos,tire_change,what is the cheapest new car for this year,0.2838743031024933
42,24,oos,traffic,show me new cars with the highest safety rating,0.45289644598960876
42,19,oos,meeting_schedule,i am looking for a suit for work,0.4480416774749756
42,111,oos,pay_bill,i need to find a black suit under $100,0.31323927640914917
42,145,oos,restaurant_suggestion,what is a good laptop for gaming,0.8986209630966187
42,72,oos,directions,"show me laptops for sale that are under $2,000",0.5435839295387268
42,24,oos,traffic,which element on the periodic table is k,0.6428245306015015
42,120,oos,plug_type,what kind of bonds do molecules have,0.8329574465751648
42,71,oos,spending_history,how much is my car worth used,0.7340019345283508
42,24,oos,traffic,look up prices for parking at the airport over the weekend,0.670990526676178
42,145,oos,restaurant_suggestion,what is the best way for dealing with the airport,0.5652397871017456
42,71,oos,spending_history,what are my hours this week at work,0.3778377175331116
42,136,oos,current_location,can you check my voicemail,0.4175560772418976
42,42,oos,oos,how many voicemails are currently in my inbox,0.9040325880050659
42,81,oos,find_phone,i would like to know how long a charge is suppose to last on my phone,0.5340616703033447
42,17,oos,jump_start,check battery health on this device,0.6416260600090027
42,91,oos,new_card,what is a well reviewed book for a teenage girl to read,0.25271376967430115
42,145,oos,restaurant_suggestion,i want to find new cyberpunk fiction books,0.6103938817977905
42,42,oos,oos,what channel is cw on,0.6219534277915955
42,42,oos,oos,what is the most rented movie this week,0.985240638256073
42,145,oos,restaurant_suggestion,what is a good movie to go see in theaters for a family with young kids,0.8210483193397522
42,145,oos,restaurant_suggestion,i would like to find a stylish suit for a party,0.36149904131889343
42,145,oos,restaurant_suggestion,can you give me suggestions for a professional suit under $200,0.46713289618492126
42,107,oos,yes,when is it cheapest to travel to hawaii,0.6096184849739075
42,18,oos,schedule_meeting,i need a laptop with 16gb of ram,0.5668224096298218
42,39,oos,uber,what is the best reviewed laptop available on the market,0.8678085207939148
42,19,oos,meeting_schedule,give me information about the element carbon and its reactions with hydrogen,0.2444591522216797
42,5,oos,weather,what is a good chemistry experiment to learn from,0.5720287561416626
42,142,oos,mpg,how much is this years model of my car cost,0.5223801136016846
42,42,oos,oos,how do i best deal with the airport,0.8353840112686157
42,107,oos,yes,remind me of the address for my workplace please,0.2837691903114319
42,4,oos,time,what time do i have to go to work today,0.4644152522087097
42,73,oos,spelling,how many voicemail messages do i have,0.3639729917049408
42,14,oos,whisper_mode,erase all voicemails in my inbox please,0.236653670668602
42,82,oos,greeting,can you look up grocery coupons for me,0.9458281993865967
42,138,oos,calculator,what is money used for,0.6953480243682861
42,149,oos,travel_suggestion,what are some natural remedies to help ease stress,0.525926411151886
42,149,oos,travel_suggestion,what are some good methods of relieving stress,0.4006795883178711
42,119,oos,change_speed,how do you make sure a bridge doesn't fall down,0.35900917649269104
42,112,oos,ingredients_list,what is the median salary for someone with an engineering degree,0.7843284010887146
42,148,oos,pto_used,what size pipes are used for sinks,0.269538551568985
42,138,oos,calculator,why would the water be turned off,0.4820304811000824
42,5,oos,weather,what is a good sink filter for water,0.8563948273658752
42,21,oos,what_song,what does water taste like,0.5817563533782959
42,19,oos,meeting_schedule,are there any sales on groceries today,0.9275628924369812
42,37,oos,last_maintenance,when was my lawn last mowed,0.9924341440200806
42,42,oos,oos,what store has the best deals going on right now,0.9972569346427917
42,42,oos,oos,can you tell me the best time to visit downtown when driving,0.2963405251502991
42,60,oos,calendar,am i currently connected to wifi,0.6972208619117737
42,42,oos,oos,is there an internet outage in my area,0.868079662322998
42,129,oos,fun_fact,tell me about personal finance,0.6194127202033997
42,42,oos,oos,does amazon collect my personal information,0.7094454169273376
42,84,oos,order_status,check the status of my amazon orders for me,0.996727466583252
42,42,oos,oos,what is the official language of romania,0.9515178203582764
42,40,oos,car_rental,show me the best times to book flights for traveling to another country,0.5826886296272278
42,133,oos,transfer,disconnect from wifi immediately please,0.6507109999656677
42,60,oos,calendar,am i connected to wifi,0.6869025826454163
42,60,oos,calendar,list the contents of my safety deposit box at the bank,0.7890203595161438
42,127,oos,order_checks,what's the more secure bank vault,0.38293465971946716
42,19,oos,meeting_schedule,what coupons do i have for restaurants,0.49582651257514954
42,104,oos,recipe,how do i make money,0.9650670289993286
42,145,oos,restaurant_suggestion,can you give me some stress management tips,0.3640207350254059
42,42,oos,oos,how unhealthy is stress,0.8555275797843933
42,64,oos,insurance_change,what's the best way to build a skyscraper,0.27052345871925354
42,114,oos,goodbye,find engineering programs to apply to,0.49132582545280457
42,148,oos,pto_used,what kind of glue is used for gluing pipes together,0.4828955829143524
42,142,oos,mpg,check to see how many miles are on my car,0.7536810040473938
42,42,oos,oos,how do i change my windshield wipers,0.99998939037323
42,42,oos,oos,how many ppm of particulate is in my local water,0.9958176016807556
42,95,oos,date,what color is water,0.9585024118423462
42,48,oos,todo_list,is anything on my grocery list on sale today,0.9587540626525879
42,78,oos,distance,how long does it take for grass seed to grow on my lawn,0.9982393980026245
42,16,oos,order,please activate a wireless hotspot so i can use the internet,0.37780898809432983
42,5,oos,weather,look up a good broker for mutual funds,0.2688405513763428
42,42,oos,oos,what are the best personal finance practices,0.9992270469665527
42,84,oos,order_status,will amazon ship an order even if there was a pricing mistake,0.7665057182312012
42,77,oos,where_are_you_from,where did mandarin originate from,0.9952642917633057
42,128,oos,travel_alert,what are some of the most visited countries for people looking to travel abroad,0.24413010478019714
42,95,oos,date,tell me which wifi network you are connected to right now,0.7093583345413208
42,136,oos,current_location,what is my current signal strength,0.5606467127799988
42,53,oos,reminder_update,if i'm locked in a bank vault what's the best way to get out,0.849313497543335
42,89,oos,pin_change,how do i upgrade my operating system,0.27964839339256287
42,0,oos,restaurant_reviews,how much ram does my computer have,0.5216877460479736
42,0,oos,restaurant_reviews,is it ok to feed dogs people food,0.4088647961616516
42,42,oos,oos,how do you fix a leaking sink,0.7634066343307495
42,138,oos,calculator,how do you unclog a toilet,0.7357032895088196
42,42,oos,oos,can you tell me local crime in my area,0.9672954678535461
42,42,oos,oos,what's the power consumption of my fridge,0.960923969745636
42,42,oos,oos,what is the warranty on my microwave,0.3600192964076996
42,3,oos,oil_change_how,how do i use my microwaves defrost,0.23279421031475067
42,16,oos,order,how do you get red wine out of the carpet,0.5199827551841736
42,73,oos,spelling,how do i get stains out of the carpet,0.4908265769481659
42,42,oos,oos,what is the highest quality carpet available,0.9570251703262329
42,10,oos,smart_home,has everyone come home from school,0.41951245069503784
42,79,oos,payday,what time did my daughter get home from her date,0.48605266213417053
42,19,oos,meeting_schedule,is my computer free from viruses,0.8079574108123779
42,129,oos,fun_fact,are you allowed to call someone a dirty name as part of free speech,0.2567826211452484
42,38,oos,exchange_rate,can you really get arrested for yelling fire in a crowded theater,0.3280008137226105
42,42,oos,oos,what amendment guarantees the freedom of speech to americans,0.9740414023399353
42,35,oos,balance,do employers have to honor freedom of speech,0.4266727864742279
42,42,oos,oos,what's the average score on a round of golf,0.9999293088912964
42,72,oos,directions,where is the closest driving range,0.9555408358573914
42,140,oos,next_holiday,when does tiger woods play next,0.6390002369880676
42,111,oos,pay_bill,how can i improve my golf swing,0.63998943567276
42,57,oos,who_do_you_work_for,are your step-parent's parents considered your grandparents,0.5930908918380737
42,46,oos,meal_suggestion,what's a good gift to get for your grandparents,0.3721623420715332
42,68,oos,transactions,what year did my grandparents get married,0.9172518253326416
42,78,oos,distance,fun gift ideas to give to grandparents,0.2985303997993469
42,5,oos,weather,which came first; greek mythology or roman mythology,0.6089939475059509
42,42,oos,oos,how many greek mythology characters are there,0.9799679517745972
42,42,oos,oos,who created the world in greek mythology,0.9996285438537598
42,42,oos,oos,what was hercules the god of,0.8195269107818604
42,42,oos,oos,how many harry potter books are there,0.9192903637886047
42,75,oos,what_is_your_name,what is harry's real name,0.8551336526870728
42,42,oos,oos,who played ronald weasly,0.9535095691680908
42,86,oos,cook_time,how do you repel a bear when you're out on a hike,0.562875509262085
42,145,oos,restaurant_suggestion,where's the best place to hike in the rockies,0.5432500839233398
42,21,oos,what_song,what should i wear to hike,0.406719833612442
42,138,oos,calculator,what is the main cause of becoming homeless,0.9963544607162476
42,73,oos,spelling,how many people are jobless in america,0.39717185497283936
42,42,oos,oos,how many homeless people are there,0.9596654176712036
42,42,oos,oos,where are most homeless people,0.9972680807113647
42,42,oos,oos,are indians nowadays reminiscent of a decade ago,0.3707786798477173
42,96,oos,who_made_you,what were indians like 100 years ago,0.1779523342847824
42,99,oos,how_old_are_you,how old is jennifer aniston,0.9789233803749084
42,73,oos,spelling,i need tips on how to overcome insomnia,0.7077016234397888
42,42,oos,oos,how many people have insomnia,0.9947867393493652
42,19,oos,meeting_schedule,what causes dyslexia,0.5396678447723389
42,5,oos,weather,is insomnia curable,0.403780072927475
42,42,oos,oos,what are sigmund freud's most famous books,0.9959717392921448
42,42,oos,oos,what year was jane austen born,0.9997654557228088
42,42,oos,oos,where is te lawrence,0.6618209481239319
42,42,oos,oos,who is jane goodall,0.8815589547157288
42,90,oos,replacement_card_duration,how long does it take to get your yellow belt in karate,0.59942626953125
42,42,oos,oos,what's the most practiced form of mma in the world,0.9966247081756592
42,5,oos,weather,what is the highest belt in karate,0.6988024711608887
42,42,oos,oos,where does jiu jitsu originate,0.9724289774894714
42,112,oos,ingredients_list,what's the proper subject verb order in japanese,0.21587124466896057
42,64,oos,insurance_change,how do i learn more about linguistics,0.20641274750232697
42,48,oos,todo_list,what kind of paint do makeup artists use,0.3217589557170868
42,72,oos,directions,the bus moves with tyre,0.8817662000656128
42,72,oos,directions,how the bus moves,0.8786525130271912
42,145,oos,restaurant_suggestion,what are some good resources to learn about mental illness,0.7875620722770691
42,0,oos,restaurant_reviews,are people with a mental illness eligible for disability,0.43885743618011475
42,38,oos,exchange_rate,how many people suffer from mental illness,0.4085025191307068
42,89,oos,pin_change,how can i get help for my mental health,0.6412450671195984
42,82,oos,greeting,what's trending now,0.895556628704071
42,42,oos,oos,what's the first romantic movie ever made,0.9995805621147156
42,42,oos,oos,"when was the term ""zombie"" first used",0.7954013347625732
42,120,oos,plug_type,what kind of traits do vampires have,0.775212287902832
42,42,oos,oos,what do mummies eat,0.7907546758651733
42,130,oos,sync_device,send information on flood clean up to my phone,0.6846631765365601
42,42,oos,oos,what's the cost of buying a sump pump,0.7573286294937134
42,53,oos,reminder_update,recommend a flood clean up service,0.34028664231300354
42,42,oos,oos,what is the safest model of airplane to fly in,0.9999550580978394
42,42,oos,oos,what year was the first airplane built in,0.9998630285263062
42,145,oos,restaurant_suggestion,what's the best reviewed local roof repair place,0.3575286865234375
42,65,oos,todo_list_update,what's the best type of plan to upgrade to,0.5601930618286133
42,46,oos,meal_suggestion,give me a suggestion for roofers,0.9807657599449158
42,16,oos,order,where can i buy new shingles,0.6032294034957886
42,34,oos,do_you_have_pets,what's the safest pet to be around toddlers,0.7201822996139526
42,148,oos,pto_used,why is my dog vomiting after eating,0.8820708990097046
42,42,oos,oos,tiger,0.3198161721229553
42,142,oos,mpg,what's the average rent of apartments in my city,0.6154059171676636
42,145,oos,restaurant_suggestion,are there any apartments for rent nearby,0.30515721440315247
42,42,oos,oos,what are apartment prices now,0.9042810797691345
42,42,oos,oos,what's the highest building in the world,0.9987736344337463
42,72,oos,directions,where is the closest architecture college,0.9983199238777161
42,67,oos,cancel_reservation,where can i submit my architecture plans,0.31425124406814575
42,42,oos,oos,who is the best architecture,0.998948872089386
42,21,oos,what_song,please give me a listing of all the bottled water brands in the area,0.648169994354248
42,42,oos,oos,what are the lowest prices of bottled water at costco,0.7481001019477844
42,42,oos,oos,how do they filter pollutants out of bottled water,0.9529263973236084
42,21,oos,what_song,what's the cost of bottled water,0.3953838348388672
42,91,oos,new_card,what's the cost to have a business card printed,0.7604917287826538
42,90,oos,replacement_card_duration,when can i get a business card printed locally,0.9715508222579956
42,14,oos,whisper_mode,what to use to design my business cards,0.44641295075416565
42,130,oos,sync_device,download all the photos off my phone into the cloud,0.9967474937438965
42,36,oos,tell_joke,tell me about that kind of cameras,0.593492329120636
42,42,oos,oos,how much is the new nikon camera,0.997665524482727
42,8,oos,gas_type,what kind of camera should i buy,0.37776118516921997
42,71,oos,spending_history,how much candy have i consumed this week,0.99905925989151
42,42,oos,oos,how many flavors of mnm's are there,0.9039488434791565
42,42,oos,oos,who makes milky way bars,0.995871365070343
42,39,oos,uber,how safe is it to consume the substance h2o,0.2888421416282654
42,19,oos,meeting_schedule,how many elements are on the periodic table,0.5515033006668091
42,42,oos,oos,what's the chemical composition of a fart,0.9368497729301453
42,19,oos,meeting_schedule,what is phosphorus on the periodic table,0.6366198658943176
42,36,oos,tell_joke,look up some christmas songs for me,0.9613667130470276
42,42,oos,oos,is espn covering the golden state warriors game,0.9877082109451294
42,135,oos,calories,how many calories does doing 20 situps burn,0.9998332262039185
42,93,oos,income,what is a normal resting heart rate,0.6241782903671265
42,95,oos,date,should i run every day,0.5932572484016418
42,42,oos,oos,how many months do i left in my hbo subscription,0.4666527807712555
42,42,oos,oos,when does game of thrones return on hbo,0.9910146594047546
42,147,oos,cancel,cancel my subscription to scientific american,0.5390911102294922
42,65,oos,todo_list_update,i'd like to renew my subscription to playboy,0.3206474184989929
42,42,oos,oos,what are popular lifestyle magazines,0.6715524196624756
42,42,oos,oos,what are popular sports magazines,0.9924697279930115
42,18,oos,schedule_meeting,how can i use make up to cover a cut on my cheek,0.5988834500312805
42,72,oos,directions,what's the best make-up to cover a black eye,0.8095803260803223
42,91,oos,new_card,send me videos of how to do a smoky eye,0.5406495332717896
42,42,oos,oos,whats the best rated lipstick,0.7427457571029663
42,95,oos,date,when will the government file another antitrust suit against microsoft,0.6009224057197571
42,80,oos,flight_status,when will microsoft drop support for windows 7,0.44541245698928833
42,104,oos,recipe,how do i make a sentence have stylized strike out in microsoft word,0.8201512098312378
42,42,oos,oos,how can i control where microsoft word inserts a page break,0.9487125277519226
42,42,oos,oos,what are the current prices for mushrooms,0.9487994313240051
42,19,oos,meeting_schedule,what bands are touring in my city this week,0.3390042185783386
42,39,oos,uber,i need for you to look up some of the major gods in mythology,0.4148765206336975
42,144,oos,change_user_name,what was the original name of jesus in egyptian myth,0.295851469039917
42,42,oos,oos,was the god osiris a titan or an old god,0.487405925989151
42,42,oos,oos,tell me who aphrodite is,0.5465415120124817
42,48,oos,todo_list,what activities can i to do outside today,0.6086517572402954
42,42,oos,oos,when will the daffodils bloom this year,0.44893524050712585
42,24,oos,traffic,what zelda games are available on the switch,0.8619735836982727
42,16,oos,order,i want to buy some nintendo switch game,0.936026930809021
42,135,oos,calories,how much does a nintendo switch cost,0.8253887295722961
42,42,oos,oos,show me a cool nintendo switch game,0.999984622001648
42,130,oos,sync_device,can you check how many miles i walked today when i was out get the info from my phone,0.5386606454849243
42,130,oos,sync_device,can you check how many steps i have walked in the last week from my phone app,0.6130613088607788
42,149,oos,travel_suggestion,what should i do if it hurts when i pee,0.35326629877090454
42,42,oos,oos,what are the symptoms of cancer,0.8184881210327148
42,134,oos,ingredient_substitution,how many pokemon have i caught in my pokemon go app,0.2901286482810974
42,139,oos,definition,tell me what pokemon is,0.5372143387794495
42,101,oos,pto_request_status,has the school my kids go to been in the news for any reason,0.36412063241004944
42,19,oos,meeting_schedule,are there any school closures today,0.9955053329467773
42,86,oos,cook_time,how long is the school year,0.6792632937431335
42,49,oos,card_declined,why did a bunch of christians go off murdering muslims in the middle ages,0.4588377773761749
42,42,oos,oos,what was the point of the crusades,0.9543657898902893
42,29,oos,change_language,what other countries speak the english language,0.9998319149017334
42,2,oos,account_blocked,why doesn't english have consistent forms,0.4375450313091278
42,61,oos,translate,do they speak english in australia,0.40986135601997375
42,72,oos,directions,who teaches english near me,0.24682685732841492
42,42,oos,oos,can you see what the budget for the united states military was in 2018,0.9971067309379578
42,42,oos,oos,can you look at what the oldest age is someone can enlist in the army,0.9371218681335449
42,16,oos,order,how many years do you need to be in the army to get a college tuition,0.45000484585762024
42,42,oos,oos,where are most the servicemen right now,0.9099975824356079
42,68,oos,transactions,what movies are playing at my local cinemax,0.7943972945213318
42,42,oos,oos,what time is a star is born showing,0.7414348125457764
42,21,oos,what_song,what movies are playing,0.9794406890869141
42,72,oos,directions,can you get me the scores from the games that were played last night,0.5425984263420105
42,42,oos,oos,has there been any times when lebron james was arrested,0.8172057271003723
42,145,oos,restaurant_suggestion,what are the new player rankings for the nhl,0.34150025248527527
42,42,oos,oos,who won in the gsw vs suns game last night,0.9983395338058472
42,42,oos,oos,give me the news on the newspaper today,0.9906744360923767
42,76,oos,reminder,tell me a list of my local papers,0.43302810192108154
42,42,oos,oos,what's the newspaper today,0.9982156753540039
42,38,oos,exchange_rate,would you let me know who won the gold metal in gymnastics at the olympics,0.9250530004501343
42,72,oos,directions,"at the olympics, what country won the gold medal in basketball",0.6532191038131714
42,42,oos,oos,where will the next olympics be hosted,0.9983428716659546
42,42,oos,oos,when are the winter olympic games,0.9908359050750732
42,145,oos,restaurant_suggestion,what films are in the running for best song at this year's oscars,0.8792539834976196
42,42,oos,oos,who are the nominees for best picture this year,0.9111984968185425
42,1,oos,nutrition_info,give me information on the oscars,0.9672768712043762
42,42,oos,oos,tell me about the oscars,0.6876945495605469
42,96,oos,who_made_you,why did we elect this woman who made amazon leave and take its jobs with it,0.37322506308555603
42,42,oos,oos,how many people live in vermillion,0.9169121384620667
42,94,oos,taxes,what's a good way to organize my tools in my garage,0.9011499285697937
42,36,oos,tell_joke,what's the cost of a good pegboard,0.8513578176498413
42,67,oos,cancel_reservation,is the stop sign around the corner still knocked over,0.389499694108963
42,0,oos,restaurant_reviews,is there a fork in the road sign at main & 1st avenue,0.24242782592773438
42,10,oos,smart_home,are there cameras hidden in stop lights,0.9892007112503052
42,42,oos,oos,what does a flashing yellow light mean,0.7287133932113647
42,0,oos,restaurant_reviews,what is the deadline to register at university of georgia,0.24773654341697693
42,72,oos,directions,what universities are nearby to me and highly rated,0.5610812306404114
42,0,oos,restaurant_reviews,what are the top rated universities within my state,0.5727156400680542
42,128,oos,travel_alert,will the anti-vaxxers die off if no one gives them vaccines,0.803538978099823
42,31,oos,measurement_conversion,how safe is the herpes vaccine they give women,0.25789350271224976
42,38,oos,exchange_rate,where can i get the flu shot,0.3886336386203766
42,19,oos,meeting_schedule,when do i have to get the mmr,0.2977447509765625
42,42,oos,oos,how much are the clorox detergents,0.49493226408958435
42,42,oos,oos,when will nightwish be touring through my city,0.5172114968299866
42,145,oos,restaurant_suggestion,does iron maiden have any new releases,0.4667035639286041
42,129,oos,fun_fact,tell me something about linkin park,0.8043383359909058
42,39,oos,uber,i need you to check the resistance of a coil wrapped 6 times with an id of 25mm,0.2111150622367859
42,95,oos,date,can you tell me whether the knicks will play the lakers this week,0.8893060684204102
42,15,oos,what_are_your_hobbies,what do you do if your 4 year old just ate playdoh,0.980568528175354
42,42,oos,oos,when do the kids get out of school today,0.5705013275146484
42,19,oos,meeting_schedule,please check up on my son's homework,0.8008403182029724
42,43,oos,shopping_list,give me a list of the top three landscaping companies nearby,0.5721949934959412
42,140,oos,next_holiday,when should you mow your grass after it's rained,0.4907444417476654
42,93,oos,income,how much sugar was in my urine this morning,0.4435356855392456
42,145,oos,restaurant_suggestion,what's a good blouse to wear with pink shoes,0.33061617612838745
42,42,oos,oos,what are the best jeans in my size,0.9956426620483398
42,42,oos,oos,how much does it cost to spay a puppy,0.3430366516113281
42,72,oos,directions,what's the best style shoe to wear to the prom,0.7435920238494873
42,13,oos,repeat,can you tell me about that tornado that just tore up alabama,0.5828955769538879
42,42,oos,oos,tell me what the hot topics are that are trending on google,0.5370169281959534
42,19,oos,meeting_schedule,what happened with the summit between trump and jong,0.8752279877662659
42,42,oos,oos,check and see what the local news in broadcasting,0.8511165976524353
42,125,oos,shopping_list_update,please uninstall this intrusive social media app,0.35441842675209045
42,105,oos,calendar_update,upload the pictures to the correct album,0.46420297026634216
42,42,oos,oos,i have a super runny nose and want to find a doctor,0.135710671544075
42,68,oos,transactions,which medicine to relieve my cough,0.42711156606674194
42,67,oos,cancel_reservation,how do i get rid of blocked nose at home,0.5343045592308044
42,38,oos,exchange_rate,how do i get rid of sore throat at home,0.6831398010253906
42,14,oos,whisper_mode,how can i make my living room appear to be bigger than it is,0.3184521496295929
42,16,oos,order,i'd like to find some curtains that look good in this room,0.9495389461517334
42,104,oos,recipe,how to paint walls,0.5904384255409241
42,42,oos,oos,how to fix walls,0.41307416558265686
42,138,oos,calculator,can you tell me the purpose of a safe deposit box,0.27553504705429077
42,134,oos,ingredient_substitution,can you store a gun in a safe deposit box,0.6457569599151611
42,46,oos,meal_suggestion,how do you get a safe deposit box,0.3503246307373047
42,91,oos,new_card,look up how to apply cream to smooth itchiness,0.894580066204071
42,18,oos,schedule_meeting,"how do i deal with angry, painful red bumps",0.8735174536705017
42,72,oos,directions,where should i go if i hammered a nail through my foot,0.8774784803390503
42,86,oos,cook_time,how long does it take to call an ambulance,0.7696758508682251
42,73,oos,spelling,how to get the right medicine,0.8704416155815125
42,73,oos,spelling,how to take care of the sick,0.7156515717506409
42,72,oos,directions,do vegans really want to blame cows for climate change,0.657893717288971
42,145,oos,restaurant_suggestion,give me a recommendation for a local landscaper,0.5239102244377136
42,18,oos,schedule_meeting,i need to hire a grass treatment specialist,0.3455055058002472
42,140,oos,next_holiday,when is the best time of year for pruning,0.392569899559021
42,42,oos,oos,find someone local who mows lawns,0.9981777667999268
42,53,oos,reminder_update,create a speech on historical events surrounding albert einstein,0.6490164995193481
42,18,oos,schedule_meeting,create a pamphlet on albert einsteins childhood,0.8270941972732544
42,42,oos,oos,what is albert einstein famous for,0.8560439944267273
42,42,oos,oos,when was albert einstein born,0.9993940591812134
42,24,oos,traffic,when will cameron release the sequel to avatar,0.35207778215408325
42,147,oos,cancel,can you please start the avatar movie for me,0.9749690294265747
42,42,oos,oos,is the movie avatar culturally insensitive,0.6227339506149292
42,64,oos,insurance_change,could you create a new avatar for me,0.41438549757003784
42,42,oos,oos,does bill gates still have any material participation in the running of microsoft,0.7156057357788086
42,111,oos,pay_bill,tell me more about bill gates,0.48749998211860657
42,5,oos,weather,give me the weather forecast for today,0.9996817111968994
42,42,oos,oos,what is bitcoin trading for currently,0.97514808177948
42,38,oos,exchange_rate,where can i have a black and white photo blown up to poster size,0.36526432633399963
42,150,oos,change_volume,adjust the contrast of the black and white photos,0.803277850151062
42,138,oos,calculator,can you colorize a black and white photo,0.4964751601219177
42,105,oos,calendar_update,add color to the black and white photos,0.6749057173728943
42,73,oos,spelling,how many people were killed in the boston marathon by bombers,0.4303753077983856
42,72,oos,directions,compile a list of historical events from the boston marathon,0.8255282640457153
42,140,oos,next_holiday,time my next run at the boston marathon,0.28525421023368835
42,140,oos,next_holiday,when will the next boston marathon be,0.7643780708312988
42,42,oos,oos,look up which animal is represented in this year's chinese new year,0.5354537963867188
42,86,oos,cook_time,what is the animal for this chinese new year,0.5418432950973511
42,24,oos,traffic,would it be legal to have battles to the death in a homemade colosseum,0.5031974911689758
42,19,oos,meeting_schedule,do the romans still use the colosseum for anything today,0.9943268895149231
42,42,oos,oos,where is the colosseum,0.9894009232521057
42,25,oos,make_call,"can you really time your compressions to queen's ""another one bites the dust""",0.5414067506790161
42,19,oos,meeting_schedule,do i have to put my mouth on theirs when doing cpr,0.6371729969978333
42,19,oos,meeting_schedule,what is the breath to compression ratio for cpr,0.763526976108551
42,72,oos,directions,tell me how to perform cpr,0.42651328444480896
42,147,oos,cancel,create a for-while loop that continues 10 times,0.15974339842796326
42,145,oos,restaurant_suggestion,where are classes taught near me for c++,0.9415488243103027
42,42,oos,oos,"declare a variable named ""golf""",0.2105860412120819
42,104,oos,recipe,how do i write c++,0.4459451735019684
42,42,oos,oos,is the depiction of gold mining in the movie the ballad of buster scruggs realistic,0.9570819735527039
42,77,oos,where_are_you_from,do you own the mineral rights to gold nuggets you find in your back yard,0.4490434229373932
42,72,oos,directions,where is the best place to mine for gold,0.8871570229530334
42,42,oos,oos,when was the gold rush,0.9996169805526733
42,92,oos,roll_dice,make a list of facts about green book,0.33015477657318115
42,42,oos,oos,find out when green book was created,0.8599125742912292
42,42,oos,oos,who wrote green book,0.9932724237442017
42,42,oos,oos,what's the main export by the peoples of greenland,0.4823053181171417
42,42,oos,oos,how many people still live on greenland,0.999983549118042
42,42,oos,oos,scan my photos and tell me which hair style is most suiting for my face,0.9101950526237488
42,19,oos,meeting_schedule,create several photos of me with different hair styles,0.3464237451553345
42,54,oos,food_last,latest hair styles for long natural hair,0.7430683374404907
42,42,oos,oos,show video of hair styling tips,0.6457500457763672
42,42,oos,oos,did a man really die trying to be loved by a horse,0.5816840529441833
42,16,oos,order,how many acres do you need to buy a horse,0.26193076372146606
42,16,oos,order,get me a picture of a horse,0.8548214435577393
42,75,oos,what_is_your_name,does eating poop really help your gut fauna,0.32511916756629944
42,145,oos,restaurant_suggestion,is there a vaccine for ebola,0.5899164080619812
42,42,oos,oos,find out how many latin scholars there are at the university of chicago,0.9945363998413086
42,53,oos,reminder_update,make a list of side hustles i could start today to make a little extra cash,0.6036651134490967
42,104,oos,recipe,make a list of stocks that would be good to invest in to start making money,0.609969973564148
42,72,oos,directions,how can i add my signature to the proposed bill legalizing prostitution,0.5321880578994751
42,24,oos,traffic,what's the roi doing arbitrage with ebay,0.5309118628501892
42,19,oos,meeting_schedule,do women still bare their chests for beads at mardi gras,0.6283355355262756
42,140,oos,next_holiday,when's the next mardi gras going to be,0.48689505457878113
42,138,oos,calculator,what is the best way to kill microbes,0.7091802358627319
42,53,oos,reminder_update,start a speech on microbes for me,0.6685096621513367
42,95,oos,date,inform me of what microbes are,0.32616308331489563
42,42,oos,oos,what is the top 10 best modems,0.9986774325370789
42,118,oos,next_song,what is the time signature for the castlevania song bloody tears,0.6683593392372131
42,21,oos,what_song,can you tell me what key frank zappa's keep it greasy is in,0.8652153611183167
42,18,oos,schedule_meeting,please go to wikipedia and search for articles related to nsa,0.5114108324050903
42,130,oos,sync_device,can the nsa crack the encryption on my iphone,0.9320399165153503
42,19,oos,meeting_schedule,does the nsa listen to me,0.41470205783843994
42,21,oos,what_song,could you pull up the nsa website,0.6007377505302429
42,68,oos,transactions,can you see if the octopus eggs have hatched yet,0.24656584858894348
42,15,oos,what_are_your_hobbies,what do you do if your cat eats an octopus,0.9600434303283691
42,42,oos,oos,find out which museum houses the most post modern art in new york state,0.9456562399864197
42,24,oos,traffic,look up the top 3 selling post modern artists in the united states,0.5003182291984558
42,46,oos,meal_suggestion,create a portrait for me using post modern art,0.5884626507759094
42,21,oos,what_song,find me examples of post modern art,0.8994670510292053
42,5,oos,weather,find the names of all the rain forests located in south america,0.9899071455001831
42,38,oos,exchange_rate,does cutting down the rain forest really add to global warming,0.28924334049224854
42,5,oos,weather,what's the current demand for wood from rain forests,0.7013607621192932
42,7,oos,interest_rate,what's the current prevailing interest rate for mortgages in my area,0.9999943971633911
42,82,oos,greeting,how's the real estate market doing this week,0.7294028401374817
42,65,oos,todo_list_update,please list my real estate for sale,0.47804689407348633
42,65,oos,todo_list_update,make an ad to sell my real estate,0.2752085328102112
42,95,oos,date,what's the status of robotic servants from japan,0.5346537828445435
42,105,oos,calendar_update,finish the final touches on my newest robotic creation,0.4302944839000702
42,128,oos,travel_alert,can a robot really travel back in time,0.7386144399642944
42,144,oos,change_user_name,program my new robot to bring me snacks,0.9851229786872864
42,78,oos,distance,how long would it take you to die of thirst in the sahara desert,0.8716263771057129
42,18,oos,schedule_meeting,can a samurai sword deflect a bullet,0.5099374651908875
42,93,oos,income,how much for a samurai sword,0.5868324041366577
42,148,oos,pto_used,make a list of what materials have been used for spacesuits,0.9422783851623535
42,75,oos,what_is_your_name,what size space suit should you get based on your girth,0.595998227596283
42,16,oos,order,see if you can purchase a spacesuit online,0.9985731840133667
42,42,oos,oos,compile a folder of paintings of sparta,0.18068481981754303
42,114,oos,goodbye,display history of sparta,0.48061054944992065
42,65,oos,todo_list_update,compile a list of articles pertaining to venture capital funding for me,0.6668240427970886
42,145,oos,restaurant_suggestion,start a portfolio on venture capital funding for me to look over,0.4744313657283783
42,10,oos,smart_home,how do i get venture capital for my app,0.42360353469848633
42,21,oos,what_song,what's the latest vc funded company,0.9042975902557373
42,18,oos,schedule_meeting,i'd like to hire a wedding planner and need help finding one,0.6199992299079895
42,64,oos,insurance_change,how to plan for weddings,0.6157007813453674
42,73,oos,spelling,find out how many whales are currently in monterey bay,0.9528123736381531
42,147,oos,cancel,make a chart of the different types of whales,0.24904006719589233
42,149,oos,travel_suggestion,what did my best friend do in the kitchen while we were gone,0.8547059297561646
42,93,oos,income,what's my boss' home address,0.49398383498191833
42,96,oos,who_made_you,what's it like to have parents who actually love you,0.9993914365768433
42,19,oos,meeting_schedule,is there any news if my parents survived the crash,0.2964281439781189
42,72,oos,directions,tell me who gives the best motivational speeches on the web,0.6941773295402527
42,16,oos,order,find an article on celebrities who made it out of poverty,0.8262554407119751
42,145,oos,restaurant_suggestion,send me a motivational quote everyday for the next week,0.18745355308055878
42,95,oos,date,who is the hardest working man in hollywood,0.18320374190807343
42,122,oos,w2,tell me where i can get more information on getting a job at the post office,0.8705714344978333
42,19,oos,meeting_schedule,pull up the classifieds and read the career section to me,0.6089351773262024
42,64,oos,insurance_change,help me find a new position as a programmer,0.8544594049453735
42,145,oos,restaurant_suggestion,what's the best career search website,0.5035994648933411
42,99,oos,how_old_are_you,write the next chapter of my biography and let me know when you have finished it,0.3352522850036621
42,72,oos,directions,give me a list of the biographies written by nyu professors after 2001,0.9656834006309509
42,16,oos,order,i would like for you to start a biography on me,0.7505871057510376
42,42,oos,oos,show me all biographies on teddy kennedy,0.31467390060424805
42,63,oos,book_flight,find out what supplies i am missing and will need on my upcoming camping trip,0.5417286157608032
42,0,oos,restaurant_reviews,what are the camping restrictions at bear island,0.5608472228050232
42,136,oos,current_location,find articles that can help me advance my position in my work field,0.5178637504577637
42,15,oos,what_are_your_hobbies,show me what one should do to get ahead in a tech corporation,0.29368162155151367
42,16,oos,order,get me a copy of a book on negotiation in the workplace,0.6311277747154236
42,42,oos,oos,look up ways for me to advance my job placement,0.9825425148010254
42,46,oos,meal_suggestion,see if there is a recipe to make a casserole without any dairy,0.7870149612426758
42,38,oos,exchange_rate,tell me in how many different colors i can get dinner plates from pier one imports,0.69086754322052
42,46,oos,meal_suggestion,tell me amazon's choice for a set of 4 dinner plates,0.9982675313949585
42,46,oos,meal_suggestion,find out where i can by melamine dinner plates,0.4951670467853546
42,42,oos,oos,find out what the maximum memory size is that i can buy in a dvd,0.8036355376243591
42,42,oos,oos,tell me who makes the best dvd's for movie storage,0.990746259689331
42,42,oos,oos,how many dvds do i currently have on file,0.9826488494873047
42,16,oos,order,give me a listing of all my dvd's,0.23180700838565826
42,38,oos,exchange_rate,look up the conversion rate for the euro to dollar exchange,0.9999920129776001
42,42,oos,oos,how do i put a lens that's fallen out back in my glasses,0.5296015739440918
42,16,oos,order,i need you to order a new pair of eyeglasses for me,0.6570194959640503
42,136,oos,current_location,tell me what my current eyeglasses prescription is,0.9037840366363525
42,19,oos,meeting_schedule,show me examples of cute eyeglass frames,0.4582444727420807
42,77,oos,where_are_you_from,make a list of all sites in the us where spirits have been seen at night,0.43718236684799194
42,42,oos,oos,tell me how to get rid of a spirit that's haunting me,0.5905085206031799
42,42,oos,oos,show me how to contact a paranormal spirit,0.7078032493591309
42,19,oos,meeting_schedule,tell me a scary story,0.5942804217338562
42,54,oos,food_last,show me the goals of my local police department in terms of reducing crime,0.41198480129241943
42,16,oos,order,make a list of goals i need to meet in order to write a book,0.5845538377761841
42,19,oos,meeting_schedule,what is the distance between the goal posts in football,0.23065277934074402
42,48,oos,todo_list,remind me what my weight loss goals are,0.7561315298080444
42,94,oos,taxes,give me a list of tax attorneys that practice in my city,0.9885841608047485
42,18,oos,schedule_meeting,tell me how i can file a pleading in circuit court,0.3176298141479492
42,24,oos,traffic,give me the number of a traffic attorney near here,0.998160183429718
42,42,oos,oos,what are the top rated local lawyers,0.623725175857544
42,42,oos,oos,find out how many miles the mississippi waterway runs,0.9784455299377441
42,95,oos,date,tell me what the longest tributary is in venezuela,0.6557182669639587
42,105,oos,calendar_update,please book another boat for this weekends trip,0.27387818694114685
42,16,oos,order,get me a list of universities that provide full scholarships in arizona,0.41124263405799866
42,122,oos,w2,tell me where to go to get my son enrolled in public kindergarten,0.5095563530921936
42,60,oos,calendar,"do a job search on monstercom for jobs in the tech field in arlington, va",0.6366754174232483
42,40,oos,car_rental,"i need to find work, help me connect to a local business through linkedin",0.4342985153198242
42,112,oos,ingredients_list,detail a list of possible job openings in the miami public school system,0.3868727684020996
42,102,oos,how_busy,look for a position similar to mine that is open around my area,0.5133408904075623
42,42,oos,oos,find out where one can get involved in discussing local election issues,0.8316342234611511
42,116,oos,book_hotel,give me a list of the top 5 issues people have in this country,0.49290621280670166
42,95,oos,date,what is the government department that regulates emissions,0.9542797803878784
42,0,oos,restaurant_reviews,what's the highest rated social services non-profit,0.546751856803894
42,42,oos,oos,explain to me the process of evaporation,0.9393872618675232
42,18,oos,schedule_meeting,how do i write an iep for a high schooler,0.4437675476074219
42,72,oos,directions,tell me how to refinish a wooden desk,0.9454376101493835
42,104,oos,recipe,tell me how to make a lesson plan,0.9982355833053589
42,122,oos,w2,tell me where i can get the cheapest tennis balls on the internet,0.6367686986923218
42,106,oos,play_music,play the current tennis match on the tv in the living room,0.5983109474182129
42,42,oos,oos,give me a list of the top 10 tennis players in the world,0.41252586245536804
42,147,oos,cancel,make a chart of all the tennis scores from this year,0.8884007930755615
42,58,oos,share_location,find the best prices for toothpaste at any store within a 5 mile radius of my location,0.4365464150905609
42,138,oos,calculator,tell me what the best shampoo is for someone with dry scalp,0.5091120004653931
42,72,oos,directions,what's the best price on a gray xl ll bean men's parka,0.7017148733139038
42,10,oos,smart_home,tell me who has the cheapest watch bands on ebay,0.47923263907432556
42,10,oos,smart_home,how do i set the time on my tag heuer,0.2803488075733185
42,64,oos,insurance_change,tell me the steps as to how to begin a career as a journalist,0.2877180278301239
42,24,oos,traffic,give me prices on a copy of the mla grammar handbook,0.3026634454727173
42,96,oos,who_made_you,put words on the paper about what you want,0.4798697531223297
42,115,oos,what_can_i_ask_you,put into words what you want,0.713747501373291
42,120,oos,plug_type,what kind of foods are border collies allergic to,0.9275127649307251
42,72,oos,directions,find out how i can best clip my dog's nails,0.5708863139152527
42,138,oos,calculator,what is the lifespan of a border collie,0.6758755445480347
42,94,oos,taxes,look up daily dog kennels in my area,0.5420688986778259
42,94,oos,taxes,give me a list of grocery stores that sell japanese sweet potatoes,0.19198735058307648
42,0,oos,restaurant_reviews,tell me the price of bananas at whole foods this week,0.6588138937950134
42,25,oos,make_call,call the grocery store and get their operational hours,0.9977045655250549
42,39,oos,uber,call an uber to take me to the closest grocery store,0.8739248514175415
42,42,oos,oos,show me how many community centers are located within 5 miles of my location,0.9401350617408752
42,145,oos,restaurant_suggestion,which houses do not have automatic spot lights in front of their garage,0.3647504448890686
42,42,oos,oos,are all the street lamps working on my street,0.7008066773414612
42,46,oos,meal_suggestion,make a list of all community gardens near me,0.5314556360244751
42,113,oos,lost_luggage,tell me where to send my resume in order to get a job at delta airlines,0.5222080945968628
42,85,oos,confirm_reservation,review my resume for spelling errors,0.28592419624328613
42,10,oos,smart_home,please print out copies of my resume,0.5316765308380127
42,93,oos,income,please spell check my resume,0.4232722818851471
42,39,oos,uber,where can i get 100% merino wool t-shirts on the internet,0.5224682092666626
42,39,oos,uber,show me all listings on amazon for leather belts for men,0.3761228322982788
42,148,oos,pto_used,tell me how many blue ties i own,0.25870922207832336
42,42,oos,oos,who is the start of the movie almost famous,0.9981070756912231
42,57,oos,who_do_you_work_for,search up someone who plays in a movie,0.3106320798397064
42,72,oos,directions,search up the cast in the walking dead,0.9762799143791199
42,129,oos,fun_fact,tell me about the amusement park,0.6858868598937988
42,5,oos,weather,what's the amusement park like,0.8408629894256592
42,105,oos,calendar_update,take a ride on the ferris wheel,0.2967498302459717
42,105,oos,calendar_update,go on the ferris wheel,0.4183162450790405
42,42,oos,oos,what is the cost of four double a batteries,0.9944717884063721
42,21,oos,what_song,instruct a list of all the brands of cereal manufactured by kelloggs,0.5080098509788513
42,114,oos,goodbye,compare prices of malt-o-meal to kelloggs,0.7808778285980225
42,39,oos,uber,what kinds of cereal are gluten free,0.21528205275535583
42,5,oos,weather,what kinds of cereal are low sugar,0.9788685441017151
42,42,oos,oos,what is the last time the living room was vacuumed,0.8931765556335449
42,42,oos,oos,search all movies created by disney in the 1980's,0.9998646974563599
42,95,oos,date,does disney world close when it storms,0.41376054286956787
42,138,oos,calculator,mickey mouse is a huge part of disney,0.7595909237861633
42,0,oos,restaurant_reviews,what are the hours for disney world,0.9061579704284668
42,26,oos,text,what time did i get the last text message i received,0.5348769426345825
42,26,oos,text,please read me the last text message i received,0.9827038645744324
42,26,oos,text,read my friend's text message,0.9978418350219727
42,105,oos,calendar_update,watch the stories on instagram,0.8639872670173645
42,84,oos,order_status,update my status on instagram,0.8908907771110535
42,68,oos,transactions,can you check on what it would cost me to upgrade my iphone with t-mobile,0.6156794428825378
42,17,oos,jump_start,please alert me when my iphone battery falls below 30%,0.3016667664051056
42,56,oos,bill_due,can you look at when the next iphone is due out,0.9927782416343689
42,19,oos,meeting_schedule,what type of industries do innovation managers work in,0.504069447517395
42,42,oos,oos,what are the requirements of a lab technician,0.5121902227401733
42,21,oos,what_song,generate a list of 20 songs that include the word love in the title,0.5666661262512207
42,46,oos,meal_suggestion,create a 500 word letter expressing love,0.9200320839881897
42,104,oos,recipe,find a couple's therapist who can help me and my wife,0.7476075887680054
42,42,oos,oos,what does the average cost of an engagement ring,0.9995679259300232
42,21,oos,what_song,what is popular in fashion right now,0.35354965925216675
42,134,oos,ingredient_substitution,does denim go with anything,0.23802846670150757
42,25,oos,make_call,accept incoming phone call,0.9999357461929321
42,25,oos,make_call,deny incoming phone call,0.9995195865631104
42,93,oos,income,what do i wear on my feet when it rains,0.62323397397995
42,93,oos,income,what do i put on my feet,0.5609402060508728
42,118,oos,next_song,what are the words to the chorus for this song,0.47448328137397766
42,21,oos,what_song,display the song lyrics for me,0.9975464940071106
42,19,oos,meeting_schedule,"google ""odell beckham free agency""",0.8613137006759644
42,65,oos,todo_list_update,clear my search history,0.4344935119152069
42,90,oos,replacement_card_duration,compare the new life growth in trees when the seasons change,0.5069908499717712
42,52,oos,vaccines,plant all your flowers just after easter in early april,0.696779727935791
42,42,oos,oos,find a good toy to give a 5 year old boy that costs less than $40,0.9798580408096313
42,68,oos,transactions,find out where i can buy a barbie doll for my niece,0.8750563859939575
42,1,oos,nutrition_info,look on amazon for the price of a nitendo switch,0.8841402530670166
42,68,oos,transactions,what brand was the last advertisement for,0.8539851307868958
42,42,oos,oos,how do i skip all of the advertisements,0.5984961986541748
42,18,oos,schedule_meeting,make a list of decor i would need to have a titanic themed birthday party,0.477351576089859
42,65,oos,todo_list_update,aquire the soundtracks from the movie if i stay and add them to my ipod,0.577626645565033
42,105,oos,calendar_update,"i watched ""were the millers"" on netflix last night",0.6169803142547607
42,42,oos,oos,"can you find ""were the millers"" on hulu",0.8251398205757141
42,42,oos,oos,"how many people have held the role of county attorney bearing the family name ""dixon""",0.9411563277244568
42,72,oos,directions,tell me about the candidates running for local office in my area,0.4596642553806305
42,42,oos,oos,find out who is the representative of my district,0.8575429916381836
42,21,oos,what_song,generate a list of the past 10 judge executives,0.20525896549224854
42,42,oos,oos,look up the email address of the local police,0.9099545478820801
42,126,oos,pto_balance,how many hits have i done today,0.48327064514160156
42,42,oos,oos,change out the older photos with the newer ones,0.8744306564331055
42,82,oos,greeting,organize photos by year they were taken,0.3096662759780884
42,58,oos,share_location,can you group my photos by location,0.8623015284538269
42,19,oos,meeting_schedule,organize my photos by date please,0.8110786080360413
42,42,oos,oos,tell me what my local park's policy is on letting dogs off of leashes,0.9745819568634033
42,80,oos,flight_status,look up the operating hours of my local park on weekends,0.3347199857234955
42,42,oos,oos,how many parks are within 20 miles of me,0.9159826040267944
42,110,oos,gas,check to see if i still have allergy medication,0.14241045713424683
42,82,oos,greeting,sign me up for the writing class you told me about 2 days ago,0.572514533996582
42,19,oos,meeting_schedule,find articles on essay writing for beginners,0.8758566379547119
42,86,oos,cook_time,how long should an essay be,0.9987850785255432
42,42,oos,oos,how do you start an essay,0.9949396848678589
42,34,oos,do_you_have_pets,what should you do if your laundry machine is making a high pitched whine,0.8896814584732056
42,42,oos,oos,find out who the best appliance repairman is for the downtown area,0.9686421751976013
42,24,oos,traffic,look up local repair shops that work on vacuum cleaners,0.8171076774597168
42,16,oos,order,can i get a sear's appliance repairman,0.8974558711051941
42,72,oos,directions,find directions to the sunshine car wash from my house,0.5843119621276855
42,131,oos,schedule_maintenance,can you book me an appointment at a car wash,0.9778397083282471
42,111,oos,pay_bill,what brush can i use to wash my car that won't scratch it,0.5724197626113892
42,10,oos,smart_home,please clean the car windows,0.8536943197250366
42,10,oos,smart_home,vacuum out the car,0.8559805750846863
42,105,oos,calendar_update,schedule an appointment with the credit counselor for tuesday,0.9000222682952881
42,42,oos,oos,find a credit mentoring service number for me please,0.4522629678249359
42,38,oos,exchange_rate,how much does it cost to get two jackets dry cleaned,0.7497698068618774
42,39,oos,uber,look up articles on the green dry cleaning industry,0.41082412004470825
42,145,oos,restaurant_suggestion,find a cleaner that specializes in suede,0.47529107332229614
42,140,oos,next_holiday,when should you use a dry cleaner,0.678307294845581
42,65,oos,todo_list_update,create emergency phone numbers list,0.6284153461456299
42,96,oos,who_made_you,do sets of 25 set-ups each morning til you have completed your goal,0.24241754412651062
42,126,oos,pto_balance,keep a note of how many miles you walk a day,0.5847658514976501
42,72,oos,directions,how much weight should i lift to get buff,0.47955021262168884
42,149,oos,travel_suggestion,what's a good stretch to do to limber up,0.43140721321105957
42,42,oos,oos,look up the most requested famous person for quotes,0.9968044757843018
42,42,oos,oos,what is the most famous quote on the internet,0.999235987663269
42,125,oos,shopping_list_update,make a list of the top 100 famous quotes,0.8346328139305115
42,42,oos,oos,show me the top 10 quotes by mark twain,0.9800413250923157
42,15,oos,what_are_your_hobbies,what do you do if you can't stop vomiting,0.9097388386726379
42,43,oos,shopping_list,what should i take for a cold,0.7261989712715149
42,109,oos,credit_limit_change,"i have too many credit cards, is there any way you can help me organize them",0.7886086106300354
42,109,oos,credit_limit_change,find a credit counseling service for me on the web,0.5069302320480347
42,6,oos,redeem_rewards,explain how to reduce my debt burden,0.32866933941841125
42,7,oos,interest_rate,look up the current auto loan rate at chase bank,0.43126818537712097
42,16,oos,order,look up student loan offers on google,0.22407492995262146
42,93,oos,income,check current prime mortgage rate,0.48840415477752686
42,15,oos,what_are_your_hobbies,what should you do if you can't be bothered to get out of bed,0.8440790772438049
42,18,oos,schedule_meeting,send me a quote from a motivational speaker twice a day,0.8412625193595886
42,63,oos,book_flight,find me a book on motivational speaking from amazon,0.7848347425460815
42,38,oos,exchange_rate,check to see if i need a pass to use the parking garages downtown,0.7513028383255005
42,42,oos,oos,can you check to see which parking garages are open downtown,0.951561450958252
42,38,oos,exchange_rate,how much does it cost to use the parking garage downtown,0.9056568741798401
42,36,oos,tell_joke,what's a good way of backing out of a parking spot,0.8394880890846252
42,72,oos,directions,search the web for monthly parking near my house,0.8026403784751892
42,72,oos,directions,find out where parking is close to the stadium,0.9838555455207825
42,38,oos,exchange_rate,how do i get perfect alignment with the curb,0.6684284210205078
42,104,oos,recipe,describe to me how i can learn to make small talk,0.9964138865470886
42,18,oos,schedule_meeting,explain how small talk helps bind groups together,0.5697511434555054
42,93,oos,income,what do you do all day while i'm at work,0.5602748990058899
42,123,oos,oil_change_when,"so, hang out around this house often",0.48401427268981934
42,72,oos,directions,tell me the best way to freshen the smell in my car,0.9956035614013672
42,17,oos,jump_start,where's the closest car wash my car smells,0.3776923716068268
42,42,oos,oos,how much is auto febreeze on amazon,0.5108882784843445
42,17,oos,jump_start,find out how to deodorize a car,0.9109813570976257
42,145,oos,restaurant_suggestion,see if you can find a good vegetable wash for me,0.8003732562065125
42,19,oos,meeting_schedule,look up website on container gardening,0.5173506140708923
42,105,oos,calendar_update,are we allowed to wash our cars during the drought,0.3732245862483978
42,131,oos,schedule_maintenance,request a refund on the car wax i bought yesterday,0.2199256420135498
42,111,oos,pay_bill,i'd like to hire someone to wash my car,0.5516834855079651
42,24,oos,traffic,find out what gentlemen are wearing to weddings these days,0.38379180431365967
42,10,oos,smart_home,find me articles on appropriate wedding attire,0.5619916319847107
42,147,oos,cancel,zip the back of the brides maid dress,0.44975605607032776
42,24,oos,traffic,rent the tuxedo the day before,0.4853896498680115
42,0,oos,restaurant_reviews,find available letter writing classes at the local community college,0.593302309513092
42,145,oos,restaurant_suggestion,find me a graphic tutorial on writing longhand,0.7697652578353882
42,16,oos,order,order me a book of stamps and envelopes,0.9870558977127075
42,36,oos,tell_joke,start listening to me dictate a letter,0.23801547288894653
42,19,oos,meeting_schedule,"email my boss, tell him i wont be in today",0.5298523902893066
42,19,oos,meeting_schedule,are the schools closed,0.6945346593856812
42,42,oos,oos,let me know what time the patriots game starts,0.9614133238792419
42,78,oos,distance,tell me how long until the nascar race begins,0.48980385065078735
42,19,oos,meeting_schedule,are there any sales on liquor,0.4209333062171936
42,42,oos,oos,what shows are on tonight,0.9994252920150757
42,62,oos,carry_on,are there any new job postings in my area in the last hour for jobs on craigslist,0.3519282042980194
42,19,oos,meeting_schedule,see if there are any employment agencies hiring managers right now,0.8107978105545044
42,145,oos,restaurant_suggestion,can you tell me what the best places are to look for a job online,0.9803246855735779
42,19,oos,meeting_schedule,sign me up for the slack employment forum,0.9913442134857178
42,32,oos,timer,please replay the last five minutes,0.7396097779273987
42,147,oos,cancel,can you enable subtitles,0.9795179963111877
42,19,oos,meeting_schedule,consult the gq website to find what men wear to weddings,0.9354720711708069
42,89,oos,pin_change,order me a blue pin stripe suit from saville row,0.7021709680557251
42,21,oos,what_song,what's in fashion this month,0.7692025303840637
42,114,oos,goodbye,is it too late to wear white,0.7137689590454102
42,135,oos,calories,how many calories does jumping up and down burn,0.9981575608253479
42,38,oos,exchange_rate,how many push-ups do i need to do to get ripped,0.6181405782699585
42,19,oos,meeting_schedule,fill up my water bottle for the gym,0.524415135383606
42,19,oos,meeting_schedule,pick out an excerise outfit for me,0.7825544476509094
42,90,oos,replacement_card_duration,find out how long a cold should last before i call a doctor,0.7860068082809448
42,46,oos,meal_suggestion,what should i take for nausea,0.8189466595649719
42,147,oos,cancel,how do you relieve a hangover,0.2892274856567383
42,145,oos,restaurant_suggestion,what is a good home remedy for a rash,0.614018440246582
42,112,oos,ingredients_list,"i have a rash, what can i use for it",0.4855870306491852
42,16,oos,order,can you order some ointment for me,0.9999542236328125
42,42,oos,oos,how do i get rid of an itchy rash,0.5606353282928467
42,26,oos,text,forward the text i just got from henry to giselle,0.9806381464004517
42,26,oos,text,please read the text message i just received,0.9999954700469971
42,26,oos,text,save my text on my laptop hard drive,0.9983661770820618
42,42,oos,oos,what time does my ex-boss leave the office,0.988719642162323
42,42,oos,oos,how much does gun ammunition cost,0.8573698997497559
42,0,oos,restaurant_reviews,restart my newspaper delivery for monday,0.7774123549461365
42,15,oos,what_are_your_hobbies,are there any messages,0.34867194294929504
42,95,oos,date,what's that smell,0.9464166164398193
42,53,oos,reminder_update,get me a list of the best savings account rates right now,0.3401855528354645
42,61,oos,translate,is beer legal in this state,0.6655251979827881
42,39,oos,uber,get me articles and pics of different types of household bugs for this area,0.9456852078437805
42,116,oos,book_hotel,what should i do if i saw a cockroach in my house,0.17956073582172394
42,24,oos,traffic,look up articles on squealing brakes for ford f-150's,0.6162617802619934
42,25,oos,make_call,please answer the phone and put it on speaker on the tv,0.19269545376300812
42,81,oos,find_phone,can you tell me who's calling me,0.4053390324115753
42,25,oos,make_call,answer the phone,0.8600821495056152
42,25,oos,make_call,ignore call,0.9998251795768738
42,42,oos,oos,find out what type of wax is needed for a late model ford sedan,0.9947376847267151
42,17,oos,jump_start,what's the first thing you should do to wash your car,0.6410900354385376
42,8,oos,gas_type,what supplies do i need to clean my car,0.8507121801376343
42,131,oos,schedule_maintenance,look up articles on car washing at home,0.6862410306930542
42,42,oos,oos,how old is the oldest person that is in the guiness book of world records,0.9808698892593384
42,118,oos,next_song,how could i get into the guiness book of world records,0.47816094756126404
42,42,oos,oos,what person is the heaviest ever recorded,0.9834154844284058
42,42,oos,oos,who has the longest hair ever,0.9995331764221191
42,64,oos,insurance_change,can you look at what average reviews say about the new windows phone on amazon for me,0.5088092088699341
42,87,oos,damaged_card,tell me a summary of reviews that oakley frogskins get on amazon,0.2718917727470398
42,65,oos,todo_list_update,make me a list of the top ten reviewed hiking boots on jetcom,0.5051807761192322
42,0,oos,restaurant_reviews,show me a tabulation of reviews for lcd tv's on amazon,0.9280762076377869
42,72,oos,directions,can you tell me what happened to han solo in episode 4,0.36869269609451294
42,38,oos,exchange_rate,how many movies are in the star wars series,0.36624225974082947
42,42,oos,oos,how many star wars movies are there,0.999980092048645
42,42,oos,oos,who plays han solo,0.8577094078063965
42,57,oos,who_do_you_work_for,which movie is it that someone says perfectly balanced as all things should be,0.6586219072341919
42,95,oos,date,what movie is the line today is our independence day from,0.7444589138031006
42,95,oos,date,what movie is it that says today is a good day to die,0.7367259860038757
42,42,oos,oos,what movie does it's just a flesh wound come from,0.8308082818984985
42,105,oos,calendar_update,is michonne wrong for not working with the kingdom to put on the fair,0.4198341965675354
42,54,oos,food_last,which actors have played more than 1 comic book character,0.5966646671295166
42,42,oos,oos,what marvel movie did mark ruffalo first appear in,0.9982967972755432
42,49,oos,card_declined,why did negan return to his jail cell,0.9045439958572388
42,121,oos,maybe,is there more than one occult that a person can join,0.7586385607719421
42,16,oos,order,can i summon a demon using just an ouija board,0.3155246675014496
42,72,oos,directions,what's the best way to drown a witch,0.8479400277137756
42,5,oos,weather,what does it mean to join the occult,0.4264775514602661
42,19,oos,meeting_schedule,did madison really bathe in the potomac naked,0.4519381821155548
42,145,oos,restaurant_suggestion,can you explain a good risk strategy to me,0.848493754863739
42,120,oos,plug_type,what are the rules for chess,0.847733199596405
42,145,oos,restaurant_suggestion,fill out the paperwork for tonys new daycare center,0.34119677543640137
42,64,oos,insurance_change,i need to find a new babysitter,0.7692247033119202
42,16,oos,order,get me a list of divorce attorneys in the new york area,0.9578584432601929
42,78,oos,distance,how long does it take to get a divorce finalized,0.8165685534477234
42,42,oos,oos,where can i find the best divorce lawyer,0.5596418976783752
42,112,oos,ingredients_list,make me a map of all earthquake hotspots in the continental us,0.7016898989677429
42,42,oos,oos,how much damage did the last earthquake here do,0.4929845929145813
42,68,oos,transactions,what was the latest tremor on the richter scale,0.574924886226654
42,72,oos,directions,get me articles on earthquake preparedness,0.7182149291038513
42,116,oos,book_hotel,what is appropriate to spend on a bouquet of flowers for mother's day,0.6011720299720764
42,72,oos,directions,get me a list of personal conservation tips that i can use around the house,0.5280910730361938
42,42,oos,oos,look up the average temperature changes over the last 30 years for my area,0.6639859080314636
42,42,oos,oos,is the polar vortex of 2019 apart of global warming,0.9523121118545532
42,42,oos,oos,what is global warming,0.5684045553207397
42,23,oos,restaurant_reservation,can you book me a tee time at cantigny at 2 pm on saturday,0.9970869421958923
42,24,oos,traffic,what's the best golf club to use on the lower nine,0.8757162094116211
42,20,oos,freeze_account,how do i stop my child from setting small animals on fire for amusement,0.22010692954063416
42,147,oos,cancel,review chapter 6 with my son and verify his math homework answers,0.3678795099258423
42,81,oos,find_phone,can you look up how i shoot a time lapse video on my iphone camera or is it even possible,0.9012869000434875
42,42,oos,oos,how do i turn up the resolution that i am taking pictures in on my camera phone,0.28427258133888245
42,19,oos,meeting_schedule,print out the photos i took today,0.9173739552497864
42,106,oos,play_music,can you find me sheet music for the beatles white album online,0.6878726482391357
42,145,oos,restaurant_suggestion,find me a good band instructor or two to compare in my area,0.7689964175224304
42,18,oos,schedule_meeting,can i get a starter course for the trumpet,0.25568708777427673
42,42,oos,oos,how many keys does a xylophone have,0.7710501551628113
42,73,oos,spelling,how many polar bears are still alive in the arctic,0.4563533067703247
42,19,oos,meeting_schedule,are polar bears on the endangered species list,0.5786517262458801
42,42,oos,oos,what is the life expectancy of a polar bear,0.7175589203834534
42,42,oos,oos,can a polar bear live in alabama,0.9962224960327148
42,118,oos,next_song,when will george rr martin publish the next game of thrones book,0.7442939281463623
42,120,oos,plug_type,show me the new york times most popular book list for this week,0.9050029516220093
42,73,oos,spelling,how many books are in piers anthony virtual mode series,0.344613254070282
42,141,oos,update_playlist,"order the new book titled ""ghost work""",0.6473491787910461
42,61,oos,translate,please check if god is really living in a small apartment in brussels,0.34338313341140747
42,42,oos,oos,what did the mesopotamians call the creator of the universe,0.9352858662605286
42,147,oos,cancel,put on an educational program about buddhism,0.6319288611412048
42,96,oos,who_made_you,what happens if you're skydiving and your parachute doesn't open,0.4853399395942688
42,42,oos,oos,research how many deaths has resulted from skydiving,0.7712075710296631
42,42,oos,oos,how many people die each year while skydiving,0.9022723436355591
42,42,oos,oos,google the price of skydiving in florida,0.8346566557884216
42,42,oos,oos,in what movie did mrs congeniality feature a contestant championing for world peace,0.4344900846481323
42,42,oos,oos,"has there ever been total world peace, where no nations in the world are at war",0.991397500038147
42,42,oos,oos,name the leader from tibet that stands firm for world peace,0.7877419590950012
42,5,oos,weather,what will it take to achieve world peace,0.4215938448905945
42,147,oos,cancel,was einstein right to be scared of spooky action at a distance,0.7355263233184814
42,42,oos,oos,what is the nature of the big bang theory,0.989812433719635
42,42,oos,oos,how does the etheric body operate,0.5444440841674805
42,121,oos,maybe,do we actually have a soul,0.36890435218811035
42,145,oos,restaurant_suggestion,where can i find cheap rental skis nearby,0.44382619857788086
42,130,oos,sync_device,check the nanny cam and send the feed to my phone,0.9391521215438843
42,27,oos,bill_balance,how much should i tip on this bill,0.547838568687439
42,42,oos,oos,send me live feed of the pre-game prediction show on my phone,0.5244919657707214
42,21,oos,what_song,what are the scores of other teams in this division,0.5638192892074585
42,82,oos,greeting,look up pitcher stats on jake rooney,0.8805784583091736
42,21,oos,what_song,what teams are playing right now,0.958274245262146
42,114,oos,goodbye,is it too late to upgrade to first class,0.9773691296577454
42,148,oos,pto_used,"according to my fitness tracker, how many push ups have i done today",0.9183300733566284
42,114,oos,goodbye,renew gym membership,0.8775796294212341
42,43,oos,shopping_list,what's my budget for today's shopping trip,0.9692809581756592
42,10,oos,smart_home,can you find my car in the parking lot,0.4853750467300415
42,72,oos,directions,what's the best hand to have in texas hold em,0.40534836053848267
42,42,oos,oos,is gambling legal in my state,0.9159709811210632
42,82,oos,greeting,fold my hand,0.9269576668739319
42,42,oos,oos,what time did i put in my first load of laundry,0.933578610420227
42,35,oos,balance,how much time is left on my laundry,0.5722099542617798
42,147,oos,cancel,report outage to my electric provider,0.7111343741416931
42,147,oos,cancel,power up my generator,0.5464606285095215
42,145,oos,restaurant_suggestion,call up instructables website and find article on bike assembly,0.5987904071807861
42,19,oos,meeting_schedule,find schematics for ikea desk assembly,0.6275473833084106
42,104,oos,recipe,search information on how to apply foundation,0.2964034080505371
42,73,oos,spelling,find instructions on how to play taboo,0.38687846064567566
42,42,oos,oos,what casino game has the best odds,0.6845481991767883
42,71,oos,spending_history,tell me how much energy i have consumed so far this year,0.9981318116188049
42,42,oos,oos,give me an energy usage breakdown for march,0.9955956339836121
42,148,oos,pto_used,how many kilowatts have i used this month,0.9957830905914307
42,27,oos,bill_balance,what's my current electric bill,0.9971022009849548
42,147,oos,cancel,can you locate the television remote,0.9372680187225342
42,68,oos,transactions,where did i last place my remote,0.837381899356842
42,42,oos,oos,do you know where the remote is,0.850983202457428
42,82,oos,greeting,have you seen the remote,0.7212784886360168
42,136,oos,current_location,please ping the rfid in my wallet and tell me where it's at right now,0.38310933113098145
42,136,oos,current_location,can you detect where i placed my wallet,0.8066117167472839
42,136,oos,current_location,give me my wallet location,0.9994944334030151
42,136,oos,current_location,find my wallet,0.5951697826385498
42,58,oos,share_location,can you give me the gps location of harvey,0.5505105257034302
42,71,oos,spending_history,where's my buddy steve right this second,0.32164812088012695
42,67,oos,cancel_reservation,locate jenny at her present position,0.354073166847229
42,42,oos,oos,let me know where jim is right now,0.6251675486564636
