y_true,y_pred,true_label_name,pred_label_name,text,max_confidence
61,61,translate,translate,how would you say fly in italian,0.9660353064537048
61,61,translate,translate,what's the spanish word for pasta,0.5208930373191833
61,61,translate,translate,how would they say butter in zambia,0.9776111841201782
61,61,translate,translate,how do you say fast in spanish,0.9918165802955627
61,139,translate,definition,what's the word for trees in norway,0.25045672059059143
61,61,translate,translate,how does one say wonderful in german,0.7634718418121338
61,61,translate,translate,how do they say tacos in mexico,0.9433525800704956
61,61,translate,translate,how would one say cruiser in china,0.883859395980835
61,61,translate,translate,what's the french word you use for potato,0.16791100800037384
61,61,translate,translate,what would the word for grass be in finland,0.2333034873008728
61,61,translate,translate,how do you say please in french,0.9887014627456665
61,61,translate,translate,how would i say nice to meet you if i were russian,0.9338358044624329
61,61,translate,translate,what is the right way to say excuse me in spanish,0.9434747695922852
61,61,translate,translate,how do i say i'm sorry in chinese,0.9652237296104431
61,61,translate,translate,how would i say thank you if i were mexican,0.9646231532096863
61,61,translate,translate,how would i say what is your name if i were french,0.9233598709106445
61,61,translate,translate,how would i say i must be going now if i were german,0.9312248229980469
61,61,translate,translate,how do i say bathroom in italian,0.9777451157569885
61,61,translate,translate,how might i say hello if i were scottish,0.9656673073768616
61,61,translate,translate,i must know how to say thank you in german,0.927967369556427
61,61,translate,translate,how would i say i love you if i were german,0.9894686341285706
61,61,translate,translate,how would i say how are you today if i were mexican,0.7481049299240112
61,61,translate,translate,how would i say where is the bathroom if i were korean,0.8804920315742493
61,61,translate,translate,how would i say i need directions if i were french,0.9878056049346924
61,61,translate,translate,how would i say i am lost if i were japanese,0.9817138314247131
61,61,translate,translate,english to spanish for dog,0.5181993246078491
61,61,translate,translate,what is dog in spanish,0.9190288782119751
61,61,translate,translate,how do you say dog in spanish,0.9949032068252563
61,61,translate,translate,dog in spanish,0.6741201281547546
61,61,translate,translate,what's the spanish word for dog,0.5482780933380127
133,133,transfer,transfer,can you please provide me with assistance in moving money from one account to another,0.9116088151931763
133,133,transfer,transfer,i would like help moving money between accounts,0.7179701924324036
133,133,transfer,transfer,can you assist me in moving money from one account to another,0.9318093657493591
133,133,transfer,transfer,i would like help moving money from one account to another,0.9804384708404541
133,133,transfer,transfer,i would like assistance moving money from one account to another,0.984188437461853
133,133,transfer,transfer,can i move some money around,0.793208658695221
133,133,transfer,transfer,can i make a transfer between my accounts,0.8688430786132812
133,133,transfer,transfer,i need to make a transfer of my money,0.9798640012741089
133,133,transfer,transfer,can i move some money between my two accounts,0.9576112031936646
133,133,transfer,transfer,i would like to distribute some money between my accounts,0.8330152630805969
133,133,transfer,transfer,i would like to transfer $100 from my checking to saving account,0.9759623408317566
133,133,transfer,transfer,help me transfer $100 from my checking to saving account,0.9729017615318298
133,133,transfer,transfer,transfer $100 from my checking to saving account,0.981238603591919
133,133,transfer,transfer,can you please help me move $100 from my checking to saving account,0.9425004124641418
133,133,transfer,transfer,please move $100 from my checking to saving account,0.977053165435791
133,133,transfer,transfer,"transfer seventeen dollars from rbs to woodforest account, please",0.9977053999900818
133,133,transfer,transfer,"send twelve dollars between cabelas and bank of london accounts, please",0.9684836268424988
133,133,transfer,transfer,"transfer ninety dollars between glacier checking and farmers accounts, please",0.9974595904350281
133,133,transfer,transfer,transfer seventy dollars between national and citizens accounts,0.9700986742973328
133,133,transfer,transfer,transfer four and sixty seven dollars from bank of oklahoma checking to security bank account,0.994470477104187
133,42,transfer,oos,how much money can i transfer today,0.5558258891105652
133,133,transfer,transfer,add funds to the retirement account from the pnc account only,0.7222013473510742
133,133,transfer,transfer,would you move 100 dollars from the checking and put it into savings,0.9813627004623413
133,5,transfer,weather,repeat what the weather will be like,0.968973696231842
133,133,transfer,transfer,i would like to put 100 dollars from the checking into the savings account now,0.9510955810546875
133,133,transfer,transfer,please transfer $5000 to money market from checking account,0.9943284392356873
133,133,transfer,transfer,i need $360 transfered from savings to checking account,0.9764759540557861
133,133,transfer,transfer,make an immediate transfer of ten thousand from money market to checking,0.9735148549079895
133,133,transfer,transfer,i'd like to transfer $400 from household to savings account,0.9331053495407104
133,133,transfer,transfer,transer $800 from my checking to savings account,0.9471933841705322
32,32,timer,timer,set a 4 minute timer,0.9831025004386902
32,32,timer,timer,set a 2 minute timer,0.9831025004386902
32,32,timer,timer,set a 3 minute timer,0.9831025004386902
32,32,timer,timer,set a 5 minute timer,0.9831025004386902
32,32,timer,timer,set a 1 minute timer,0.9831025004386902
32,10,timer,smart_home,who set up the numbers for it,0.2621484100818634
32,32,timer,timer,start the timer,0.887064516544342
32,32,timer,timer,start a timer please,0.8619424700737
32,32,timer,timer,i need to start a timer,0.6509993076324463
32,32,timer,timer,i need a timer to be set,0.7791811227798462
32,32,timer,timer,could you set a timer,0.958103597164154
32,32,timer,timer,set a timer,0.997319757938385
32,32,timer,timer,i need to have a timer for 10 minutes,0.9945059418678284
32,32,timer,timer,make a 10 minute timer,0.9900025129318237
32,32,timer,timer,give me a 10 minute timer,0.9881381392478943
32,32,timer,timer,will you create a timer for me,0.9252647161483765
32,32,timer,timer,please begin a timer,0.8426833152770996
32,32,timer,timer,is it possible to set a timer,0.8366875648498535
32,32,timer,timer,i want a timer set for 10 minutes,0.9952285289764404
32,32,timer,timer,set a timer for 10 minutes,0.9994183778762817
32,32,timer,timer,can i get a timer set,0.8289633989334106
32,32,timer,timer,i need to use a timer,0.5445201396942139
32,32,timer,timer,set a timer to go off in 1 hour,0.8803954124450684
32,32,timer,timer,i need a timer for 45 minutes,0.9918950200080872
32,32,timer,timer,in 15 minutes the timer should go off,0.9398787021636963
32,32,timer,timer,start the timer now,0.8626259565353394
32,32,timer,timer,set a timer for 30 minutes,0.9986400008201599
32,32,timer,timer,set a timer for 5 minutes from now,0.9988932013511658
32,32,timer,timer,let me know when it's been 5 minutes,0.16722828149795532
32,32,timer,timer,can you set the timer to 20 minutes,0.9856372475624084
139,139,definition,definition,define antebellum,0.9216015338897705
139,139,definition,definition,define discontent,0.9216015338897705
139,139,definition,definition,what is the meaning of incandescent,0.9497762322425842
139,139,definition,definition,what does confrontation mean,0.9406262040138245
139,139,definition,definition,what does serendipity mean,0.9406262040138245
139,139,definition,definition,what's the definition of luminescent,0.9961346387863159
139,138,definition,calculator,what is the definiton of auspicious,0.6464197039604187
139,139,definition,definition,what does circuitous mean,0.9406262040138245
139,139,definition,definition,what's the definition of unencumbered,0.9961346387863159
139,139,definition,definition,what does adulation mean,0.9406262040138245
139,139,definition,definition,what does assiduous mean,0.9406262040138245
139,139,definition,definition,what does amicable mean,0.9406262040138245
139,139,definition,definition,what's the definition of remunerative,0.9961346387863159
139,139,definition,definition,what does anachronistic mean,0.9406262040138245
139,139,definition,definition,what's the definition of idiosyncratic,0.9961346387863159
139,139,definition,definition,what does yolo mean,0.9406262040138245
139,139,definition,definition,can you tell me the meaning of fluctuate,0.8962403535842896
139,139,definition,definition,what does the word polynomial mean,0.9775951504707336
139,139,definition,definition,what does ferrari mean,0.9406262040138245
139,139,definition,definition,what is the meaning of the word girn,0.9857029318809509
139,139,definition,definition,what does mature mean,0.9406262040138245
139,139,definition,definition,i'd like to know what bitcoin means,0.510450541973114
139,13,definition,repeat,"i heard some woman say she was going to yerd me, what's that mean",0.20057176053524017
139,139,definition,definition,can you tell me what obsolescence means,0.8204571008682251
139,139,definition,definition,please explain the word catastrophic to me,0.15171362459659576
139,139,definition,definition,what's the meaning of naff,0.9233165383338928
139,139,definition,definition,can you tell me what dendrofilous means,0.8204571008682251
139,139,definition,definition,what does peer-to-peer actually mean,0.7524431347846985
139,139,definition,definition,define epicurean,0.9216015338897705
139,139,definition,definition,what does epicurean mean,0.9406262040138245
22,22,meaning_of_life,meaning_of_life,would you let me know what the meaning is life is,0.9263729453086853
22,22,meaning_of_life,meaning_of_life,would you let me know what is the point of life,0.9732288718223572
22,22,meaning_of_life,meaning_of_life,"right now, i need to know the meaning of life",0.944239616394043
22,22,meaning_of_life,meaning_of_life,define the meaning of life for me,0.8299576044082642
22,22,meaning_of_life,meaning_of_life,i want to know the meaning of life,0.9856934547424316
22,22,meaning_of_life,meaning_of_life,would you explain the meaning of life,0.9892403483390808
22,22,meaning_of_life,meaning_of_life,i need you to tell me the meaning of life,0.9614247679710388
22,22,meaning_of_life,meaning_of_life,i need to know what the meaning of life is now,0.9549811482429504
22,22,meaning_of_life,meaning_of_life,tell me what the meaning of life is,0.963930070400238
22,22,meaning_of_life,meaning_of_life,i need to know what the point of life is,0.9892465472221375
22,22,meaning_of_life,meaning_of_life,let me know what the point of life is,0.9869568347930908
22,22,meaning_of_life,meaning_of_life,would you provide me with what the point of life is,0.9747236371040344
22,22,meaning_of_life,meaning_of_life,tell me what the point of life is,0.9944124817848206
22,22,meaning_of_life,meaning_of_life,what is the reason humans even exist,0.2213851809501648
22,22,meaning_of_life,meaning_of_life,do you think our lives have purpose or meaning,0.9623342752456665
22,22,meaning_of_life,meaning_of_life,can you tell me about the meaning of life,0.9811986684799194
22,22,meaning_of_life,meaning_of_life,can you tell me what the meaning of life is,0.9446830749511719
22,22,meaning_of_life,meaning_of_life,what do you know about the meaning of life,0.9698579907417297
22,22,meaning_of_life,meaning_of_life,i would like information on the meaning of life,0.9721038937568665
22,22,meaning_of_life,meaning_of_life,what information can you give me on the meaning of life,0.9284719228744507
22,22,meaning_of_life,meaning_of_life,what is the core meaning of life,0.9961163997650146
22,22,meaning_of_life,meaning_of_life,what do you know about lifes meaning,0.5683991312980652
22,22,meaning_of_life,meaning_of_life,is there any consensun regarding lifes true meaning,0.7068666219711304
22,22,meaning_of_life,meaning_of_life,is there a reason beyond biology about why humans are alive,0.3591671288013458
22,22,meaning_of_life,meaning_of_life,do you think being alive has any meaning,0.8445636034011841
22,22,meaning_of_life,meaning_of_life,is there meaning to life,0.9905954599380493
22,22,meaning_of_life,meaning_of_life,is there meaning in life,0.9897294044494629
22,22,meaning_of_life,meaning_of_life,what is the answer to life,0.8040432929992676
22,138,meaning_of_life,calculator,what's the answer to it all,0.261322557926178
22,22,meaning_of_life,meaning_of_life,what's life mean to you,0.9099541306495667
64,64,insurance_change,insurance_change,i would like to change my insurance policy,0.9915259480476379
64,64,insurance_change,insurance_change,can i edit my insurance policy,0.9951505661010742
64,64,insurance_change,insurance_change,i am interested in a new insurance plan,0.9845026135444641
64,64,insurance_change,insurance_change,i really would like to get a new insurance plan,0.9975752234458923
64,64,insurance_change,insurance_change,i am in the market for a new insurance plan,0.9901583790779114
64,64,insurance_change,insurance_change,is there a way to alter my insurance policy,0.9324964880943298
64,64,insurance_change,insurance_change,how can i change to new insurance plan,0.9969195127487183
64,64,insurance_change,insurance_change,help me find a new insurance plan,0.9948203563690186
64,64,insurance_change,insurance_change,can i update my insurance policy,0.9856943488121033
64,64,insurance_change,insurance_change,who do i contact about updating my insurance,0.423556387424469
64,64,insurance_change,insurance_change,can you help me change my insurance policy,0.986560583114624
64,64,insurance_change,insurance_change,"i need to change my insurance policy, do you know how",0.9862926006317139
64,64,insurance_change,insurance_change,what are the steps to change my insurance policy,0.9354181289672852
64,64,insurance_change,insurance_change,do you know how i can change my insurance policy,0.9728841781616211
64,3,insurance_change,oil_change_how,how to i change the policy on my insurace,0.39807406067848206
64,64,insurance_change,insurance_change,what do i need to do to get new insurance,0.9300742149353027
64,64,insurance_change,insurance_change,do you know how i get new insurance,0.9785933494567871
64,64,insurance_change,insurance_change,what is the protocol for getting new insurance,0.8637700080871582
64,64,insurance_change,insurance_change,let me know the process for new insurance,0.8573151230812073
64,64,insurance_change,insurance_change,i want to sign up for a new allstate insurance plan,0.9465519189834595
64,64,insurance_change,insurance_change,i need to sign up for a new allstate plan,0.2672458291053772
64,64,insurance_change,insurance_change,what is the procedure for signing up for a new allstate plan,0.1137237548828125
64,91,insurance_change,new_card,how do i sign up for a new allstatedplan,0.33753910660743713
64,64,insurance_change,insurance_change,i want to change to a new allstate insurance plan,0.9931731820106506
64,64,insurance_change,insurance_change,i want a new insurance plan,0.9967820644378662
64,64,insurance_change,insurance_change,what if i want to switch insurance plans,0.824683427810669
64,64,insurance_change,insurance_change,is there a way to get a new insurance plan,0.9927494525909424
64,64,insurance_change,insurance_change,i want to switch to a new insurance plan,0.997238278388977
64,64,insurance_change,insurance_change,how do i switch insurance plans,0.962017834186554
64,64,insurance_change,insurance_change,phone number to state farm to change insurance,0.29083454608917236
81,81,find_phone,find_phone,"can you help me find my phone, please",0.9686149954795837
81,81,find_phone,find_phone,could you help me locate my phone,0.9571692943572998
81,81,find_phone,find_phone,can you help me locate my phone,0.969956636428833
81,81,find_phone,find_phone,"could you help me locate my phone, please",0.9044440984725952
81,81,find_phone,find_phone,"can you help me locate my phone, please",0.9395622611045837
81,81,find_phone,find_phone,"i cannot locate my phone, can you help me",0.9787315130233765
81,81,find_phone,find_phone,i need help locating my phone,0.9531173706054688
81,81,find_phone,find_phone,can you assist me with finding my phone,0.9184554219245911
81,81,find_phone,find_phone,i lost my phone can you help me,0.980630099773407
81,81,find_phone,find_phone,where the bleep did i put my bleeping phone,0.5790488719940186
81,81,find_phone,find_phone,is my phone somewhere around here,0.6538485288619995
81,81,find_phone,find_phone,"help, i've lost my cellphone!",0.8903096318244934
81,81,find_phone,find_phone,i seem to have lost my phone,0.8749542236328125
81,81,find_phone,find_phone,do you know my phone's location,0.8330135345458984
81,81,find_phone,find_phone,can you find my phone,0.9876771569252014
81,81,find_phone,find_phone,where's my phone at,0.9640353918075562
81,81,find_phone,find_phone,what's my phone's location,0.8697800040245056
81,81,find_phone,find_phone,can you help me hunt for my missing cellphone,0.4065152406692505
81,81,find_phone,find_phone,locate my cellphone in this room,0.7973039746284485
81,81,find_phone,find_phone,where did i last put my phone,0.8941197395324707
81,81,find_phone,find_phone,find my cellphone for me!,0.9567800164222717
81,81,find_phone,find_phone,where did i place my phone,0.9647573828697205
81,81,find_phone,find_phone,where's my phone,0.9802156090736389
81,81,find_phone,find_phone,my phone isn't where i left it,0.9256977438926697
81,81,find_phone,find_phone,i think i've misplaced my phone,0.8299473524093628
81,81,find_phone,find_phone,i've lost my phone somewhere,0.9493512511253357
81,81,find_phone,find_phone,i think i lost my phone,0.9467571377754211
81,81,find_phone,find_phone,would you know where to find my phone,0.9293928742408752
81,81,find_phone,find_phone,please assist me in looking for my phone,0.7174931764602661
81,81,find_phone,find_phone,look for my phone with me,0.5885910391807556
128,128,travel_alert,travel_alert,is there a travel alert in spain,0.9594883322715759
128,128,travel_alert,travel_alert,travel alert in cuba,0.9201712012290955
128,128,travel_alert,travel_alert,alerts for travel in colombia,0.9648519158363342
128,128,travel_alert,travel_alert,are there travel alerts in mexico,0.9830973148345947
128,128,travel_alert,travel_alert,mexico travel alerts,0.9970333576202393
128,128,travel_alert,travel_alert,have there been any travel alerts for the us,0.9776912927627563
128,128,travel_alert,travel_alert,are there any travel advisories for the us,0.9439273476600647
128,128,travel_alert,travel_alert,what are the travel alerts for the us,0.9406095147132874
128,128,travel_alert,travel_alert,are there travel alerts for the us,0.9927773475646973
128,128,travel_alert,travel_alert,what travel alerts are in effect for the us,0.8932720422744751
128,128,travel_alert,travel_alert,i want to know if i will be safe if i travel to europe,0.8834081292152405
128,128,travel_alert,travel_alert,would i be safe if i traveled to japan,0.49398958683013916
128,128,travel_alert,travel_alert,is it safe to go to north korea,0.5676046013832092
128,128,travel_alert,travel_alert,will i be safe going to south america,0.7079267501831055
128,128,travel_alert,travel_alert,am i safe to go to africa,0.3186236321926117
128,128,travel_alert,travel_alert,which countries have travel alerts,0.9805251955986023
128,128,travel_alert,travel_alert,is it safe in italy,0.6228278279304504
128,128,travel_alert,travel_alert,what are the travel conditions for haiti,0.2451968789100647
128,128,travel_alert,travel_alert,are there any travel bulletins about haiti,0.9179655909538269
128,128,travel_alert,travel_alert,note any travel alerts for haiti,0.9966514706611633
128,128,travel_alert,travel_alert,find travel alerts for haiti,0.9967194199562073
128,0,travel_alert,restaurant_reviews,does the state department say anything about traveling to haiti,0.0605141706764698
128,128,travel_alert,travel_alert,is there a travel alert for france,0.9784618616104126
128,128,travel_alert,travel_alert,is it safe for me to go to turkey,0.6464763879776001
128,128,travel_alert,travel_alert,is it safe to go to serbia,0.8691679835319519
128,23,travel_alert,restaurant_reservation,safety concerns for malaysia,0.4599522352218628
128,128,travel_alert,travel_alert,is it safe for me to visit malawi,0.7410728335380554
128,128,travel_alert,travel_alert,is travel to monterrey safe now,0.9893487691879272
128,128,travel_alert,travel_alert,is it safe for people to travel to pakistan,0.9568132758140564
128,128,travel_alert,travel_alert,can people safely travel to cambodia,0.34844180941581726
97,97,pto_request,pto_request,please help me set up a vacation request,0.7642449736595154
97,97,pto_request,pto_request,how does one go about putting in a vacation request,0.7340935468673706
97,97,pto_request,pto_request,how do i put in a vacation request,0.9852500557899475
97,97,pto_request,pto_request,walk me through on how to make a vacation request,0.926819920539856
97,97,pto_request,pto_request,please put in a vacation request,0.927370011806488
97,101,pto_request,pto_request_status,how is a vacation request done,0.6534923315048218
97,101,pto_request,pto_request_status,how is a vacation request made,0.635339081287384
97,97,pto_request,pto_request,what is the process of making a vacation request,0.7176300883293152
97,97,pto_request,pto_request,how would one make a vacation request,0.9311975836753845
97,97,pto_request,pto_request,can i put in a pto request for september 1st to september 8th,0.9968949556350708
97,97,pto_request,pto_request,"if i want to make a vacation request, how do i do it",0.9728295207023621
97,97,pto_request,pto_request,can i put in a pto request for august 1st to august 10th,0.9782364964485168
97,97,pto_request,pto_request,can i put in a pto request for january 4th to january 9th,0.972886860370636
97,97,pto_request,pto_request,can i put in a pto request for december 3rd to december 10th,0.9865356087684631
97,97,pto_request,pto_request,can i put in a pto request for december 25th to january 1st,0.9881276488304138
97,97,pto_request,pto_request,can i take pto from the end of the month to the 5th of the next month,0.21187466382980347
97,97,pto_request,pto_request,can you help me plan a vacation,0.27887025475502014
97,97,pto_request,pto_request,it it possible to take pto from the 8th to the 11th,0.6898269653320312
97,134,pto_request,ingredient_substitution,is it ok if i use some of my pto on may 24th to may 29th,0.12452168017625809
97,97,pto_request,pto_request,what do i do to set up a vacation,0.6312841773033142
97,97,pto_request,pto_request,i need to use pto on october 5th to october 10th,0.35867956280708313
97,97,pto_request,pto_request,how do i plan a vacation,0.8576117157936096
97,97,pto_request,pto_request,can i put in a pto request for monday to wednesday,0.9864033460617065
97,97,pto_request,pto_request,can i purchase a vacation using this,0.1695304960012436
97,97,pto_request,pto_request,how do i get help with a vacation itinerary,0.3860373795032501
97,97,pto_request,pto_request,how do i request a vacation,0.9879542589187622
97,97,pto_request,pto_request,i'd like to request a vacation,0.9797217845916748
97,97,pto_request,pto_request,i need to request a vacation,0.9762045741081238
97,101,pto_request,pto_request_status,vacation request information,0.6691495776176453
97,101,pto_request,pto_request_status,vacation request please,0.5124091506004333
28,28,improve_credit_score,improve_credit_score,how can i increase my credit score,0.877164363861084
28,28,improve_credit_score,improve_credit_score,how can i raise my credit score,0.9024910926818848
28,28,improve_credit_score,improve_credit_score,how can i contribute to my credit score,0.8736618757247925
28,28,improve_credit_score,improve_credit_score,how is it possible to get a better credit score,0.8072590827941895
28,69,improve_credit_score,credit_score,how can i up my credit score,0.49939990043640137
28,69,improve_credit_score,credit_score,can you explain to me how i might boost my credit score,0.5646271705627441
28,28,improve_credit_score,improve_credit_score,my credit score stinks but i don't know how to improve it,0.8260987997055054
28,28,improve_credit_score,improve_credit_score,what preventative measures can i take to avoid a low credit score,0.8840197920799255
28,28,improve_credit_score,improve_credit_score,how can i keep my credit score from falling,0.9854141473770142
28,28,improve_credit_score,improve_credit_score,give me some ideas for boosting my credit score,0.7394164800643921
28,28,improve_credit_score,improve_credit_score,how can i prevent my credit score from dropping,0.9692683815956116
28,28,improve_credit_score,improve_credit_score,what steps can i take to build my credit score,0.9775172472000122
28,28,improve_credit_score,improve_credit_score,give me some tips on building up my credit score,0.829452633857727
28,28,improve_credit_score,improve_credit_score,how can i rehabilitate my poor credit score,0.76473468542099
28,28,improve_credit_score,improve_credit_score,give me some ideas of how to avoid my credit score lowering,0.9237780570983887
28,69,improve_credit_score,credit_score,give me tips on improving my credit score,0.5837133526802063
28,28,improve_credit_score,improve_credit_score,what steps should i take if i want to ensure my credit score doesn't drop,0.8965545296669006
28,69,improve_credit_score,credit_score,can you tell me some strategies for raising my credit score,0.5546219944953918
28,28,improve_credit_score,improve_credit_score,i want to know how i can build up a good credit score,0.9769951105117798
28,28,improve_credit_score,improve_credit_score,"""what's the method to improve credit score",0.9649178385734558
28,28,improve_credit_score,improve_credit_score,"""which is the best way to improve the credit score",0.9056859016418457
28,28,improve_credit_score,improve_credit_score,"""which could be improve the credit score",0.792523205280304
28,28,improve_credit_score,improve_credit_score,"""when the credit score improve",0.8051559925079346
28,28,improve_credit_score,improve_credit_score,"""where is improve the credit score",0.6076488494873047
28,28,improve_credit_score,improve_credit_score,it is damaging to my credit score if i miss one credit card payment,0.46637797355651855
28,87,improve_credit_score,damaged_card,i have a revolving store card and defaulted so will my fico score be affected,0.22698341310024261
28,111,improve_credit_score,pay_bill,will my fico score decrease if i increase my student loan debt,0.12756116688251495
28,28,improve_credit_score,improve_credit_score,if i lose my job will my credit score go down,0.4744035303592682
28,28,improve_credit_score,improve_credit_score,can i hurt my credit rating if i open several credit cards in a short time frame,0.8965525031089783
28,28,improve_credit_score,improve_credit_score,will only having five late payments really make my credit bad,0.27210769057273865
129,129,fun_fact,fun_fact,name unusual facts about the circus,0.8735421895980835
129,129,fun_fact,fun_fact,i need interesting baseball trivia from the nineteen eighties,0.5155223608016968
129,129,fun_fact,fun_fact,tell me a fun fact about cars,0.9976627826690674
129,129,fun_fact,fun_fact,give me a fun fact about kangaroo,0.9972800016403198
129,129,fun_fact,fun_fact,give me a fun fact about koala,0.9972800016403198
129,129,fun_fact,fun_fact,give me a fun fact about dolphin,0.9972800016403198
129,129,fun_fact,fun_fact,what is some trivia about frog,0.9930220246315002
129,129,fun_fact,fun_fact,tell me fun facts of today,0.8866574764251709
129,129,fun_fact,fun_fact,give me something interesting about stars,0.9607828855514526
129,129,fun_fact,fun_fact,what is some trivia question about coffee,0.9476937651634216
129,129,fun_fact,fun_fact,tell me some trivia about sweat,0.9956268072128296
129,129,fun_fact,fun_fact,tell me some trivia about dolphin,0.9956268072128296
129,129,fun_fact,fun_fact,what is some trivia about the weather,0.8700795769691467
129,129,fun_fact,fun_fact,give me a fun fact about komodo dragon,0.9972800016403198
129,129,fun_fact,fun_fact,give me a amusing fact about wolf,0.9924780130386353
129,129,fun_fact,fun_fact,what is the interesting trivia about human bodies,0.9853150844573975
129,129,fun_fact,fun_fact,i want to learn something about apples,0.2688432037830353
129,129,fun_fact,fun_fact,tell me today's fun fact,0.9329454302787781
129,129,fun_fact,fun_fact,i want today's fun fact please,0.9442808628082275
129,129,fun_fact,fun_fact,what is today's fun fact,0.7299517393112183
129,129,fun_fact,fun_fact,today's fun fact,0.9672484397888184
129,129,fun_fact,fun_fact,i want a fun fact about london,0.9963621497154236
129,129,fun_fact,fun_fact,tell me something interesting about bees,0.9672399759292603
129,129,fun_fact,fun_fact,i would you like to learn something interesting about bees,0.7055339217185974
129,129,fun_fact,fun_fact,i want to hear cool bee facts,0.608998715877533
129,129,fun_fact,fun_fact,what's something interesting about bees,0.9663946628570557
129,129,fun_fact,fun_fact,i wanna hear something cool about bees,0.7787923812866211
129,129,fun_fact,fun_fact,tell me fun facts on science topics,0.8617122173309326
129,129,fun_fact,fun_fact,tell me fun science facts,0.9169855713844299
129,129,fun_fact,fun_fact,i want to know fun facts about koala bears,0.9857712984085083
29,29,change_language,change_language,please speak in tagalog,0.4753517210483551
29,29,change_language,change_language,speak in german,0.8051186203956604
29,29,change_language,change_language,speak to me in dutch,0.8899229764938354
29,29,change_language,change_language,speak in french please,0.9650729298591614
29,29,change_language,change_language,speak spanish please,0.7447426319122314
29,29,change_language,change_language,i am not understanding the language you are responding in; switch it for me,0.7986956834793091
29,29,change_language,change_language,i can't understand the language you are responding in; i need you to switch it,0.9204410314559937
29,29,change_language,change_language,i need you to switch the language you are responding as i don't understand,0.7512382864952087
29,29,change_language,change_language,i don't understand your language; switch the language,0.9923999309539795
29,29,change_language,change_language,i need you to switch the language you are responding in,0.9557677507400513
29,29,change_language,change_language,i'd like to speak in portuguese,0.4221539795398712
29,29,change_language,change_language,can we speak in german,0.8669372797012329
29,29,change_language,change_language,i want to use spanish with you,0.35997480154037476
29,29,change_language,change_language,please let's speak in spanish,0.9109453558921814
29,29,change_language,change_language,please can we speak in dutch,0.6239067912101746
29,29,change_language,change_language,can you make the default language swedish,0.47081854939460754
29,29,change_language,change_language,is it possible to talk to you in mandarin,0.6711792349815369
29,29,change_language,change_language,would you understand me if i speak to you in navajo,0.5798255205154419
29,29,change_language,change_language,i'd like the language to be in spanish,0.9775142669677734
29,115,change_language,what_can_i_ask_you,i'd like to use you using russian,0.09894166141748428
29,29,change_language,change_language,can i speak spanish to you hombre,0.8750967979431152
29,29,change_language,change_language,i want to start talking to you in swedish,0.6593044400215149
29,29,change_language,change_language,can i get you to change your language setting to russian,0.9378497004508972
29,29,change_language,change_language,please make your language setting norwegian,0.9209442138671875
29,29,change_language,change_language,i am going to speak english now,0.7719857692718506
29,29,change_language,change_language,do you speak english,0.48795920610427856
29,29,change_language,change_language,i want to talk english,0.436381995677948
29,29,change_language,change_language,we have to speak in english,0.7067430019378662
29,29,change_language,change_language,speak in dutch,0.5104966163635254
29,29,change_language,change_language,i want to speak to you in swiss german,0.914975106716156
79,79,payday,payday,how long until my paycheck shows up,0.7875896096229553
79,37,payday,last_maintenance,can you tell me the date of my last check,0.46124929189682007
79,79,payday,payday,what was the date when i last go paid,0.7876634001731873
79,79,payday,payday,what's the date on my last pay stub,0.28141266107559204
79,79,payday,payday,when can i expect my paycheck,0.9223664999008179
79,79,payday,payday,when is the next time i'll receive a paycheck,0.7819060683250427
79,37,payday,last_maintenance,when did i last collect my salary,0.40822744369506836
79,79,payday,payday,when do i next get paid,0.9905241131782532
79,79,payday,payday,when is my paycheck arriving,0.9818950295448303
79,95,payday,date,what day is payday,0.5105168223381042
79,79,payday,payday,do you know when my next check is coming,0.6195555925369263
79,79,payday,payday,when do i get my next paycheck,0.9952539205551147
79,56,payday,bill_due,when's pay day for me,0.41761577129364014
79,79,payday,payday,i need to know when i get paid next,0.9744861721992493
79,79,payday,payday,when's my next pay day,0.47239211201667786
79,79,payday,payday,what day's my pay coming next,0.6877582669258118
79,79,payday,payday,when do i get paid for my work,0.9548829197883606
79,79,payday,payday,look up when my payday is supposed to be,0.4516718089580536
79,79,payday,payday,when can i expect to be paid,0.648505687713623
79,79,payday,payday,look up the date for my next payday,0.8859833478927612
79,93,payday,income,what day will i earn my payment from work,0.3946530222892761
79,79,payday,payday,find out when my next upcoming payday will be,0.8281704187393188
79,79,payday,payday,when is the next payday i can look forward to,0.5660696625709534
79,95,payday,date,what day can i expect to receive payment on,0.07603748142719269
79,79,payday,payday,when will my next paycheck be coming,0.9833955764770508
79,56,payday,bill_due,when will my payment be deposited,0.29295453429222107
79,79,payday,payday,when do i get my next pay check,0.792707622051239
79,79,payday,payday,is it payday,0.3408562242984772
79,79,payday,payday,do you know when i'll receive my next paycheck,0.9850543737411499
79,79,payday,payday,what date do i get paid,0.9660792350769043
90,90,replacement_card_duration,replacement_card_duration,how long does it take for a credit card to be reissued and mailed to me,0.9387934803962708
90,91,replacement_card_duration,new_card,can credit card companies expedite delivery of reissued credit cards,0.25869229435920715
90,6,replacement_card_duration,redeem_rewards,can you call the help desk line for my credit card company,0.2121158242225647
90,91,replacement_card_duration,new_card,how can i request a new credit card,0.8771458268165588
90,42,replacement_card_duration,oos,what's the phone number for my credit card company,0.19001901149749756
90,90,replacement_card_duration,replacement_card_duration,i recently lost my credit card and need to know how long it takes to get a new one mailed to me,0.8680508136749268
90,90,replacement_card_duration,replacement_card_duration,i need to know the time it takes to get a new credit card sent to someone who lost theirs,0.47484660148620605
90,90,replacement_card_duration,replacement_card_duration,i lost my credit card recently how long does take to get a new one in the mail,0.9060977101325989
90,90,replacement_card_duration,replacement_card_duration,what is amount of time it takes to get a new credit card i lost mine recently,0.6305556893348694
90,90,replacement_card_duration,replacement_card_duration,what is the time frame for sending a customer who lost their credit card a new one,0.6313779950141907
90,90,replacement_card_duration,replacement_card_duration,will i get getting my new card anytime soon,0.9414071440696716
90,90,replacement_card_duration,replacement_card_duration,what is the shipping status of my replacement card,0.7985894680023193
90,90,replacement_card_duration,replacement_card_duration,how long until i get my replacement card,0.9858511090278625
90,90,replacement_card_duration,replacement_card_duration,when is my new card expected to arrive,0.9623898863792419
90,90,replacement_card_duration,replacement_card_duration,is my replacement card due to arrive in the mail today,0.9404213428497314
90,90,replacement_card_duration,replacement_card_duration,how long before my new card is mailed to me,0.9942654967308044
90,90,replacement_card_duration,replacement_card_duration,what is the shipping time for my card,0.6981064677238464
90,90,replacement_card_duration,replacement_card_duration,how much time before my new card is mailed to me,0.9852981567382812
90,90,replacement_card_duration,replacement_card_duration,how long does it take to get a new credit card,0.8741025924682617
90,90,replacement_card_duration,replacement_card_duration,time to order and receive a new credit card,0.6794570684432983
90,90,replacement_card_duration,replacement_card_duration,when will i received a replacement card,0.9856696724891663
90,90,replacement_card_duration,replacement_card_duration,time to replace my credit card,0.5366746187210083
90,90,replacement_card_duration,replacement_card_duration,how long before the replacement card is mailed to me,0.9913640022277832
90,90,replacement_card_duration,replacement_card_duration,how much longer before the card is mailed to me,0.4259748160839081
90,90,replacement_card_duration,replacement_card_duration,how long will it takes to get a new credit card,0.9535661339759827
90,90,replacement_card_duration,replacement_card_duration,what is the shipping wait for my card,0.6403194665908813
90,90,replacement_card_duration,replacement_card_duration,when will the replaecment card arrive,0.7936416864395142
90,90,replacement_card_duration,replacement_card_duration,let me know the wait on a replacement credit card,0.6413375735282898
90,90,replacement_card_duration,replacement_card_duration,let me know when the replacement card will arrive,0.9464712738990784
90,90,replacement_card_duration,replacement_card_duration,how soon can i expect a replacement card for my lost card to arrive,0.9308635592460632
4,4,time,time,i need you to tell me what time it is in new york now,0.7223072052001953
4,4,time,time,"what time is it in adelaide, australia right now",0.9904475212097168
4,5,time,weather,is it after noon,0.3774300813674927
4,4,time,time,is it six o clock yet,0.16582481563091278
4,4,time,time,please give me the time in tanzania at this moment,0.7823053598403931
4,4,time,time,can you tell me the current time in jamaica,0.9275614619255066
4,4,time,time,"tell me the time in san francisco, please",0.8837704062461853
4,4,time,time,"what time is it right now in adelaide, australia",0.9863453507423401
4,4,time,time,what time is it in the eastern timezone,0.9832610487937927
4,4,time,time,what time is it in the mountain timezone,0.9864416718482971
4,4,time,time,what time is it in the greenwich timezone,0.9921212196350098
4,4,time,time,what time is it in the central timezone,0.9750300645828247
4,4,time,time,tell me what the time is in dallas,0.92070472240448
4,4,time,time,what is the current time in dallas,0.9711195230484009
4,4,time,time,can you tell me what time it is in dallas,0.8892359137535095
4,4,time,time,what time is it in dallas,0.9787680506706238
4,86,time,cook_time,tell time for another city: dallas,0.19847065210342407
4,4,time,time,what time is it right now at home,0.9378278851509094
4,4,time,time,what’s the time in new york,0.9043996334075928
4,4,time,time,tell me the time in california,0.9915836453437805
4,4,time,time,tell me the time in las vegas,0.9130713939666748
4,4,time,time,what is the time is central time zone,0.9099224805831909
4,4,time,time,what is the time in the usa,0.9541513919830322
4,4,time,time,what is the time in est,0.9944000840187073
4,4,time,time,whats the exact time,0.5469239354133606
4,4,time,time,what is the current time,0.9798261523246765
4,4,time,time,what's the current time,0.9794335961341858
4,4,time,time,what time is it in california,0.9957913160324097
4,4,time,time,please give me the time,0.9062796831130981
4,4,time,time,the time is what,0.9866358637809753
103,103,application_status,application_status,how is the status of my credit card application coming along,0.9935293793678284
103,103,application_status,application_status,what exactly is the status of my application for the credit card,0.984748899936676
103,103,application_status,application_status,i need to know the status of my credit card application,0.9954146146774292
103,103,application_status,application_status,i would like to know the status of my credit card application,0.9912119507789612
103,103,application_status,application_status,let me know if my application for american saving bank,0.6105262041091919
103,103,application_status,application_status,check the status of my credit card application for me,0.9942145943641663
103,103,application_status,application_status,i want to know if my credit card application has been processed,0.9981733560562134
103,103,application_status,application_status,i want to know the status of my credit card application,0.9949175119400024
103,103,application_status,application_status,can you check if my credit card application has been processed,0.9973674416542053
103,103,application_status,application_status,i want to know how is my credit card application going,0.9608566164970398
103,103,application_status,application_status,can you let me know the status of my discover credit card application status,0.9642547965049744
103,103,application_status,application_status,can you tell me the status of my credit card application,0.9936070442199707
103,103,application_status,application_status,has my application for american express gone through yet,0.9683932662010193
103,103,application_status,application_status,let me know about the status of my credit card application,0.9920658469200134
103,103,application_status,application_status,can you please tell me about the status of my credit card application,0.9862316250801086
103,103,application_status,application_status,can you please let me know the status of my capital one application,0.308265745639801
103,103,application_status,application_status,let me know the credit card application status,0.9757221341133118
103,103,application_status,application_status,has my application for discover card gone through yet,0.9747459292411804
103,103,application_status,application_status,can you tell me the credit card application status,0.9788114428520203
103,103,application_status,application_status,has my application for the hsbc card been approved yet,0.9678733944892883
103,103,application_status,application_status,please tell me if my application for the hsbc card has gone through yet,0.9825432300567627
103,103,application_status,application_status,how far has my application for the hsbc card gone till now,0.8328784108161926
103,103,application_status,application_status,what's the status on my application for the hsbc credit card,0.9794361591339111
103,103,application_status,application_status,how far has my application for the hsbc card proceeded till now,0.8535904288291931
103,103,application_status,application_status,did the application for my visa card finish,0.7779543399810791
103,103,application_status,application_status,has my mastercard application gone through the process,0.8387722373008728
103,103,application_status,application_status,has my mastercard application gone through yet,0.9501570463180542
103,103,application_status,application_status,has my application for my visa card gone through,0.9596434235572815
103,103,application_status,application_status,has my mastercard application been processed,0.9815707802772522
103,103,application_status,application_status,when will i know if my visa card application was approved,0.964752197265625
80,80,flight_status,flight_status,what's the status of by delta flight,0.988814651966095
80,80,flight_status,flight_status,what's the status of my virgin airlines flight,0.9627983570098877
80,80,flight_status,flight_status,what's the status of my jetblue flight,0.967728316783905
80,80,flight_status,flight_status,what's the status of my southwest flight,0.9833863377571106
80,80,flight_status,flight_status,what's the status of my american airlines flight,0.9341167211532593
80,80,flight_status,flight_status,what's the news with my delta flight,0.961887776851654
80,80,flight_status,flight_status,where is my delta flight,0.9435102343559265
80,80,flight_status,flight_status,what can you tell me about flight dl123,0.9026544690132141
80,80,flight_status,flight_status,where is flight dl123,0.9646288156509399
80,80,flight_status,flight_status,has flight dl123 left,0.9932333827018738
80,80,flight_status,flight_status,is flight dl123 going to arrive on time,0.9593950510025024
80,80,flight_status,flight_status,is my spirit flight running on time,0.9445444345474243
80,80,flight_status,flight_status,what's the status for my delta flight this afternoon,0.9768234491348267
80,80,flight_status,flight_status,give me the status on my united airlines flight,0.7805827856063843
80,80,flight_status,flight_status,what's up with my american airline flight will it be on time,0.5407156348228455
80,80,flight_status,flight_status,tell me what the status is for my aa flight,0.9220812320709229
80,80,flight_status,flight_status,i need for you to get me the status of my american airlines flight,0.6771644949913025
80,80,flight_status,flight_status,tell me the status of my american airlines flight,0.933873176574707
80,80,flight_status,flight_status,i need to know the status of my american airlines flight,0.8862696886062622
80,80,flight_status,flight_status,would you let me know the status of my american airlines flight,0.8569733500480652
80,80,flight_status,flight_status,let me know the status of my american airlines flight,0.9032173752784729
80,80,flight_status,flight_status,has flight dl123 landed,0.9961622953414917
80,80,flight_status,flight_status,"is my flight, dl123 on time",0.9993002414703369
80,80,flight_status,flight_status,how far out is flight dl123,0.9258028268814087
80,80,flight_status,flight_status,is flight dl123 delayed,0.9913955330848694
80,4,flight_status,time,what time is boarding scheduled,0.6718407869338989
80,80,flight_status,flight_status,when is boarding scheduled,0.37400057911872864
80,80,flight_status,flight_status,what time is boarding for my flight,0.9969778060913086
80,80,flight_status,flight_status,when is boarding scheduled for my flight,0.9935876131057739
80,80,flight_status,flight_status,when is my flight scheduled to board,0.99631667137146
33,33,flip_coin,flip_coin,flip a coin for me and i call heads,0.9871789216995239
33,33,flip_coin,flip_coin,can you flip a coin for me,0.9897271990776062
33,33,flip_coin,flip_coin,give me the results of a coin flip,0.9523495435714722
33,33,flip_coin,flip_coin,please flip a coin for me,0.9923559427261353
33,33,flip_coin,flip_coin,please flip a coin for me ai,0.9898681640625
33,33,flip_coin,flip_coin,flip a coin and tell me if it's heads,0.9963370561599731
33,33,flip_coin,flip_coin,"ai, flip a coin for me",0.9956468939781189
33,33,flip_coin,flip_coin,"ai, please flip a simulated coin",0.9798129796981812
33,33,flip_coin,flip_coin,let's flip a coin i choose heads,0.9971773624420166
33,33,flip_coin,flip_coin,can you please do a simulated coin flip for me ai,0.96037757396698
33,33,flip_coin,flip_coin,flip a coin i choose heads,0.9980658888816833
33,33,flip_coin,flip_coin,flip a coin i'm calling heads,0.9992270469665527
33,33,flip_coin,flip_coin,can you do a coin flip for me ai,0.973977267742157
33,33,flip_coin,flip_coin,i want you to flip a coin i choose heads,0.995643138885498
33,33,flip_coin,flip_coin,just toss a coin,0.9267488121986389
33,33,flip_coin,flip_coin,just flip a coin,0.9986470341682434
33,33,flip_coin,flip_coin,throw a coin in the air,0.3676920235157013
33,33,flip_coin,flip_coin,flip a coin into the air,0.9419235587120056
33,33,flip_coin,flip_coin,"heads, coin flip",0.9997963309288025
33,33,flip_coin,flip_coin,"flip coin, heads!",0.9998461008071899
33,33,flip_coin,flip_coin,"flip a coin, i call heads!",0.9967256784439087
33,33,flip_coin,flip_coin,"coin flip, choose heads",0.9977244734764099
33,33,flip_coin,flip_coin,"please flip a coin, i choose heads!",0.9954415559768677
33,33,flip_coin,flip_coin,can you flip a coin i call heads,0.9927695393562317
33,33,flip_coin,flip_coin,"flip a coin, i'm heads",0.9998461008071899
33,33,flip_coin,flip_coin,"flip a coin, heads",0.9998461008071899
33,33,flip_coin,flip_coin,"flip us a coin, i call heads",0.9924010038375854
33,33,flip_coin,flip_coin,"flip a coin, you're tails and i'm heads",0.9977499842643738
33,33,flip_coin,flip_coin,give me a coin toss result,0.7033828496932983
33,33,flip_coin,flip_coin,"flip the coin, i choose heads",0.9933292865753174
144,144,change_user_name,change_user_name,bob is my name now,0.7739347219467163
144,144,change_user_name,change_user_name,please start calling me bob,0.9162623286247253
144,144,change_user_name,change_user_name,change my name to bob,0.9671255350112915
144,144,change_user_name,change_user_name,call me bob from now on,0.9421907663345337
144,144,change_user_name,change_user_name,don't call me bill anymore - call me bob,0.9864085912704468
144,144,change_user_name,change_user_name,i want you to call me bailey,0.9597179889678955
144,144,change_user_name,change_user_name,don't call me anything besides bailey,0.936301589012146
144,144,change_user_name,change_user_name,refer to me as bailey,0.7657647132873535
144,144,change_user_name,change_user_name,"address me as ""bailey",0.9378356337547302
144,144,change_user_name,change_user_name,please call me bailey,0.9772543907165527
144,144,change_user_name,change_user_name,can you call me a different name,0.7476096749305725
144,144,change_user_name,change_user_name,could you call me a different name,0.7065630555152893
144,144,change_user_name,change_user_name,"could you call me a different name, please",0.7269250750541687
144,144,change_user_name,change_user_name,"could you call me by a different name, please",0.7320806980133057
144,144,change_user_name,change_user_name,"can you call me a different name, please",0.7650013566017151
144,144,change_user_name,change_user_name,"ai, my name is deb please use my name when you talk to me",0.8004148602485657
144,11,change_user_name,user_name,ai answer my questions with my name first which is deb,0.4361370801925659
144,144,change_user_name,change_user_name,"ai, refer to me as deb when answering me",0.4954202473163605
144,144,change_user_name,change_user_name,"ai, address me as deb when speaking to me",0.8308446407318115
144,144,change_user_name,change_user_name,"ai, call me deb",0.9579658508300781
144,144,change_user_name,change_user_name,change my name please,0.9582505822181702
144,144,change_user_name,change_user_name,please go ahead and change my name,0.8914691805839539
144,144,change_user_name,change_user_name,please switch my name,0.6452983617782593
144,144,change_user_name,change_user_name,change name for me,0.372528612613678
144,144,change_user_name,change_user_name,my name is going to be sherlock,0.7858217358589172
144,144,change_user_name,change_user_name,start calling me jake from now on,0.459047794342041
144,144,change_user_name,change_user_name,call me shane,0.9810701608657837
144,144,change_user_name,change_user_name,i want you to call me sheldon,0.9597179889678955
144,144,change_user_name,change_user_name,i want to be called timothy,0.7577415108680725
144,144,change_user_name,change_user_name,call me mike from now on,0.8499099612236023
77,77,where_are_you_from,where_are_you_from,where are you coming from,0.798588752746582
77,77,where_are_you_from,where_are_you_from,from where do you come,0.8390088677406311
77,77,where_are_you_from,where_are_you_from,what place are you from,0.9770835041999817
77,77,where_are_you_from,where_are_you_from,where are you from originally,0.9812829494476318
77,77,where_are_you_from,where_are_you_from,"so, where do you come from",0.7621321678161621
77,77,where_are_you_from,where_are_you_from,so where do you come from originally,0.761159360408783
77,77,where_are_you_from,where_are_you_from,where do you call home,0.6847240924835205
77,77,where_are_you_from,where_are_you_from,what's your home country,0.9275944828987122
77,77,where_are_you_from,where_are_you_from,where did you live before you moved here,0.9814654588699341
77,77,where_are_you_from,where_are_you_from,are you from here or somewhere else originally,0.5012006163597107
77,77,where_are_you_from,where_are_you_from,tell me where you're from,0.9783527851104736
77,77,where_are_you_from,where_are_you_from,what area did you come from,0.9013837575912476
77,77,where_are_you_from,where_are_you_from,what is your origin,0.8302791118621826
77,77,where_are_you_from,where_are_you_from,where was it you were born,0.8569059371948242
77,77,where_are_you_from,where_are_you_from,the place you were born is,0.7085586190223694
77,77,where_are_you_from,where_are_you_from,what location were you born,0.9626937508583069
77,77,where_are_you_from,where_are_you_from,where were you put together,0.8672538995742798
77,77,where_are_you_from,where_are_you_from,where is your home planet,0.9817958474159241
77,77,where_are_you_from,where_are_you_from,where is your home town,0.9601911306381226
77,77,where_are_you_from,where_are_you_from,where were you thought of,0.9893069863319397
77,77,where_are_you_from,where_are_you_from,where do you originate from,0.8570420145988464
77,77,where_are_you_from,where_are_you_from,where have you come from,0.8113591074943542
77,77,where_are_you_from,where_are_you_from,where were you before,0.9797842502593994
77,77,where_are_you_from,where_are_you_from,where were you processed,0.9703179001808167
77,82,where_are_you_from,greeting,a hidden government facility,0.06036250293254852
77,77,where_are_you_from,where_are_you_from,what region were you born,0.8076473474502563
77,77,where_are_you_from,where_are_you_from,from where did you originate,0.964269757270813
77,77,where_are_you_from,where_are_you_from,are you from around here,0.667948305606842
77,77,where_are_you_from,where_are_you_from,in what place are you originally from,0.8547704815864563
77,77,where_are_you_from,where_are_you_from,where did you grow up,0.7120087146759033
125,125,shopping_list_update,shopping_list_update,tack on a gallon of milk to the grocery list,0.23446153104305267
125,65,shopping_list_update,todo_list_update,add laundry detergent to the list,0.5656793713569641
125,125,shopping_list_update,shopping_list_update,make sure to put eggs on the grocery list,0.6978224515914917
125,125,shopping_list_update,shopping_list_update,the list should also have 2 loaves of bread,0.23023948073387146
125,125,shopping_list_update,shopping_list_update,include asparagus on the list,0.3304298520088196
125,125,shopping_list_update,shopping_list_update,remove milk and add eggs to my shopping list,0.9937485456466675
125,125,shopping_list_update,shopping_list_update,put milk on my shopping list,0.5206403136253357
125,125,shopping_list_update,shopping_list_update,i'd like to add pancake mix to my shopping list if it's not already there,0.9536683559417725
125,125,shopping_list_update,shopping_list_update,"if soda isn't on my shopping list, go ahead and add it for me",0.9179667830467224
125,125,shopping_list_update,shopping_list_update,add milk to my shopping list,0.9741169214248657
125,125,shopping_list_update,shopping_list_update,take toilet paper off my shopping list,0.8846288323402405
125,125,shopping_list_update,shopping_list_update,i need to add flour to my list for shopping if i haven't already,0.9471254944801331
125,125,shopping_list_update,shopping_list_update,take toilet paper off my shopping list and add paper towels,0.9480039477348328
125,125,shopping_list_update,shopping_list_update,i need hot dogs added to my shopping list please,0.9503496289253235
125,125,shopping_list_update,shopping_list_update,please put chips on my shopping list,0.9404109716415405
125,125,shopping_list_update,shopping_list_update,"is milk in my shopping list if not, add it",0.9451602101325989
125,125,shopping_list_update,shopping_list_update,can you add eggs to my shopping list,0.9816628098487854
125,125,shopping_list_update,shopping_list_update,add eggs to my shopping list if it's not already there,0.9746342897415161
125,125,shopping_list_update,shopping_list_update,i'd like to get soda while i'm out; add it to my shopping list,0.9640374183654785
125,125,shopping_list_update,shopping_list_update,"on my shopping list, remove eggs",0.8169829249382019
125,125,shopping_list_update,shopping_list_update,i need eggs; add them to my shopping list,0.9866902828216553
125,125,shopping_list_update,shopping_list_update,"take soda from my shopping list, and while you're at it add tea",0.9651505351066589
125,125,shopping_list_update,shopping_list_update,milk should be added to my shopping list,0.9104844331741333
125,134,shopping_list_update,ingredient_substitution,"i don't need eggs anymore, but i do need milk",0.1311894953250885
125,125,shopping_list_update,shopping_list_update,take paper towels off of my shopping list,0.7476503849029541
125,43,shopping_list_update,shopping_list,i need milk on my shopping list,0.6929453015327454
125,125,shopping_list_update,shopping_list_update,i don't need toilet paper anymore; take it off my shopping list,0.8358632326126099
125,125,shopping_list_update,shopping_list_update,"throw eggs on my shopping list, please",0.7926409840583801
125,125,shopping_list_update,shopping_list_update,i need water on my shopping list and beer off of it,0.914074718952179
125,125,shopping_list_update,shopping_list_update,i need bananas on the list too,0.4660917818546295
115,115,what_can_i_ask_you,what_can_i_ask_you,can you tell me what you can help with,0.7942882180213928
115,115,what_can_i_ask_you,what_can_i_ask_you,what things are you able to help me with,0.9874327778816223
115,115,what_can_i_ask_you,what_can_i_ask_you,i would like to know what you can help with,0.649476170539856
115,115,what_can_i_ask_you,what_can_i_ask_you,what kind of things can you help with,0.9437658190727234
115,115,what_can_i_ask_you,what_can_i_ask_you,i want to know what type of things you can help me with,0.948864221572876
115,115,what_can_i_ask_you,what_can_i_ask_you,please help me to know what type of things you can help me with,0.9105440974235535
115,115,what_can_i_ask_you,what_can_i_ask_you,can i know what type of things you can help me with,0.949358344078064
115,115,what_can_i_ask_you,what_can_i_ask_you,i would like to know what type of things you can help me with,0.9319152235984802
115,115,what_can_i_ask_you,what_can_i_ask_you,i will be glad to know what type of things you can help me with,0.8508783578872681
115,115,what_can_i_ask_you,what_can_i_ask_you,what subjects do you like,0.8415783643722534
115,115,what_can_i_ask_you,what_can_i_ask_you,tell me what subjects you like,0.8735752105712891
115,115,what_can_i_ask_you,what_can_i_ask_you,please tell me what subjects you like,0.818793535232544
115,115,what_can_i_ask_you,what_can_i_ask_you,so what subjects do you like,0.7058850526809692
115,115,what_can_i_ask_you,what_can_i_ask_you,what type of questions can i ask you,0.9923277497291565
115,115,what_can_i_ask_you,what_can_i_ask_you,what kinds of things are you familiar with,0.9621950387954712
115,115,what_can_i_ask_you,what_can_i_ask_you,what subjects are you experienced in,0.9285009503364563
115,115,what_can_i_ask_you,what_can_i_ask_you,what knowledge do you have on certain subjects,0.7022937536239624
115,115,what_can_i_ask_you,what_can_i_ask_you,what kid of subjects do you excel in,0.874853789806366
115,115,what_can_i_ask_you,what_can_i_ask_you,what subjects or areas are you familiar with,0.9846241474151611
115,115,what_can_i_ask_you,what_can_i_ask_you,which subjects are you the most experienced with,0.43141716718673706
115,11,what_can_i_ask_you,user_name,tell me what you can do for me,0.2807956039905548
115,115,what_can_i_ask_you,what_can_i_ask_you,what sorts of tasks can you do,0.764644980430603
115,115,what_can_i_ask_you,what_can_i_ask_you,what can you do for me,0.7465121746063232
115,115,what_can_i_ask_you,what_can_i_ask_you,what can you do to make yourself useful,0.22179776430130005
115,115,what_can_i_ask_you,what_can_i_ask_you,what would you be able to do with me,0.5723283886909485
115,115,what_can_i_ask_you,what_can_i_ask_you,give me examples of what to ask you,0.8767446875572205
115,115,what_can_i_ask_you,what_can_i_ask_you,tell me what types of questions i can ask you,0.9969384670257568
115,115,what_can_i_ask_you,what_can_i_ask_you,what are you programmed to do for me,0.32698601484298706
115,115,what_can_i_ask_you,what_can_i_ask_you,what things do you know how to do,0.6161669492721558
115,115,what_can_i_ask_you,what_can_i_ask_you,how can you help me,0.7294018268585205
121,82,maybe,greeting,undecided,0.054675690829753876
121,121,maybe,maybe,i'm afraid i don't know how to answer that,0.9754649996757507
121,121,maybe,maybe,might,0.28077614307403564
121,121,maybe,maybe,it might go either way,0.8439127206802368
121,121,maybe,maybe,both could be,0.9608755707740784
121,121,maybe,maybe,either or,0.9727470874786377
121,121,maybe,maybe,my answer would be maybe,0.9028300046920776
121,121,maybe,maybe,either one might be,0.97719407081604
121,121,maybe,maybe,i can't say for certain either way,0.5262505412101746
121,121,maybe,maybe,it could go either way,0.9582503437995911
121,121,maybe,maybe,it's definitely a maybe for that,0.823369026184082
121,121,maybe,maybe,i am not sure,0.9656528830528259
121,121,maybe,maybe,maybe it is,0.9395807385444641
121,61,maybe,translate,i can't say,0.5298871397972107
121,121,maybe,maybe,could be,0.7679623365402222
121,61,maybe,translate,i am unable to say,0.12593171000480652
121,121,maybe,maybe,i am not able to say,0.1987875998020172
121,121,maybe,maybe,i am really not sure,0.9398394227027893
121,121,maybe,maybe,i do not know,0.8161185383796692
121,121,maybe,maybe,not sure,0.9520476460456848
121,121,maybe,maybe,not sure to be honest,0.7925475835800171
121,121,maybe,maybe,i think maybe,0.8819347620010376
121,121,maybe,maybe,"um, i'm not quite sure",0.7986486554145813
121,121,maybe,maybe,"um, i'm not totally sure",0.4465404152870178
121,121,maybe,maybe,"um, i'm not actually sure",0.4428215026855469
121,121,maybe,maybe,i'm not actually sure,0.4428215026855469
121,121,maybe,maybe,"um, i'm not sure",0.9520476460456848
121,121,maybe,maybe,that might be the case,0.46781134605407715
121,121,maybe,maybe,i'm not completely certain,0.3792036473751068
121,121,maybe,maybe,unsure,0.875500500202179
3,3,oil_change_how,oil_change_how,help me change my oil,0.6802200675010681
3,3,oil_change_how,oil_change_how,what oil should i use for an oil change and how do i do it,0.8563611507415771
3,3,oil_change_how,oil_change_how,how do i do an oil change,0.526935875415802
3,123,oil_change_how,oil_change_when,diy oil change,0.8964568972587585
3,3,oil_change_how,oil_change_how,how to do an oil change,0.556580662727356
3,123,oil_change_how,oil_change_when,give me instructions for an oil change,0.3395203948020935
3,3,oil_change_how,oil_change_how,diy oil change and oil type,0.5151393413543701
3,123,oil_change_how,oil_change_when,oil type and do it yourself oil change information please,0.49156686663627625
3,3,oil_change_how,oil_change_how,i want to know how to change my oil,0.9690524339675903
3,3,oil_change_how,oil_change_how,can you tell me how to change my oil and what kind i use,0.9917495250701904
3,3,oil_change_how,oil_change_how,how to change oil and what oil type,0.9921608567237854
3,3,oil_change_how,oil_change_how,can you please instruct me on the proper way to change the oil in my car,0.7951311469078064
3,3,oil_change_how,oil_change_how,i need guidance on changing my oil,0.584164023399353
3,3,oil_change_how,oil_change_how,i want a step by step explanation of how to change the oil in my car,0.9462756514549255
3,3,oil_change_how,oil_change_how,can you teach me how to change my oil,0.9259706735610962
3,3,oil_change_how,oil_change_how,can you teach me how to change my oil in my car,0.9768134355545044
3,3,oil_change_how,oil_change_how,help me figure out how to change my oil,0.8745300769805908
3,3,oil_change_how,oil_change_how,walk me through the steps involved in changing my oil,0.6611238718032837
3,3,oil_change_how,oil_change_how,give me step by step instructions for changing my oil,0.6228333711624146
3,3,oil_change_how,oil_change_how,i want to change the oil in my car but i do not know how to do it can you help,0.956529974937439
3,3,oil_change_how,oil_change_how,put together a list of instructions for me on how to change the oil in my car,0.9423419237136841
3,3,oil_change_how,oil_change_how,"is it possible to change oil, if so how and what do i use",0.8710711598396301
3,3,oil_change_how,oil_change_how,what oil do i use when changing oil and how do i do it,0.9209553003311157
3,3,oil_change_how,oil_change_how,how would i replace my oil and what sort of oil should i use,0.9077706933021545
3,3,oil_change_how,oil_change_how,"can you change the oil, with what and how",0.9000828862190247
3,3,oil_change_how,oil_change_how,how could i replace my oil and what form of oil ought to i take advantage of,0.8236866593360901
3,3,oil_change_how,oil_change_how,can you tell me how to change my oil please,0.9671424627304077
3,3,oil_change_how,oil_change_how,how do i change my oil,0.8925027847290039
3,3,oil_change_how,oil_change_how,please let me know how to change the oil,0.8832314610481262
3,3,oil_change_how,oil_change_how,i need to know how to change oil in a car,0.9776633977890015
23,9,restaurant_reservation,accept_reservations,"i'd like to make a reservation at rooth chris, can you do that",0.3371957838535309
23,23,restaurant_reservation,restaurant_reservation,make a reservation for chik-fil-a at 3 o' clock please,0.9522345066070557
23,23,restaurant_reservation,restaurant_reservation,reserve a table for 3 at 7 for olive garden,0.9872668385505676
23,23,restaurant_reservation,restaurant_reservation,will you reserve a table at olive garden for 3 people at 7,0.8850247263908386
23,23,restaurant_reservation,restaurant_reservation,"at 7, i need a table for 3 at olive garden",0.9890794157981873
23,23,restaurant_reservation,restaurant_reservation,i need a table for 3 at olive garden for 7,0.9846463799476624
23,23,restaurant_reservation,restaurant_reservation,get a table for me at 7 for 3 people at olive garden,0.9686907529830933
23,23,restaurant_reservation,restaurant_reservation,reserve table for 5 at red robin under the name sara at 3,0.9964724779129028
23,23,restaurant_reservation,restaurant_reservation,reverse a table for 5 at burger king under the name sara at 6,0.9806408882141113
23,23,restaurant_reservation,restaurant_reservation,can you reserve a table for 6 at red robin under the name mavrick at 5 clock,0.9957367181777954
23,23,restaurant_reservation,restaurant_reservation,could you reserve table for 3 at carlos jr under the name adam at 4,0.9932191967964172
23,23,restaurant_reservation,restaurant_reservation,i want to reserve table for 5 at red robin under the name sara at 5,0.995705783367157
23,23,restaurant_reservation,restaurant_reservation,i need a table for two at the havana at nine,0.9609171748161316
23,23,restaurant_reservation,restaurant_reservation,look for me a table at carl's cabin for twelve at eight,0.7924602031707764
23,23,restaurant_reservation,restaurant_reservation,i need a table at gemma for nine at two,0.9183596968650818
23,23,restaurant_reservation,restaurant_reservation,book me a table for three at rainforest cafe at seven,0.9762584567070007
23,23,restaurant_reservation,restaurant_reservation,get me a table for five at itta bena at three,0.9865054488182068
23,23,restaurant_reservation,restaurant_reservation,"5 people are going to be at tropicana by 8pm, reserve the table under martins name please",0.4399380683898926
23,23,restaurant_reservation,restaurant_reservation,use martins name to reserve a table at tropicana for 5 people at 8pm,0.964422881603241
23,23,restaurant_reservation,restaurant_reservation,reserve a table at tropicana for 5 people under the name martins for 8pm,0.9822273850440979
23,23,restaurant_reservation,restaurant_reservation,martins needs a table for 5 people at tropicana at 8pm precisely,0.9508551955223083
23,23,restaurant_reservation,restaurant_reservation,the table should be reserved at 8pm at tropicana using martins name and it should be for 5 people,0.41398391127586365
23,9,restaurant_reservation,accept_reservations,are there any open reservations at outback tonight,0.44769471883773804
23,23,restaurant_reservation,restaurant_reservation,make a reservation for 2 tonight at 7:00 at outback steakhouse,0.9287509918212891
23,23,restaurant_reservation,restaurant_reservation,michael will reserve a table for two at 7:00pm for olive garden,0.879808247089386
23,23,restaurant_reservation,restaurant_reservation,a table for two needs to be reserved for 7:00pm at olive garden using the name michael,0.8198604583740234
23,23,restaurant_reservation,restaurant_reservation,please reserve a table for two at olive garden at 7:00pm for michael,0.9624024629592896
23,23,restaurant_reservation,restaurant_reservation,get reservations at olive garden for two at 7:00pm under michael,0.5386589765548706
23,23,restaurant_reservation,restaurant_reservation,reservations for two need to be made using michael's name for 7:00pm at olive garden,0.539158046245575
23,145,restaurant_reservation,restaurant_suggestion,i want to eat at seven in the restaurant for two people,0.34772565960884094
35,136,balance,current_location,what are my coffers at,0.3599693775177002
35,35,balance,balance,tell me the current balance of my bank accounts,0.9822720289230347
35,35,balance,balance,what's my current bank account total,0.8993513584136963
35,35,balance,balance,how much do i have in my bank accounts,0.9964689016342163
35,35,balance,balance,what's the balance in my bank accounts,0.9962211847305298
35,35,balance,balance,what do i have in my bank accounts right now,0.9916062355041504
35,35,balance,balance,is there enough in my wells fargo account to buy some nike's,0.7347425222396851
35,35,balance,balance,do i have enough in my wells fargo account to get some nike's,0.8963194489479065
35,35,balance,balance,do i have money in my wells fargo account for nike's,0.9694606065750122
35,35,balance,balance,"i want some nike's, is there enough in my wells fargo account",0.85204017162323
35,35,balance,balance,check my wells fargo account to see if i have enough for these nike's,0.6225999593734741
35,35,balance,balance,would you tell me my bank balance,0.9375057220458984
35,35,balance,balance,can you tell me my bank balance,0.964341402053833
35,35,balance,balance,will you let me know my bank balance,0.8213157653808594
35,35,balance,balance,will you tell me my bank balance,0.9422348737716675
35,35,balance,balance,how much money is there in my bank accounts,0.9882213473320007
35,35,balance,balance,how much money do i have in my various bank accounts,0.9963216781616211
35,35,balance,balance,how much cash do i have in my various bank accounts,0.9950947761535645
35,35,balance,balance,how much cash do i have in my bank accounts,0.996743381023407
35,35,balance,balance,how much dough do i have in my bank accounts,0.99472975730896
35,35,balance,balance,whats the combined total of the money inside my bank accounts,0.9139886498451233
35,35,balance,balance,whats my bank accounts look like,0.5560880899429321
35,35,balance,balance,how much moola is in my bank accounts,0.9934492707252502
35,35,balance,balance,what the numerical number inside my bank accounts,0.8509485125541687
35,35,balance,balance,how much does my bank account have,0.7273799777030945
35,35,balance,balance,tell me the current account balance,0.9053282141685486
35,35,balance,balance,check my checking balance,0.9157108068466187
35,35,balance,balance,how much do i have left in my checking account,0.9657244682312012
35,35,balance,balance,what's my checking look like,0.20314230024814606
35,35,balance,balance,how much do i have in my savings account,0.990310788154602
85,85,confirm_reservation,confirm_reservation,confirm my reservation for march 12 at 9:00 am,0.9794292449951172
85,85,confirm_reservation,confirm_reservation,please confirm that i have a reservation for march 1st at 7,0.9924208521842957
85,85,confirm_reservation,confirm_reservation,can you confirm that i have a reservation for february 21 at 6 o'clock,0.9916170239448547
85,85,confirm_reservation,confirm_reservation,verify my reservation for smith and wollensky at 6:45,0.9333859086036682
85,85,confirm_reservation,confirm_reservation,please confirm my reservation for bar les freres at 7,0.9913567304611206
85,85,confirm_reservation,confirm_reservation,tell me whether or not i have a reservation at gramercy tavern for tad,0.43902724981307983
85,85,confirm_reservation,confirm_reservation,can you confirm that i have a reservation for 2/20 at 6:00 pm,0.9872621893882751
85,85,confirm_reservation,confirm_reservation,please tell me if i still have a reservation at acero for susie,0.7871363162994385
85,85,confirm_reservation,confirm_reservation,please confirm my reservation at brio for theodore,0.9850993752479553
85,85,confirm_reservation,confirm_reservation,confirm my reservation for acero at 7,0.9923897385597229
85,85,confirm_reservation,confirm_reservation,please confirm that i have a reservation for 2/20 at 6:00 pm,0.9844244122505188
85,85,confirm_reservation,confirm_reservation,confirm that there is a reservation at bellagio for thomas,0.9618639349937439
85,85,confirm_reservation,confirm_reservation,can you confirm the reservation at fleming's for jane,0.7736293077468872
85,85,confirm_reservation,confirm_reservation,are there reservation for joe and will,0.3626690208911896
85,85,confirm_reservation,confirm_reservation,please verify my reservation for john at bardenay,0.9677854180335999
85,85,confirm_reservation,confirm_reservation,will you call and check on my reservation for john at bardenay,0.941835880279541
85,85,confirm_reservation,confirm_reservation,is my reservation set for john at bardenay,0.9315203428268433
85,85,confirm_reservation,confirm_reservation,do we know if my reservation for john at bardenay was accepted,0.8811002373695374
85,85,confirm_reservation,confirm_reservation,has my reservation for john at bardenay been confirmed,0.9441973567008972
85,85,confirm_reservation,confirm_reservation,"let's try and confirm my reservation for bubble bar under ""franklin",0.9808067679405212
85,85,confirm_reservation,confirm_reservation,i need to confirm my reservation for red lobster for frank,0.8894234299659729
85,85,confirm_reservation,confirm_reservation,"find my reservation for steve at crucere's and confirm it, please",0.9319680333137512
85,85,confirm_reservation,confirm_reservation,confirm the john reservation at applebee's,0.604741096496582
85,85,confirm_reservation,confirm_reservation,i'd like to confirm the josh reservation at moe's,0.7903414964675903
85,85,confirm_reservation,confirm_reservation,i have a reservation for strip house for jennifer that i'd like to confirm,0.9725131988525391
85,85,confirm_reservation,confirm_reservation,please try to confirm my reservation for jim at barney's,0.9837353229522705
85,85,confirm_reservation,confirm_reservation,confirm my reservation for joe at hoss's,0.9890710115432739
85,85,confirm_reservation,confirm_reservation,i need to confirm the reservation for frank at chili's,0.46862590312957764
85,85,confirm_reservation,confirm_reservation,i'll be confirming my reservation for joseph at red lobster,0.4261755645275116
85,85,confirm_reservation,confirm_reservation,is there a reservation for mark at mimis,0.6784095168113708
20,20,freeze_account,freeze_account,can you freeze my bank account,0.9442071318626404
20,20,freeze_account,freeze_account,i want to freeze my bank account,0.9718947410583496
20,20,freeze_account,freeze_account,i want my account locked out,0.7127256393432617
20,20,freeze_account,freeze_account,stop all access to my account,0.8559566736221313
20,20,freeze_account,freeze_account,i need my account frozen!,0.9570898413658142
20,20,freeze_account,freeze_account,i need to lock my account right now!,0.9037998914718628
20,20,freeze_account,freeze_account,please force my account to freeze,0.9437318444252014
20,20,freeze_account,freeze_account,please stop my account,0.9463374614715576
20,20,freeze_account,freeze_account,please allow my account to freeze,0.9309926629066467
20,20,freeze_account,freeze_account,please put my account on hold,0.961323082447052
20,20,freeze_account,freeze_account,freeze my account at the bank immediately,0.9735168814659119
20,20,freeze_account,freeze_account,would you be able to freeze my bank account,0.8622266054153442
20,20,freeze_account,freeze_account,my account at the bank needs to be frozen,0.5342469215393066
20,20,freeze_account,freeze_account,please block my discover account immediately,0.9495957493782043
20,20,freeze_account,freeze_account,please put a block on my citi account immediately,0.9865983724594116
20,20,freeze_account,freeze_account,block my american saving bank for now,0.5709503889083862
20,20,freeze_account,freeze_account,block my bank of america immdediately,0.7642049789428711
20,20,freeze_account,freeze_account,put a block on bank of amerian immediately,0.8422940969467163
20,20,freeze_account,freeze_account,my account needs to be frozen,0.7245787978172302
20,20,freeze_account,freeze_account,freeze my account for me,0.9654733538627625
20,20,freeze_account,freeze_account,put a freeze on my account,0.9567931294441223
20,20,freeze_account,freeze_account,could you please put a stop on my bank account,0.9915143251419067
20,20,freeze_account,freeze_account,i need to put a stop on my bank account,0.9934309124946594
20,20,freeze_account,freeze_account,are you able to put a stop on my bank account,0.9533746242523193
20,20,freeze_account,freeze_account,please put a stop on my bank account,0.9960946440696716
20,20,freeze_account,freeze_account,i am hoping you can put a stop on my bank account,0.9686022400856018
20,20,freeze_account,freeze_account,please put a freeze on my banking account,0.9701176285743713
20,20,freeze_account,freeze_account,i need my bank account frozen,0.8515691161155701
20,20,freeze_account,freeze_account,how do i freeze my bank account,0.8584586977958679
20,20,freeze_account,freeze_account,would you freeze my bank account,0.9402702450752258
100,100,rollover_401k,rollover_401k,"i heard i can transfer my 401k, but don't know how, do you",0.9368808269500732
100,100,rollover_401k,rollover_401k,"i need some help with transferring my 401k, can you help",0.9480672478675842
100,100,rollover_401k,rollover_401k,can you tell me how to transfer my 401k,0.9929637908935547
100,100,rollover_401k,rollover_401k,i want to transfer my 401k,0.9970587491989136
100,100,rollover_401k,rollover_401k,i wanna transfer my 401k,0.9975979924201965
100,100,rollover_401k,rollover_401k,i have to rollover my 401k,0.9983812570571899
100,100,rollover_401k,rollover_401k,i must rollover my 401k,0.9985585808753967
100,100,rollover_401k,rollover_401k,i want help to transfer my 401k,0.9904611706733704
100,100,rollover_401k,rollover_401k,help me to transfer my 401k,0.9970306158065796
100,100,rollover_401k,rollover_401k,i will rollover my 401k,0.9990513920783997
100,100,rollover_401k,rollover_401k,i need help to transfer my 401k,0.9968681931495667
100,100,rollover_401k,rollover_401k,i want to rollover my 401k,0.9984865188598633
100,100,rollover_401k,rollover_401k,how do i transfer my 401k to a new firm,0.9877510070800781
100,100,rollover_401k,rollover_401k,how do i roll over my 401k,0.9913841485977173
100,100,rollover_401k,rollover_401k,can i move my 401k to an ira,0.872319221496582
100,104,rollover_401k,recipe,how do i do a 401(k) rollover,0.20075267553329468
100,134,rollover_401k,ingredient_substitution,can 401ks be moved,0.1805458664894104
100,100,rollover_401k,rollover_401k,can i transfer my 401k somewhere,0.9957555532455444
100,100,rollover_401k,rollover_401k,how do i switch 401k companies,0.3966580331325531
100,100,rollover_401k,rollover_401k,tell me how to roll over my 401k,0.9815824031829834
100,100,rollover_401k,rollover_401k,how can i transfer my 401k,0.9975371360778809
100,100,rollover_401k,rollover_401k,what are the steps to rollover my 401k,0.9875161647796631
100,100,rollover_401k,rollover_401k,"my 401k, can i roll it over",0.997269332408905
100,100,rollover_401k,rollover_401k,"i want to rollover my 401k , can i",0.9981562495231628
100,100,rollover_401k,rollover_401k,help me rollover my 401k,0.9989590644836426
100,100,rollover_401k,rollover_401k,do you know the process to rollover my 401k,0.983250081539154
100,100,rollover_401k,rollover_401k,tell me how to rollover my 401k,0.996947705745697
100,100,rollover_401k,rollover_401k,my 401k needs to rollover and i need your help,0.983606219291687
100,100,rollover_401k,rollover_401k,let me know how to rollover my 401k,0.9920365810394287
100,100,rollover_401k,rollover_401k,what do i have to do to transfer my 401k,0.9533554315567017
96,96,who_made_you,who_made_you,what company made this ai,0.9958270192146301
96,96,who_made_you,who_made_you,what is the name of the person who made you,0.8592932224273682
96,96,who_made_you,who_made_you,who is the person that brought you to life,0.7862235307693481
96,96,who_made_you,who_made_you,who is the one that made you,0.8443231582641602
96,96,who_made_you,who_made_you,who is your maker,0.5584433078765869
96,96,who_made_you,who_made_you,which company made you,0.9881755113601685
96,96,who_made_you,who_made_you,who assembled you,0.9731423854827881
96,96,who_made_you,who_made_you,i wanna know who programmed you,0.9680064916610718
96,96,who_made_you,who_made_you,let me know who programmed you,0.9751923084259033
96,96,who_made_you,who_made_you,who made you,0.9936366081237793
96,75,who_made_you,what_is_your_name,i wanna know your maker,0.17416003346443176
96,96,who_made_you,who_made_you,who was your maker,0.9411181807518005
96,96,who_made_you,who_made_you,who is the one who programmed you,0.9343834519386292
96,96,who_made_you,who_made_you,i must know who programmed you,0.968619704246521
96,96,who_made_you,who_made_you,tell me who your maker was,0.889801561832428
96,96,who_made_you,who_made_you,what was the company that designed you,0.8214584589004517
96,96,who_made_you,who_made_you,do you know what company were you designed by,0.8156712651252747
96,96,who_made_you,who_made_you,let me know which company were you designed by,0.9045953154563904
96,96,who_made_you,who_made_you,what company were you designed by,0.9435756206512451
96,96,who_made_you,who_made_you,can you let me know what company were you designed by,0.8584765791893005
96,96,who_made_you,who_made_you,which company were you designed by,0.9472298622131348
96,96,who_made_you,who_made_you,tell me who made you please,0.9725313186645508
96,96,who_made_you,who_made_you,can you tell me who made you,0.9714141488075256
96,96,who_made_you,who_made_you,whats the name of the person who made you,0.904572069644928
96,96,who_made_you,who_made_you,what company did the design for this,0.8173956871032715
96,96,who_made_you,who_made_you,what company did this design,0.8810074925422668
96,96,who_made_you,who_made_you,what company is responsible for this design,0.919528067111969
96,96,who_made_you,who_made_you,what company designed this,0.8261429667472839
96,96,who_made_you,who_made_you,"for this design, what company did it",0.7586231827735901
96,96,who_made_you,who_made_you,name the person or group that programmed you,0.4087813198566437
78,78,distance,distance,which way do we go and how long will it take to get to the sears tower in chicago,0.946223795413971
78,78,distance,distance,"so, does it take long to get to dodger stadium in anaheim",0.9682943224906921
78,78,distance,distance,how many minutes will it take to get to the empire state building in manhattan,0.9026702046394348
78,142,distance,mpg,what's the mileage to get the the taj mahal in atlantic city,0.20845003426074982
78,78,distance,distance,does it take long to get to yankee stadium in the bronx,0.9656885266304016
78,78,distance,distance,how much time is left until we get there,0.22403039038181305
78,78,distance,distance,what's the time to destination going via bus to omaha,0.8402619361877441
78,78,distance,distance,how far from our destination are we,0.35858631134033203
78,86,distance,cook_time,how many minutes am i from texaco,0.31776174902915955
78,78,distance,distance,how long will i be on the bus if i rid it to seattle,0.6911473870277405
78,146,distance,travel_notification,is it going to be much longer until i reach the bank,0.3306518793106079
78,72,distance,directions,am i close to arriving at the post office,0.47655636072158813
78,78,distance,distance,what's the estimated travel time to get to dc via bus,0.8746572136878967
78,102,distance,how_busy,when will i arrive at hy-vee,0.10861294716596603
78,78,distance,distance,how long does it take to get to el paso on a bus,0.9672685861587524
78,78,distance,distance,how long will it take me to get to walmart,0.9844958782196045
78,78,distance,distance,what's the average time to boston when riding a bus,0.43016496300697327
78,78,distance,distance,when will the bus get me to vermont,0.29731136560440063
78,78,distance,distance,how long will i be on the bus to new orleans,0.7223309874534607
78,78,distance,distance,how long is a bus ride to staples,0.9470676183700562
78,78,distance,distance,how long does it take to get downtown by bus,0.9535102844238281
78,78,distance,distance,what time will i get to the beach taking the bus,0.9539250731468201
78,78,distance,distance,how far am i from orlando,0.4872467815876007
78,80,distance,flight_status,give me an eta on when i will arrive at my destination,0.3335971534252167
78,78,distance,distance,tell me how much longer i will have to drive to reach the destination,0.39786428213119507
78,80,distance,flight_status,when will i get to orlando,0.343427449464798
78,136,distance,current_location,how much farther is orlando from my location,0.2426762729883194
78,72,distance,directions,do i have a ways to go or am i close to getting to penn station,0.3553749918937683
78,78,distance,distance,please give me the approximate amount of time i will need to go from jfk international airport to penn station,0.7211658358573914
78,4,distance,time,can you tell me about what time i should be arriving at the airport,0.19063390791416168
11,11,user_name,user_name,how do you refer to me,0.912684440612793
11,144,user_name,change_user_name,call my name,0.6104859113693237
11,75,user_name,what_is_your_name,what do i go by,0.16331727802753448
11,11,user_name,user_name,say my name,0.912590742111206
11,11,user_name,user_name,what do you think my name is,0.9871039986610413
11,11,user_name,user_name,what do you think i'm called,0.5907271504402161
11,11,user_name,user_name,what do you have for my name,0.991302490234375
11,11,user_name,user_name,how do you address my name,0.975810170173645
11,75,user_name,what_is_your_name,what's your designation,0.6173588633537292
11,11,user_name,user_name,what do you call me,0.983322262763977
11,11,user_name,user_name,i want to hear my name,0.397752970457077
11,11,user_name,user_name,my name,0.8514735102653503
11,11,user_name,user_name,what's my name,0.9929919242858887
11,11,user_name,user_name,what's my name on file,0.9332467913627625
11,11,user_name,user_name,what name do you have for me,0.9703604578971863
11,11,user_name,user_name,what did i tell you to call me,0.7415385842323303
11,11,user_name,user_name,please tell me the name that you have for me,0.927626371383667
11,11,user_name,user_name,i need to know the name that you have for me,0.9079028964042664
11,11,user_name,user_name,can you tell me what name you have for me,0.9703089594841003
11,11,user_name,user_name,tell me what name you have for me,0.984069287776947
11,11,user_name,user_name,i would like to know the name you have for me,0.9453369379043579
11,11,user_name,user_name,what is the name you have for me,0.986187219619751
11,11,user_name,user_name,could you tell me my name,0.9881481528282166
11,11,user_name,user_name,do you have a name for me,0.9044631123542786
11,11,user_name,user_name,can you tell me my name for me,0.9958701729774475
11,11,user_name,user_name,what's the name you use for me,0.9253152012825012
11,11,user_name,user_name,you call me what,0.8833973407745361
11,11,user_name,user_name,what do you know me by,0.6158891320228577
11,11,user_name,user_name,you know me by what right now,0.22942321002483368
11,11,user_name,user_name,what's the way you refer to me,0.5418012738227844
66,66,timezone,timezone,what's the timezone for britain,0.9923827052116394
66,66,timezone,timezone,i need the time zone for la,0.7459222674369812
66,66,timezone,timezone,i would like to know the timezone for britain,0.9448462724685669
66,66,timezone,timezone,i need la's time zone,0.9095498323440552
66,66,timezone,timezone,i need to know britain's timezone,0.9662438035011292
66,66,timezone,timezone,what timezone is britain in,0.99922776222229
66,66,timezone,timezone,can you tell me britain's timezone,0.9562820792198181
66,66,timezone,timezone,what is the la's time zone,0.8674920201301575
66,66,timezone,timezone,can you tell me the time zone for la,0.7635374069213867
66,66,timezone,timezone,what is texas's timezone,0.8927749395370483
66,66,timezone,timezone,tell me the timezone for california,0.9843809604644775
66,66,timezone,timezone,what timezone would missouri be in,0.9950252175331116
66,66,timezone,timezone,what timezone do they use in arizona,0.919230580329895
66,66,timezone,timezone,is new york in mountain timezone,0.6874486804008484
66,66,timezone,timezone,what is the timezone for la,0.9784003496170044
66,66,timezone,timezone,what is the timezone for new york,0.9245985746383667
66,66,timezone,timezone,what is the timezone for san francisco,0.9516812562942505
66,66,timezone,timezone,what is the timezone for paris,0.9738501906394958
66,66,timezone,timezone,what is the timezone for houston,0.971393346786499
66,66,timezone,timezone,denver's timezone is what,0.9866140484809875
66,54,timezone,food_last,does denver reside in the eastern timezones,0.23784396052360535
66,66,timezone,timezone,which timezone is denver located,0.9471043944358826
66,66,timezone,timezone,"denver's timezone is a mystery, i wonder where its located",0.6877635717391968
66,66,timezone,timezone,in which time zone does denver reside,0.9437772035598755
66,66,timezone,timezone,what's the timezone in valencia,0.9924238920211792
66,66,timezone,timezone,what's the timezone now in hiram,0.9586353898048401
66,66,timezone,timezone,timezone in salt lake city,0.9188956022262573
66,66,timezone,timezone,timezone currently in mobile,0.8824802041053772
66,4,timezone,time,what time is it in phoenix,0.9912365674972534
66,66,timezone,timezone,can you give me the timezone for the country,0.7270546555519104
118,118,next_song,next_song,"i don't like this song, can skip it",0.7554641962051392
118,118,next_song,next_song,can we move onto the next song,0.9899577498435974
118,118,next_song,next_song,"skip this song, please",0.9029887318611145
118,118,next_song,next_song,can you swipe to the next song,0.9969615340232849
118,118,next_song,next_song,"next song, please!",0.9779038429260254
118,118,next_song,next_song,start the next song,0.9915697574615479
118,118,next_song,next_song,go to the next song and play it,0.9947783946990967
118,118,next_song,next_song,move forward one song,0.8393912315368652
118,118,next_song,next_song,play the next one,0.9705418944358826
118,118,next_song,next_song,skip to next track,0.7474179267883301
118,118,next_song,next_song,skip ahead one song,0.9118819236755371
118,118,next_song,next_song,go to upcoming song,0.5818215012550354
118,118,next_song,next_song,play the next song please,0.9940418601036072
118,118,next_song,next_song,i dont want to listen to this song,0.7154637575149536
118,118,next_song,next_song,could you hit next,0.12006833404302597
118,118,next_song,next_song,can you go to the next song,0.9902676939964294
118,118,next_song,next_song,let's go to the next song please,0.9845722913742065
118,118,next_song,next_song,maybe we can go to the next song,0.9842235445976257
118,118,next_song,next_song,may i suggest we go to the next song,0.9889288544654846
118,118,next_song,next_song,please can we go to the next song,0.9937574863433838
118,118,next_song,next_song,might we go to the next song,0.9922858476638794
118,118,next_song,next_song,next track,0.6430485248565674
118,118,next_song,next_song,skip to the next track,0.9516263604164124
118,118,next_song,next_song,skip this track,0.5184646844863892
118,118,next_song,next_song,play next song,0.9889390468597412
118,118,next_song,next_song,next song,0.9964873790740967
118,118,next_song,next_song,change this song please,0.654830276966095
118,118,next_song,next_song,i want you to play the next song,0.9805943369865417
118,118,next_song,next_song,play the next song please if you would,0.9794069528579712
118,118,next_song,next_song,please play the next track,0.8475636839866638
68,68,transactions,transactions,i need to know all my spending transactions,0.7572080492973328
68,37,transactions,last_maintenance,when did i last make a purchase,0.576949417591095
68,68,transactions,transactions,how much did i spend on my most recent transaction,0.887829601764679
68,68,transactions,transactions,show me my ten most recent transactions on account xyz,0.9913204312324524
68,68,transactions,transactions,i want to see all transactions in the past month for all accounts,0.9367533922195435
68,68,transactions,transactions,show me my recent transactions from account xyz,0.9896865487098694
68,68,transactions,transactions,open bank app and show my most recent transactions,0.9879873991012573
68,68,transactions,transactions,are you able to find my recent transactions for me,0.9052452445030212
68,68,transactions,transactions,i made a transaction recently,0.9410073161125183
68,68,transactions,transactions,what was my recent transaction,0.9961562752723694
68,68,transactions,transactions,i want to know what my recent transaction was,0.9747505784034729
68,68,transactions,transactions,i need information about my recent transaction,0.9546816349029541
68,68,transactions,transactions,state recent transaction,0.9838751554489136
68,27,transactions,bill_balance,is my visa bill over my limit this month,0.47094184160232544
68,71,transactions,spending_history,what have i spent things on,0.9073126316070557
68,68,transactions,transactions,show my transactions,0.9941321015357971
68,68,transactions,transactions,what were my last 10 charges on my credit card,0.6411011815071106
68,71,transactions,spending_history,show what i have spent things on,0.8421100974082947
68,71,transactions,spending_history,how much have i spent on my debit card this month,0.8655859231948853
68,71,transactions,spending_history,how much have i spent on my bank card sine i last paid my bill,0.4378941059112549
68,68,transactions,transactions,how much was my last target trip,0.4032169580459595
68,68,transactions,transactions,can you verify my recent visa card transaction,0.8888927698135376
68,68,transactions,transactions,what was my recent transaction on my visa card,0.9894598722457886
68,68,transactions,transactions,what is the last transaction on my visa card,0.9364326596260071
68,68,transactions,transactions,show my my most recent visa card transaction,0.966881513595581
68,68,transactions,transactions,please review my recent visa card transaction,0.944337785243988
68,68,transactions,transactions,how many transactions do i have on flower shops from last wednesday between 2pm and 7pm,0.4135572612285614
68,68,transactions,transactions,what transactions did i make on electronics this morning after 6am,0.7705138921737671
68,68,transactions,transactions,what is the largest transaction i have made on video games this month,0.5507962107658386
68,68,transactions,transactions,what transactions do i have on groceries from yesterday,0.7794873118400574
145,145,restaurant_suggestion,restaurant_suggestion,please give me the name of a few good options for places to eat dinner tonight,0.6575573682785034
145,46,restaurant_suggestion,meal_suggestion,i need some suggestions for dinner places tonight,0.6532103419303894
145,145,restaurant_suggestion,restaurant_suggestion,what are some good places to go out for dinner in my area tonight,0.9460850954055786
145,145,restaurant_suggestion,restaurant_suggestion,show me some restaurants that have high reviews for eating out,0.6345656514167786
145,145,restaurant_suggestion,restaurant_suggestion,can you search recommended casual restaurants for tonight in philadelphia,0.9361522197723389
145,145,restaurant_suggestion,restaurant_suggestion,where can i go to eat,0.7081402540206909
145,145,restaurant_suggestion,restaurant_suggestion,where can i get some good food,0.8085572719573975
145,145,restaurant_suggestion,restaurant_suggestion,"in cleveland, are there any good places that serve clams",0.9755550026893616
145,145,restaurant_suggestion,restaurant_suggestion,does cleveland have any good places that serve clams,0.8931784629821777
145,145,restaurant_suggestion,restaurant_suggestion,can you find any good places in cleveland that serve clams,0.9783535599708557
145,145,restaurant_suggestion,restaurant_suggestion,are there good clam places in cleveland,0.8938726782798767
145,145,restaurant_suggestion,restaurant_suggestion,are there any good places in cleveland that serve clams,0.9673604965209961
145,145,restaurant_suggestion,restaurant_suggestion,"could you suggest a french restaurant, please",0.6326994895935059
145,145,restaurant_suggestion,restaurant_suggestion,can you suggest a french restaurant,0.8183387517929077
145,145,restaurant_suggestion,restaurant_suggestion,can you suggest a thai restaurant,0.8987804055213928
145,145,restaurant_suggestion,restaurant_suggestion,"can you suggest a french restaurant, please",0.7192976474761963
145,145,restaurant_suggestion,restaurant_suggestion,"can you suggest a thai restaurant, please",0.8405203819274902
145,145,restaurant_suggestion,restaurant_suggestion,are there are any good places in washington that serve cheese pizza,0.9035031795501709
145,42,restaurant_suggestion,oos,what's the food can easily get in canada,0.08730042725801468
145,145,restaurant_suggestion,restaurant_suggestion,what are the best places to get shrimp in chicago,0.9035071730613708
145,145,restaurant_suggestion,restaurant_suggestion,what are the best restaurants open tonight,0.9608342051506042
145,145,restaurant_suggestion,restaurant_suggestion,i need a list of good places to eat near me,0.9741540551185608
145,145,restaurant_suggestion,restaurant_suggestion,pull up some recommendations for places serving fish in maine,0.5501114130020142
145,145,restaurant_suggestion,restaurant_suggestion,where should i go for food tonight,0.9873082041740417
145,145,restaurant_suggestion,restaurant_suggestion,where should i eat,0.9042043089866638
145,145,restaurant_suggestion,restaurant_suggestion,any fantastic restaurants to get shrimp at in atlanta,0.8118086457252502
145,145,restaurant_suggestion,restaurant_suggestion,give me a list of places that serve the best wings in charlotte,0.5673407912254333
145,145,restaurant_suggestion,restaurant_suggestion,i need reviews for places serving tacos in chicago,0.554141104221344
145,145,restaurant_suggestion,restaurant_suggestion,give me restaurant reccomendations,0.9336221218109131
145,145,restaurant_suggestion,restaurant_suggestion,where can i satisfy my craving for french food in milwaukee,0.3480790853500366
50,50,rewards_balance,rewards_balance,x card has earned how many points,0.939415693283081
50,50,rewards_balance,rewards_balance,can you give me a points update on my rewards plus card,0.74058997631073
50,50,rewards_balance,rewards_balance,can you pull up how many points i've earned with travel card,0.6530209183692932
50,50,rewards_balance,rewards_balance,what is the updated points that i earned with synovus card,0.506229817867279
50,50,rewards_balance,rewards_balance,how many points do i have on my six flags rewards card,0.9959282279014587
50,50,rewards_balance,rewards_balance,i would like to check my rewards for my credit card,0.5334690809249878
50,50,rewards_balance,rewards_balance,i need to check my rewards for my credit card,0.6922651529312134
50,50,rewards_balance,rewards_balance,i wanna know how many points have i earned with my credit card,0.8236902952194214
50,50,rewards_balance,rewards_balance,i would like to know my debit card's rewards balance,0.8971855640411377
50,50,rewards_balance,rewards_balance,i would like to know how many points have i earned with my credit card,0.6786439418792725
50,50,rewards_balance,rewards_balance,i need to know my credit card's rewards balance,0.7949633002281189
50,50,rewards_balance,rewards_balance,i wanna know my credit card's rewards balance,0.8174147605895996
50,50,rewards_balance,rewards_balance,i really need to check my rewards for my credit card,0.6383721828460693
50,50,rewards_balance,rewards_balance,i would like to check my rewards for my debit card,0.8736449480056763
50,50,rewards_balance,rewards_balance,i wish to know my debit card's rewards balance,0.9248631000518799
50,50,rewards_balance,rewards_balance,i wanna check my rewards for my credit card,0.7288209795951843
50,50,rewards_balance,rewards_balance,tell me my debit card's rewards balance,0.9539052248001099
50,50,rewards_balance,rewards_balance,i need to understand how many points have i earned with my credit card,0.6468234062194824
50,50,rewards_balance,rewards_balance,i must know how many points have i earned with my credit card,0.8193422555923462
50,50,rewards_balance,rewards_balance,i gotta know how many points i have gotten with my debit card,0.8598493933677673
50,50,rewards_balance,rewards_balance,how many points earned do i have with my american express card,0.93765789270401
50,50,rewards_balance,rewards_balance,how many points have i earned with my paypal credit card so far,0.8474692106246948
50,50,rewards_balance,rewards_balance,i have points on my capital one card and i'd like to know how many i've earned,0.8727445602416992
50,50,rewards_balance,rewards_balance,"have i earned points with my venture card, and how many",0.8873844146728516
50,50,rewards_balance,rewards_balance,what do my visa points look like,0.3321179151535034
50,50,rewards_balance,rewards_balance,how many points do i have on my visa,0.9734494090080261
50,50,rewards_balance,rewards_balance,tell me the number of points on my visa card,0.8945710062980652
50,50,rewards_balance,rewards_balance,give me the point total on my visa card,0.47692960500717163
50,50,rewards_balance,rewards_balance,what points have i earned on my visa,0.8951947093009949
50,50,rewards_balance,rewards_balance,how many rewards points do i have on my rewards points i have on my mastercard,0.9955073595046997
111,56,pay_bill,bill_due,i have a car payment that needs to be paid,0.12134426832199097
111,111,pay_bill,pay_bill,i need to put in a payment towards my phone bill,0.5634632706642151
111,111,pay_bill,pay_bill,help me get my gas bill paid,0.604752242565155
111,111,pay_bill,pay_bill,pay my con edison bill using my capital one account,0.9776052832603455
111,111,pay_bill,pay_bill,"use my navy federal account and pay this month's verizon bill, please",0.6514408588409424
111,111,pay_bill,pay_bill,please pay my sprint bill using my bank of america checking account,0.9186861515045166
111,111,pay_bill,pay_bill,i need some assistance paying my utilities bill,0.7281016707420349
111,111,pay_bill,pay_bill,i need a hand getting this gas bill paid,0.6493801474571228
111,111,pay_bill,pay_bill,can you help me pay my electricity bill,0.9618658423423767
111,111,pay_bill,pay_bill,i have to pay my water bill but need help doing it,0.9450081586837769
111,111,pay_bill,pay_bill,i am going to need help paying my rent bill,0.9117287993431091
111,111,pay_bill,pay_bill,i want to pay my bill,0.9935951828956604
111,111,pay_bill,pay_bill,can you help me pay my bill,0.9923993945121765
111,111,pay_bill,pay_bill,i want to pay my bill through the app,0.9709294438362122
111,111,pay_bill,pay_bill,pay my electric bill for me,0.9546242952346802
111,111,pay_bill,pay_bill,"pull up my electric bill, i want to pay it",0.9327865242958069
111,111,pay_bill,pay_bill,how do i pay my electric bill,0.8732077479362488
111,111,pay_bill,pay_bill,"i want to pay my electric bill, can you do it for me",0.9430538415908813
111,111,pay_bill,pay_bill,pay my light bill,0.9898101091384888
111,111,pay_bill,pay_bill,pay my utility bill from my bank account,0.950817346572876
111,111,pay_bill,pay_bill,charge my internet bill to the corporate account,0.5217199921607971
111,111,pay_bill,pay_bill,pay my gas bill with my checking account,0.9903883337974548
111,111,pay_bill,pay_bill,i need to pay my electric bill,0.9856717586517334
111,111,pay_bill,pay_bill,i know i should pay my electric bill,0.8993903994560242
111,56,pay_bill,bill_due,"today my electric bill will be paid, or should be",0.3647807836532593
111,56,pay_bill,bill_due,today is the day i should pay my electric bill,0.6879855394363403
111,56,pay_bill,bill_due,my electric bill should be paid today,0.3667016923427582
111,111,pay_bill,pay_bill,i need to pay my visa,0.9325966238975525
111,109,pay_bill,credit_limit_change,pay $175 on my visa,0.16301463544368744
111,111,pay_bill,pay_bill,i'd like to pay $4735 to my water bill,0.9754438996315002
71,71,spending_history,spending_history,what's the total i've spent on shoes this month,0.9342634081840515
71,71,spending_history,spending_history,how many dollars have i spent on coffee this month,0.8798426389694214
71,71,spending_history,spending_history,what have i spent on food this month,0.9962406158447266
71,71,spending_history,spending_history,how much have i spent on tires this month,0.9881781935691833
71,71,spending_history,spending_history,how much have i been spending on booze this month,0.9816880822181702
71,71,spending_history,spending_history,what have i spent on fast food recently,0.9848484396934509
71,71,spending_history,spending_history,how much total have i spent on fast food lately,0.992863118648529
71,71,spending_history,spending_history,how much fast food have i bought recently,0.5186253190040588
71,71,spending_history,spending_history,check how much i spent this week,0.7599042654037476
71,71,spending_history,spending_history,how much money have i spent on fast food lately,0.9933106899261475
71,71,spending_history,spending_history,how much money have a spent in the last week,0.9914373755455017
71,71,spending_history,spending_history,how much money did i spend this weekend,0.869339108467102
71,71,spending_history,spending_history,tell me how much money i've spent on fast food in the past week,0.9648302793502808
71,71,spending_history,spending_history,what is the total amount i spent last week,0.8920288681983948
71,71,spending_history,spending_history,what've i spent on gas this month,0.9007546305656433
71,42,spending_history,oos,have i gone over my entertainment budget,0.1097731962800026
71,71,spending_history,spending_history,would you say i've spent too much money on chips as of late,0.20718689262866974
71,71,spending_history,spending_history,"looking at this week only, have i overspent on hoagies",0.18453100323677063
71,42,spending_history,oos,do i overspend when it comes to fast food,0.049172066152095795
71,71,spending_history,spending_history,"looking at the past month, what did i spend total",0.8668637871742249
71,42,spending_history,oos,have i gone over my chocolate budget lately,0.08344914764165878
71,71,spending_history,spending_history,how much have i spent this week,0.9788870811462402
71,71,spending_history,spending_history,about how much did i spend recently,0.938266396522522
71,71,spending_history,spending_history,tell me how much i have been buying as of late,0.3215015232563019
71,71,spending_history,spending_history,what did i spend on beer last month,0.741958498954773
71,46,spending_history,meal_suggestion,did i stick to my dinner budget,0.17352783679962158
71,71,spending_history,spending_history,how much have i spent on video games recently,0.9966393709182739
71,71,spending_history,spending_history,do i spend too much on beer,0.19498345255851746
71,136,spending_history,current_location,what are my finances like lately,0.1838189661502838
71,71,spending_history,spending_history,how much money have i spent recently,0.987583339214325
101,101,pto_request_status,pto_request_status,did my vacation get approval,0.9586909413337708
101,101,pto_request_status,pto_request_status,do you know if vacation got approved,0.7707622647285461
101,101,pto_request_status,pto_request_status,does my vacation have approval,0.7586484551429749
101,101,pto_request_status,pto_request_status,can you let me know if my vacation was approved,0.8659385442733765
101,101,pto_request_status,pto_request_status,any news on my vacation,0.8155875205993652
101,101,pto_request_status,pto_request_status,tell me if my vacation was approved yet,0.9527224898338318
101,101,pto_request_status,pto_request_status,was there any progress on my vacation request,0.9733573794364929
101,101,pto_request_status,pto_request_status,is my vacation approved,0.9864935874938965
101,101,pto_request_status,pto_request_status,is my request going to be approved for vacation,0.9852214455604553
101,101,pto_request_status,pto_request_status,is vacation a go,0.5506038069725037
101,101,pto_request_status,pto_request_status,will i get my time off approved,0.4528917670249939
101,101,pto_request_status,pto_request_status,how is my vacation looking,0.6934405565261841
101,101,pto_request_status,pto_request_status,did the manager approve my vacation yet,0.8630943298339844
101,101,pto_request_status,pto_request_status,any new info on my vacation,0.5956878662109375
101,101,pto_request_status,pto_request_status,any update on my vacation,0.9264453649520874
101,101,pto_request_status,pto_request_status,is there a status update on my vacation approval,0.9226266145706177
101,126,pto_request_status,pto_balance,can you notify me when my vacation days have approved,0.5037046074867249
101,101,pto_request_status,pto_request_status,when will my vacation time be confirmed,0.5460477471351624
101,148,pto_request_status,pto_used,when will i hear back about my days off,0.20347771048545837
101,97,pto_request_status,pto_request,am i okay to take those vacation days,0.45632749795913696
101,101,pto_request_status,pto_request_status,has my vacation time been approved,0.9940255880355835
101,101,pto_request_status,pto_request_status,what is the day off request status as of now,0.8477943539619446
101,101,pto_request_status,pto_request_status,what is the day off request status please,0.8316431641578674
101,101,pto_request_status,pto_request_status,what is the day off request status if you would tell me,0.7478101849555969
101,101,pto_request_status,pto_request_status,what is the day off request status,0.8664155602455139
101,101,pto_request_status,pto_request_status,what is the day off request status if you could tell me,0.6512460708618164
101,101,pto_request_status,pto_request_status,i need to know status of my day off request,0.9933248162269592
101,101,pto_request_status,pto_request_status,i want to know the status of my vacation request,0.9862971305847168
101,101,pto_request_status,pto_request_status,tell me status of my day off request,0.9949573874473572
101,101,pto_request_status,pto_request_status,please let me know the status of my vacation request,0.9759870767593384
69,69,credit_score,credit_score,i would like to know my credit score,0.9725816249847412
69,69,credit_score,credit_score,tell me what my credit score is,0.9861729741096497
69,69,credit_score,credit_score,can you find what my credit score is,0.9771968722343445
69,69,credit_score,credit_score,how is my credit score numberwise,0.9722740054130554
69,69,credit_score,credit_score,what credit score number do i have,0.8365159034729004
69,69,credit_score,credit_score,what is my credit score number,0.9930003881454468
69,69,credit_score,credit_score,how much is my credit score,0.9778823256492615
69,69,credit_score,credit_score,what number is my credit score currently,0.9489119052886963
69,69,credit_score,credit_score,is my credit score over 700 yet,0.981502890586853
69,69,credit_score,credit_score,please give me my current credit score,0.9056954979896545
69,69,credit_score,credit_score,i'm trying to raise my credit score can you tell me what it is now,0.40951624512672424
69,69,credit_score,credit_score,i need to know what my credit score is,0.9771748185157776
69,69,credit_score,credit_score,could you tell me what my credit score is,0.9623044729232788
69,69,credit_score,credit_score,give me my credit score please,0.9432148933410645
69,69,credit_score,credit_score,could you share my credit score,0.7832423448562622
69,69,credit_score,credit_score,how's my credit score,0.7982562780380249
69,69,credit_score,credit_score,i was wondering what my credit score is,0.9703989624977112
69,69,credit_score,credit_score,where do i go for my credit score,0.7313615679740906
69,69,credit_score,credit_score,i need to find my credit score,0.979103147983551
69,69,credit_score,credit_score,how can i locate my credit score,0.8504027128219604
69,69,credit_score,credit_score,what is my credit rating,0.9927855730056763
69,69,credit_score,credit_score,i want to know my credit rating,0.9751036763191223
69,69,credit_score,credit_score,my credit rating is what,0.9811288118362427
69,69,credit_score,credit_score,tell me my credit raing,0.9068943858146667
69,69,credit_score,credit_score,give me my credit rating,0.9782906770706177
69,69,credit_score,credit_score,please tell me what my credit score is,0.9799389839172363
69,69,credit_score,credit_score,i'd like you to check on my credit score,0.7050060033798218
69,69,credit_score,credit_score,let me know what my credit score is today,0.9357165098190308
69,69,credit_score,credit_score,can you check my credit score,0.9336885213851929
69,69,credit_score,credit_score,can you check my credit score for me,0.9382299780845642
91,91,new_card,new_card,i would like to get a new credt card,0.8274044990539551
91,91,new_card,new_card,i would love to get a new credit card,0.9122551679611206
91,91,new_card,new_card,do you have any information on how to open a new credit card,0.5931308269500732
91,91,new_card,new_card,tell me how to apply for a new credit card,0.9979668259620667
91,91,new_card,new_card,tell me how to apply for a credit card,0.9854124188423157
91,91,new_card,new_card,i want to know how to go about getting a new credit card,0.8095210194587708
91,91,new_card,new_card,please tell me how to get a new credit card,0.9656291604042053
91,91,new_card,new_card,am i eligible for a new credit card,0.9754933714866638
91,91,new_card,new_card,i need to get a new credit card application,0.9317800402641296
91,72,new_card,directions,what's the best way to get a mastercard,0.2556094527244568
91,91,new_card,new_card,is this where i apply for a new credit card,0.9896709322929382
91,91,new_card,new_card,how do i apply do get myself a visa,0.27470582723617554
91,91,new_card,new_card,can you complete an application for a new credit card for me,0.987920880317688
91,39,new_card,uber,i need to get a mastercard somehow,0.15323810279369354
91,91,new_card,new_card,how can i get a visa card,0.717109203338623
91,91,new_card,new_card,can i apply here for a new card,0.9012254476547241
91,91,new_card,new_card,does bank of america give credit cards to people like me,0.09922917187213898
91,91,new_card,new_card,what do i do to get a visa card,0.4958418011665344
91,91,new_card,new_card,is it possible for me to get a better credit card,0.49763166904449463
91,91,new_card,new_card,how do i submit an application for a discover card,0.9575691223144531
91,91,new_card,new_card,how do i apply for american express,0.8441009521484375
91,91,new_card,new_card,find out if there's a new credit card that suits me,0.44992321729660034
91,91,new_card,new_card,how do i apply for a new credit card,0.9965366125106812
91,78,new_card,distance,what's it take to get a mastercard,0.30168959498405457
91,91,new_card,new_card,can i apply for a visa card,0.9902808666229248
91,91,new_card,new_card,how do i apply for a visa card,0.9917987585067749
91,91,new_card,new_card,i wish to apply for a visa card,0.9871319532394409
91,91,new_card,new_card,help me apply for a visa card,0.9908639788627625
91,91,new_card,new_card,is there a list of good credit cards i can choose from to apply for,0.47362422943115234
91,91,new_card,new_card,how can i find a new credit card to apply to,0.9788115620613098
113,113,lost_luggage,lost_luggage,is my luggage lost,0.9972341656684875
113,113,lost_luggage,lost_luggage,why is my luggage not here,0.9565600752830505
113,113,lost_luggage,lost_luggage,what happened to my luggage,0.9582398533821106
113,113,lost_luggage,lost_luggage,i need help finding my luggage,0.7858654260635376
113,113,lost_luggage,lost_luggage,what steps should i take if my luggage has been lost,0.966029703617096
113,113,lost_luggage,lost_luggage,i seem to have lost my luggage! what are my options now,0.8735542893409729
113,113,lost_luggage,lost_luggage,what would be the best way to deal with lost luggage,0.7745996713638306
113,113,lost_luggage,lost_luggage,it appears that my luggage has been lost,0.9831768870353699
113,113,lost_luggage,lost_luggage,i'm afraid my luggage has gone missing,0.9913071990013123
113,113,lost_luggage,lost_luggage,i am a bit panicked because my luggage seems to have gone missing,0.816911518573761
113,113,lost_luggage,lost_luggage,i have no idea where my luggage went!,0.7582465410232544
113,113,lost_luggage,lost_luggage,unfortunately it would appear that my luggage is totally lost,0.9932677745819092
113,113,lost_luggage,lost_luggage,how should i proceed if i accidentally lost my luggage,0.9803628325462341
113,113,lost_luggage,lost_luggage,"if i lost my luggage, what should i do next",0.9659451842308044
113,113,lost_luggage,lost_luggage,i have no idea where my luggage is,0.8982709050178528
113,113,lost_luggage,lost_luggage,i think my luggage has been misplaced,0.9721603393554688
113,113,lost_luggage,lost_luggage,what do i have to do if i lost my luggage,0.9671941995620728
113,113,lost_luggage,lost_luggage,i think my luggage is lost,0.995288610458374
113,113,lost_luggage,lost_luggage,my luggage appears to be lost,0.9882793426513672
113,113,lost_luggage,lost_luggage,i can't seem to track down my luggage,0.8403552770614624
113,113,lost_luggage,lost_luggage,what is the next thing i should do if i lost my luggage,0.942111074924469
113,113,lost_luggage,lost_luggage,what step should i take next if i lost my luggage,0.9727879166603088
113,113,lost_luggage,lost_luggage,i've lost my luggage what should i do now,0.9490803480148315
113,113,lost_luggage,lost_luggage,what should i do about losing my luggage,0.9556652903556824
113,113,lost_luggage,lost_luggage,where would i find my luggage,0.9585878252983093
113,113,lost_luggage,lost_luggage,my luggage has been misplaced,0.9878853559494019
113,113,lost_luggage,lost_luggage,i can't find my luggage,0.9945297837257385
113,12,lost_luggage,report_lost_card,i lost all my stuff that i had packed,0.11709965765476227
113,113,lost_luggage,lost_luggage,my luggage has disappeared,0.9989066123962402
113,113,lost_luggage,lost_luggage,it appears my luggage is lost,0.9963973164558411
13,13,repeat,repeat,may you say that again,0.9578273892402649
13,13,repeat,repeat,can you please repeat that,0.9848131537437439
13,13,repeat,repeat,can you please say that again,0.974105954170227
13,13,repeat,repeat,may you please say that again,0.9424552917480469
13,13,repeat,repeat,would you say it again please,0.9488964676856995
13,13,repeat,repeat,would you repeat what you said earlier,0.9460054636001587
13,13,repeat,repeat,i would like you to repeat it,0.8195480704307556
13,13,repeat,repeat,repeat please,0.9791064262390137
13,13,repeat,repeat,"pardon, i didn't hear you",0.9061466455459595
13,13,repeat,repeat,i didn't hear you can you say that again,0.9974318146705627
13,13,repeat,repeat,i didn't catch that,0.33342209458351135
13,13,repeat,repeat,could you repeat that,0.9788907170295715
13,13,repeat,repeat,say again please,0.884550929069519
13,147,repeat,cancel,would you mind repeating that,0.27375203371047974
13,13,repeat,repeat,"sorry, i didn't catch that could you say it again",0.9571161270141602
13,13,repeat,repeat,i need you to repeat that please,0.9710386991500854
13,13,repeat,repeat,repeat that for me please,0.9814807772636414
13,13,repeat,repeat,what did you just say,0.904366135597229
13,13,repeat,repeat,please say it one more time,0.9606541395187378
13,121,repeat,maybe,sorry i missed that,0.2022314816713333
13,13,repeat,repeat,i didn't understand you,0.146731898188591
13,13,repeat,repeat,can you repeat the question again,0.9966127276420593
13,13,repeat,repeat,can you phrase that question again,0.9235124588012695
13,61,repeat,translate,what'd you say,0.3487357497215271
13,13,repeat,repeat,please repeat the last thing,0.8305210471153259
13,13,repeat,repeat,repeat that,0.9794928431510925
13,13,repeat,repeat,can you repeat that,0.9850428104400635
13,13,repeat,repeat,what were you just saying,0.19150149822235107
13,13,repeat,repeat,come again,0.8356519937515259
13,13,repeat,repeat,"can you say that again, please",0.9784747362136841
142,142,mpg,mpg,tell me: car gas mileage,0.9161235690116882
142,142,mpg,mpg,what is my car's gas mileage,0.9575086832046509
142,142,mpg,mpg,tell me what the gas mileage is on my car,0.9440245628356934
142,142,mpg,mpg,what is the gas mileage of my car,0.964839518070221
142,142,mpg,mpg,check: car gas mileage,0.9524831771850586
142,142,mpg,mpg,what is my car's mpg,0.963171660900116
142,142,mpg,mpg,"what is my car's mpg, please",0.9495211243629456
142,142,mpg,mpg,what's my car's mpg,0.9792440533638
142,142,mpg,mpg,"what's my car's mpg, please",0.971486508846283
142,142,mpg,mpg,what is the highway mpg of this car,0.9914180040359497
142,142,mpg,mpg,hows the city mpg of this car,0.9888036847114563
142,142,mpg,mpg,what is the highway mpg on this car like,0.9936507344245911
142,142,mpg,mpg,what mpg does this car get in the city,0.9951872825622559
142,142,mpg,mpg,how many mpg does this car get in the city,0.9965141415596008
142,142,mpg,mpg,tell me about this car's highway mpg,0.9833089709281921
142,142,mpg,mpg,can i have more information about this car's highway mpg,0.9079059362411499
142,142,mpg,mpg,what is the city mpg on this car,0.9958912134170532
142,142,mpg,mpg,whats the mpg for this car,0.9913456439971924
142,142,mpg,mpg,whats the mpg of this car,0.9883714318275452
142,142,mpg,mpg,i need to know my cars mpg,0.7924408912658691
142,142,mpg,mpg,can i get this car's mpg,0.9790392518043518
142,142,mpg,mpg,i would like to know the mpg of my car,0.8429844975471497
142,142,mpg,mpg,what kind of mileage am i getting,0.20102685689926147
142,142,mpg,mpg,what the mpg,0.983174741268158
142,142,mpg,mpg,can you tell me my vehicles mpg,0.7187919616699219
142,142,mpg,mpg,whats the fuel economy of this car,0.9726812243461609
142,142,mpg,mpg,what kind of mileage does this car get,0.8486480712890625
142,142,mpg,mpg,mpg for this car please,0.9787131547927856
142,142,mpg,mpg,what is the miles per gallon,0.8653431534767151
142,142,mpg,mpg,how is the car's fuel economy,0.9478161334991455
123,123,oil_change_when,oil_change_when,am i due for an oil change yet,0.8589425086975098
123,123,oil_change_when,oil_change_when,when is the next time i should change my oil,0.9892075061798096
123,123,oil_change_when,oil_change_when,when is my car due for its next oil change,0.976259708404541
123,123,oil_change_when,oil_change_when,when am i due for my next oil change,0.9728005528450012
123,123,oil_change_when,oil_change_when,when should i get my next oil change,0.9935171604156494
123,123,oil_change_when,oil_change_when,when's the next time i should change my oil,0.9870362877845764
123,123,oil_change_when,oil_change_when,when should i get my car's oil changed next,0.968451738357544
123,123,oil_change_when,oil_change_when,when is the next time i need to get an oil change,0.980719268321991
123,123,oil_change_when,oil_change_when,when is my car's next oil change supposed to be,0.9695102572441101
123,123,oil_change_when,oil_change_when,how long until my next oil change,0.9851527214050293
123,123,oil_change_when,oil_change_when,when's the next time i ought to change my oil,0.9715652465820312
123,123,oil_change_when,oil_change_when,when's the next time i have to get an oil change,0.9654328227043152
123,123,oil_change_when,oil_change_when,when should i get my oil changed,0.9920527935028076
123,123,oil_change_when,oil_change_when,when should i get the oil changed in my car,0.9423863887786865
123,123,oil_change_when,oil_change_when,figure out when my car will next need an oil change,0.9182889461517334
123,123,oil_change_when,oil_change_when,can you recommend for me when to next get my oil changed,0.881801426410675
123,123,oil_change_when,oil_change_when,when do you think i ought to change the oil in my car next,0.8632951378822327
123,123,oil_change_when,oil_change_when,how soon until i will need to get my oil changed,0.8608880043029785
123,123,oil_change_when,oil_change_when,find out for me when my car is next due for an oil change,0.809216320514679
123,123,oil_change_when,oil_change_when,where can i find information on oil changes for my car,0.2569712698459625
123,123,oil_change_when,oil_change_when,what are the manufacturers guidance on oil changes,0.2282106727361679
123,123,oil_change_when,oil_change_when,is my car due for it's next oil change,0.9645705819129944
123,123,oil_change_when,oil_change_when,what is the recommended interval to get my oil changed,0.7140712738037109
123,123,oil_change_when,oil_change_when,when will i need my next oil change,0.9903709292411804
123,123,oil_change_when,oil_change_when,how often should i change the oil,0.9792114496231079
123,123,oil_change_when,oil_change_when,do i need to change my oil soon,0.8062275052070618
123,123,oil_change_when,oil_change_when,when will my oil change be due for this car,0.976718008518219
123,123,oil_change_when,oil_change_when,is my oil change coming up soon,0.9333447813987732
123,123,oil_change_when,oil_change_when,what's my oil change status,0.8270531296730042
123,123,oil_change_when,oil_change_when,when does this car need oil changes,0.8442465662956238
107,107,yes,yes,i will say yes as my response,0.8827155232429504
107,107,yes,yes,my answer to your question is yes,0.6977468132972717
107,107,yes,yes,yes is my answer,0.8688061833381653
107,107,yes,yes,"yes, ai, that is correct",0.994971513748169
107,107,yes,yes,that's true,0.993499755859375
107,107,yes,yes,that's correct,0.7575445175170898
107,127,yes,order_checks,that checks out,0.8866269588470459
107,107,yes,yes,that's right,0.8369276523590088
107,107,yes,yes,affirmative,0.9673678874969482
107,107,yes,yes,"yes, that is factual",0.9963186979293823
107,107,yes,yes,"yes, that happens to be correct",0.9934410452842712
107,107,yes,yes,that would be correct,0.9615787267684937
107,107,yes,yes,thats right,0.7439017295837402
107,107,yes,yes,"yes, this is true",0.9946850538253784
107,121,yes,maybe,sure,0.6377689242362976
107,82,yes,greeting,okay,0.5546066761016846
107,30,yes,no,definitely,0.19188043475151062
107,107,yes,yes,roger that,0.3087957203388214
107,82,yes,greeting,i agree,0.054675690829753876
107,107,yes,yes,absolutely,0.846845269203186
107,124,yes,thank_you,you're right,0.21155110001564026
107,107,yes,yes,"yes, that's right",0.9963080883026123
107,147,yes,cancel,please let's do it,0.07849280536174774
107,107,yes,yes,yes please,0.9816311001777649
107,147,yes,cancel,can we please,0.1205262541770935
107,107,yes,yes,"yes, please",0.9816311001777649
107,138,yes,calculator,10-4,0.12271486967802048
107,114,yes,goodbye,ya,0.27589255571365356
107,82,yes,greeting,yup,0.054675690829753876
107,124,yes,thank_you,great,0.6350946426391602
149,149,travel_suggestion,travel_suggestion,what are some interesting things i can do while in raleigh,0.9692136645317078
149,149,travel_suggestion,travel_suggestion,can you help me pick some fun things to do in london during my trip,0.9192533493041992
149,52,travel_suggestion,vaccines,"help me plan my traveling itinerary for my trip to madrid, i want to see lots of sights!",0.0995023176074028
149,128,travel_suggestion,travel_alert,help me pick a new location to travel to,0.1082993745803833
149,149,travel_suggestion,travel_suggestion,can you do some research about the best places to travel,0.4186195433139801
149,149,travel_suggestion,travel_suggestion,tell me some fun activities to do in oklahoma city,0.9816181063652039
149,149,travel_suggestion,travel_suggestion,what are some popular tourist activities in mexico city,0.9191344380378723
149,149,travel_suggestion,travel_suggestion,i am itching to travel but don't know where to go,0.27788516879081726
149,149,travel_suggestion,travel_suggestion,give me some recommendations of good tourist attractions in montreal,0.9527765512466431
149,149,travel_suggestion,travel_suggestion,tell me some fun tourist attractions in london,0.9548550844192505
149,149,travel_suggestion,travel_suggestion,give me some ideas of what to do during my trip to dallas,0.45159512758255005
149,149,travel_suggestion,travel_suggestion,find out the best tourist attractions to visit in moscow,0.7251508831977844
149,149,travel_suggestion,travel_suggestion,i want some suggestions for tourist activities in dublin,0.9500288963317871
149,149,travel_suggestion,travel_suggestion,i am traveling to paris soon and would like some suggestions of what to do and see,0.5572474598884583
149,149,travel_suggestion,travel_suggestion,what are some local attractions in portland,0.9138767123222351
149,149,travel_suggestion,travel_suggestion,what sorts of activities should i get up to while i am in dublin,0.22142447531223297
149,145,travel_suggestion,restaurant_suggestion,i want to explore a new place but don't know where i should go do you have any ideas,0.6146585941314697
149,149,travel_suggestion,travel_suggestion,please give me some ideas of fun tourist activities to do while i am in paris,0.9573888778686523
149,149,travel_suggestion,travel_suggestion,can you throw out some suggestions to me of places to travel to,0.6738740801811218
149,149,travel_suggestion,travel_suggestion,suggest some things for me to do while i am in los angeles,0.5446000099182129
149,149,travel_suggestion,travel_suggestion,let me know some things to do in phoenix,0.9490394592285156
149,149,travel_suggestion,travel_suggestion,let me know some things i can do in dallas,0.9576430320739746
149,149,travel_suggestion,travel_suggestion,i wanna know some things to do in phoenix,0.9659002423286438
149,149,travel_suggestion,travel_suggestion,i would like to do some things in phoenix,0.6601539850234985
149,149,travel_suggestion,travel_suggestion,tell me some things to do in phoenix,0.9781258702278137
149,149,travel_suggestion,travel_suggestion,what are some fun silly things to do in new jersey,0.9945302605628967
149,149,travel_suggestion,travel_suggestion,what are some cool tourist attractions in england,0.9793418049812317
149,149,travel_suggestion,travel_suggestion,what are some fun local experiences in canada,0.7066916227340698
149,149,travel_suggestion,travel_suggestion,what are some fun tourist things to do in mumbai,0.9983811378479004
149,149,travel_suggestion,travel_suggestion,what are some fun cheap activities to do in colorado,0.9896582961082458
74,64,insurance,insurance_change,which insurance plan to i have,0.47892582416534424
74,74,insurance,insurance,do you know which insurance plan i have,0.8797044157981873
74,74,insurance,insurance,what kind of insurance plan am i in,0.7380319237709045
74,74,insurance,insurance,what health coverage do i have,0.838329553604126
74,74,insurance,insurance,what are the details on my health care plan,0.9445575475692749
74,74,insurance,insurance,which insurance plan am i enrolled in,0.8774795532226562
74,74,insurance,insurance,what is my health insurance,0.9882595539093018
74,74,insurance,insurance,what insurance plan am i enrolled in,0.9152836799621582
74,74,insurance,insurance,check on my health care plan,0.9447622299194336
74,74,insurance,insurance,what's my health insurance plan,0.984505832195282
74,74,insurance,insurance,what sort of health benefits do i have,0.9272549748420715
74,74,insurance,insurance,"which health plan do i have, again",0.9506708979606628
74,74,insurance,insurance,tell me about my health benefits,0.9921525120735168
74,74,insurance,insurance,what's the name of my health insurance plan,0.995602011680603
74,74,insurance,insurance,explain my health benefits,0.9983305335044861
74,74,insurance,insurance,what are my health insurance benefits,0.9987567663192749
74,74,insurance,insurance,what specific health plan do i have,0.9675832390785217
74,74,insurance,insurance,tell me the full name of my health plan,0.9685922861099243
74,74,insurance,insurance,how do my health benefits work,0.9878189563751221
74,74,insurance,insurance,can you tell me what health plan i am on,0.9093637466430664
74,74,insurance,insurance,tell me my current health plan,0.9494876861572266
74,74,insurance,insurance,which health plan am i currently enrolled in,0.9050877690315247
74,74,insurance,insurance,i want to know what health plan i'm currently on,0.9295953512191772
74,74,insurance,insurance,could you please inform me what health plan i am currently on,0.6834054589271545
74,74,insurance,insurance,what are the benefits associated with my insurance,0.9602174162864685
74,74,insurance,insurance,what are the benefits of having this insurance,0.868593156337738
74,74,insurance,insurance,what are my benefits with this insurance,0.9800398349761963
74,74,insurance,insurance,what are my benefits on the insurance,0.9887075424194336
74,74,insurance,insurance,google find out what health plan i am under,0.8044264912605286
74,74,insurance,insurance,tell me what health plan coverage i have,0.9828517436981201
65,65,todo_list_update,todo_list_update,cross grocery shopping off the todo list,0.7285701036453247
65,65,todo_list_update,todo_list_update,i don't need grocery shopping on my todo list anymore,0.5959776043891907
65,65,todo_list_update,todo_list_update,take grocery shopping off my todo list,0.8881736993789673
65,65,todo_list_update,todo_list_update,remove grocery shopping from todo list,0.655226469039917
65,65,todo_list_update,todo_list_update,cross off grocery shopping from todo list,0.7434746623039246
65,65,todo_list_update,todo_list_update,i don't need mowing the lawn on my to do list anymore,0.6132554411888123
65,48,todo_list_update,todo_list,empty the contents of my to do list,0.8082855343818665
65,65,todo_list_update,todo_list_update,take everything off my to do list please,0.9767640829086304
65,65,todo_list_update,todo_list_update,take everything off my to do list,0.9596762657165527
65,65,todo_list_update,todo_list_update,please remove science fair from my to do list,0.9586025476455688
65,65,todo_list_update,todo_list_update,please put babysitting on my to do list,0.954136312007904
65,65,todo_list_update,todo_list_update,please put lawn mowing on my list of to dos,0.8163427710533142
65,65,todo_list_update,todo_list_update,put the dishes on my list of things to do,0.9577922821044922
65,65,todo_list_update,todo_list_update,remove all items from my to do list,0.9704388976097107
65,65,todo_list_update,todo_list_update,take tennis practice off my to do list,0.9602640271186829
65,65,todo_list_update,todo_list_update,get rid of my to do list,0.9188539981842041
65,65,todo_list_update,todo_list_update,take dishes off the to do list,0.9620213508605957
65,65,todo_list_update,todo_list_update,add grocery shopping to my to do list,0.8800702691078186
65,65,todo_list_update,todo_list_update,remove laundry from my to do list,0.9843761920928955
65,65,todo_list_update,todo_list_update,please add laundry to the chores,0.45158132910728455
65,65,todo_list_update,todo_list_update,add mopping to the to do list,0.946911096572876
65,65,todo_list_update,todo_list_update,please put dusting on my list of things to do,0.970781683921814
65,48,todo_list_update,todo_list,please note vacuuming on my to do list,0.7779375314712524
65,48,todo_list_update,todo_list,insert mowing on the chore list,0.3938972055912018
65,65,todo_list_update,todo_list_update,you can dusting off my todo list,0.9548502564430237
65,65,todo_list_update,todo_list_update,you take sweeping of my todo list,0.7782502174377441
65,48,todo_list_update,todo_list,you can vacuuming of my todo list,0.5235104560852051
65,65,todo_list_update,todo_list_update,you can take laundry off my todo list,0.9819201827049255
65,65,todo_list_update,todo_list_update,you can take dishes off my todo list,0.9780595898628235
65,65,todo_list_update,todo_list_update,i need you to clear my todo list,0.9680436253547668
76,76,reminder,reminder,give me my reminders,0.9659416079521179
76,76,reminder,reminder,what were the things that i wanted to remember,0.9356322884559631
76,53,reminder,reminder_update,what were you supposed to remind me of,0.26954707503318787
76,76,reminder,reminder,my list of reminders contains what,0.9604535698890686
76,76,reminder,reminder,what did i want to remember,0.9749467968940735
76,76,reminder,reminder,what did i ask you to remind me of,0.45726045966148376
76,76,reminder,reminder,read my reminder list,0.9925370812416077
76,76,reminder,reminder,is my meeting with frank on my list of reminders,0.5623296499252319
76,76,reminder,reminder,list my reminders,0.9890122413635254
76,76,reminder,reminder,what stuff am i trying to remember,0.7168272733688354
76,76,reminder,reminder,what are my reminders,0.9519410133361816
76,53,reminder,reminder_update,did i tell you to remind me about laundry,0.5666992664337158
76,76,reminder,reminder,"on my reminders list, is there an item called conference call",0.7865319848060608
76,76,reminder,reminder,what items did i want to remember,0.9212477207183838
76,76,reminder,reminder,what's on my list of things to remember,0.8881146907806396
76,115,reminder,what_can_i_ask_you,what kinds of things are you supposed to remind me of,0.4261447489261627
76,76,reminder,reminder,is grocery shopping on my reminders list,0.903343915939331
76,76,reminder,reminder,i want to know my reminders,0.9658473134040833
76,76,reminder,reminder,read my list of reminders,0.9856583476066589
76,76,reminder,reminder,can you tell me the to do's on my reminder list,0.903688907623291
76,76,reminder,reminder,please go though the bullet points on my reminder list,0.923378050327301
76,76,reminder,reminder,what are all the things on my reminder list,0.9000884294509888
76,76,reminder,reminder,"i would like to hear the reminders that i listed on my things to remember list, please",0.9504346251487732
76,76,reminder,reminder,what were the things i want to recall,0.15854185819625854
76,53,reminder,reminder_update,can you please remind me of the items that i made note of to not forget,0.3418998718261719
76,76,reminder,reminder,refresh my memory about what items i want to remember,0.8541010618209839
76,76,reminder,reminder,remind me of the items on my list of things to remember,0.8736997246742249
76,76,reminder,reminder,"i'd like to just confirm all of the reminders currently on my list of reminders, please",0.9779937267303467
76,76,reminder,reminder,please play my list of reminders,0.7756019234657288
76,76,reminder,reminder,"""which things are wanted to remember",0.8732572793960571
119,119,change_speed,change_speed,can i speed up your voice,0.9750032424926758
119,119,change_speed,change_speed,can i change your talking voice,0.6261199712753296
119,119,change_speed,change_speed,talk fast,0.7703069448471069
119,119,change_speed,change_speed,change voice speed,0.8567659854888916
119,119,change_speed,change_speed,change device talking speed,0.7123215794563293
119,119,change_speed,change_speed,speak it again slowly,0.3987329602241516
119,119,change_speed,change_speed,try to speak slowly,0.5811977386474609
119,119,change_speed,change_speed,will you please slow down your voice,0.9796848297119141
119,119,change_speed,change_speed,slow down your voice,0.9730879664421082
119,119,change_speed,change_speed,can you speak faster,0.982117235660553
119,119,change_speed,change_speed,how do i change the speed of your voice,0.9326398968696594
119,119,change_speed,change_speed,can you talk faster,0.9449371695518494
119,119,change_speed,change_speed,how do i make you talk faster,0.6314572691917419
119,119,change_speed,change_speed,why are you talking so slowly,0.5082114338874817
119,119,change_speed,change_speed,speed up your talking,0.9669620990753174
119,119,change_speed,change_speed,talk faster,0.9272553324699402
119,119,change_speed,change_speed,you talk to slow,0.6794055700302124
119,119,change_speed,change_speed,can you adjust the speed of your voice,0.9542843699455261
119,119,change_speed,change_speed,can you talk more slowly,0.9049302935600281
119,119,change_speed,change_speed,go faster,0.762357234954834
119,119,change_speed,change_speed,can you not talk so fast,0.8410261869430542
119,119,change_speed,change_speed,speak more quickly,0.9469724893569946
119,119,change_speed,change_speed,you're talking too fast,0.887332022190094
119,119,change_speed,change_speed,you talk too slow,0.8346965909004211
119,119,change_speed,change_speed,please speak a bit faster,0.9363579750061035
119,119,change_speed,change_speed,double the speaking speed please,0.9505167603492737
119,119,change_speed,change_speed,speed up speech please,0.9778964519500732
119,119,change_speed,change_speed,change speaking speed to 50 percent faster,0.9661489129066467
119,119,change_speed,change_speed,your speech slower it,0.9864655137062073
119,119,change_speed,change_speed,make slower your speech,0.987022340297699
98,98,tire_pressure,tire_pressure,give me the pressure for the tires on my car,0.8844240307807922
98,98,tire_pressure,tire_pressure,can you tell me the tire pressure for the car,0.9629283547401428
98,98,tire_pressure,tire_pressure,give me the tire pressure for the car,0.9649094343185425
98,98,tire_pressure,tire_pressure,go ahead and give me the tire pressure of my vehicle,0.801697850227356
98,98,tire_pressure,tire_pressure,what exactly is the tire pressure for the car,0.9446624517440796
98,98,tire_pressure,tire_pressure,i must kniw how low are my tires on air,0.9766855835914612
98,98,tire_pressure,tire_pressure,please tell me my car's tire pressure,0.9875823259353638
98,98,tire_pressure,tire_pressure,i need to know how low are my tires on air,0.9797348976135254
98,98,tire_pressure,tire_pressure,i shall know how low are my tires on air,0.973882257938385
98,98,tire_pressure,tire_pressure,tell me my car's tire pressure,0.9923405647277832
98,98,tire_pressure,tire_pressure,i gotta know my car;s tire pressure,0.9783250689506531
98,98,tire_pressure,tire_pressure,i would like to know my car's tire pressure,0.9772226214408875
98,98,tire_pressure,tire_pressure,i gotta know how low are my tires on air,0.9687504768371582
98,98,tire_pressure,tire_pressure,i wanna know my car's tire pressure,0.9860812425613403
98,98,tire_pressure,tire_pressure,i wanna know how low are my tires on air,0.9770846962928772
98,98,tire_pressure,tire_pressure,how can i find out what my tire pressure is,0.878943145275116
98,98,tire_pressure,tire_pressure,how do i find out my tire pressure,0.9366971254348755
98,98,tire_pressure,tire_pressure,my tires are how low on air,0.9596662521362305
98,98,tire_pressure,tire_pressure,how low are my tires right now on air,0.9829708337783813
98,98,tire_pressure,tire_pressure,my tires are filled enough or no,0.6872392296791077
98,98,tire_pressure,tire_pressure,what's the tire pressure of my tires,0.9985625147819519
98,98,tire_pressure,tire_pressure,is there enough air in my tires,0.9888279438018799
98,98,tire_pressure,tire_pressure,my tires need how much more air in them,0.958732545375824
98,98,tire_pressure,tire_pressure,are my tires filled properly,0.9461746215820312
98,98,tire_pressure,tire_pressure,are my tires filled enough,0.9681204557418823
98,98,tire_pressure,tire_pressure,what is the pressure of my tires,0.9805826544761658
98,98,tire_pressure,tire_pressure,do my tires have enough pressure,0.9842616319656372
98,98,tire_pressure,tire_pressure,what is the air pressure of my tires,0.9962795376777649
98,98,tire_pressure,tire_pressure,what is the level of air pressure of my tires,0.9924008846282959
98,98,tire_pressure,tire_pressure,is my tire pressure high,0.99115389585495
30,30,no,no,that isn't right,0.605841875076294
30,30,no,no,that's incorrect,0.85308837890625
30,30,no,no,nope that's not it,0.9736879467964172
30,30,no,no,no that isn't right,0.9839206337928772
30,30,no,no,that's not correct,0.9116879105567932
30,30,no,no,that isn't correct,0.46410733461380005
30,30,no,no,that is incorrect,0.8569367527961731
30,30,no,no,that's wrong,0.8660696148872375
30,30,no,no,"no, that is wrong",0.9983974099159241
30,30,no,no,"no, that is incorrect",0.9945789575576782
30,30,no,no,"no, definitely not",0.9926068782806396
30,30,no,no,i'd say no,0.9413958191871643
30,30,no,no,the statement is false,0.7989392280578613
30,30,no,no,that's false,0.8684495687484741
30,30,no,no,false,0.9202741384506226
30,30,no,no,it is no,0.8260763883590698
30,30,no,no,it is false,0.808971643447876
30,107,no,yes,it is very much false,0.44667327404022217
30,30,no,no,that has to be false,0.7167390584945679
30,30,no,no,that is so false,0.942467451095581
30,107,no,yes,that can't be true,0.8419257402420044
30,30,no,no,that's a negatory,0.5389769673347473
30,30,no,no,there is no way in heck that is true,0.6140868663787842
30,30,no,no,nope not it,0.9080817103385925
30,30,no,no,that is most definitely false,0.8872668147087097
30,30,no,no,"no, you are wrong",0.993224024772644
30,30,no,no,"no, that is a falsehood",0.9924582839012146
30,30,no,no,you got that wrong,0.4691930115222931
30,30,no,no,that is the wrong answer,0.9343612194061279
30,30,no,no,not right now,0.2735150158405304
132,132,apr,apr,you need to tell me my credit card's apr,0.9457698464393616
132,132,apr,apr,now tell me my credit card's apr,0.986778974533081
132,132,apr,apr,i need to know the apr on my wells fargo credit card,0.975597083568573
132,132,apr,apr,tell me my chase credit card's apr,0.9837172031402588
132,132,apr,apr,tell me what my wells fargo credit card apr is,0.97239750623703
132,132,apr,apr,what is my b of a credit card's apr,0.9752922058105469
132,132,apr,apr,can you tell me the apr of my target credit card,0.9276328682899475
132,132,apr,apr,what is my apr rate,0.9364118576049805
132,132,apr,apr,is my apr rate above average,0.7682762145996094
132,132,apr,apr,does my apr rate suck,0.9213032722473145
132,132,apr,apr,what is my card's apr rate,0.9941657781600952
132,132,apr,apr,is my apr rate better than most,0.687654972076416
132,132,apr,apr,what's my credit card's annual percentage rate,0.7814613580703735
132,132,apr,apr,what's the annual percentage rate for my credit card,0.5789034366607666
132,132,apr,apr,how high is the apr on my credit card,0.9750425815582275
132,132,apr,apr,what's the apr on my credit card,0.9973374009132385
132,132,apr,apr,how much am i paying for apr on my credit card,0.8773574233055115
132,132,apr,apr,is my card's apr a decent rate,0.9762117266654968
132,132,apr,apr,can you tell me my apr on my credit card,0.9843463897705078
132,132,apr,apr,would you consider my apr to be good,0.2925912141799927
132,132,apr,apr,what's the current apr on my credit card,0.985945999622345
132,132,apr,apr,what kind of credit card apr do i get,0.9166437983512878
132,132,apr,apr,what's my apr rate,0.9451431035995483
132,132,apr,apr,tell me my apr rate,0.9186722636222839
132,132,apr,apr,could you share my credit card's apr,0.9186239838600159
132,132,apr,apr,is my apr rate good,0.9476181864738464
132,132,apr,apr,"i need to know what the current apr is for my chase sapphire, please",0.6067335605621338
132,132,apr,apr,can you find me the apr listed on the statement for my citi mastercard,0.5473939180374146
132,132,apr,apr,what's the apr on my capital one venture card,0.9786891341209412
132,132,apr,apr,inform me on what my credit card's apr is,0.9707815647125244
1,1,nutrition_info,nutrition_info,tell me nutritional info for brocoli,0.9946815371513367
1,1,nutrition_info,nutrition_info,tell me nutritional info for lettuce,0.985034167766571
1,1,nutrition_info,nutrition_info,tell me nutritional info for fish,0.9835905432701111
1,1,nutrition_info,nutrition_info,tell me nutritional info for burger,0.9906439781188965
1,1,nutrition_info,nutrition_info,tell me nutritional info for beans,0.9946815371513367
1,1,nutrition_info,nutrition_info,how healthy is blueberrys,0.9927372336387634
1,1,nutrition_info,nutrition_info,how healthy is tacos,0.98054438829422
1,1,nutrition_info,nutrition_info,how healthy is mcdonalds,0.980851948261261
1,1,nutrition_info,nutrition_info,how healthy is a cheeseburger,0.9735532402992249
1,1,nutrition_info,nutrition_info,how healthy is rice,0.9885820746421814
1,1,nutrition_info,nutrition_info,find the nutrition info for whole milk for me,0.9617833495140076
1,1,nutrition_info,nutrition_info,what are the nutrition facts for greek yogurt,0.9904958009719849
1,1,nutrition_info,nutrition_info,find the nutrition info for ketchup for me,0.9879741668701172
1,1,nutrition_info,nutrition_info,what are the nutrition facts for cucumbers,0.9976379871368408
1,1,nutrition_info,nutrition_info,what are the nutrition facts for apple sauce,0.9947206974029541
1,1,nutrition_info,nutrition_info,what are the nutrition facts for peanut butter,0.9765151739120483
1,1,nutrition_info,nutrition_info,find the nutrition info for bell peppers for me,0.9759963750839233
1,1,nutrition_info,nutrition_info,find the nutrition info for cheese fries for me,0.9854514598846436
1,1,nutrition_info,nutrition_info,find the nutrition info for cucumbers for me,0.9879741668701172
1,1,nutrition_info,nutrition_info,what are the nutrition facts for carrots,0.9973230957984924
1,1,nutrition_info,nutrition_info,please give me the nutritional information for an egg,0.9162561297416687
1,1,nutrition_info,nutrition_info,what's the nutrition info for a pound of chicken,0.9962884187698364
1,1,nutrition_info,nutrition_info,tell me the nutrition info for a cup of milk,0.9814243912696838
1,1,nutrition_info,nutrition_info,what's the nutrition info for a cucumber,0.9977338314056396
1,1,nutrition_info,nutrition_info,give me the nutritional details for a cup of yogurt,0.7883180975914001
1,1,nutrition_info,nutrition_info,i need the nutrition facts for ramen,0.9951050281524658
1,1,nutrition_info,nutrition_info,tell me the nutrition facts for shepherd's pie,0.9854028224945068
1,1,nutrition_info,nutrition_info,i would like nutrition facts for spaghetti carbonara,0.9862805604934692
1,1,nutrition_info,nutrition_info,tell me spaghetti bolognese's nutrition facts,0.9904184937477112
1,1,nutrition_info,nutrition_info,i want the nutrition facts for buttered spaghetti,0.9957168698310852
60,60,calendar,calendar,do i have my nephew's birthday marked for november 10th,0.4173179864883423
60,60,calendar,calendar,do i have any appoints set for my calendar april 3rd,0.9824225902557373
60,105,calendar,calendar_update,did i set march 10th as my doctor's appointment,0.18324518203735352
60,60,calendar,calendar,do i have any appointments on my calendar march 22nd,0.9872838258743286
60,60,calendar,calendar,did i set a day on my calendar for voting in the next election,0.8842724561691284
60,105,calendar,calendar_update,did i mark the mechanic's appointment on my calendar,0.7192192077636719
60,60,calendar,calendar,do i have any calendars set for may 12th,0.7017392516136169
60,60,calendar,calendar,what day did i set on my calendar for the first day of school,0.8568354249000549
60,60,calendar,calendar,is anything on my calendar for june 22nd,0.6828355193138123
60,60,calendar,calendar,what do i have going on on my calendar for march 18th,0.9953627586364746
60,19,calendar,meeting_schedule,is my meeting with frank on my calendar,0.7896757125854492
60,60,calendar,calendar,what do i have planned for 3/5,0.8926727175712585
60,105,calendar,calendar_update,have i gotten around to adding the bike ride to my calendar yet,0.7303375005722046
60,60,calendar,calendar,what events do i have going on on march 11th,0.7297713756561279
60,105,calendar,calendar_update,i can't remember if i added the fun run to my calendar yet; did i,0.4276987612247467
60,105,calendar,calendar_update,have i added my doctor's appointment to my calendar,0.9717996716499329
60,60,calendar,calendar,do i have calendar events on march 19th,0.9295291900634766
60,60,calendar,calendar,read my calendar for march 7th,0.909584641456604
60,60,calendar,calendar,do i have any items on my calendar for march 21st,0.9869281649589539
60,60,calendar,calendar,do i have any calendar entries for march 8th,0.9685974717140198
60,60,calendar,calendar,tell me what's on my calendar for march 22nd,0.9942540526390076
60,105,calendar,calendar_update,is the marathon on friday added to my calendar,0.9694631099700928
60,60,calendar,calendar,what's on my calendar for march 20th,0.8752174377441406
60,60,calendar,calendar,what's on my calendar on march 10th,0.8012225031852722
60,60,calendar,calendar,"check my calendar for me, please",0.9133086204528809
60,60,calendar,calendar,is event on my calendar,0.5064839124679565
60,105,calendar,calendar_update,retrieve events on my calendar,0.6907692551612854
60,60,calendar,calendar,is bowling on my calendar,0.7511447072029114
60,18,calendar,schedule_meeting,on tuesday you are supposed to have a meeting,0.241427943110466
60,105,calendar,calendar_update,you have yo go to school on calendar,0.25538453459739685
39,39,uber,uber,"i'd like an uber for 6 people, going to walmart",0.9846499562263489
39,39,uber,uber,can you get me an uber to disney world,0.9754586815834045
39,39,uber,uber,get me an uber for 3 people uptown,0.9950445890426636
39,39,uber,uber,i need to go downtown with 2 people; can you get me an uber,0.9922886490821838
39,39,uber,uber,i'm going to need to book an uber to universal studios,0.9910764694213867
39,39,uber,uber,i need to get four people to red lobster; can you order me an uber,0.9472702741622925
39,39,uber,uber,i'm going to need an uber for 4 people to go to patty's bar,0.9824697971343994
39,39,uber,uber,i need to get to the staples center; can you call me an uber,0.9874275922775269
39,39,uber,uber,find me an uber to the liberty bell,0.9569839239120483
39,39,uber,uber,i need an uber to madison square garden,0.9639639258384705
39,39,uber,uber,i need an uber to get to the bank,0.9931301474571228
39,39,uber,uber,can i get an uber to drive me to the movies,0.9925585985183716
39,39,uber,uber,contact uber and have them pick me up,0.2702436149120331
39,39,uber,uber,can i take an uber to the statue of liberty,0.8838850855827332
39,39,uber,uber,i need an uber for 5 to go to the concerthall,0.9971758127212524
39,39,uber,uber,get a uber for two to go to a romantic dinner at mcdonalds,0.6910279393196106
39,39,uber,uber,please call an uber for 6 people to go to amazon's southside warehouse,0.9838607311248779
39,39,uber,uber,find me an uber and get it here,0.9150972962379456
39,39,uber,uber,is there an uber that drives to the bank on 5th that can hold 3 people,0.8656434416770935
39,39,uber,uber,we'd like an uber for 4 to take us to the olive garden,0.9671140313148499
39,39,uber,uber,i want an uber for one person to go to bank of america,0.9395290613174438
39,39,uber,uber,can i get an uber for 2 to go to austin,0.9872073531150818
39,39,uber,uber,call me an uber please,0.8797072172164917
39,39,uber,uber,is it possible to take an uber to burger king,0.9392645955085754
39,39,uber,uber,book me an uber for a party of 5 to the salvage yard off maple,0.9685688018798828
39,39,uber,uber,i need an uber for 5 people to go to the statue of liberty,0.9775859117507935
39,39,uber,uber,i want an uber to take me to walmart,0.9783967137336731
39,39,uber,uber,have an uber sent to take me to the courthouse,0.9785093665122986
39,39,uber,uber,call an uber to take a group of 4 from this bar to the one on maple st,0.9257317185401917
39,39,uber,uber,i'm too drunk to drive and need an uber home,0.9753183722496033
138,138,calculator,calculator,what is 300 divided by 42,0.9834572672843933
138,138,calculator,calculator,what is 400 times 2,0.9876736998558044
138,42,calculator,oos,"what is the average of 54, 23, 43, 12, and 442",0.5294364094734192
138,138,calculator,calculator,add 45 to 87 plus 54 plus 43 plus 22,0.9166037440299988
138,138,calculator,calculator,what is 48 multiplied by 4 divided by 2,0.9656786322593689
138,138,calculator,calculator,"what is 25% of $54,788",0.941806972026825
138,138,calculator,calculator,what is the square root of 95,0.9875284433364868
138,138,calculator,calculator,what is 1100 minus 2347,0.9041492342948914
138,138,calculator,calculator,tell me what 1875 plus 3459 equals,0.6382703185081482
138,138,calculator,calculator,tell me the answer to 1000 divided by 40,0.7877543568611145
138,138,calculator,calculator,what is 1000 plus 745,0.9705477356910706
138,138,calculator,calculator,i need to know the answer to 10000 multiplied by 44,0.27766087651252747
138,138,calculator,calculator,what is 100 multiplied by 55,0.766425371170044
138,138,calculator,calculator,what's 15% of 68,0.4416014552116394
138,138,calculator,calculator,what's 47 times 83,0.9657386541366577
138,138,calculator,calculator,"if something is 15% off $35, how much is it",0.3858672082424164
138,138,calculator,calculator,how many times can 3 be divided into 1253,0.8904932141304016
138,138,calculator,calculator,divide 100 by 12,0.258663535118103
138,138,calculator,calculator,find square root of 453,0.8089607357978821
138,138,calculator,calculator,what is 1243 times 45,0.9863253235816956
138,138,calculator,calculator,find the square root of 1243435,0.8238576650619507
138,138,calculator,calculator,what is the square root of 36,0.9875284433364868
138,138,calculator,calculator,what is 592 minus 124,0.9041492342948914
138,138,calculator,calculator,i need to know what 25 times 38 is,0.9124101996421814
138,138,calculator,calculator,can you calculate the square root of 172,0.9150141477584839
138,93,calculator,income,i bought 6 shirts at $499 each what was my total expenditure for them,0.09533627331256866
138,38,calculator,exchange_rate,i spent 34 dollars for 12 gallons of paint what is the average price for each gallon,0.1704094111919403
138,138,calculator,calculator,what is the sum of eleven and ten,0.9357446432113647
138,138,calculator,calculator,what is the solution to sixty times thirty,0.8991702198982239
138,138,calculator,calculator,how do i ask the ai to help me with math problem,0.6409284472465515
95,95,date,date,date please,0.7769683003425598
95,95,date,date,what is the current day,0.49665334820747375
95,95,date,date,which day is it now,0.6021930575370789
95,95,date,date,what's the name of the day today,0.784284770488739
95,95,date,date,what is the day now,0.750337541103363
95,95,date,date,what day are we in,0.25510743260383606
95,95,date,date,tell me what tomorrow's date is,0.991589367389679
95,95,date,date,please tell me what the date is tomorrow,0.9918413162231445
95,95,date,date,let me know what tomorrow's date is,0.9707810282707214
95,95,date,date,let me know the date tomorrow,0.962588369846344
95,95,date,date,i need to know tomorrow's date,0.9721840620040894
95,95,date,date,please tell me what today is,0.7456355690956116
95,95,date,date,"tell me the date, please",0.9628626704216003
95,95,date,date,tell me the date 5 days from now,0.9799995422363281
95,95,date,date,tell me what the date will be in 5 days,0.9815722703933716
95,95,date,date,what is the date in 5 days,0.9905906319618225
95,95,date,date,"in 5 days from today, what will the date be",0.9864178895950317
95,95,date,date,what would the date be 5 days from today,0.9824919700622559
95,95,date,date,what day it today,0.9393391609191895
95,60,date,calendar,what will tomorrow be on the calendar,0.5516130924224854
95,95,date,date,what date will it be tomorrow,0.8798858523368835
95,95,date,date,what date is it tomorrow,0.9869476556777954
95,95,date,date,what is the date of tomorrow,0.9769188761711121
95,95,date,date,what's tomorrow's date,0.9941065311431885
95,95,date,date,what's the date today,0.9939149022102356
95,95,date,date,give me today's date,0.9765458703041077
95,95,date,date,tell me today's date,0.9866930842399597
95,95,date,date,what's the date,0.9937779903411865
95,95,date,date,today is which day of the week,0.8912778496742249
95,95,date,date,today is what day of the week,0.9519841074943542
62,62,carry_on,carry_on,what restrictions do they have for carry-on,0.9407040476799011
62,62,carry_on,carry_on,ist all carry-on restrictions applicable to my flight,0.9161860942840576
62,62,carry_on,carry_on,what are the size limits regarding-carry on bags,0.9316467642784119
62,62,carry_on,carry_on,how many bags can i carry-on,0.9889754056930542
62,42,carry_on,oos,can i bring perfume on the plane or what is the size limit,0.2242015153169632
62,62,carry_on,carry_on,what are the rules for traveling with toothpaste,0.10320408642292023
62,62,carry_on,carry_on,can i bring suntan lotion in my carry on,0.9578989148139954
62,42,carry_on,oos,can i fly with my razors or are there restrictions,0.14583013951778412
62,42,carry_on,oos,are there restrictions for carrying lighters in my backpack on a plane,0.2362816482782364
62,62,carry_on,carry_on,how many carry ons can i take on a flight with american airlines to japan,0.9883689880371094
62,62,carry_on,carry_on,how many carry ons can i take on a flight with panam to wales,0.9946516156196594
62,62,carry_on,carry_on,what is the carry-on policy for flights on panam,0.9835413098335266
62,62,carry_on,carry_on,what is the carry-on policy for flights on lufthansa,0.9835413098335266
62,62,carry_on,carry_on,what is the carry-on policy for flights on delta airlines,0.9917308688163757
62,62,carry_on,carry_on,how many carry ons can i take on a flight with southwestern to tampa,0.9897762537002563
62,62,carry_on,carry_on,how many carry ons can i take on a flight with delta to seattle,0.9895301461219788
62,62,carry_on,carry_on,how many carry ons can i take on a flight with united airlines to austin,0.9862196445465088
62,62,carry_on,carry_on,what is the carry-on policy for flights on the airline called jetblue,0.9347966313362122
62,62,carry_on,carry_on,i need to know the carry-on rules for southwest,0.9820589423179626
62,62,carry_on,carry_on,tell me the carry-on rules for my flight,0.9029666185379028
62,62,carry_on,carry_on,i am flying to finland and wanna know the carry-on rules,0.9277393221855164
62,62,carry_on,carry_on,what is the carry-on policy for flights on southwest,0.9711049199104309
62,62,carry_on,carry_on,i need to know the the carry-on restrictions for american airlines,0.9843607544898987
62,62,carry_on,carry_on,what is the carry-on policy for flights on transaero,0.9835413098335266
62,62,carry_on,carry_on,what is the carry-on policy for flights on jetblue,0.9768731594085693
62,62,carry_on,carry_on,i gotta know the the carry-on restrictions for american airlines,0.9728331565856934
62,62,carry_on,carry_on,what is the carry-on policy for flights on american airlines,0.986052393913269
62,62,carry_on,carry_on,i must know the the carry-on restrictions for american airlines,0.9762015342712402
62,62,carry_on,carry_on,i wanna know the carry-on rules for the flight i have,0.9502905607223511
62,62,carry_on,carry_on,tell me the the carry-on restrictions for american airlines,0.9823827743530273
148,148,pto_used,pto_used,how many days did i take off,0.9819017052650452
148,148,pto_used,pto_used,tell me how many days i took off,0.7600312829017639
148,148,pto_used,pto_used,so how many days did i take off sir,0.9774823784828186
148,148,pto_used,pto_used,so how many days did i take off,0.9774823784828186
148,148,pto_used,pto_used,i need to know how many days i toof off,0.5333204865455627
148,148,pto_used,pto_used,what is the total number of days that i have taken off work since january,0.9510598182678223
148,148,pto_used,pto_used,how many days off have i taken so far this year,0.9983651041984558
148,148,pto_used,pto_used,i want to know how many days off are listed on my time off sheet that i have taken this year,0.9251932501792908
148,148,pto_used,pto_used,tell me how many days off you see that i have taken so far this year please,0.9909580945968628
148,148,pto_used,pto_used,can you look and see how many days off i have taken so far since january,0.9839156270027161
148,148,pto_used,pto_used,check how many days off i've taken,0.9922573566436768
148,148,pto_used,pto_used,how many hours of pto have i used,0.9900628924369812
148,148,pto_used,pto_used,how much pto is gone,0.544183611869812
148,148,pto_used,pto_used,see how many days i've taken off so far,0.9951117634773254
148,148,pto_used,pto_used,how much of my pto is left,0.4867020547389984
148,148,pto_used,pto_used,how much of my pto is gone,0.8765249848365784
148,148,pto_used,pto_used,please let me know how many days i've taken off,0.9648114442825317
148,148,pto_used,pto_used,what is the amount of my taken off days so far,0.9882915616035461
148,148,pto_used,pto_used,i need to know how many days off i have used so far,0.9968114495277405
148,148,pto_used,pto_used,how many days off have i taken until right now,0.9834396243095398
148,148,pto_used,pto_used,notify me how many days off i have used so far,0.9957211017608643
148,148,pto_used,pto_used,tell me how many days off i have taken so far,0.9976251721382141
148,148,pto_used,pto_used,i want to know how many days off i have utilized until now,0.6602777242660522
148,148,pto_used,pto_used,how much so far pto have i used,0.9977008700370789
148,148,pto_used,pto_used,i have used how much pto so far,0.9969722032546997
148,148,pto_used,pto_used,pto i have used so far is how much,0.9914045333862305
148,148,pto_used,pto_used,pto so far i have used is how much,0.9955001473426819
148,148,pto_used,pto_used,so far how much pto have i used,0.9966997504234314
148,148,pto_used,pto_used,how many vacation days i have used,0.9847657680511475
148,148,pto_used,pto_used,i want to know how many vacation days i have used,0.8999323844909668
131,131,schedule_maintenance,schedule_maintenance,can you see if i can make an appointment to have my oil changed,0.7687506079673767
131,123,schedule_maintenance,oil_change_when,find out the next available date and time i can go to get my oil changed please,0.6677525639533997
131,131,schedule_maintenance,schedule_maintenance,can you let me know the next open slot for me to get my oil changed,0.33369824290275574
131,131,schedule_maintenance,schedule_maintenance,"i need to make an appointment for an oil change, please",0.9647586345672607
131,123,schedule_maintenance,oil_change_when,what is the next date for which i can get an oil change appointment,0.8948640823364258
131,131,schedule_maintenance,schedule_maintenance,i need a aaa service place to make an appointment for my tires to be assessed,0.7612327337265015
131,131,schedule_maintenance,schedule_maintenance,my auto tires need to be checked out so where can i get an appointment,0.8209697604179382
131,131,schedule_maintenance,schedule_maintenance,where can i go to have my tires checked out,0.5089231133460999
131,131,schedule_maintenance,schedule_maintenance,i need an appointment for someone to check out my check engine light being on,0.9954931735992432
131,131,schedule_maintenance,schedule_maintenance,my check engine light is on so is anyone available to check it out for me,0.9600646495819092
131,131,schedule_maintenance,schedule_maintenance,can someone take a look at my car because the check engine light is on,0.9767155051231384
131,131,schedule_maintenance,schedule_maintenance,do you have time today for someone to look at my car because the check engine light is on,0.9425399899482727
131,98,schedule_maintenance,tire_pressure,find a place near me to have my tires inspected,0.2313215583562851
131,131,schedule_maintenance,schedule_maintenance,where can i get a appointment for a tire check for the car,0.8396468758583069
131,131,schedule_maintenance,schedule_maintenance,i need to bring my car in because the check engine light is staying lit,0.9009935855865479
131,131,schedule_maintenance,schedule_maintenance,can i get someone to check my check engine light,0.9887542724609375
131,131,schedule_maintenance,schedule_maintenance,can someone tell me why my check engine light is on,0.9505378603935242
131,131,schedule_maintenance,schedule_maintenance,"my check engine light is on, i need someone to look at it",0.9834927320480347
131,131,schedule_maintenance,schedule_maintenance,can someone look at my check engine light,0.9867643117904663
131,131,schedule_maintenance,schedule_maintenance,my check engine light is on and i need someone to look at it,0.979785144329071
131,131,schedule_maintenance,schedule_maintenance,will someone please look at my check engine light that is on,0.9571710824966431
131,131,schedule_maintenance,schedule_maintenance,can someone look at my check engine light that's on,0.977923572063446
131,131,schedule_maintenance,schedule_maintenance,could someone look at my check engine light that's on,0.9700624346733093
131,131,schedule_maintenance,schedule_maintenance,can i get someone to look at my check engine light that is on,0.9853455424308777
131,131,schedule_maintenance,schedule_maintenance,should i schedule a car maintenance,0.9937864542007446
131,131,schedule_maintenance,schedule_maintenance,should i go to a car maintenance,0.5510932207107544
131,131,schedule_maintenance,schedule_maintenance,should i call a car maintenance,0.42855286598205566
131,131,schedule_maintenance,schedule_maintenance,may i schedule a car maintenance,0.9926252961158752
131,131,schedule_maintenance,schedule_maintenance,should i take my car to a maintenance,0.4851199686527252
131,131,schedule_maintenance,schedule_maintenance,can i make a car maintenance appointment,0.9455989599227905
146,146,travel_notification,travel_notification,i will be traveling to lima alert my bank,0.9774588942527771
146,146,travel_notification,travel_notification,assure my bank i really am going to california,0.9487609267234802
146,146,travel_notification,travel_notification,please tell my bank i'm traveling to mexico between next wednesday for a week after,0.7994608283042908
146,146,travel_notification,travel_notification,please inform my bank i'll be vacationing in the bahamas in a couple of days,0.7616541981697083
146,146,travel_notification,travel_notification,"i'm going to be in mexico from thursday to friday, so can you let my bank know",0.9666836261749268
146,146,travel_notification,travel_notification,please kindly inform my bank i'm going to be in canada from next week to two weeks after,0.915213406085968
146,146,travel_notification,travel_notification,"let my bank know i'll be in ireland from may 01, 2019 to august 02, 2019",0.8864771127700806
146,146,travel_notification,travel_notification,alert my bank i'm checking out seattle for the next month,0.311653196811676
146,146,travel_notification,travel_notification,i'm going to brazil soon and want to let my bank now,0.9711095094680786
146,146,travel_notification,travel_notification,i'm leaving for montreal tomorrow and need to let my bank know,0.919644296169281
146,146,travel_notification,travel_notification,inform my bank i'm traveling to australia between february 23rd to february 25th,0.7820082306861877
146,146,travel_notification,travel_notification,please tell my bank i'll be in anchorage this week,0.9301236867904663
146,146,travel_notification,travel_notification,"i need to tell my bank i am, indeed, going to be in london in a few hours",0.9588477611541748
146,146,travel_notification,travel_notification,please alert my bank i'm going to be in the caymans from may 1st to june 2nd,0.9458910226821899
146,146,travel_notification,travel_notification,let my bank know i actually am visiting brazil,0.8968868851661682
146,146,travel_notification,travel_notification,i'll be travelling to russia from april 1 through april 20 and need my financial institute apprised of it,0.19254975020885468
146,146,travel_notification,travel_notification,please alert my bank i'm traveling to europe between april 1st and 5th,0.7807251811027527
146,146,travel_notification,travel_notification,tell my bank's fraud department i'm going to mexico,0.9247189164161682
146,146,travel_notification,travel_notification,please notify my bank i'm going to africa between tomorrow and next tuesday,0.9180013537406921
146,146,travel_notification,travel_notification,tell my bank i'm in canada the entire week of the 6th to the 13th,0.43694552779197693
146,146,travel_notification,travel_notification,inform my bank i'm seeing italy,0.7431589961051941
146,146,travel_notification,travel_notification,can you notify my bank that i will be traveling to mexico between march 1st and 15th,0.9658399820327759
146,146,travel_notification,travel_notification,please let my bank know that i will be visiting spain from june 12th to the 24th,0.9720675945281982
146,146,travel_notification,travel_notification,i need you to make my bank aware that i will be visiting taiwan from the 22nd of february until the 3rd of march,0.47955629229545593
146,146,travel_notification,travel_notification,send a notification to my bank of my travel dates from february 19th to 26th to peru,0.49791663885116577
146,146,travel_notification,travel_notification,alert my bank of my travel to dubai for the dates april 14th through april 22nd,0.2867143452167511
146,146,travel_notification,travel_notification,"from sunday to wednesday, i will be in oakland, so should i call my bank to let them know",0.8991464972496033
146,146,travel_notification,travel_notification,my bank needs to know about my traveling to georgia in europe,0.6739810705184937
146,25,travel_notification,make_call,must call my bank about my travel plans,0.25256213545799255
146,146,travel_notification,travel_notification,contact bank and let them know about my travel plans,0.39426249265670776
130,130,sync_device,sync_device,i want my phone to be disconnected from you,0.8284292817115784
130,130,sync_device,sync_device,i would like for my phone to be synced with you,0.5496562719345093
130,130,sync_device,sync_device,can you connect to my phone,0.9779219031333923
130,130,sync_device,sync_device,i would like for you to unsync my phone,0.8887895941734314
130,130,sync_device,sync_device,i no longer want you to be synced to my phone,0.9203208088874817
130,130,sync_device,sync_device,i do not want my phone synced anymore,0.490732342004776
130,130,sync_device,sync_device,i want you paired to my phone,0.9815289974212646
130,130,sync_device,sync_device,please sync up with my phone,0.9766314625740051
130,130,sync_device,sync_device,can you pair yourself with my phone please,0.9604688286781311
130,130,sync_device,sync_device,can you please disconnect from my phone,0.9880121946334839
130,130,sync_device,sync_device,remove the connection to my phone,0.9712218046188354
130,130,sync_device,sync_device,can you sync up with my phone,0.9240471124649048
130,130,sync_device,sync_device,i want you to connect to my handset,0.533883273601532
130,130,sync_device,sync_device,pair yourself to my phone if you can,0.8733424544334412
130,130,sync_device,sync_device,connect to my device,0.5604187846183777
130,130,sync_device,sync_device,can you link up with my phone,0.9452152848243713
130,130,sync_device,sync_device,can you disconnect yourself from my phone,0.9558549523353577
130,130,sync_device,sync_device,don't be synced to my phone anymore,0.9497362375259399
130,130,sync_device,sync_device,can you get paired to my phone right away,0.8575382232666016
130,130,sync_device,sync_device,i don't want you connected to my phone anymore,0.9392426609992981
130,130,sync_device,sync_device,please get connected to my phone,0.9840770363807678
130,130,sync_device,sync_device,i don't want you synced to my phone anymore,0.9392426609992981
130,130,sync_device,sync_device,sync with my phone please,0.9854442477226257
130,130,sync_device,sync_device,please unsync from my phone right now,0.9874552488327026
130,130,sync_device,sync_device,unsync yourself from my device,0.3230907618999481
130,130,sync_device,sync_device,please connect yourself to my main phone,0.7040849328041077
130,130,sync_device,sync_device,unsync from my phone please,0.9872450232505798
130,130,sync_device,sync_device,don't be connected to my phone anymore,0.9497362375259399
130,130,sync_device,sync_device,disconnect from my device please,0.7956103682518005
130,130,sync_device,sync_device,"alexa, connect to the phone now",0.8272951245307922
124,124,thank_you,thank_you,thank you ever so much for that!,0.9876937866210938
124,124,thank_you,thank_you,you’re the best thanks so much!,0.9963399171829224
124,124,thank_you,thank_you,thanks for helping,0.9818173050880432
124,124,thank_you,thank_you,i am grateful for the help,0.9125930070877075
124,124,thank_you,thank_you,thank you for the heip,0.9892701506614685
124,124,thank_you,thank_you,i apprecaite the help from you,0.19369961321353912
124,124,thank_you,thank_you,thanks that was really helpful,0.8552484512329102
124,124,thank_you,thank_you,thank you for your time and trying to help,0.8999062776565552
124,124,thank_you,thank_you,thank you for your assistance,0.9921697974205017
124,124,thank_you,thank_you,thanks for all your help,0.9955940842628479
124,124,thank_you,thank_you,thanks for trying,0.9120408892631531
124,124,thank_you,thank_you,many thank,0.8147088885307312
124,124,thank_you,thank_you,thanks a million,0.9940615296363831
124,124,thank_you,thank_you,thank a bunch,0.946063220500946
124,121,thank_you,maybe,i appeciate it,0.7072461247444153
124,124,thank_you,thank_you,i would like to thank you ai,0.8298937678337097
124,124,thank_you,thank_you,"ai you have given me so much information, thank you",0.955112636089325
124,124,thank_you,thank_you,thanks so much ai,0.9916226267814636
124,124,thank_you,thank_you,thank you ai for everything you do,0.6227180361747742
124,124,thank_you,thank_you,"ai is a helpful item to have in my home, thank you",0.22558535635471344
124,124,thank_you,thank_you,thank you very much,0.9792423248291016
124,124,thank_you,thank_you,"that answer was very helpful, thanks",0.9314417243003845
124,124,thank_you,thank_you,"great, thanks!",0.9910070300102234
124,124,thank_you,thank_you,thanks for your help!,0.9959361553192139
124,124,thank_you,thank_you,thanks so much,0.9953623414039612
124,124,thank_you,thank_you,thanks for that answer,0.9604328870773315
124,124,thank_you,thank_you,thank you for that reply,0.9752099514007568
124,124,thank_you,thank_you,thanks for the reply,0.9770041108131409
124,124,thank_you,thank_you,thanks for that response,0.924968957901001
124,124,thank_you,thank_you,thank you for that response,0.955228865146637
92,92,roll_dice,roll_dice,how much do you get when you roll an eight sided die,0.9333236813545227
92,92,roll_dice,roll_dice,i need a dice roll for a six sided die,0.9989062547683716
92,92,roll_dice,roll_dice,roll a dice that has seven sides,0.9239689707756042
92,92,roll_dice,roll_dice,roll the five sided die,0.9967496395111084
92,92,roll_dice,roll_dice,what is the result when you roll a four sided die,0.981791615486145
92,92,roll_dice,roll_dice,roll a fourteen sided dice exactly,0.9983264803886414
92,92,roll_dice,roll_dice,please roll twelve sided dice,0.9955787062644958
92,92,roll_dice,roll_dice,can i have a 2 sided dice,0.911237359046936
92,92,roll_dice,roll_dice,roll a 9 sided dice,0.9986808896064758
92,92,roll_dice,roll_dice,roll five sided dice,0.9989846348762512
92,92,roll_dice,roll_dice,roll those dice once,0.9702280163764954
92,92,roll_dice,roll_dice,throw a roll of the dice,0.9931950569152832
92,92,roll_dice,roll_dice,make a roll of the dice,0.9939612150192261
92,92,roll_dice,roll_dice,"ai pick up the dice, then drop it",0.3162253499031067
92,92,roll_dice,roll_dice,ai toss the dice,0.9510118365287781
92,92,roll_dice,roll_dice,ai roll the dice,0.9972144961357117
92,92,roll_dice,roll_dice,ai throw the dice on the table,0.5552548170089722
92,92,roll_dice,roll_dice,"ai shake the dice in a cup, then throw dice on table",0.8709161877632141
92,92,roll_dice,roll_dice,can you roll a four sided die and tell me the result,0.9886029958724976
92,92,roll_dice,roll_dice,roll a six sided die for me and tell me the result,0.9662320017814636
92,92,roll_dice,roll_dice,roll a die please,0.9858757853507996
92,92,roll_dice,roll_dice,can you roll an eight sided die and tell me what it comes up as,0.8315216898918152
92,92,roll_dice,roll_dice,can you simulate a dice roll,0.9915090799331665
92,92,roll_dice,roll_dice,can you roll a ten sided die and tell me the number,0.9847532510757446
92,92,roll_dice,roll_dice,roll a four sided die for me,0.9947722554206848
92,92,roll_dice,roll_dice,simulate rolling a dice and tell me what it lands on,0.15927192568778992
92,92,roll_dice,roll_dice,can you roll a die for me,0.9681171178817749
92,92,roll_dice,roll_dice,can you fake roll a die for me,0.9433776140213013
92,92,roll_dice,roll_dice,what's the result of a 10-sided dice roll,0.988294243812561
92,92,roll_dice,roll_dice,can you roll a 10-sided dice for me,0.9933486580848694
54,54,food_last,food_last,how soon milk expires,0.6468541026115417
54,54,food_last,food_last,when does milk will go bad,0.961577296257019
54,148,food_last,pto_used,how many days milk can be preserved,0.25076228380203247
54,54,food_last,food_last,what is expire of milk,0.48725712299346924
54,54,food_last,food_last,when is the milk date before used,0.7959185242652893
54,54,food_last,food_last,when does the jerky expire,0.5076605081558228
54,44,food_last,expiration_date,what is the expiration date for honey,0.4835927188396454
54,42,food_last,oos,when is the egg expired,0.3433357775211334
54,54,food_last,food_last,when does the honey expire,0.518035352230072
54,44,food_last,expiration_date,what is the expiration date for those eg,0.4359845221042633
54,54,food_last,food_last,how long can i freeze tofu before it goes bad,0.8675246834754944
54,54,food_last,food_last,how much time do i have to keep tofu in the freezer before it goes bad,0.9139701128005981
54,54,food_last,food_last,when will tofu expire if i keep it in the freezer,0.9931530952453613
54,54,food_last,food_last,how long will tofu last in the freezer before it expires,0.987454891204834
54,54,food_last,food_last,does tofu last long in the freezer before it goes bad,0.9932089447975159
54,54,food_last,food_last,how many days later is it okay to eat curry that was in the fridge,0.9152612090110779
54,54,food_last,food_last,within what time is is fine to eat cooked tilapia kept in the fridge,0.9676989912986755
54,54,food_last,food_last,what is the most amount of time that is considered safe to store uncooked chicken in the fridge,0.7643195390701294
54,54,food_last,food_last,what length of time is safe for consuming leftover meatloaf stored in the fridge,0.9599044919013977
54,54,food_last,food_last,what is the longest i can leave meatballs in sauce in the freezer before it is no longer safe to eat,0.9692144393920898
54,54,food_last,food_last,can i store bread in the freezer indefinitely and it will still be okay,0.928553581237793
54,54,food_last,food_last,after how much time is it still safe to drink milk that is in the fridge,0.9840397238731384
54,54,food_last,food_last,what is the most time i can keep a burrito frozen for before it's no good to eat,0.7381906509399414
54,54,food_last,food_last,roughly how long can i leave bananas in the freezer before i have to throw them out,0.9689050912857056
54,54,food_last,food_last,how long does chicken curry last in the freezer before it's spoiled,0.9914135932922363
54,54,food_last,food_last,milk can stay in my fridge for how long,0.9436460733413696
54,54,food_last,food_last,milk will go bad in my fridge when,0.9955702424049377
54,78,food_last,distance,what is the amount of time to keep milk refrigerated,0.24088388681411743
54,54,food_last,food_last,tell me how long milk stays good in the fridge,0.9963715076446533
54,54,food_last,food_last,how long can i keep milk in the fridge,0.9986652135848999
86,86,cook_time,cook_time,how long to grill thick steaks,0.5433996915817261
86,86,cook_time,cook_time,how long does pizza take,0.8275996446609497
86,86,cook_time,cook_time,lasagna takes how long to cook,0.9670356512069702
86,86,cook_time,cook_time,bake time for brownies,0.9157357215881348
86,42,cook_time,oos,how many minutes are involved in the preparation of curry,0.7329548001289368
86,86,cook_time,cook_time,what's the preparation time for this dish,0.8134462237358093
86,86,cook_time,cook_time,what is the proper cooking time for this,0.7382804155349731
86,86,cook_time,cook_time,how long do i cook this for,0.9714826345443726
86,86,cook_time,cook_time,look up recipe time for this,0.3851333558559418
86,86,cook_time,cook_time,how many minutes should i put meal the cake in the oven,0.9055861830711365
86,86,cook_time,cook_time,what's the average cooking time for cooking wings,0.8140251636505127
86,83,cook_time,alarm,how many minutes should i set an alarm for this bake,0.46411317586898804
86,42,cook_time,oos,when can i expect meal of salmon to be finished,0.1078086867928505
86,86,cook_time,cook_time,how long does it take to cook meal of tuscan,0.9743145704269409
86,86,cook_time,cook_time,tell me how long it will take to prepare a lasagna,0.5972055196762085
86,86,cook_time,cook_time,i want to cook a lasagna please tell me how long it will take,0.7620267271995544
86,86,cook_time,cook_time,how long will it take to cook a lasagna,0.9359935522079468
86,86,cook_time,cook_time,can you tell me how long it will take to cook a lasagna,0.8350133299827576
86,86,cook_time,cook_time,how long does it take to prepare a lasagna,0.8784331679344177
86,86,cook_time,cook_time,how long do i need to cook chicken,0.9864351749420166
86,86,cook_time,cook_time,how long should i boil eggs,0.9195480942726135
86,86,cook_time,cook_time,how long should i bake a cake,0.9638185501098633
86,86,cook_time,cook_time,how long does it take to cook steaks,0.9402334690093994
86,86,cook_time,cook_time,how long does it take to bake a cake,0.8976001143455505
86,86,cook_time,cook_time,how long should i cook the cookie dough,0.9809819459915161
86,86,cook_time,cook_time,how long should i cook my turkey,0.9928883910179138
86,86,cook_time,cook_time,how long do i boil eggs,0.6797007322311401
86,86,cook_time,cook_time,how long does it take to make mashed potatoes,0.9036096930503845
86,86,cook_time,cook_time,how long will it take to make an omelet,0.87432461977005
86,86,cook_time,cook_time,what are the minutes needed to cook the meal,0.3624742329120636
53,111,reminder_update,pay_bill,i want to be reminded to pay the electric bill,0.9051988124847412
53,25,reminder_update,make_call,don't forget to tell me to call my mother,0.4891311526298523
53,53,reminder_update,reminder_update,remind me to put gas in my car,0.38502153754234314
53,53,reminder_update,reminder_update,set a reminder to buy bread,0.9003841280937195
53,53,reminder_update,reminder_update,make a reminder to pay the mortgage,0.8894995450973511
53,53,reminder_update,reminder_update,create a reminder to wash the dishes,0.9018300771713257
53,3,reminder_update,oil_change_how,create a reminder to change my oil,0.3365488052368164
53,53,reminder_update,reminder_update,set a reminder for when the turkey is finished cooking,0.5574259757995605
53,111,reminder_update,pay_bill,make a reminder to pay my cable bill today,0.7494931221008301
53,53,reminder_update,reminder_update,i need a reminder to give the dog his medicine at ten tonight,0.7604498267173767
53,25,reminder_update,make_call,i don't want to forget to call mom,0.821810781955719
53,53,reminder_update,reminder_update,i need a reminder to wash dishes,0.9207086563110352
53,53,reminder_update,reminder_update,remind me to exercise,0.9973288774490356
53,53,reminder_update,reminder_update,help me to remember to pick up stan later,0.5689696073532104
53,25,reminder_update,make_call,tell me later to call bill,0.661771297454834
53,53,reminder_update,reminder_update,i need to be reminded to do something,0.7810071706771851
53,53,reminder_update,reminder_update,set up a new reminder to alert me when it's time to put the trash out,0.7682785987854004
53,53,reminder_update,reminder_update,can you remind me to finish a task,0.883758544921875
53,83,reminder_update,alarm,please set up a reminder for me,0.4452812075614929
53,53,reminder_update,reminder_update,i would like you to remind me to do something,0.9491266012191772
53,53,reminder_update,reminder_update,i need a reminder to take dinner out of the oven,0.796999990940094
53,53,reminder_update,reminder_update,create a new reminder to study for my final exams,0.7093711495399475
53,53,reminder_update,reminder_update,i need a reminder to alert me to wish my mom a happy birthday,0.929767906665802
53,53,reminder_update,reminder_update,are you able to remind me about something,0.3794175982475281
53,53,reminder_update,reminder_update,set up a reminder so i don't forget the baby shower this weekend,0.4309820234775543
53,53,reminder_update,reminder_update,set a reminder for me to let the plumber in tomorrow,0.9425858855247498
53,53,reminder_update,reminder_update,i need to set a reminder to call lisa for her birthday,0.964429497718811
53,53,reminder_update,reminder_update,i would like to set a reminder to bring the plants in tonight,0.8884389996528625
53,83,reminder_update,alarm,can you set a reminder alarm for me to workout,0.6197338104248047
53,53,reminder_update,reminder_update,please set a reminder for me to put the clothes in the dryer,0.6990113258361816
12,12,report_lost_card,report_lost_card,i need to tell you about my lost card,0.8201720118522644
12,12,report_lost_card,report_lost_card,"i lost my card, what do i do next",0.8987650871276855
12,12,report_lost_card,report_lost_card,"i have lost my card, what am i supposed to do",0.4172818064689636
12,12,report_lost_card,report_lost_card,where do i report that my card was lost,0.7872738242149353
12,12,report_lost_card,report_lost_card,who do i speak with about my card that was lost,0.4956386089324951
12,12,report_lost_card,report_lost_card,please help me report my lost card,0.9791170954704285
12,12,report_lost_card,report_lost_card,set up a report for a lost card,0.9358416199684143
12,12,report_lost_card,report_lost_card,can you report a lost card for me,0.9095519781112671
12,12,report_lost_card,report_lost_card,i lost my card and need to report it,0.8855199217796326
12,12,report_lost_card,report_lost_card,what is the process for reporting my card as lost,0.7626929879188538
12,70,report_lost_card,report_fraud,someone used my chase card without my authorization,0.6602551341056824
12,12,report_lost_card,report_lost_card,can you tell me how to report a card lost,0.9224748611450195
12,12,report_lost_card,report_lost_card,please tell me how to go about reporting a lost card,0.3788178265094757
12,12,report_lost_card,report_lost_card,search steps for how to report a card lost,0.834703803062439
12,12,report_lost_card,report_lost_card,i need to to know how to report a lost card,0.9270662665367126
12,133,report_lost_card,transfer,my bank of america visa platinum was swiped from my belongings,0.1034274697303772
12,12,report_lost_card,report_lost_card,who do i call to report my card as lost,0.9801629781723022
12,12,report_lost_card,report_lost_card,what should i do if i need to report my card lost,0.9596068859100342
12,42,report_lost_card,oos,my capital one visa was taken without permission,0.31678593158721924
12,87,report_lost_card,damaged_card,i need to report that someone ran off with my td bank card earlier,0.5847569108009338
12,12,report_lost_card,report_lost_card,what steps do i need to take to report a card lost,0.8159613609313965
12,12,report_lost_card,report_lost_card,i would like to report my american express card stolen,0.9584583044052124
12,12,report_lost_card,report_lost_card,how do i report that i lost my card,0.9321646094322205
12,12,report_lost_card,report_lost_card,how do i report that i actually lost my card,0.9055309891700745
12,12,report_lost_card,report_lost_card,how do i report that i lost the card,0.5794833898544312
12,12,report_lost_card,report_lost_card,how do i report my very lost card,0.9757013320922852
12,12,report_lost_card,report_lost_card,how do i report the card as lost,0.8934376239776611
12,12,report_lost_card,report_lost_card,"lost report card, need new one",0.8117562532424927
12,12,report_lost_card,report_lost_card,my report card was stolen,0.9888525009155273
12,12,report_lost_card,report_lost_card,my report card was lost help!,0.9692182540893555
134,134,ingredient_substitution,ingredient_substitution,can i swap chili for sloppy joe mix in the recipe,0.3877926170825958
134,134,ingredient_substitution,ingredient_substitution,can i use sugar instead of salt,0.9964243769645691
134,134,ingredient_substitution,ingredient_substitution,can i use apples instead of oranges in this recipe,0.9170083403587341
134,134,ingredient_substitution,ingredient_substitution,can i use skim milk instead of 2% in the recipe,0.9835537672042847
134,134,ingredient_substitution,ingredient_substitution,is it ok to use bananas instead of oranges in the recipe,0.8641579747200012
134,134,ingredient_substitution,ingredient_substitution,can i use lettuce instead of rice,0.9585626721382141
134,134,ingredient_substitution,ingredient_substitution,will peas work instead of carrots,0.5302644968032837
134,134,ingredient_substitution,ingredient_substitution,is it possible to use baking soda instead of flour,0.9849798083305359
134,134,ingredient_substitution,ingredient_substitution,can i just use oil instead of vinegar,0.959695041179657
134,134,ingredient_substitution,ingredient_substitution,can i use mayo instead of miracle whip,0.9924070239067078
134,134,ingredient_substitution,ingredient_substitution,will this recipe still be good if i use milk instead of eggs,0.7245895862579346
134,134,ingredient_substitution,ingredient_substitution,can i use oil instead of vinegar,0.9845625758171082
134,134,ingredient_substitution,ingredient_substitution,can i sub bacon for ham,0.6744471788406372
134,134,ingredient_substitution,ingredient_substitution,can i use pasta sauce instead of tomato paste,0.9712796211242676
134,134,ingredient_substitution,ingredient_substitution,can i use regular olive oil instead of virgin,0.975210428237915
134,134,ingredient_substitution,ingredient_substitution,is it possible to use starch instead of flour,0.9630008339881897
134,134,ingredient_substitution,ingredient_substitution,is it okay to use butter instead of margarine,0.9717203378677368
134,134,ingredient_substitution,ingredient_substitution,will it be ok to sub turkey for beef,0.5727912187576294
134,134,ingredient_substitution,ingredient_substitution,can i use butter instead of margarine,0.9867995381355286
134,134,ingredient_substitution,ingredient_substitution,is it okay to use applesauce instead of oil,0.9452166557312012
134,134,ingredient_substitution,ingredient_substitution,"if i use applesauce instead of oil, will that mess it up",0.7309215664863586
134,134,ingredient_substitution,ingredient_substitution,can i swap applesauce for oil,0.8558794260025024
134,3,ingredient_substitution,oil_change_how,is it alright to switch applesauce for oil,0.2929459810256958
134,134,ingredient_substitution,ingredient_substitution,will it still work if i use applesauce instead of oil,0.598458468914032
134,134,ingredient_substitution,ingredient_substitution,would it be ok to use butter instead of oil,0.9320897459983826
134,134,ingredient_substitution,ingredient_substitution,is it ok to use oil spray instead of canola oil,0.7820336818695068
134,134,ingredient_substitution,ingredient_substitution,could steak be used instead of chicken,0.610316812992096
134,134,ingredient_substitution,ingredient_substitution,can i substitute butter for oil,0.9880654215812683
134,134,ingredient_substitution,ingredient_substitution,can i use red onions instead of white,0.9835767149925232
134,134,ingredient_substitution,ingredient_substitution,can i get peppers instead of onions,0.6453235149383545
25,25,make_call,make_call,i need to call my dad,0.8251389265060425
25,25,make_call,make_call,i need to call my friend,0.8954783082008362
25,25,make_call,make_call,i need to call my coworker,0.9562764167785645
25,25,make_call,make_call,i need to call my mom,0.9328119158744812
25,25,make_call,make_call,i need to call my boss,0.8537099957466125
25,25,make_call,make_call,i need you to call the phone company for me,0.9712849259376526
25,25,make_call,make_call,make a call for me to the vet,0.8704773187637329
25,25,make_call,make_call,dial up dominos pizza,0.40881597995758057
25,25,make_call,make_call,call my doctor,0.7148401737213135
25,25,make_call,make_call,get mom on the phone,0.33182090520858765
25,25,make_call,make_call,please make a call to stefan larson,0.9755315184593201
25,25,make_call,make_call,use phone to call alexa,0.9962930083274841
25,25,make_call,make_call,"computer, call alexa",0.8323190212249756
25,25,make_call,make_call,"computer, place a call to alexa",0.9271453619003296
25,25,make_call,make_call,can you call alexa,0.9053736329078674
25,25,make_call,make_call,call alexa at home,0.7700484395027161
25,25,make_call,make_call,i would like to make a call to sal,0.7064869403839111
25,25,make_call,make_call,i would like to make a phone call,0.9517858028411865
25,25,make_call,make_call,can i make a phone call,0.9914636015892029
25,25,make_call,make_call,i need to make a call,0.8318126797676086
25,25,make_call,make_call,i need you to phone sal,0.3879786431789398
25,25,make_call,make_call,i need to call sal,0.9585301280021667
25,25,make_call,make_call,i have to make a phone call,0.9870855212211609
25,25,make_call,make_call,i have to use the phone to make a call,0.9543955326080322
25,25,make_call,make_call,could you call sal,0.763909101486206
25,25,make_call,make_call,call sal,0.96440190076828
25,144,make_call,change_user_name,x needs to be called by me,0.4962162375450134
25,25,make_call,make_call,call to mom,0.9503653645515442
25,25,make_call,make_call,call mom,0.9907407760620117
25,25,make_call,make_call,dial her up,0.4059845507144928
83,83,alarm,alarm,i want to set an alarm,0.9795787334442139
83,83,alarm,alarm,set an alarm for 6 am tomorrow,0.9930433034896851
83,83,alarm,alarm,set an alarm for 8 tomorrow,0.9959589838981628
83,83,alarm,alarm,please set an alarm,0.9945214986801147
83,83,alarm,alarm,i'd love to set an alarm,0.9460627436637878
83,83,alarm,alarm,i would like to have an alarm set for me,0.9625364542007446
83,83,alarm,alarm,i want an alarm set,0.9872733354568481
83,83,alarm,alarm,i need to set an alarm,0.9765517711639404
83,83,alarm,alarm,set an alarm for ten tomorrow,0.9959267377853394
83,83,alarm,alarm,set an alarm for 11 tomorrow,0.9952681660652161
83,83,alarm,alarm,i want an alarm for 6 am,0.9854564070701599
83,83,alarm,alarm,set an alarm for me,0.9968060255050659
83,83,alarm,alarm,i wanna have an alarm,0.9501874446868896
83,83,alarm,alarm,i need an alarm set now,0.9858677983283997
83,83,alarm,alarm,set an alarm for 9 tomorrow,0.9959589838981628
83,83,alarm,alarm,don't forget to set an alarm for noon,0.9728461503982544
83,83,alarm,alarm,can you set the alarm for noon,0.9756982922554016
83,72,alarm,directions,i need to up by noon,0.0630214661359787
83,83,alarm,alarm,can you wake me up at noon,0.7076850533485413
83,83,alarm,alarm,set alarm for noon,0.9905610680580139
83,83,alarm,alarm,wake me up with an alarm at 6am,0.979882001876831
83,83,alarm,alarm,help me wake up with an alarm at 5:30am,0.9575434327125549
83,83,alarm,alarm,set an alarm to wake me up at 5:30am,0.9950533509254456
83,83,alarm,alarm,set an alarm for 5am,0.9974543452262878
83,83,alarm,alarm,please set the alarm,0.9825427532196045
83,83,alarm,alarm,please make sure the alarm is set,0.815649151802063
83,83,alarm,alarm,could you set the alarm,0.9288727641105652
83,83,alarm,alarm,set the alarm now,0.9561381340026855
83,83,alarm,alarm,can you set an alarm,0.9763447046279907
83,83,alarm,alarm,i need an alarm,0.9930311441421509
48,48,todo_list,todo_list,what's on my todo list,0.9680666327476501
48,48,todo_list,todo_list,let me hear my todo list,0.9385080337524414
48,65,todo_list,todo_list_update,"did i add ""cleaning the foyer"" to my todo list yet",0.6766846776008606
48,48,todo_list,todo_list,did i put grocery shopping on my todo list,0.7403206825256348
48,48,todo_list,todo_list,give me my todo list,0.9230058193206787
48,48,todo_list,todo_list,what things are on my todo list,0.9541136026382446
48,65,todo_list,todo_list_update,have i told you to add washing dishes to my todo list,0.9524742364883423
48,65,todo_list,todo_list_update,is laundry on my todo list,0.5496013164520264
48,48,todo_list,todo_list,read my todo list,0.974105715751648
48,48,todo_list,todo_list,list my todo list items,0.8463888168334961
48,48,todo_list,todo_list,"is ""cleaning the bathroom"" an item on my todo list",0.7947753071784973
48,48,todo_list,todo_list,tell me what's on my todo list,0.9801276922225952
48,48,todo_list,todo_list,read my to-do list items,0.9862246513366699
48,48,todo_list,todo_list,check on my to-do list items,0.9559183716773987
48,48,todo_list,todo_list,check what is on my to-do list,0.9968585968017578
48,48,todo_list,todo_list,what items are on my list of to-dos,0.7841591238975525
48,48,todo_list,todo_list,what is on my to-do list,0.9954397678375244
48,48,todo_list,todo_list,what kind of things do i have to do today,0.8103402256965637
48,48,todo_list,todo_list,what's on my todo list for today,0.9847919940948486
48,48,todo_list,todo_list,please tell me my todo list,0.9605200886726379
48,48,todo_list,todo_list,is my todo list possible today,0.9570549726486206
48,48,todo_list,todo_list,i really want to know my todo list again thanks,0.7255643606185913
48,48,todo_list,todo_list,is it possible to read my to-do list again,0.946247935295105
48,48,todo_list,todo_list,tell me my to-do list,0.9924666285514832
48,48,todo_list,todo_list,what is my to-do list like today,0.9934113621711731
48,48,todo_list,todo_list,list my to-do list,0.7399328351020813
48,48,todo_list,todo_list,give me my to-do list,0.9637500643730164
48,48,todo_list,todo_list,what must i do today,0.4187367558479309
48,65,todo_list,todo_list_update,is make a hair appointment on my todo list right now,0.520435094833374
48,48,todo_list,todo_list,can you see if paying garbage bill is on my todo list for this week,0.6481142640113831
51,51,change_accent,change_accent,change the accent you're using,0.9150726199150085
51,51,change_accent,change_accent,start using a different accent,0.8165115118026733
51,51,change_accent,change_accent,talk to me in a different accent,0.5570774674415588
51,51,change_accent,change_accent,alter your accent,0.6199425458908081
51,51,change_accent,change_accent,change to the female voice,0.9848054051399231
51,51,change_accent,change_accent,i want to hear the female voice from now on,0.893530011177063
51,51,change_accent,change_accent,i want the male voice,0.9603605270385742
51,51,change_accent,change_accent,could you use the female voice,0.962812602519989
51,51,change_accent,change_accent,female voice please,0.9122776389122009
51,51,change_accent,change_accent,can you switch to the male voice,0.9785958528518677
51,51,change_accent,change_accent,the male voice please,0.9497326016426086
51,51,change_accent,change_accent,could you use the male voice,0.9724106192588806
51,51,change_accent,change_accent,i want the female voice,0.9433215856552124
51,51,change_accent,change_accent,i want you to change your accent,0.5747632384300232
51,51,change_accent,change_accent,would you please switch to the male voice,0.9487208724021912
51,51,change_accent,change_accent,i would like you to change your accent,0.6123691201210022
51,51,change_accent,change_accent,i want you to change to the male voice,0.9628131985664368
51,51,change_accent,change_accent,can you change to the male voice,0.983911395072937
51,51,change_accent,change_accent,change to girl voice,0.7028959393501282
51,51,change_accent,change_accent,please switch to the girl voice,0.4814368784427643
51,14,change_accent,whisper_mode,change to the females voice please,0.3697125017642975
51,51,change_accent,change_accent,switch voice option to female,0.8545843958854675
51,51,change_accent,change_accent,change voice to female,0.9457811713218689
51,51,change_accent,change_accent,use the female voice,0.9805034399032593
51,88,change_accent,reset_settings,change settings to sound like a female,0.48780545592308044
51,51,change_accent,change_accent,turn to the voice of the woman,0.1622142791748047
51,51,change_accent,change_accent,change to the woman voice,0.7432938814163208
51,51,change_accent,change_accent,"i like the female voice, switch please",0.9619998335838318
51,51,change_accent,change_accent,speak with a male british accent,0.9941638112068176
51,51,change_accent,change_accent,would you change your voice to the male british accent for me,0.994852602481842
122,122,w2,w2,what site can i get my w2,0.9988682270050049
122,122,w2,w2,where do we get our w2 forms,0.9347688555717468
122,122,w2,w2,where can i get my w2,0.9992992877960205
122,122,w2,w2,where can i get my w2 from,0.9991362690925598
122,122,w2,w2,i would like to know where i can find my w2 for tax reasons,0.9955189228057861
122,122,w2,w2,what steps do i need to take to obtain my w2 for taxes,0.8211336731910706
122,122,w2,w2,what do i do if i need my w2 for my my taxes,0.8894886374473572
122,122,w2,w2,how can i get get a copy of my w2 for tax purposes,0.9947397112846375
122,122,w2,w2,can you tell me the process for obtaining a copy of my w2 for my taxes,0.9271804690361023
122,122,w2,w2,where do i go to get that work tax form thing,0.9562423229217529
122,122,w2,w2,what do i need to do to get that tax form thing from my job,0.6401035785675049
122,122,w2,w2,how do i get that tax form from my employer,0.9271417260169983
122,122,w2,w2,where can i find that tax form my employer gives me,0.9664783477783203
122,122,w2,w2,how do i get the form to file my taxes from my employer,0.9054425358772278
122,122,w2,w2,where do i look to get a w2,0.979613184928894
122,122,w2,w2,i need a w2 form from,0.9761351943016052
122,122,w2,w2,can you trll me where to get my w2,0.9975384473800659
122,122,w2,w2,i want to get the w-2 form,0.8626582026481628
122,122,w2,w2,i wanna know where to find a w2,0.8693645596504211
122,122,w2,w2,i wanna know where to get my w2,0.9935610294342041
122,122,w2,w2,tell me where to a w2 form,0.988701343536377
122,122,w2,w2,i must know where to get my w2,0.992645263671875
122,122,w2,w2,i wanna get my w-2 form,0.9124228954315186
122,122,w2,w2,"i need a w2, so where is it",0.7770442366600037
122,122,w2,w2,where can i find a w2,0.9614565968513489
122,122,w2,w2,i must get the w-2 form,0.8859628438949585
122,122,w2,w2,help me get w-2 form,0.8834823966026306
122,122,w2,w2,i wanna know where the w2 is,0.7624574303627014
122,122,w2,w2,help me get my w-2 form,0.9621419906616211
122,42,w2,oos,can't find w-2,0.4409644901752472
56,56,bill_due,bill_due,when is my electric bill due by,0.9880809783935547
56,56,bill_due,bill_due,when is my car insurance bill due,0.9865864515304565
56,56,bill_due,bill_due,how long until my water bill is due,0.9467292428016663
56,111,bill_due,pay_bill,what's the latest i can pay my cellular bill,0.5650279521942139
56,56,bill_due,bill_due,what's the due date for my netflix subscription,0.8430256843566895
56,56,bill_due,bill_due,tell me where i can find my exterminator bill's due date,0.7946077585220337
56,56,bill_due,bill_due,how do i locate the due date for my bug bill,0.9748126864433289
56,56,bill_due,bill_due,where can i see the due date for auto loan bill,0.8426576256752014
56,56,bill_due,bill_due,when is my cell phone due,0.4849877953529358
56,56,bill_due,bill_due,i need to know where my due date is for my lawn bill,0.8382153511047363
56,56,bill_due,bill_due,where can i find when my car payment bill is due,0.9798979163169861
56,56,bill_due,bill_due,what's the ultimate day for me to pay the internet bill,0.3478419780731201
56,111,bill_due,pay_bill,tell me the last day i can pay my gas bill,0.49551108479499817
56,56,bill_due,bill_due,what's the due date for my comcast bill,0.8892277479171753
56,56,bill_due,bill_due,i need to know when my water bill is due,0.988138735294342
56,56,bill_due,bill_due,please tell me how to find out when my rent is due,0.7852498888969421
56,56,bill_due,bill_due,i need to know when my electricity bill is due,0.9625798463821411
56,56,bill_due,bill_due,can you tell me when my cable bill is due,0.9568920135498047
56,56,bill_due,bill_due,i need to find out how to check the due date for the water bill,0.8414567112922668
56,42,bill_due,oos,when does the current billing cycle end,0.2690559923648834
56,56,bill_due,bill_due,is the bill due today,0.9128654599189758
56,56,bill_due,bill_due,is the bill due,0.8687551617622375
56,56,bill_due,bill_due,when do i have to pay my internet,0.9544728398323059
56,56,bill_due,bill_due,i want to know when the deadline is to pay my car loan,0.8991101980209351
56,56,bill_due,bill_due,tell me when my water bill is due,0.9846575856208801
56,56,bill_due,bill_due,what day of the month do i have to pay my mortgage,0.7912126779556274
56,56,bill_due,bill_due,when is my electricity due date,0.8931462168693542
56,44,bill_due,expiration_date,i need to know the next billing date of my american express card,0.7246235609054565
56,56,bill_due,bill_due,when does my gas bill need paid by,0.7630470991134644
56,56,bill_due,bill_due,when is next month's cable bill due,0.9405212998390198
135,135,calories,calories,number of calories in coke,0.9827841520309448
135,135,calories,calories,what kind of calories do chicken tenders have,0.80626380443573
135,135,calories,calories,calorie content of dr pepper,0.7475877404212952
135,135,calories,calories,what's the calorie content of chicken nuggets,0.9226751327514648
135,135,calories,calories,how many calories are in hamburgers,0.9904504418373108
135,135,calories,calories,what is the calorie count for this milkshake,0.9640107154846191
135,135,calories,calories,how many calories does an orange have,0.9596449732780457
135,135,calories,calories,what is the total number of calories in this pizza,0.9640700817108154
135,135,calories,calories,how many calories are in a burger,0.980049729347229
135,135,calories,calories,rolls have how many calories,0.9878025650978088
135,135,calories,calories,what is the calorie content in bananas,0.9655330181121826
135,135,calories,calories,what is the calorie content in peanut butter,0.9494652152061462
135,135,calories,calories,what is the calorie content in french fries,0.860656201839447
135,135,calories,calories,what is the calorie content in potatoes,0.9668883085250854
135,135,calories,calories,what is the calorie content in spaghetti,0.9728124141693115
135,135,calories,calories,i need to know the calorie content of spaghetti,0.9544847011566162
135,135,calories,calories,how many calories are in a sandwich,0.9920254349708557
135,135,calories,calories,what number of calories are in a pizza,0.9071089625358582
135,135,calories,calories,what is the number of calories in a steak,0.980223536491394
135,135,calories,calories,how many calories are in a cheeseburger,0.9853736162185669
135,135,calories,calories,can you check the amount of calories in a chicken sandwich,0.921696126461029
135,135,calories,calories,what is the calorie count of a burrito,0.9747419953346252
135,135,calories,calories,"calorie check, cheese burger",0.28227946162223816
135,135,calories,calories,how many calories are in a taco,0.9779128432273865
135,135,calories,calories,can you see how many calories are in cream of mushroom soup,0.8022432327270508
135,135,calories,calories,the intake of calories it it bad,0.6995651721954346
135,27,calories,bill_balance,how much is alorie intake,0.2791948914527893
135,135,calories,calories,hoq many calories does pasta have,0.9715885519981384
135,135,calories,calories,how many calories can i expect to be in fries,0.8863305449485779
135,135,calories,calories,what's the calorie content of french fries,0.9502847194671631
87,87,damaged_card,damaged_card,tell me how to go about reporting a damaged card,0.3343736231327057
87,87,damaged_card,damaged_card,my card is damaged,0.9934359788894653
87,87,damaged_card,damaged_card,i want to report a damaged card,0.9841757416725159
87,87,damaged_card,damaged_card,where should i report a damaged card,0.9445099234580994
87,87,damaged_card,damaged_card,can you find out how to report a damaged card,0.9359855055809021
87,87,damaged_card,damaged_card,my card has become too frayed and torn to use,0.8907259106636047
87,12,damaged_card,report_lost_card,what do i do about a card that's too messed up to be properly scanned,0.10938578099012375
87,87,damaged_card,damaged_card,my card became damaged when i dropped it in the parking lot and it got ran over,0.9444503784179688
87,87,damaged_card,damaged_card,i have a damaged card that needs replaced because my son dropped it in a blender,0.8799333572387695
87,87,damaged_card,damaged_card,i sat on my credit card and broke it in half and need it replaced,0.9314999580383301
87,87,damaged_card,damaged_card,my credit card got torn and i need a new one,0.8695195317268372
87,87,damaged_card,damaged_card,what do i do with a damaged credit card,0.666580855846405
87,87,damaged_card,damaged_card,how do i replace a damaged card,0.9255059361457825
87,87,damaged_card,damaged_card,i have a card that needs replaced because my wine dumped wine on it,0.2672227621078491
87,87,damaged_card,damaged_card,i spilled wine on my credit card and now its all mushy and needs to be replaced,0.629123330116272
87,87,damaged_card,damaged_card,my dog swallowed my credit card and i need a new one,0.8893277645111084
87,87,damaged_card,damaged_card,i want to report a damaged card that my cat shredded with its claws,0.930628776550293
87,87,damaged_card,damaged_card,i need to replace a card that my daughter spilled juice on,0.3267735540866852
87,87,damaged_card,damaged_card,i'm unable to use my card because it's been ruined,0.7237299084663391
87,87,damaged_card,damaged_card,i can't use my card because it’s damaged badly,0.9833994507789612
87,87,damaged_card,damaged_card,i cannot use my card cuz it's damaged,0.9820298552513123
87,87,damaged_card,damaged_card,i can't use my card because it’s messed up,0.9375660419464111
87,87,damaged_card,damaged_card,i can't use my card because it’s broken,0.9672917127609253
87,87,damaged_card,damaged_card,i can't use my card because i damaged it,0.9875079989433289
87,87,damaged_card,damaged_card,who should i talk to about the fact that i inadvertently split my card almost in half,0.8542649745941162
87,87,damaged_card,damaged_card,i accidentally deactivated the magnetic stripe on my visa debit card and i need to report it,0.900050938129425
87,87,damaged_card,damaged_card,can i talk to someone to let them know my card was damaged from being melted on a radiator,0.7217767834663391
87,87,damaged_card,damaged_card,i would like to report a damaged card that was burnt,0.8520439863204956
87,87,damaged_card,damaged_card,i would like to report my card damaged since i accidentally spilled gorilla glue all over it and the numbers are now obscured,0.9861445426940918
87,103,damaged_card,application_status,my visa has been damaged,0.33878594636917114
0,0,restaurant_reviews,restaurant_reviews,does applebees have good reviews,0.9872307181358337
0,0,restaurant_reviews,restaurant_reviews,are the reviews ned get's good,0.987639844417572
0,0,restaurant_reviews,restaurant_reviews,is the review ned's have good,0.47083112597465515
0,0,restaurant_reviews,restaurant_reviews,are ned's reviews good,0.9888062477111816
0,0,restaurant_reviews,restaurant_reviews,are the reviews for ned's good,0.9989172220230103
0,0,restaurant_reviews,restaurant_reviews,how are the reviews for tacos at the buffet,0.996012806892395
0,0,restaurant_reviews,restaurant_reviews,do they serve good tacos at the buffet,0.15517909824848175
0,23,restaurant_reviews,restaurant_reservation,"my favorite, beef tacos at the buffet",0.07877396792173386
0,23,restaurant_reviews,restaurant_reservation,they sold out of tacos at the buffet,0.1616555005311966
0,23,restaurant_reviews,restaurant_reservation,"yum, pulled pork tacos at the buffet",0.2682810425758362
0,0,restaurant_reviews,restaurant_reviews,what do people think of the new burger at mcdonalds,0.5118293762207031
0,0,restaurant_reviews,restaurant_reviews,how are the reviews for the supreme pizza at papa john's,0.9971222281455994
0,0,restaurant_reviews,restaurant_reviews,what are people saying about chick-fil-a's chicken nuggets,0.3376782536506653
0,0,restaurant_reviews,restaurant_reviews,show me the reviews for the new jalapeno fries at taco bell,0.8286707997322083
0,129,restaurant_reviews,fun_fact,give me some feedback about the pasta at piada please,0.39804866909980774
0,82,restaurant_reviews,greeting,how is gramercy tavern rated,0.20690199732780457
0,42,restaurant_reviews,oos,how many stars does babbo have,0.7684778571128845
0,0,restaurant_reviews,restaurant_reviews,does cielo have good reviews,0.9942702054977417
0,0,restaurant_reviews,restaurant_reviews,do people say per se is any good or not,0.40158623456954956
0,0,restaurant_reviews,restaurant_reviews,what do food critics say about gramercy tavern,0.08562438189983368
0,0,restaurant_reviews,restaurant_reviews,what are the reviews like for l'auberge aubergine,0.9903732538223267
0,42,restaurant_reviews,oos,how many stars does brasserie les halles have,0.7684778571128845
0,42,restaurant_reviews,oos,what rating do the critics give the french laundry,0.24757109582424164
0,0,restaurant_reviews,restaurant_reviews,does acero have good or bad ratings,0.7696873545646667
0,0,restaurant_reviews,restaurant_reviews,has the french laundry gotten good reviews lately,0.4265103042125702
0,0,restaurant_reviews,restaurant_reviews,what kind of reviews does the olive garden have,0.7733548879623413
0,42,restaurant_reviews,oos,what's the average review for olive garden,0.29189634323120117
0,0,restaurant_reviews,restaurant_reviews,oliver garden reviews,0.9288619756698608
0,0,restaurant_reviews,restaurant_reviews,does olive garden have good customer reviews,0.9611004590988159
0,0,restaurant_reviews,restaurant_reviews,does olive garden have good reviews,0.9870961904525757
45,45,routing,routing,i need my routing number for my checking account at bb&t bank,0.9732741713523865
45,45,routing,routing,what is my routing number to my checking account at bb&t bankj,0.95396888256073
45,45,routing,routing,"tell me my routing number at my bank, community trust",0.9594030976295471
45,45,routing,routing,what is the routing number of my checking account at first national bankj,0.9371653199195862
45,45,routing,routing,"give me the routing number of my checking account at my main bank, first commerce",0.8443883061408997
45,45,routing,routing,what is my bank routing number,0.984534740447998
45,45,routing,routing,what's my routing number,0.9977790713310242
45,45,routing,routing,what's wells fargo's routing number,0.9912334084510803
45,45,routing,routing,tell me my routing number,0.9964317083358765
45,45,routing,routing,where can i find my routing number,0.9698039293289185
45,45,routing,routing,where's the routing number for wells fargo,0.9899256229400635
45,45,routing,routing,where can i find wells fargo's routing number,0.9685307145118713
45,45,routing,routing,where is wells fargo's routing number listed,0.9505555629730225
45,45,routing,routing,where should i go to find the routing number for well's fargo,0.828783392906189
45,45,routing,routing,is my routing number on my account page,0.9069344997406006
45,45,routing,routing,what is the bank's routing number,0.965966522693634
45,45,routing,routing,i want to know what my routing number is,0.9676552414894104
45,45,routing,routing,i need a routing number,0.9991760849952698
45,45,routing,routing,does pnc have a routing number,0.9975723624229431
45,45,routing,routing,can you tell me the routing number to pnc,0.9734076261520386
45,45,routing,routing,can you please read me the routing number to pnc,0.8183425664901733
45,45,routing,routing,where can i find routing number for pnc,0.9913831353187561
45,45,routing,routing,what is the routing number for pnc,0.9968922734260559
45,45,routing,routing,i need x's routing number,0.9991760849952698
45,45,routing,routing,where would century bank have their routing number listed,0.938762903213501
45,45,routing,routing,where do i go if i am seeking the routing number of dallas capital,0.8072545528411865
45,45,routing,routing,what is the location that td bank has their routing number listed,0.6666157841682434
45,45,routing,routing,where would the routing number for first utah be located,0.9529967308044434
45,45,routing,routing,tell me what my savings account routing number is,0.9194554686546326
45,45,routing,routing,what is chase bank's routing number,0.9847263693809509
34,34,do_you_have_pets,do_you_have_pets,cats or dogs are your preference,0.9827661514282227
34,34,do_you_have_pets,do_you_have_pets,what kinds of pets do you own,0.9879442453384399
34,34,do_you_have_pets,do_you_have_pets,do you have any pets and what kind,0.9634189009666443
34,34,do_you_have_pets,do_you_have_pets,would you describe yourself as a cat or dog person,0.9254801869392395
34,34,do_you_have_pets,do_you_have_pets,you have what types or kinds of pets,0.9740554094314575
34,34,do_you_have_pets,do_you_have_pets,are you a pet owner what kind,0.9481736421585083
34,34,do_you_have_pets,do_you_have_pets,do you have a pet,0.9717146158218384
34,34,do_you_have_pets,do_you_have_pets,would you call yourself a cat or dog person,0.897959291934967
34,34,do_you_have_pets,do_you_have_pets,what kind of animals do you own,0.8543651103973389
34,34,do_you_have_pets,do_you_have_pets,can you name the type of pets you have,0.89324551820755
34,34,do_you_have_pets,do_you_have_pets,do you have any pets,0.9874996542930603
34,34,do_you_have_pets,do_you_have_pets,are you a pet owner and what kind,0.9075639247894287
34,34,do_you_have_pets,do_you_have_pets,what pets do you own,0.9844740629196167
34,34,do_you_have_pets,do_you_have_pets,tell me any animals that you have as pets,0.9706675410270691
34,34,do_you_have_pets,do_you_have_pets,do you have cats or dogs or something else as a pet,0.994270920753479
34,34,do_you_have_pets,do_you_have_pets,please tell me the types of pets you have,0.9454389810562134
34,34,do_you_have_pets,do_you_have_pets,how would you categorize the pets you have,0.9859119057655334
34,34,do_you_have_pets,do_you_have_pets,tell me about the pets you have,0.981052815914154
34,34,do_you_have_pets,do_you_have_pets,do you have friendly or unfriendly pets,0.9910940527915955
34,34,do_you_have_pets,do_you_have_pets,which pets do you have,0.9946891069412231
34,34,do_you_have_pets,do_you_have_pets,which type of pets do you have,0.9948673248291016
34,34,do_you_have_pets,do_you_have_pets,what pets do you have,0.9797849059104919
34,34,do_you_have_pets,do_you_have_pets,do you like appreciate cats or dogs more,0.9664766192436218
34,34,do_you_have_pets,do_you_have_pets,do you like cats or dogs more,0.9746347069740295
34,34,do_you_have_pets,do_you_have_pets,which kinds of pets do you own,0.9940207600593567
34,34,do_you_have_pets,do_you_have_pets,do you prefer cats or dogs,0.9648977518081665
34,34,do_you_have_pets,do_you_have_pets,do you prefer cats or dogs more,0.9640037417411804
34,34,do_you_have_pets,do_you_have_pets,which kinds of pets do you have,0.9926719665527344
34,34,do_you_have_pets,do_you_have_pets,do you currently have any pets,0.9336898922920227
34,34,do_you_have_pets,do_you_have_pets,what is the total number of pets that you have,0.8733954429626465
18,18,schedule_meeting,schedule_meeting,please book a meeting room for thusday at 4:00,0.9669474959373474
18,18,schedule_meeting,schedule_meeting,would you please schedule a meeting room for 4:00 on thursday,0.9881995916366577
18,18,schedule_meeting,schedule_meeting,could you schedule a meeting room for 4:00 on thursday,0.9939004182815552
18,18,schedule_meeting,schedule_meeting,will you schedule a conference room for thursday at 4:00,0.5692830085754395
18,18,schedule_meeting,schedule_meeting,can you reserve a meeting space for 4:00 on thursday,0.723950982093811
18,18,schedule_meeting,schedule_meeting,i need to know how to schedule a meeting,0.977033257484436
18,18,schedule_meeting,schedule_meeting,please help me figure out how to set up a meeting,0.4295397996902466
18,18,schedule_meeting,schedule_meeting,i need assistance scheduling a meeting,0.8506510853767395
18,18,schedule_meeting,schedule_meeting,walk me through the process of scheduling a meeting,0.3887394368648529
18,18,schedule_meeting,schedule_meeting,help me set up a meeting please,0.7283334136009216
18,18,schedule_meeting,schedule_meeting,"i need a meeting room between 3-7, are any available",0.989959180355072
18,18,schedule_meeting,schedule_meeting,can you tell me if there are meeting rooms available between 1 and 4,0.9774489998817444
18,18,schedule_meeting,schedule_meeting,are meeting rooms free between 8-3,0.9882345199584961
18,18,schedule_meeting,schedule_meeting,do you know if meeting rooms are open to use 1-2,0.9086447358131409
18,18,schedule_meeting,schedule_meeting,can you check if meeting rooms are available between 4 and 5,0.989307701587677
18,18,schedule_meeting,schedule_meeting,meeting rooms open between one and three pm,0.9866805672645569
18,18,schedule_meeting,schedule_meeting,check meeting room availability between one and three pm,0.9867315888404846
18,18,schedule_meeting,schedule_meeting,what meeting rooms are available for meeting 5pm friday,0.9958771467208862
18,18,schedule_meeting,schedule_meeting,"reserve a meeting room for friday, 5pm",0.9484775066375732
18,18,schedule_meeting,schedule_meeting,one and three pm are there meeting rooms open,0.9714637398719788
18,18,schedule_meeting,schedule_meeting,friday 5pm schedule a room for meeting,0.9775962829589844
18,18,schedule_meeting,schedule_meeting,open meeting rooms from one to three pm,0.9512869119644165
18,18,schedule_meeting,schedule_meeting,can you reserve a room for a friday meeting at 5pm,0.7380492091178894
18,18,schedule_meeting,schedule_meeting,reserve a meeting room for 5pm on friday,0.9318897724151611
18,18,schedule_meeting,schedule_meeting,check meeting rooms available between one and three pm,0.9924922585487366
18,18,schedule_meeting,schedule_meeting,"i need to schedule meeting room for monday at 2:30 pm, please",0.9683208465576172
18,18,schedule_meeting,schedule_meeting,i would like you to reserve a conference room for noon tomorrow,0.15554484724998474
18,18,schedule_meeting,schedule_meeting,please reserve a meeting room for 1:00 pm on tuesday,0.880166232585907
18,105,schedule_meeting,calendar_update,"go ahead and hold a conference room for friday at 11 am, please",0.16248033940792084
18,18,schedule_meeting,schedule_meeting,can you book a meeting room for friday at 9:00 am,0.9552395343780518
8,110,gas_type,gas,which gas would be best,0.22780843079090118
8,8,gas_type,gas_type,what type of gas should i use,0.9630975723266602
8,8,gas_type,gas_type,which type of gas should i get,0.9047384262084961
8,8,gas_type,gas_type,can you tell me what gas this car takes,0.893748939037323
8,8,gas_type,gas_type,can you tell me this vehicles gas type,0.4331500828266144
8,8,gas_type,gas_type,what fuel should i use for this car,0.9258590340614319
8,8,gas_type,gas_type,what kind of gas should i use for this car,0.9889975786209106
8,8,gas_type,gas_type,i need to know the gas type for this vehicle,0.8606732487678528
8,8,gas_type,gas_type,for this car what kind of fuel does it take,0.9635121822357178
8,8,gas_type,gas_type,i need to know the type of gas for this car,0.9760417342185974
8,8,gas_type,gas_type,i want to know what kind of gas this car uses,0.9636160135269165
8,8,gas_type,gas_type,what gas does this car use,0.9758052229881287
8,8,gas_type,gas_type,what fuel do i put in this car,0.9093357920646667
8,8,gas_type,gas_type,what type of gas goes into the car,0.895979106426239
8,8,gas_type,gas_type,what type of fuel does this car utilize,0.9871991276741028
8,8,gas_type,gas_type,what type of gas do i put in this new car,0.89363032579422
8,8,gas_type,gas_type,what type of gas do i use in this car,0.9481890797615051
8,8,gas_type,gas_type,is there a certain kind of fuel needed,0.8584653735160828
8,8,gas_type,gas_type,what gas goes in the vehicle,0.7487981915473938
8,110,gas_type,gas,what raiting of gas is called for,0.5245214700698853
8,8,gas_type,gas_type,what kind of gas goes in,0.9046481847763062
8,8,gas_type,gas_type,can you tell me what kind of gas your car uses,0.8953631520271301
8,8,gas_type,gas_type,what kind of gas does your car use,0.9851460456848145
8,8,gas_type,gas_type,the car you are driving uses what kind of gas,0.8706910014152527
8,8,gas_type,gas_type,what kind of gas can i put into this car,0.9619738459587097
8,8,gas_type,gas_type,which gas type goes into this car,0.9629810452461243
8,8,gas_type,gas_type,which type of gas does this car take,0.9874407052993774
8,8,gas_type,gas_type,i need gas what type do i need for this car,0.9886971712112427
8,8,gas_type,gas_type,what types of gas can i get for this car,0.7552987337112427
8,8,gas_type,gas_type,which type of gas does my car use,0.9929152727127075
120,120,plug_type,plug_type,would a socket converter be needed in france,0.9791943430900574
120,120,plug_type,plug_type,how do i plug stuff in in france,0.7321394085884094
120,120,plug_type,plug_type,is socket converter required in france,0.9768285751342773
120,120,plug_type,plug_type,does france use a socket converter,0.988416314125061
120,66,plug_type,timezone,is electricity the same in france,0.0938604548573494
120,120,plug_type,plug_type,will i need a plug converter when i visit costa rica,0.9856070280075073
120,120,plug_type,plug_type,will i require a plug converter when i visit kenya,0.9817220568656921
120,120,plug_type,plug_type,will i need to get a plug converter when i visit guam,0.9577682018280029
120,120,plug_type,plug_type,do i require a plug converter when i visit puerto rico,0.9920627474784851
120,120,plug_type,plug_type,will i need to have a plug converter when i visit madrid,0.9653133749961853
120,120,plug_type,plug_type,z uses which type of plug,0.9474483132362366
120,120,plug_type,plug_type,what sort of plug is used in the caribbean,0.8244359493255615
120,120,plug_type,plug_type,which plug is used in japan,0.9367460608482361
120,120,plug_type,plug_type,plug used in china,0.9137532711029053
120,120,plug_type,plug_type,what kind of plug is used in england,0.9805361032485962
120,120,plug_type,plug_type,what do i need for a plug in wales,0.9278942942619324
120,42,plug_type,oos,does z used the same plus as we do in the united states,0.4849371612071991
120,120,plug_type,plug_type,can i used the same type of plug in z as i do in the us,0.804009199142456
120,120,plug_type,plug_type,electrical plugs used in that country,0.7743049263954163
120,120,plug_type,plug_type,are the electric plugs the same over in that country,0.5332626104354858
120,120,plug_type,plug_type,what kind of electrical outlet does that country use,0.7168124318122864
120,120,plug_type,plug_type,do i need a converter for my electronics when i go to that coutntry,0.46094855666160583
120,120,plug_type,plug_type,can i plug in my electronics there like normal,0.7429102063179016
120,120,plug_type,plug_type,is a socket converter necessary if i'm travelling to london,0.9133856892585754
120,120,plug_type,plug_type,are socket converters something i need to bring if going to australia,0.8554236888885498
120,120,plug_type,plug_type,can i use electronic devices in mexico without a socket converter,0.9821348190307617
120,120,plug_type,plug_type,are socket converters needed if i'm going to cape town,0.8511179089546204
120,120,plug_type,plug_type,does sweden use the same kind of socket or do i need a converter,0.9605447053909302
120,120,plug_type,plug_type,what plug type is used internationally,0.938520610332489
120,120,plug_type,plug_type,what's the plug type in honduras,0.9929502010345459
47,47,tire_change,tire_change,when would you change my tires,0.9831236600875854
47,47,tire_change,tire_change,when is the next time i should get my tires changed,0.9641702175140381
47,47,tire_change,tire_change,how soon should i get my tires changed,0.9682371020317078
47,47,tire_change,tire_change,how often should i get my tires changed,0.965571939945221
47,47,tire_change,tire_change,do you know when i should get my tires changed next,0.9730294942855835
47,47,tire_change,tire_change,when should my tires be changed,0.9846916794776917
47,47,tire_change,tire_change,i need to know when i should change my tires,0.9846197962760925
47,47,tire_change,tire_change,how soon till i need to change my tires,0.942963719367981
47,47,tire_change,tire_change,can you tell me when my tires have to be changed,0.9390893578529358
47,47,tire_change,tire_change,am i almost due for a tire change,0.5967531800270081
47,123,tire_change,oil_change_when,when is my car due for an tire change,0.4067728519439697
47,47,tire_change,tire_change,how do i know when to get the tires changed on my car,0.7236024141311646
47,47,tire_change,tire_change,how often should my tires be changed,0.9488192796707153
47,47,tire_change,tire_change,how often should i change the tires on my car,0.8463037014007568
47,47,tire_change,tire_change,i replaced tires last june when should i do it again,0.8632804751396179
47,47,tire_change,tire_change,on feb 3rd i changed my tires are they still good,0.2823740839958191
47,47,tire_change,tire_change,my tires are 29 months old should u change them,0.8776443600654602
47,47,tire_change,tire_change,when do my tires need changing after i replaced them last week,0.9765704274177551
47,98,tire_change,tire_pressure,in september i changed my tires are they in need of changing,0.4236104190349579
47,47,tire_change,tire_change,how do i know if it is time to replace my tires,0.8460723757743835
47,42,tire_change,oos,how long does the average set of tire last before needing replacement,0.3175962269306183
47,47,tire_change,tire_change,how long are my tires expected to last before needing to be replaced,0.9071176648139954
47,98,tire_change,tire_pressure,how many miles are my tires rated for,0.561221718788147
47,4,tire_change,time,what is the time for a tire change,0.613933265209198
47,47,tire_change,tire_change,my tires should be changed when,0.985114574432373
47,47,tire_change,tire_change,tell me when to get my tires changed,0.9310354590415955
47,47,tire_change,tire_change,when is it time for a change in tires,0.690030574798584
47,47,tire_change,tire_change,what is the timeframe for getting my tires changed,0.41489550471305847
47,47,tire_change,tire_change,tell me when i'll need new tires,0.9075963497161865
47,47,tire_change,tire_change,when will my tires need to be changed,0.9828525185585022
38,38,exchange_rate,exchange_rate,convert 200 us dollars to british pounds,0.9655143618583679
38,38,exchange_rate,exchange_rate,how many japanese yen are in a us dollar,0.7859482765197754
38,38,exchange_rate,exchange_rate,how much is 5 us dollars worth in canadian dollars,0.986173152923584
38,38,exchange_rate,exchange_rate,can you tell me what 100 british pounds equals in us dollars,0.8607234358787537
38,38,exchange_rate,exchange_rate,what is the exchange rate between us dollars and japanese yen,0.9982278943061829
38,38,exchange_rate,exchange_rate,whats the current exchange rate between usd and eur,0.9704418182373047
38,38,exchange_rate,exchange_rate,what's the exhange rate between mxn and gbp,0.5538652539253235
38,38,exchange_rate,exchange_rate,what is the current exchange rate between mxn and eur,0.8786627054214478
38,38,exchange_rate,exchange_rate,what's the exchange rate between ils and usd,0.9886232018470764
38,38,exchange_rate,exchange_rate,what is the usd mxn exchange rate,0.9824637770652771
38,38,exchange_rate,exchange_rate,how many mexican pesos is a us dollar worth,0.7467052340507507
38,38,exchange_rate,exchange_rate,how much is one us dollar in british pounds,0.8657230734825134
38,38,exchange_rate,exchange_rate,whats the exchange rate for us dollars to british pounds,0.9914986491203308
38,38,exchange_rate,exchange_rate,what is a british pound worth in mexican pesos,0.5158523321151733
38,38,exchange_rate,exchange_rate,how many mexican pesos can i get for one us dollar,0.9482736587524414
38,38,exchange_rate,exchange_rate,look up the rate of exchange between pesos and usd,0.9167041182518005
38,38,exchange_rate,exchange_rate,find me the exchange rate between usd and cad,0.9603466987609863
38,38,exchange_rate,exchange_rate,what is the exchange rate between euros and pesos,0.9918319582939148
38,38,exchange_rate,exchange_rate,tell me the current exchange rate between cad and euros,0.9638745784759521
38,38,exchange_rate,exchange_rate,what is the present exchange rate between usd and british pound,0.967427134513855
38,38,exchange_rate,exchange_rate,convert 20 yen to dollars,0.9973758459091187
38,38,exchange_rate,exchange_rate,how many dollars can i get for 20 yen,0.989766538143158
38,38,exchange_rate,exchange_rate,how many dollars is 20 yen worth,0.9544259309768677
38,38,exchange_rate,exchange_rate,20 yen is how many dollars,0.967279314994812
38,38,exchange_rate,exchange_rate,20 yen equals how many dollars,0.9804303050041199
38,38,exchange_rate,exchange_rate,is $30 usd more or less in canada,0.2656420171260834
38,38,exchange_rate,exchange_rate,"in canadian dollars, what is $30",0.6512328386306763
38,38,exchange_rate,exchange_rate,what is the conversion of $30 in canadian dollars,0.7473814487457275
38,38,exchange_rate,exchange_rate,can you please convert $30 usd to canadian dollars,0.9607359170913696
38,38,exchange_rate,exchange_rate,how much is $30 usd in canadian dollar,0.8973827362060547
140,140,next_holiday,next_holiday,on what day is our next free day,0.881422221660614
140,140,next_holiday,next_holiday,on what day is our next day off,0.9739312529563904
140,140,next_holiday,next_holiday,what day is our next day off,0.9791759252548218
140,140,next_holiday,next_holiday,is our next day off soon,0.9825993776321411
140,140,next_holiday,next_holiday,do you know when our next day off is,0.975822925567627
140,140,next_holiday,next_holiday,when are we off work next,0.7365235686302185
140,140,next_holiday,next_holiday,when is the next day we have off,0.9885867238044739
140,140,next_holiday,next_holiday,when will our next day off be,0.993954598903656
140,42,next_holiday,oos,are there any holidays coming and when,0.46587300300598145
140,42,next_holiday,oos,how many holidays are there and when is the next one here,0.8215727210044861
140,42,next_holiday,oos,for the holidays when is the next one we do here,0.3451906442642212
140,140,next_holiday,next_holiday,what holiday is next and when,0.9508712291717529
140,140,next_holiday,next_holiday,how long before the next holiday here,0.8629568219184875
140,140,next_holiday,next_holiday,what's the wait period until the next day off,0.9755873084068298
140,140,next_holiday,next_holiday,when will my next vacation day be,0.9014627933502197
140,102,next_holiday,how_busy,how long do i have to wait to get a day off,0.5254670977592468
140,140,next_holiday,next_holiday,when's the next day off,0.9958337545394897
140,140,next_holiday,next_holiday,how many days left until the next day out of work,0.8759269714355469
140,140,next_holiday,next_holiday,tell me the next holiday,0.9809886813163757
140,140,next_holiday,next_holiday,tell me how long until the next day off,0.983336865901947
140,140,next_holiday,next_holiday,i got to know how long until the next day off,0.9660104513168335
140,140,next_holiday,next_holiday,i wanna know how long until the next day off,0.9782217741012573
140,140,next_holiday,next_holiday,i need to know how long until the next day off,0.9776924252510071
140,140,next_holiday,next_holiday,i wanna know the next holiday,0.9612864851951599
140,140,next_holiday,next_holiday,let me know how long until the next day off,0.9747356176376343
140,140,next_holiday,next_holiday,i wish to know the next holiday,0.9312532544136047
140,140,next_holiday,next_holiday,i must know the next holiday,0.9505630731582642
140,140,next_holiday,next_holiday,i would like to know the next holiday,0.9132684469223022
140,140,next_holiday,next_holiday,find the next holiday,0.9606983065605164
140,140,next_holiday,next_holiday,when is the soonest holiday,0.8785209059715271
150,150,change_volume,change_volume,turn volume up to 4,0.7885422110557556
150,150,change_volume,change_volume,adjust volume setting to 4,0.8700066804885864
150,150,change_volume,change_volume,keep volume at 4 all the time,0.509755551815033
150,150,change_volume,change_volume,put volume setting on number 4,0.8816829323768616
150,150,change_volume,change_volume,please make sure the volume stays at 4,0.9438705444335938
150,150,change_volume,change_volume,put the volume to 4,0.9897640943527222
150,150,change_volume,change_volume,volume to 4,0.9966026544570923
150,150,change_volume,change_volume,turn down your speaker,0.7247222661972046
150,119,change_volume,change_speed,decrease your decibel level,0.19699524343013763
150,147,change_volume,cancel,be more quiet,0.5972080230712891
150,150,change_volume,change_volume,please lower the sound,0.4791344404220581
150,119,change_volume,change_speed,speak up,0.5863209962844849
150,30,change_volume,no,not so loud,0.46193742752075195
150,147,change_volume,cancel,quieter please,0.5767095685005188
150,150,change_volume,change_volume,increase the volume,0.9986129999160767
150,150,change_volume,change_volume,turn up the volume,0.978062093257904
150,150,change_volume,change_volume,speak louder please,0.7485887408256531
150,150,change_volume,change_volume,please lower your volume,0.9500620365142822
150,150,change_volume,change_volume,louder please,0.7954752445220947
150,150,change_volume,change_volume,turn down the volume,0.9901002049446106
150,119,change_volume,change_speed,can you speak quieter,0.7485108971595764
150,150,change_volume,change_volume,turn to volume 4,0.9715194702148438
150,150,change_volume,change_volume,set 4 as the volume,0.9933931231498718
150,150,change_volume,change_volume,turn volume to 4,0.9973927736282349
150,150,change_volume,change_volume,volume 4 set,0.9961594343185425
150,150,change_volume,change_volume,volume set to 4,0.9636406898498535
150,150,change_volume,change_volume,i can't hear you and need you to turn up the volume,0.9375394582748413
150,150,change_volume,change_volume,turn up your speaker volume,0.8436620831489563
150,150,change_volume,change_volume,can you speak louder,0.3872734606266022
150,150,change_volume,change_volume,can you turn up the volume for your speaker,0.9747450351715088
57,57,who_do_you_work_for,who_do_you_work_for,who is in charge of you when you work,0.9680624008178711
57,96,who_do_you_work_for,who_made_you,who is responsible for your employment,0.8427371978759766
57,57,who_do_you_work_for,who_do_you_work_for,who do you report to for your work,0.981459379196167
57,57,who_do_you_work_for,who_do_you_work_for,let me know who your boss is,0.9489020109176636
57,57,who_do_you_work_for,who_do_you_work_for,i want to know who your boss is,0.961224377155304
57,57,who_do_you_work_for,who_do_you_work_for,would you let me know who your boss is,0.9388943314552307
57,57,who_do_you_work_for,who_do_you_work_for,i would like to know who your boss is,0.9418892860412598
57,57,who_do_you_work_for,who_do_you_work_for,are you my insubordinate,0.8018785119056702
57,42,who_do_you_work_for,oos,does someone else control you,0.36188414692878723
57,34,who_do_you_work_for,do_you_have_pets,do i own you,0.2674713730812073
57,57,who_do_you_work_for,who_do_you_work_for,what firm do you work for,0.9940529465675354
57,57,who_do_you_work_for,who_do_you_work_for,do you take your orders from me,0.2843394875526428
57,42,who_do_you_work_for,oos,do i control you,0.5833318829536438
57,57,who_do_you_work_for,who_do_you_work_for,am i in charge of you,0.23098069429397583
57,117,who_do_you_work_for,are_you_a_bot,is there another person that controls you,0.20733211934566498
57,57,who_do_you_work_for,who_do_you_work_for,who do you take your orders from,0.8910856246948242
57,57,who_do_you_work_for,who_do_you_work_for,would you consider someone else your boss,0.9729501605033875
57,57,who_do_you_work_for,who_do_you_work_for,do you take orders from someone else,0.6840334534645081
57,96,who_do_you_work_for,who_made_you,who controls you,0.9731423854827881
57,57,who_do_you_work_for,who_do_you_work_for,who's your boss,0.996399998664856
57,57,who_do_you_work_for,who_do_you_work_for,what company do you work for,0.9938700199127197
57,96,who_do_you_work_for,who_made_you,who employs you,0.9731423854827881
57,57,who_do_you_work_for,who_do_you_work_for,where do you work,0.6842664480209351
57,57,who_do_you_work_for,who_do_you_work_for,who is it that you work for,0.9854078888893127
57,57,who_do_you_work_for,who_do_you_work_for,whom do you work for,0.991089940071106
57,57,who_do_you_work_for,who_do_you_work_for,who is your job with,0.5909671187400818
57,57,who_do_you_work_for,who_do_you_work_for,what company are you employed by,0.90492844581604
57,57,who_do_you_work_for,who_do_you_work_for,what is the name of the place you work at,0.22843191027641296
57,57,who_do_you_work_for,who_do_you_work_for,what's your boss's name,0.8868900537490845
57,96,who_do_you_work_for,who_made_you,who can i talk to above you,0.11711125820875168
41,42,credit_limit,oos,what's the most i can charge on my card,0.22045904397964478
41,41,credit_limit,credit_limit,how much do i have available on my visa card,0.5993236899375916
41,41,credit_limit,credit_limit,what is my visa credit limit,0.9862491488456726
41,41,credit_limit,credit_limit,how much of a credit limit does visa allow,0.8860109448432922
41,41,credit_limit,credit_limit,is there a substantial credit limit on my visa,0.8373225331306458
41,41,credit_limit,credit_limit,as my visa got a high enough limit on it,0.5125256180763245
41,69,credit_limit,credit_score,what is my credit max,0.7205162048339844
41,41,credit_limit,credit_limit,what is my credit card spending limit,0.9775362610816956
41,41,credit_limit,credit_limit,what's my daily spending limit,0.9858140349388123
41,41,credit_limit,credit_limit,tell me my credit limit,0.9844416975975037
41,41,credit_limit,credit_limit,how much credit do i have on my discover card,0.8084369897842407
41,41,credit_limit,credit_limit,do i have a monthly spending limit,0.8110648989677429
41,41,credit_limit,credit_limit,what's the limit on my discover card,0.9142650961875916
41,41,credit_limit,credit_limit,is there a spending limit,0.807176411151886
41,41,credit_limit,credit_limit,what is my credit limit on my discover,0.9900222420692444
41,41,credit_limit,credit_limit,what's my spending limit on my discover,0.9875854253768921
41,41,credit_limit,credit_limit,how much is my maximum to spend on credit cards,0.5325168371200562
41,41,credit_limit,credit_limit,what's my discover credit limit,0.9622058868408203
41,41,credit_limit,credit_limit,how much can i use on my visa,0.5936867594718933
41,41,credit_limit,credit_limit,my visa has what limit,0.865382730960846
41,41,credit_limit,credit_limit,tell me my visa limit,0.9632570743560791
41,41,credit_limit,credit_limit,look up how high my visa limit is,0.8470126986503601
41,41,credit_limit,credit_limit,what is the limit on my visa,0.979866623878479
41,41,credit_limit,credit_limit,what is my state bank of india card credit limit,0.9413003325462341
41,41,credit_limit,credit_limit,calculate the limit i have available for spending on my natwest card,0.7691479325294495
41,41,credit_limit,credit_limit,tell me my hsbc card credit limit,0.9825683832168579
41,41,credit_limit,credit_limit,what's the spending limit on my lloyds card,0.9888523817062378
41,41,credit_limit,credit_limit,i need you to tell me the credit limit for my republic bank card,0.8505639433860779
41,41,credit_limit,credit_limit,how high is my credit limit,0.9885586500167847
41,41,credit_limit,credit_limit,i want to know my credit limit,0.96651691198349
102,102,how_busy,how_busy,is the resataurant busy at 5:00 pm,0.9136555790901184
102,102,how_busy,how_busy,how busy is the cafe at 7:00,0.9863779544830322
102,102,how_busy,how_busy,would tio's be crowded at 7,0.9131411910057068
102,23,how_busy,restaurant_reservation,can i get a table for four at 8:00,0.9117359519004822
102,42,how_busy,oos,is the friday's full after 4,0.19705887138843536
102,102,how_busy,how_busy,how long is the wait at fridays,0.987500786781311
102,102,how_busy,how_busy,is the mexican place crowded at night,0.49099698662757874
102,23,how_busy,restaurant_reservation,are cool people at the bar at 9:00 pm,0.6577488780021667
102,42,how_busy,oos,what is the best time to go to get a burger without a line,0.34425580501556396
102,102,how_busy,how_busy,how long before i can eat at chic fil a,0.39458027482032776
102,102,how_busy,how_busy,how long to be seated at carrabas,0.9367105960845947
102,102,how_busy,how_busy,is the wait at pizza hut long,0.9154055714607239
102,54,how_busy,food_last,is the breakfast place full in the mornings,0.1822696477174759
102,102,how_busy,how_busy,is the wait more than an hour at the italian place,0.5531453490257263
102,102,how_busy,how_busy,tell me how busy red robin is at 5 pm,0.9179818630218506
102,102,how_busy,how_busy,i wanna know how busy denny's is at 5 am,0.8681064248085022
102,102,how_busy,how_busy,i need to know how busy denny's is at 6 am,0.8458167910575867
102,102,how_busy,how_busy,how busy is red robin around 5 pm,0.9900839328765869
102,102,how_busy,how_busy,so how busy is the outback steakhouse at 5 pm,0.9224696755409241
102,102,how_busy,how_busy,tell me mr joes pizza average wait time,0.554114043712616
102,46,how_busy,meal_suggestion,is mr joes pizza available for a seating,0.16561220586299896
102,102,how_busy,how_busy,does mr joes pizza usually have a long wait,0.5870290994644165
102,42,how_busy,oos,can you find out the waiting times for mr joes pizza,0.07956088334321976
102,102,how_busy,how_busy,what's the typical wait time for mr joes pizza,0.4975023567676544
102,102,how_busy,how_busy,how busy is cheesecake factory right now,0.887721061706543
102,102,how_busy,how_busy,how long is the wait at cheesecake factory,0.9797779321670532
102,102,how_busy,how_busy,how long will i have to wait at cheesecake factory,0.987200140953064
102,102,how_busy,how_busy,is cheesecake factory busy right now,0.5214641094207764
102,102,how_busy,how_busy,check how busy cheesecake factory is,0.7964993715286255
102,102,how_busy,how_busy,is there a long wait at chili's around 5:00,0.9966614246368408
9,9,accept_reservations,accept_reservations,can i do a reservation at sammy's crab shack,0.47406861186027527
9,9,accept_reservations,accept_reservations,does bill's house of chop suey accept reservations,0.9438984990119934
9,9,accept_reservations,accept_reservations,check if bj's takes reservations,0.9399473667144775
9,9,accept_reservations,accept_reservations,does bj's take reservations,0.9997161030769348
9,9,accept_reservations,accept_reservations,will bj's take reservations,0.9978600144386292
9,9,accept_reservations,accept_reservations,do you know if i can make reservations at bj's,0.9879706501960754
9,9,accept_reservations,accept_reservations,tell me if the new york restaurant takes reservations,0.8584719300270081
9,23,accept_reservations,restaurant_reservation,can i reserve tables at the new york restaurant,0.335216760635376
9,9,accept_reservations,accept_reservations,i want to know if the new york restaurant takes reservations,0.7885363101959229
9,9,accept_reservations,accept_reservations,does the new york restaurant take reservations,0.949981153011322
9,9,accept_reservations,accept_reservations,is it possible to make reservations at the new york restaurant,0.886054277420044
9,9,accept_reservations,accept_reservations,do you have any idea if the flying wing does reservations,0.6640344858169556
9,9,accept_reservations,accept_reservations,does village inn let you make reservations,0.8716128468513489
9,9,accept_reservations,accept_reservations,is it possible to get reservations at ihop,0.8679363131523132
9,23,accept_reservations,restaurant_reservation,is it possible to reserve a table at white castle,0.5867449641227722
9,23,accept_reservations,restaurant_reservation,do you think they'll let me reserve a table at the olive garden,0.6472141146659851
9,9,accept_reservations,accept_reservations,do they take reservations at applebeesi,0.9940390586853027
9,9,accept_reservations,accept_reservations,does applebees do reservations,0.9891440272331238
9,9,accept_reservations,accept_reservations,can applebees take reservations,0.9965509176254272
9,9,accept_reservations,accept_reservations,can i get reservations at applebees,0.9426230192184448
9,9,accept_reservations,accept_reservations,does applebees take reservations,0.9985876083374023
9,9,accept_reservations,accept_reservations,tell me if taco bell takes reservations,0.8761047124862671
9,9,accept_reservations,accept_reservations,any clue as to if taco bell takes reservations,0.5904746651649475
9,9,accept_reservations,accept_reservations,do you know if taco bell takes reservations,0.8942652940750122
9,9,accept_reservations,accept_reservations,any idea as to if taco bell takes reservations,0.5295917987823486
9,9,accept_reservations,accept_reservations,do you know if l'arpege will ask for reservations,0.776086688041687
9,9,accept_reservations,accept_reservations,will we have to make reservations for roca,0.537663996219635
9,9,accept_reservations,accept_reservations,does osteria francescana take reservations,0.9997161030769348
9,9,accept_reservations,accept_reservations,do you have any idea if central needs reservations,0.30449986457824707
9,9,accept_reservations,accept_reservations,eleven madison park takes reservations right,0.7851621508598328
84,84,order_status,order_status,where is my order now,0.9815002679824829
84,84,order_status,order_status,tell me all updates about my order's status,0.9238394498825073
84,84,order_status,order_status,is my order on its way or what's going on,0.8633552193641663
84,84,order_status,order_status,how is my order doing right now,0.8094242215156555
84,84,order_status,order_status,locate my package,0.9843304753303528
84,84,order_status,order_status,can you monitor my package's progress,0.9781937599182129
84,84,order_status,order_status,track my order,0.9929614663124084
84,84,order_status,order_status,tell me where my package is currently,0.9296376705169678
84,84,order_status,order_status,where is my package en route,0.9784137010574341
84,84,order_status,order_status,give me the status of my order,0.9916382431983948
84,84,order_status,order_status,when will i get my order,0.9178289771080017
84,84,order_status,order_status,tell me where my order is,0.9652634859085083
84,84,order_status,order_status,what is the status of the order i placed with you yesterday,0.8932292461395264
84,84,order_status,order_status,what's the updated status of my order,0.9884524941444397
84,115,order_status,what_can_i_ask_you,can you help with delivery tracking,0.14348751306533813
84,16,order_status,order,i need a delivery tracked,0.04705789312720299
84,84,order_status,order_status,i need to track my order,0.9463533759117126
84,16,order_status,order,i placed an order and i need it tracked,0.5772267580032349
84,16,order_status,order,could you track an order for me,0.8440799117088318
84,84,order_status,order_status,has my package been sent,0.9854878783226013
84,84,order_status,order_status,what time is my package getting here,0.7051793336868286
84,84,order_status,order_status,how's my amazon order doing,0.48199060559272766
84,84,order_status,order_status,i need to track a package,0.6238255500793457
84,84,order_status,order_status,i want to track a package i should be getting,0.20751191675662994
84,84,order_status,order_status,please track my order,0.9877460598945618
84,80,order_status,flight_status,can you tell me when my item will get here,0.2525748908519745
84,122,order_status,w2,can you tell me where my item is,0.4679472744464874
84,84,order_status,order_status,what's up with my order,0.6766316890716553
84,84,order_status,order_status,are they any updates on my order,0.8861419558525085
84,84,order_status,order_status,i need to track the status of my order,0.9861711859703064
89,89,pin_change,pin_change,i'm struggling to remind myself the pin number to my card,0.7184984683990479
89,89,pin_change,pin_change,i'm having trouble remembering the pin number to my card,0.6655205488204956
89,89,pin_change,pin_change,the pin number to my card has been forgotten,0.5006759762763977
89,89,pin_change,pin_change,i don't remember the pin number to my card,0.8588032126426697
89,89,pin_change,pin_change,i do not recall the pin number to my card,0.6104490160942078
89,89,pin_change,pin_change,i would like to change the name on my checking account,0.379163533449173
89,109,pin_change,credit_limit_change,i would like to change the name on my credit card account,0.3435366749763489
89,144,pin_change,change_user_name,i would like to change the name on my first hawaiian bank account,0.24743929505348206
89,144,pin_change,change_user_name,i would like to change the name on my first bankcard account,0.4164121747016907
89,144,pin_change,change_user_name,i would like to change the name on my capital one account,0.35336101055145264
89,89,pin_change,pin_change,change the pin on my savings account to 1234,0.9952282905578613
89,89,pin_change,pin_change,i want to change my savings account pin to 1234,0.9828168153762817
89,89,pin_change,pin_change,make 1234 a new pin for my savings account,0.9803017973899841
89,89,pin_change,pin_change,make 1234 the pin on my savings account,0.9842472076416016
89,89,pin_change,pin_change,can you make 1234 the pin for my savings account,0.9759151935577393
89,89,pin_change,pin_change,make my pin 1234 for my checking account,0.9927484393119812
89,89,pin_change,pin_change,go my to checking account and switch my pin to 1234,0.9669321179389954
89,89,pin_change,pin_change,access my checking account and update my pin to 1234,0.9643951654434204
89,89,pin_change,pin_change,correct my account pin to 1234 on my checking account,0.9533969759941101
89,89,pin_change,pin_change,modify my account pin to 1234 on my checking account,0.9387010335922241
89,89,pin_change,pin_change,tell me the pin number for my checking account,0.9931517839431763
89,89,pin_change,pin_change,please give me the pin number for my checking account,0.986295759677887
89,89,pin_change,pin_change,i need the pin number for my checking account,0.9945873022079468
89,89,pin_change,pin_change,does my checking account have a pin number,0.9644441604614258
89,89,pin_change,pin_change,what's the pin number for my checking account,0.9946684241294861
89,89,pin_change,pin_change,change the code of my savings account to be 1234,0.5589542388916016
89,89,pin_change,pin_change,alter the pin on my savings account to be 1234,0.981957197189331
89,89,pin_change,pin_change,what exactly is my pin,0.6423851251602173
89,89,pin_change,pin_change,how do i change the account pin number for me,0.9603227972984314
89,89,pin_change,pin_change,please tell me how do i change the account pin number,0.9539040923118591
114,82,goodbye,greeting,good speaking to you,0.3397524654865265
114,114,goodbye,goodbye,it was really awesome to talk to you,0.9100576043128967
114,114,goodbye,goodbye,it was great to speak with you,0.9511407017707825
114,114,goodbye,goodbye,it was great to talk to you,0.9714469909667969
114,114,goodbye,goodbye,bye bye then,0.9667020440101624
114,114,goodbye,goodbye,it was very good to talk to you,0.9028606414794922
114,114,goodbye,goodbye,good bye then,0.9334586262702942
114,114,goodbye,goodbye,bye,0.9667020440101624
114,82,goodbye,greeting,regards,0.054675690829753876
114,114,goodbye,goodbye,catch you later,0.9311597943305969
114,124,goodbye,thank_you,"great talk, thanks",0.9108706116676331
114,114,goodbye,goodbye,later,0.951695442199707
114,114,goodbye,goodbye,goodbye,0.9721706509590149
114,114,goodbye,goodbye,see you later,0.9823921322822571
114,114,goodbye,goodbye,"enjoy your day, goodbye",0.48247474431991577
114,124,goodbye,thank_you,thank you goodbye,0.9177427291870117
114,114,goodbye,goodbye,"have a good day, bye",0.8683161735534668
114,107,goodbye,yes,that will be all have a nice day!,0.1880999505519867
114,114,goodbye,goodbye,"i enjoyed talking to you, bye",0.9765684604644775
114,114,goodbye,goodbye,it was great talking to you,0.984633207321167
114,114,goodbye,goodbye,nice seeing you bye,0.970556914806366
114,114,goodbye,goodbye,it was nice to chat,0.9504243731498718
114,114,goodbye,goodbye,it was a pleasure talking to you,0.9724904298782349
114,114,goodbye,goodbye,ok good chatting goodbye,0.8930081725120544
114,114,goodbye,goodbye,thanks bye bye!,0.9644721150398254
114,114,goodbye,goodbye,"that's all i need, i'm going now",0.531611979007721
114,114,goodbye,goodbye,"talk to you soon, bye!",0.9687055945396423
114,124,goodbye,thank_you,"thanks for your help, goodbye!",0.9734169840812683
114,114,goodbye,goodbye,good bye,0.9334586262702942
114,140,goodbye,next_holiday,signing off,0.2711779773235321
2,2,account_blocked,account_blocked,why is my bank account locked,0.9960777163505554
2,2,account_blocked,account_blocked,how do i unlock my bank account,0.7803403735160828
2,2,account_blocked,account_blocked,can you unlock my bank account,0.7253816723823547
2,2,account_blocked,account_blocked,how did my bank account get frozen,0.8289279341697693
2,2,account_blocked,account_blocked,can you help me unlock my bank account,0.8654104471206665
2,2,account_blocked,account_blocked,call my bank and ask them why my account is frozen,0.9492515325546265
2,2,account_blocked,account_blocked,check with my bank to see why my account is frozen,0.9575275778770447
2,2,account_blocked,account_blocked,do you know why my bank account is frozen,0.9913922548294067
2,2,account_blocked,account_blocked,why did my bank place a hold on my bank account,0.9675499796867371
2,2,account_blocked,account_blocked,are there any problems with my bank account,0.7667036652565002
2,2,account_blocked,account_blocked,did someone who is unauthorized try to get into my bank account,0.7704054117202759
2,2,account_blocked,account_blocked,how can i unfreeze my bank account,0.7556557655334473
2,2,account_blocked,account_blocked,why is there a stop on my deposit account,0.7145501375198364
2,2,account_blocked,account_blocked,why can't i use my money market account,0.2504121661186218
2,2,account_blocked,account_blocked,why is there a delay on my checking account,0.936712384223938
2,2,account_blocked,account_blocked,why is my checking account not working,0.8342211842536926
2,20,account_blocked,freeze_account,what could cause a hold on my savings account,0.4590335190296173
2,2,account_blocked,account_blocked,what caused a hold on my us bank account,0.9263759255409241
2,2,account_blocked,account_blocked,can you check and see why us bank put a hold on my account,0.7559695839881897
2,2,account_blocked,account_blocked,why does us bank have a hold on my account,0.9821534752845764
2,20,account_blocked,freeze_account,reasons that us bank would place a hold on my account,0.7796374559402466
2,2,account_blocked,account_blocked,check to see why us bank placed a hold on my account,0.952572226524353
2,2,account_blocked,account_blocked,"is there a problem with my account, it appears to be blocked",0.7373125553131104
2,2,account_blocked,account_blocked,"what is up with my account, why is it blocked",0.8948512673377991
2,2,account_blocked,account_blocked,there seems to be an issue with my account,0.5674682855606079
2,2,account_blocked,account_blocked,can you help me unblock my account,0.638092577457428
2,2,account_blocked,account_blocked,"can you check what the problem with my account is, it seems to b e blocked",0.4475557804107666
2,20,account_blocked,freeze_account,is there a reason you put a hold on my chase account,0.4792383909225464
2,2,account_blocked,account_blocked,why can't i access my chase account,0.7580985426902771
2,2,account_blocked,account_blocked,how come my chase account has a hold on it,0.8481062650680542
21,21,what_song,what_song,i'd like to know what song this is,0.9810183048248291
21,21,what_song,what_song,what is this song name,0.9951596856117249
21,21,what_song,what_song,i need to know this song,0.8704205751419067
21,21,what_song,what_song,what is the name of this song that's on right now,0.9912399649620056
21,21,what_song,what_song,i need to know the title of this song,0.9874345660209656
21,21,what_song,what_song,find out what song is currently on the speakers,0.84732985496521
21,21,what_song,what_song,look up the name of this song,0.978714644908905
21,21,what_song,what_song,can you identify this song for me,0.6900768876075745
21,21,what_song,what_song,tell me what this song is called,0.9845082759857178
21,21,what_song,what_song,please identify the song we're currently listening to,0.7404593229293823
21,21,what_song,what_song,what is the title of the song we're listening to right now,0.9816415309906006
21,21,what_song,what_song,look up the song that's on right now,0.4365360140800476
21,21,what_song,what_song,can you identify this song that's playing,0.8984540700912476
21,21,what_song,what_song,find out what song this is,0.914454460144043
21,21,what_song,what_song,i need to know what song this is that we're listening to,0.9873471260070801
21,21,what_song,what_song,tell me the song that is currently playing,0.9790663123130798
21,21,what_song,what_song,can you identify this song playing through the speaker right now,0.8679345846176147
21,21,what_song,what_song,tell me what this song is called that's playing,0.9945026636123657
21,21,what_song,what_song,what is the title of this song,0.9962263107299805
21,21,what_song,what_song,what is this song called,0.9800000190734863
21,21,what_song,what_song,what song is currently playing,0.983646810054779
21,21,what_song,what_song,what is the information on this song,0.8692649006843567
21,21,what_song,what_song,what song is this one,0.9377450942993164
21,21,what_song,what_song,on the speaker do you know what song is on,0.8280596137046814
21,21,what_song,what_song,on the speaker what song is playing,0.9901325702667236
21,21,what_song,what_song,do you know what song is playing on the speaker,0.9849158525466919
21,21,what_song,what_song,at the moment what song is playing on the speaker,0.96341472864151
21,21,what_song,what_song,what is playing on the speaker at the moment,0.7341509461402893
21,10,what_song,smart_home,who is the singer on the speaker now,0.6129506826400757
21,106,what_song,play_music,what kind of music on the speaker now,0.18910406529903412
137,137,international_fees,international_fees,will i be charged transaction fees if i use my american card internationally,0.9889128804206848
137,137,international_fees,international_fees,will i incur transaction fees if i use my american card internationally,0.9854025840759277
137,137,international_fees,international_fees,do i have transaction fees if i use my american card internationally,0.9782462120056152
137,137,international_fees,international_fees,could you find out if my bank charges transaction fees on my american card if use internationally,0.7545092105865479
137,137,international_fees,international_fees,will the bank charge transaction fees if i use my american card internationally,0.9701747298240662
137,137,international_fees,international_fees,do i get charged extra for using my card in portland,0.9073957800865173
137,137,international_fees,international_fees,will i get charged for using my credit card in portland,0.7696188688278198
137,137,international_fees,international_fees,if i'm in portland can i still use my card without getting charged extra,0.45553308725357056
137,137,international_fees,international_fees,is there a fee for using my card in portland,0.981918215751648
137,137,international_fees,international_fees,does using my card in portland charge me extra,0.9269165992736816
137,137,international_fees,international_fees,what are the transaction fees associated with my discover card if i am in rome,0.9500643014907837
137,137,international_fees,international_fees,how many transaction fees are there when i use my discover card in rome,0.9815078377723694
137,137,international_fees,international_fees,are there transaction fees for discover cards used in rome,0.9154762625694275
137,137,international_fees,international_fees,will using a discover card in rome cause transaction fees,0.9859463572502136
137,137,international_fees,international_fees,do i have transaction fees when i use my discover card in rome,0.9725149869918823
137,137,international_fees,international_fees,are there transaction fees using my discover if i'm in cuba,0.987650990486145
137,137,international_fees,international_fees,when i go to cuba will there be a transaction fee for using my discover card,0.8147119283676147
137,137,international_fees,international_fees,is there a fee to use my card in france,0.9532558917999268
137,137,international_fees,international_fees,will i be charged a transaction fee on my discover card in cuba,0.8712822794914246
137,137,international_fees,international_fees,is there a charge to use my card in france,0.92021244764328
137,137,international_fees,international_fees,if i use my discover card in cuba are there transaction fees,0.9978227615356445
137,137,international_fees,international_fees,are there transaction fees in cuba for using my discover card,0.9926689863204956
137,137,international_fees,international_fees,so i get charged if i use my card in france,0.9463326930999756
137,137,international_fees,international_fees,is there an international charge for using my card in france,0.9727845191955566
137,137,international_fees,international_fees,is there a fee if i use my card in france,0.9832632541656494
137,137,international_fees,international_fees,is there a charge to use my card in croatia,0.9386274218559265
137,137,international_fees,international_fees,"in x, will i be charged to use my card",0.7636914253234863
137,137,international_fees,international_fees,"in x, what is the charge if i use my card",0.8570711612701416
137,137,international_fees,international_fees,"if i use my card in x, will there be a charge",0.9748837947845459
137,137,international_fees,international_fees,will it cost me anything to use my card in turin,0.6419941782951355
37,37,last_maintenance,last_maintenance,what was the date of my last car appointment,0.935630202293396
37,37,last_maintenance,last_maintenance,was my car in the shop this past week,0.947144091129303
37,37,last_maintenance,last_maintenance,how many weeks ago was my car in the shop,0.8759548664093018
37,37,last_maintenance,last_maintenance,did i get my car inspected recently,0.27981942892074585
37,37,last_maintenance,last_maintenance,i cannot remember when i last took my car to the shop,0.9640081524848938
37,37,last_maintenance,last_maintenance,did i bring my car to the shop last week,0.9393305778503418
37,37,last_maintenance,last_maintenance,when did i get my car inspected last,0.9397974014282227
37,37,last_maintenance,last_maintenance,give me the date that i last got my car checked,0.7268359065055847
37,37,last_maintenance,last_maintenance,did i take my car to the mechanics recently,0.6139925122261047
37,37,last_maintenance,last_maintenance,tell me when i got my car checked last,0.8794124126434326
37,37,last_maintenance,last_maintenance,when did i last take my car to the shop,0.9942086935043335
37,37,last_maintenance,last_maintenance,give me an exact date of when i took my car to the mechanic,0.8044544458389282
37,37,last_maintenance,last_maintenance,remind me of the last date that i got my car checked,0.5867362022399902
37,37,last_maintenance,last_maintenance,when was my last visit to the car shop,0.9281864762306213
37,37,last_maintenance,last_maintenance,when was my car last in the shop,0.9917821884155273
37,37,last_maintenance,last_maintenance,how long ago did i take my car to the shop,0.9250191450119019
37,37,last_maintenance,last_maintenance,how long has it been since i last took my car to the shop,0.9802114963531494
37,37,last_maintenance,last_maintenance,when did i take my car to the shop last,0.9940949082374573
37,37,last_maintenance,last_maintenance,give me the date of my last oil change,0.9235695600509644
37,37,last_maintenance,last_maintenance,tell me when i last had my oil changed,0.8994492292404175
37,37,last_maintenance,last_maintenance,when was my oil last changed,0.8718147277832031
37,37,last_maintenance,last_maintenance,what day did i last take my car to the shop,0.9865450263023376
37,123,last_maintenance,oil_change_when,have i recently had an oil change,0.50760817527771
37,37,last_maintenance,last_maintenance,what was the date of the last time i took my car to the shop,0.9905956983566284
37,37,last_maintenance,last_maintenance,what day did i last take my car in,0.9546178579330444
37,37,last_maintenance,last_maintenance,tell me when my last oil change was,0.9409211277961731
37,123,last_maintenance,oil_change_when,i last got my oil changed when,0.6481859683990479
37,37,last_maintenance,last_maintenance,what day did i last have the oil in my car changed,0.9747262597084045
37,37,last_maintenance,last_maintenance,what was the date of my last oil change,0.9813569784164429
37,37,last_maintenance,last_maintenance,i'd like to know the last time my car got looked at,0.8379724025726318
19,19,meeting_schedule,meeting_schedule,are there meetings scheduled for today,0.9847742915153503
19,19,meeting_schedule,meeting_schedule,check today's calendar for meetings,0.8891061544418335
19,19,meeting_schedule,meeting_schedule,check my schedule for meetings today,0.9143794775009155
19,19,meeting_schedule,meeting_schedule,list meetings on calendar for today,0.9055848121643066
19,19,meeting_schedule,meeting_schedule,exactly what time is my meeting with robin scheduled for on,0.9360546469688416
19,19,meeting_schedule,meeting_schedule,for what time is my meeting with marketing scheduled,0.9373008012771606
19,19,meeting_schedule,meeting_schedule,what time is my meeting with design team scheduled for,0.9338881373405457
19,19,meeting_schedule,meeting_schedule,when is my meeting with infrastructure,0.9932013154029846
19,19,meeting_schedule,meeting_schedule,when is my meeting with invoicing scheduled,0.9949239492416382
19,19,meeting_schedule,meeting_schedule,is the meeting with lisa today,0.9549291133880615
19,19,meeting_schedule,meeting_schedule,are there meetings from 1 to 5 pm,0.3187648355960846
19,18,meeting_schedule,schedule_meeting,when for i meet jane for our meeting,0.5198830366134644
19,19,meeting_schedule,meeting_schedule,tell me if i have a meeting with liz today,0.9351108074188232
19,19,meeting_schedule,meeting_schedule,is there a meeting with sam today,0.6581975221633911
19,19,meeting_schedule,meeting_schedule,do i have a meeting with paul today,0.9809539318084717
19,19,meeting_schedule,meeting_schedule,is there any meetings from 5 to 6 pm,0.634970486164093
19,19,meeting_schedule,meeting_schedule,when is my meeting with jim scheduled for,0.9863141775131226
19,19,meeting_schedule,meeting_schedule,are there any meetings between 2 and 5 pm,0.8476381897926331
19,19,meeting_schedule,meeting_schedule,is it possible i have a meeting with kim today,0.8874869346618652
19,19,meeting_schedule,meeting_schedule,my meeting with alice is scheduled for when,0.9618383646011353
19,19,meeting_schedule,meeting_schedule,when is my meeting with jack for,0.9760141968727112
19,19,meeting_schedule,meeting_schedule,when is my meeting with ann,0.982804536819458
19,19,meeting_schedule,meeting_schedule,do i have any meetings between 1 and 8 pm,0.9896429181098938
19,19,meeting_schedule,meeting_schedule,i need to know if i have meetings from 3 to 6 pm,0.3562130033969879
19,19,meeting_schedule,meeting_schedule,do i have any meetings scheduled today,0.99406498670578
19,19,meeting_schedule,meeting_schedule,give me a summary of today's meetings,0.9729137420654297
19,19,meeting_schedule,meeting_schedule,tell me when today's meeting is supposed to happen,0.8319591879844666
19,19,meeting_schedule,meeting_schedule,what time is today's meeting,0.6433719992637634
19,19,meeting_schedule,meeting_schedule,check the start time of the meeting scheduled for today,0.9550648927688599
19,19,meeting_schedule,meeting_schedule,am i supposed to attend any meetings today,0.9318878054618835
112,112,ingredients_list,ingredients_list,what food do you need to make lasagna,0.6827163100242615
112,112,ingredients_list,ingredients_list,what ingredients do you need to make lasagna,0.991756796836853
112,112,ingredients_list,ingredients_list,what ingredients are needed to make lasgana,0.997776448726654
112,112,ingredients_list,ingredients_list,what is needed to make lasagna,0.660480260848999
112,112,ingredients_list,ingredients_list,what is needed to cook lasagna,0.2759457230567932
112,104,ingredients_list,recipe,give me a recipe for tacos,0.9778287410736084
112,112,ingredients_list,ingredients_list,what ingredients are in tacos,0.9816319942474365
112,60,ingredients_list,calendar,tell me what's in tacos,0.0628427118062973
112,104,ingredients_list,recipe,what's a good recipe foe tacos,0.6504076719284058
112,112,ingredients_list,ingredients_list,tell me the ingredients for making tom yum,0.7488428354263306
112,112,ingredients_list,ingredients_list,i want to know the ingredients for making pizza,0.730143666267395
112,112,ingredients_list,ingredients_list,let me know the ingredients i will need for pasta making,0.6897789835929871
112,112,ingredients_list,ingredients_list,what ingredients are necessary to make spaghetti carbonara,0.9911178946495056
112,112,ingredients_list,ingredients_list,what do i need to use to make lasagna,0.9207649827003479
112,112,ingredients_list,ingredients_list,how much flour do i need for a strawberry cake,0.12457552552223206
112,104,ingredients_list,recipe,tell me the ingredients to make an apple pie,0.5118823051452637
112,112,ingredients_list,ingredients_list,what ingredients are in beef jerkey,0.9873684048652649
112,112,ingredients_list,ingredients_list,what ingredients does agor agor need,0.9979485869407654
112,112,ingredients_list,ingredients_list,what do i need to make authentic kimchi,0.9791461229324341
112,112,ingredients_list,ingredients_list,what do i need to make macaroni,0.9493747353553772
112,112,ingredients_list,ingredients_list,what do i need to buy for spaghetti,0.4546511769294739
112,60,ingredients_list,calendar,what am i gonna need for sushi,0.06306006759405136
112,112,ingredients_list,ingredients_list,what ingredients do i use for pork belly,0.9260110259056091
112,112,ingredients_list,ingredients_list,what ingredients are in filet mignon,0.9935830235481262
112,112,ingredients_list,ingredients_list,let me know what ingredients i need to make pasta,0.974197506904602
112,112,ingredients_list,ingredients_list,what do i need to make pasta,0.9402021765708923
112,112,ingredients_list,ingredients_list,give me a list of ingredients for making pasta,0.6315345168113708
112,104,ingredients_list,recipe,pull up everything i need to make a pasta dish,0.43494606018066406
112,112,ingredients_list,ingredients_list,tell me all the things i need to buy to make pasta,0.39586180448532104
112,112,ingredients_list,ingredients_list,what do i need to make brownies,0.9582830667495728
70,70,report_fraud,report_fraud,i want to report fraudulent activity on my navy federal card,0.9908691644668579
70,70,report_fraud,report_fraud,i would like to report fraudulent activity on my chase card,0.9922034740447998
70,70,report_fraud,report_fraud,i need to report fraudulent activity on my usaa card,0.9888314008712769
70,70,report_fraud,report_fraud,i have to report fraudulent activity on my bank of the west card,0.9791282415390015
70,70,report_fraud,report_fraud,i have to report fraudulent activity the bank of america card,0.9490303993225098
70,70,report_fraud,report_fraud,i seem to have a purchase that i didn't make from olive garden on my account,0.5502191185951233
70,16,report_fraud,order,my online bill has some items that i didn't purchase from penneys,0.28110918402671814
70,70,report_fraud,report_fraud,my account shows a transaction that i didn't make from foot locker,0.8598759770393372
70,16,report_fraud,order,my bill shows a purchase from payless shoes but i didn't buy anything,0.48748981952667236
70,70,report_fraud,report_fraud,i have some charges on my account from old navy that aren't mine,0.7848881483078003
70,70,report_fraud,report_fraud,this charge is bs,0.24130341410636902
70,70,report_fraud,report_fraud,i have a bogus transaction from amazon on my account,0.8673600554466248
70,70,report_fraud,report_fraud,i have a fraudulent buy from dave's video on my account,0.8632338643074036
70,70,report_fraud,report_fraud,i have a crap transaction from guitar center on my account,0.8903322219848633
70,70,report_fraud,report_fraud,i think this transaction is bogus,0.6767091751098633
70,121,report_fraud,maybe,i don't remember buying this,0.12879641354084015
70,70,report_fraud,report_fraud,i have a bs transaction from ebay on my account,0.8903322219848633
70,70,report_fraud,report_fraud,i've got a fraudulent purchase from kayak on my account,0.9087038636207581
70,70,report_fraud,report_fraud,do i have a fraudulent transaction on my account,0.988243818283081
70,70,report_fraud,report_fraud,i'm pretty sure i have a fraudulent transaction on my account,0.9907171130180359
70,70,report_fraud,report_fraud,there's a false charge on my account from mcdonald's,0.760748565196991
70,70,report_fraud,report_fraud,i think there's a fraudulent charge from mcdonald's on my account,0.9905361533164978
70,2,report_fraud,account_blocked,i think someone jacked my bank account,0.5360612273216248
70,70,report_fraud,report_fraud,i saw suspicious activity on my bank account,0.5355677008628845
70,70,report_fraud,report_fraud,someone else used my account to buy stuff from mcdonald's,0.26596006751060486
70,70,report_fraud,report_fraud,there's a messed up transaction on my account from mcdonald's,0.7799593806266785
70,70,report_fraud,report_fraud,i saw a fraudulent transaction,0.992265522480011
70,70,report_fraud,report_fraud,i have a false charge on my account from mcdonald's,0.7037655115127563
70,70,report_fraud,report_fraud,who do i contact to report fraud on my visa,0.9043949842453003
70,103,report_fraud,application_status,there has been unauthorized use of my visa,0.19621692597866058
31,31,measurement_conversion,measurement_conversion,how many teaspoons will make one tablespoon,0.7236150503158569
31,31,measurement_conversion,measurement_conversion,i need the conversion between a cup and a tablespoon,0.49213629961013794
31,31,measurement_conversion,measurement_conversion,inform me how many pounds are in 10 kilos,0.9620581269264221
31,31,measurement_conversion,measurement_conversion,i wanna know how many pounds are in 10 kilos,0.9751670360565186
31,31,measurement_conversion,measurement_conversion,how do you convert kilos to pounds,0.987993597984314
31,31,measurement_conversion,measurement_conversion,how many teaspoons is one tablespoon,0.7041325569152832
31,31,measurement_conversion,measurement_conversion,i need to convert kilos to pounds,0.838878333568573
31,31,measurement_conversion,measurement_conversion,i need to know the conversion between teaspoons and tablespoons,0.8346124291419983
31,31,measurement_conversion,measurement_conversion,how many pounds are in 10 kilos,0.9882524609565735
31,31,measurement_conversion,measurement_conversion,can you assist me to convert kilos to pounds,0.5064303874969482
31,31,measurement_conversion,measurement_conversion,let me know how many pounds are in 10 kilos,0.9425905346870422
31,31,measurement_conversion,measurement_conversion,give me the conversion between ounces and cups,0.8796412944793701
31,31,measurement_conversion,measurement_conversion,help me convert kilos to pounds,0.8720614910125732
31,31,measurement_conversion,measurement_conversion,i need to know how many pounds are in 10 kilos,0.9689643383026123
31,31,measurement_conversion,measurement_conversion,i want to convert kilos to pounds,0.8222675323486328
31,31,measurement_conversion,measurement_conversion,how can i convert centimeters to inches,0.9933424592018127
31,31,measurement_conversion,measurement_conversion,how would i change from centimeters to inches,0.9673664569854736
31,31,measurement_conversion,measurement_conversion,what can i use to convert from centimeters to inches,0.9098991751670837
31,31,measurement_conversion,measurement_conversion,how can you convert centimeters to inches,0.9963975548744202
31,31,measurement_conversion,measurement_conversion,how could we convert centimeters to inches,0.9867655038833618
31,38,measurement_conversion,exchange_rate,how does measurement slugs convert to measurement lb,0.27429595589637756
31,38,measurement_conversion,exchange_rate,how does measurement a convert to measurement b,0.27429595589637756
31,42,measurement_conversion,oos,where can i find measurement conversions,0.6981396079063416
31,31,measurement_conversion,measurement_conversion,how many ounces are in 4 pounds,0.9746169447898865
31,31,measurement_conversion,measurement_conversion,how many grams are in 9 kilograms,0.8449355363845825
31,31,measurement_conversion,measurement_conversion,how many centimeters are in 12 meters,0.982231080532074
31,31,measurement_conversion,measurement_conversion,how many inches are in 36 feet,0.9905951023101807
31,31,measurement_conversion,measurement_conversion,how many millimeters are in 21 centimeters,0.9302178621292114
31,31,measurement_conversion,measurement_conversion,how many milliliters are in 2 gallons,0.7188577055931091
31,31,measurement_conversion,measurement_conversion,how many liters are in 1 gallon,0.8463618755340576
10,10,smart_home,smart_home,i would like it if you would turn the bedroom lights on low until i'm finished reading,0.9091902375221252
10,10,smart_home,smart_home,i need you to turn the bathroom lights on,0.9684979319572449
10,10,smart_home,smart_home,set the ceiling fan to low,0.9852021336555481
10,10,smart_home,smart_home,start the dishwasher,0.5082575082778931
10,10,smart_home,smart_home,turn on the tv on channel 6,0.9718316793441772
10,32,smart_home,timer,turn on the microwave for 3 minutes,0.2764117121696472
10,10,smart_home,smart_home,"on the tv, turn on",0.9785308241844177
10,10,smart_home,smart_home,set the tv on,0.9890128374099731
10,10,smart_home,smart_home,how is the temperature at ac,0.8975419998168945
10,10,smart_home,smart_home,the tv turn it on,0.9597010612487793
10,10,smart_home,smart_home,oven set it to 350,0.8439899682998657
10,10,smart_home,smart_home,the temperature at ac is what,0.971255898475647
10,10,smart_home,smart_home,tv turn it on,0.9120659232139587
10,10,smart_home,smart_home,350 set the oven,0.9278533458709717
10,10,smart_home,smart_home,the oven be set at 350,0.7151378989219666
10,10,smart_home,smart_home,turn the oven to 350,0.9667387008666992
10,10,smart_home,smart_home,"at ac, what's the temperature like",0.9374788999557495
10,10,smart_home,smart_home,ac temperature is at what,0.8218031525611877
10,10,smart_home,smart_home,turn on the tv,0.976834237575531
10,10,smart_home,smart_home,what is it like the temperature at ac,0.5133334994316101
10,10,smart_home,smart_home,"to 350, set the oven",0.9618146419525146
10,10,smart_home,smart_home,please turn the lights down low,0.9684270620346069
10,10,smart_home,smart_home,can you adjust the lights down,0.7710355520248413
10,10,smart_home,smart_home,i want the light less bright please,0.11445201188325882
10,10,smart_home,smart_home,make the lights darker,0.9544867277145386
10,10,smart_home,smart_home,please set the oven to 350 f,0.9668532013893127
10,10,smart_home,smart_home,please set the temperature to 70 f,0.9797378778457642
10,10,smart_home,smart_home,set the oven temperature to 350,0.989713191986084
10,10,smart_home,smart_home,i need the temperature set at 70 f,0.8737925887107849
10,10,smart_home,smart_home,turn up the oven temperature to 350,0.9603861570358276
116,116,book_hotel,book_hotel,i really need you to find me a hotel with good reviews in phoenix,0.9599520564079285
116,116,book_hotel,book_hotel,i wanna book a place to stay in phoenix from the 5th to the 9th of march,0.9137658476829529
116,116,book_hotel,book_hotel,i wanna find a hotel with good reviews in phoenix,0.9783942103385925
116,116,book_hotel,book_hotel,i want a hotel in phoenix near chase field from january 4th to the 8th,0.9452524781227112
116,116,book_hotel,book_hotel,i would like to book a place to stay in phoenix from the 5th to the 9th of march,0.8656299710273743
116,116,book_hotel,book_hotel,i need a hotel in phoenix near chase field from january 4th to the 8th,0.9567117094993591
116,116,book_hotel,book_hotel,i need a hotel room that is big enough for eleven people from march 10th to the 15th in phoenix,0.9668228030204773
116,116,book_hotel,book_hotel,i must get a hotel in phoenix near chase field from january 4th to the 8th,0.9263625741004944
116,116,book_hotel,book_hotel,go ahead and find me a hotel with good reviews in phoenix,0.968197226524353
116,116,book_hotel,book_hotel,find me a hotel with good reviews in phoenix,0.9860937595367432
116,116,book_hotel,book_hotel,i need you to find me a hotel with good reviews in phoenix,0.9769854545593262
116,116,book_hotel,book_hotel,get me a hotel in phoenix near chase field from january 4th to the 8th,0.9498211741447449
116,116,book_hotel,book_hotel,i need to get a hotel in phoenix near chase field from january 4th to the 8th,0.883614718914032
116,116,book_hotel,book_hotel,please book me a place to stay in phoenix from the 5th to the 9th of march,0.9537255764007568
116,116,book_hotel,book_hotel,i need to book a place to stay in phoenix from the 5th to the 9th of march,0.8977039456367493
116,116,book_hotel,book_hotel,i really gotta book a place to stay in phoenix from the 5th to the 9th of march,0.903738260269165
116,116,book_hotel,book_hotel,i need to get a hotel room that is big enough for eleven people from march 10th to the 15th in phoenix,0.9315722584724426
116,116,book_hotel,book_hotel,can you find me a reputable hotel in honolulu,0.9454020261764526
116,116,book_hotel,book_hotel,"i want a hotel with good review in honolulu, can you find one",0.8362110257148743
116,116,book_hotel,book_hotel,find for me a hotel with great reviews in ho chi minh,0.8781824111938477
116,116,book_hotel,book_hotel,i need your help to find a good reviewed hotel in washington,0.7725756168365479
116,116,book_hotel,book_hotel,can you find me a good reviewed hotel in japan,0.8388049602508545
116,116,book_hotel,book_hotel,i need a hotel between january 1st through 3rd in jacksonville near the stadium,0.9041057825088501
116,116,book_hotel,book_hotel,find me a place to stay in jacksonville near the stadium from january 1st through 3rd,0.9762336611747742
116,116,book_hotel,book_hotel,book me a hotel in jacksonville near the stadium from january 1st to 3rd,0.98850017786026
116,116,book_hotel,book_hotel,id like a room in jacksonville near the stadium between january 1st to 3rd,0.7476872205734253
116,116,book_hotel,book_hotel,find me a room near the jacksonville stadium between january 1st through january 3rd,0.7740267515182495
116,116,book_hotel,book_hotel,get me a hotel room big enough for 4 people from may 3 to may 5 in boston,0.9530342817306519
116,63,book_hotel,book_flight,i'm travelling to boston on march 2 until march 4 please make a hotel reservation for me,0.22327452898025513
116,116,book_hotel,book_hotel,i need a hotel room for 4 people from may 3 to may 5 in boston,0.9756607413291931
136,136,current_location,current_location,pull up the map and show my location,0.7989172339439392
136,58,current_location,share_location,where am i currently,0.5172106623649597
136,136,current_location,current_location,where is my current location,0.8150372505187988
136,136,current_location,current_location,what's my map location,0.9934296011924744
136,136,current_location,current_location,find my current location,0.9292590022087097
136,136,current_location,current_location,please tell me the current location,0.7793844938278198
136,136,current_location,current_location,i want to see my location on the map,0.9301259517669678
136,136,current_location,current_location,what's the location where i am,0.8869996666908264
136,136,current_location,current_location,can you tell me my current location,0.9653196930885315
136,136,current_location,current_location,where am i located on the map,0.9917558431625366
136,136,current_location,current_location,where am i currently located,0.7227888703346252
136,136,current_location,current_location,show my location on the map,0.9277278780937195
136,136,current_location,current_location,i am currently located in what town,0.18816685676574707
136,136,current_location,current_location,my current location is what,0.5559044480323792
136,136,current_location,current_location,give me my location,0.9170578718185425
136,136,current_location,current_location,tell me where i am,0.919681191444397
136,58,current_location,share_location,whats my location,0.5139307379722595
136,136,current_location,current_location,show my position on the map,0.6229449510574341
136,136,current_location,current_location,where is my location,0.65609210729599
136,58,current_location,share_location,current location please,0.7544611692428589
136,136,current_location,current_location,display my location on the map,0.9769624471664429
136,58,current_location,share_location,where am i,0.5153283476829529
136,136,current_location,current_location,find out where i am on the map,0.9868736863136292
136,136,current_location,current_location,where am i on the map,0.9895375967025757
136,136,current_location,current_location,show me where i am on the map please,0.986214816570282
136,136,current_location,current_location,open map and pin point my location,0.6193943619728088
136,136,current_location,current_location,show me my location,0.9200026392936707
136,42,current_location,oos,what could help me locate myself,0.0784686803817749
136,58,current_location,share_location,i need assistance with my current location,0.7508122324943542
136,136,current_location,current_location,where would i search for my location,0.6612150073051453
5,5,weather,weather,what is the weather,0.9869345426559448
5,5,weather,weather,current weather,0.8976109623908997
5,5,weather,weather,tell me the weather,0.9890493154525757
5,5,weather,weather,what's the weather like today,0.9660747647285461
5,5,weather,weather,what is the weather like,0.9844748973846436
5,5,weather,weather,show me what the weather is like,0.9356767535209656
5,5,weather,weather,let's take a look at the weather,0.36383262276649475
5,5,weather,weather,how is the weather looking in seattle,0.8575573563575745
5,5,weather,weather,how's the weather in seattle,0.966308057308197
5,5,weather,weather,what is the state of the weather in seattle,0.9251870512962341
5,5,weather,weather,what is the weather forecast looking like for seattle,0.9872589707374573
5,5,weather,weather,what are the weather conditions like in seattle,0.9962604641914368
5,5,weather,weather,what is the weather doing now,0.9803681373596191
5,5,weather,weather,what kind of weather can i expect now,0.8109066486358643
5,5,weather,weather,tell me what the weather is looking like,0.953720211982727
5,5,weather,weather,how is the weather,0.7213824987411499
5,5,weather,weather,can you tell me the weather forecast,0.9958423972129822
5,5,weather,weather,could you tell me what the weather is in austin,0.8595991730690002
5,5,weather,weather,what is the weather doing in austin,0.8867675065994263
5,5,weather,weather,what about the weather in austin,0.8441176414489746
5,5,weather,weather,how is the weather in austin,0.8364568948745728
5,5,weather,weather,what is happening with the weather in austin,0.8664852976799011
5,121,weather,maybe,how is that weather,0.39898914098739624
5,5,weather,weather,how does the weather feel,0.7653580904006958
5,5,weather,weather,need to know the weather now,0.906586229801178
5,5,weather,weather,give weather update now,0.759033739566803
5,5,weather,weather,want to know the weather,0.9005014896392822
5,5,weather,weather,tell me the weather for today,0.9505119323730469
5,5,weather,weather,what is the current weather like,0.9284143447875977
5,5,weather,weather,las vegas weather today,0.6082504987716675
94,94,taxes,taxes,tell me what my federal taxes amount to,0.982133686542511
94,94,taxes,taxes,what taxes do i owe,0.9726132154464722
94,94,taxes,taxes,lets talk about what my federal taxes look like,0.9688240885734558
94,94,taxes,taxes,what taxes will i owe from my income,0.976111114025116
94,94,taxes,taxes,whats the total of my taxes,0.6595720648765564
94,94,taxes,taxes,what do my federal taxes look like,0.9935451745986938
94,94,taxes,taxes,how much are the taxes on my income,0.9451347589492798
94,94,taxes,taxes,please share my federal taxes total with me,0.8504243493080139
94,94,taxes,taxes,how much in taxes will i owe,0.9834442138671875
94,94,taxes,taxes,what do my state taxes look like,0.9956895709037781
94,94,taxes,taxes,whats the total of taxes from my income,0.7972320318222046
94,94,taxes,taxes,tell me how much my state taxes amount to,0.9878072142601013
94,94,taxes,taxes,whats the total of my federal taxes,0.9395816922187805
94,94,taxes,taxes,look up how much my state taxes are,0.9809174537658691
94,94,taxes,taxes,talk to me about the total of my state taxes,0.8616905212402344
94,94,taxes,taxes,what am i paying in taxes,0.9162892699241638
94,94,taxes,taxes,what is the total of my state taxes,0.9755188822746277
94,94,taxes,taxes,how much do i owe the irs,0.5740698575973511
94,94,taxes,taxes,how much do i pay the irs,0.7953134775161743
94,94,taxes,taxes,do you know my state tax total,0.959054708480835
94,94,taxes,taxes,what's the amount of taxes for my income,0.9177302718162537
94,94,taxes,taxes,how much are my taxes for my income,0.9142839312553406
94,94,taxes,taxes,i pay how much of taxes with my income,0.8957607746124268
94,94,taxes,taxes,how much is my state taxes,0.996594250202179
94,94,taxes,taxes,i need the data and price from my state taxes,0.9687063097953796
94,94,taxes,taxes,do you know the price for my taxes in income,0.8643813729286194
94,94,taxes,taxes,what is the amount of my state taxes,0.9937553405761719
94,94,taxes,taxes,what is the price of my state taxes that i owe,0.9910056591033936
94,94,taxes,taxes,do you know the total for taxes for my income,0.6748923063278198
94,94,taxes,taxes,what should i squirrel away to pay in taxes,0.9537427425384521
143,143,min_payment,min_payment,i must pay verizon what minimum amount on my bill,0.7015842199325562
143,143,min_payment,min_payment,what is the lowest amount i must pay on my verizon bill,0.7489530444145203
143,143,min_payment,min_payment,"at a minimum, what must i pay on my verizon bill",0.8736414909362793
143,143,min_payment,min_payment,what is my minimum verizon bill payment,0.8240088820457458
143,143,min_payment,min_payment,"what must i pay, at a minimum, on my verizon bill",0.6694526076316833
143,143,min_payment,min_payment,what's the least i can pay this month,0.6851297616958618
143,143,min_payment,min_payment,what is my amex minimum payment,0.9708064198493958
143,143,min_payment,min_payment,what's the minimum payment,0.9990912675857544
143,143,min_payment,min_payment,what is my minimum payment and when is it due,0.5523504614830017
143,143,min_payment,min_payment,is there a minimum payment i can make,0.9806970357894897
143,143,min_payment,min_payment,what is the lowest amount i can pay for my cellphone bill,0.9535093307495117
143,143,min_payment,min_payment,what is the lowest amount i can pay for my insurance bill,0.9382156729698181
143,143,min_payment,min_payment,what is the minimum i can pay on my credit card bill,0.9951757192611694
143,143,min_payment,min_payment,what is the lowest amount i can pay for my medical bill,0.9829939603805542
143,143,min_payment,min_payment,what is the minimum i can pay on my phone bill,0.9991188645362854
143,143,min_payment,min_payment,what is the minimum i can pay on my insurance bill,0.9937657117843628
143,143,min_payment,min_payment,what is the minimum i can pay on my electric bill,0.9964220523834229
143,143,min_payment,min_payment,what is the minimum i can pay on my gas bill,0.9934477210044861
143,143,min_payment,min_payment,what is the lowest amount i can pay for my hospital bill,0.9643072485923767
143,143,min_payment,min_payment,what is the lowest amount i can pay for my car bill,0.9546608924865723
143,143,min_payment,min_payment,what is the minimum i can pay on my cell phone bill,0.9962888956069946
143,143,min_payment,min_payment,what is the minimum i can pay on my water bill,0.9950927495956421
143,143,min_payment,min_payment,what is the minimum i can pay on my heating bill,0.999042809009552
143,143,min_payment,min_payment,tell me the minimum i can pay on my utilities bill,0.9865285158157349
143,143,min_payment,min_payment,what is the minimum amount i can pay on my gas bill,0.9962432384490967
143,143,min_payment,min_payment,do you know the smallest amount i can pay on my water bill,0.9585479497909546
143,143,min_payment,min_payment,look up the lowest amount i can pay on my electricity bill,0.8893070220947266
143,27,min_payment,bill_balance,what is the minimum payable amount for my rent bill this month,0.4938662052154541
143,143,min_payment,min_payment,what is the minimum payment on my water bill,0.9913573265075684
143,27,min_payment,bill_balance,"if i wanted to spend the lowest for my electric bill, then how much would it be",0.3917512893676758
14,14,whisper_mode,whisper_mode,set whisper mode to off,0.9956122636795044
14,14,whisper_mode,whisper_mode,switch off whisper mode,0.9993513226509094
14,14,whisper_mode,whisper_mode,switch whisper mode off,0.9993513226509094
14,14,whisper_mode,whisper_mode,turn whisper mode off,0.9994475245475769
14,14,whisper_mode,whisper_mode,"whisper mode, please",0.9993612170219421
14,14,whisper_mode,whisper_mode,please start whisper mode,0.9985294342041016
14,14,whisper_mode,whisper_mode,switch over to whisper mode,0.9966388940811157
14,14,whisper_mode,whisper_mode,leave whisper mode,0.9989148378372192
14,14,whisper_mode,whisper_mode,revert from whisper mode,0.9979342222213745
14,14,whisper_mode,whisper_mode,whisper mode must be left,0.9901654124259949
14,14,whisper_mode,whisper_mode,change from whisper mode,0.9992850422859192
14,14,whisper_mode,whisper_mode,help to turn on whisper mode,0.9646100401878357
14,14,whisper_mode,whisper_mode,turn on whisper mode,0.9954532384872437
14,14,whisper_mode,whisper_mode,whisper mode,0.9998630285263062
14,14,whisper_mode,whisper_mode,start whisper mode,0.9997170567512512
14,14,whisper_mode,whisper_mode,go to whisper mode until this movie is over,0.9898550510406494
14,14,whisper_mode,whisper_mode,go to whisper mode until i say to go back to normal,0.9841330051422119
14,14,whisper_mode,whisper_mode,go into whisper mode until the plane lands,0.9148603677749634
14,14,whisper_mode,whisper_mode,go to whisper mode for one hour,0.9822750091552734
14,14,whisper_mode,whisper_mode,go to whisper mode until my morning alarm goes off,0.9674938321113586
14,14,whisper_mode,whisper_mode,make saound function operate in whisper mode,0.996349573135376
14,14,whisper_mode,whisper_mode,change audio settings to the whisper option,0.5138458609580994
14,14,whisper_mode,whisper_mode,change audio to whisper mode,0.9996556043624878
14,14,whisper_mode,whisper_mode,i want to only use the whisper sound,0.8877952694892883
14,14,whisper_mode,whisper_mode,change sound setting to whisper,0.9184267520904541
14,14,whisper_mode,whisper_mode,change to something that's not whisper mode,0.9618566632270813
14,14,whisper_mode,whisper_mode,cancel whisper mode,0.9980419874191284
14,14,whisper_mode,whisper_mode,get out of whisper mode,0.9862962961196899
14,14,whisper_mode,whisper_mode,"whisper mode, stop",0.9989577531814575
14,14,whisper_mode,whisper_mode,stop whisper mode,0.9989577531814575
147,147,cancel,cancel,stop what you're doing,0.8917264342308044
147,147,cancel,cancel,this process needs to stop,0.9040936231613159
147,147,cancel,cancel,stop this process,0.9565792679786682
147,107,cancel,yes,"that was a mistake, undo that",0.24581989645957947
147,147,cancel,cancel,ignore the previous command,0.46433672308921814
147,15,cancel,what_are_your_hobbies,forget what i told you to do,0.12181415408849716
147,147,cancel,cancel,please cancel the last input,0.8885307312011719
147,147,cancel,cancel,please stop the current process,0.9899207353591919
147,147,cancel,cancel,can you end the current process,0.9051601886749268
147,147,cancel,cancel,just stop talking,0.9670252203941345
147,147,cancel,cancel,please stop talking,0.9635975360870361
147,147,cancel,cancel,"stop, just stop",0.9767160415649414
147,147,cancel,cancel,you can stop talking ai,0.8550752401351929
147,147,cancel,cancel,stop the process,0.9629755616188049
147,147,cancel,cancel,can you turn off the process,0.37453100085258484
147,147,cancel,cancel,stop talking,0.9757611751556396
147,147,cancel,cancel,you can cancel the task,0.9544745683670044
147,147,cancel,cancel,can you cancel that,0.9759002327919006
147,147,cancel,cancel,can you cancel that request,0.973016619682312
147,147,cancel,cancel,"could you cancel that request, please",0.9770931005477905
147,147,cancel,cancel,"can you cancel that request, please",0.9849585294723511
147,147,cancel,cancel,"can you cancel that, please",0.9713984131813049
147,82,cancel,greeting,hush,0.054675690829753876
147,147,cancel,cancel,be quiet,0.7641213536262512
147,147,cancel,cancel,stop it now!,0.8874040246009827
147,147,cancel,cancel,stop talking you are annoying,0.9117538928985596
147,147,cancel,cancel,you need to shut it,0.5127207040786743
147,147,cancel,cancel,stop processing,0.8599745631217957
147,147,cancel,cancel,abort mission,0.8789709806442261
147,147,cancel,cancel,stop speaking,0.9130902886390686
59,52,international_visa,vaccines,are visas needed to travel to jamaica,0.3615953326225281
59,59,international_visa,international_visa,do i need a visa for south korea,0.9574416875839233
59,59,international_visa,international_visa,"if i go to columbia, will i need a visa",0.950110912322998
59,52,international_visa,vaccines,are visas required to go to cuba,0.7107688784599304
59,59,international_visa,international_visa,do i need to apply for a visa for my trip to india,0.6228885054588318
59,59,international_visa,international_visa,if i go to indonesia would i need a visa,0.8781368732452393
59,59,international_visa,international_visa,do i need a visa to travel to indonesia,0.9776487946510315
59,59,international_visa,international_visa,should i apply for a visa if i am traveling to mexico,0.7671805620193481
59,59,international_visa,international_visa,is a visa necessary for traveling to south africa,0.3329906165599823
59,59,international_visa,international_visa,if i want to travel to singapore do i need a visa,0.9663596749305725
59,149,international_visa,travel_suggestion,do americans need visas in canada,0.16263073682785034
59,59,international_visa,international_visa,would i need a visa in taiwan,0.94602370262146
59,59,international_visa,international_visa,i'd like to go to malaysia so do i need a visa,0.9829886555671692
59,59,international_visa,international_visa,is a travel visa needed for thailand,0.7637204527854919
59,42,international_visa,oos,what are the visa requirements for brazil,0.13566310703754425
59,59,international_visa,international_visa,is a travel visa required to visit paraguay,0.9751798510551453
59,59,international_visa,international_visa,does travelling to st petersburg require a travel visa,0.9736742973327637
59,59,international_visa,international_visa,should i get a travel visa if i want to go to guyana,0.9528428316116333
59,59,international_visa,international_visa,will i be able to visit peru without a travel visa,0.8442023992538452
59,59,international_visa,international_visa,"if i want to go to x, do i need a travel visa",0.9728404879570007
59,59,international_visa,international_visa,can i get to cuba with this visa,0.17977628111839294
59,59,international_visa,international_visa,do i need a visa to get to puerto rico,0.9875679016113281
59,59,international_visa,international_visa,do i need a visa to go to colombia,0.9978950023651123
59,59,international_visa,international_visa,do i need a states visa to get to cuba,0.8930227160453796
59,59,international_visa,international_visa,do i need a us visa for cuba,0.9257683157920837
59,59,international_visa,international_visa,if i get a visa can i travel to japan,0.8704125881195068
59,59,international_visa,international_visa,do i need a visa if i'm going to san jose,0.8493869304656982
59,59,international_visa,international_visa,do i need a visa to travel outside of the us,0.9475189447402954
59,128,international_visa,travel_alert,are visas for international travel,0.4838983416557312
59,42,international_visa,oos,can you travel outside of the united states without a visa,0.9584142565727234
52,52,vaccines,vaccines,do i need to get any shots before i travel to morocco,0.9968293309211731
52,52,vaccines,vaccines,do i need to get any shots before i travel to south africa,0.9973769187927246
52,52,vaccines,vaccines,do i need to get any shots before i travel to zimbabwe,0.9968293309211731
52,52,vaccines,vaccines,do i need to get any shots before i travel to liberia,0.9968293309211731
52,52,vaccines,vaccines,do i need to get any shots before i travel to spain,0.9929666519165039
52,52,vaccines,vaccines,are there any required shots to travel to astana,0.9435677528381348
52,52,vaccines,vaccines,what shots do i need if i'm travelling to odessa,0.8983014225959778
52,52,vaccines,vaccines,are there any shots i need to travel to karachi,0.96505206823349
52,52,vaccines,vaccines,are there any required shots in indonesia,0.6895033717155457
52,52,vaccines,vaccines,what are the required shots in mozambique,0.7157642841339111
52,52,vaccines,vaccines,are more shots needed to travel to argentina,0.8968286514282227
52,52,vaccines,vaccines,what sorts of vaccinations should i get prior to a trip to hong kong,0.7244083285331726
52,52,vaccines,vaccines,before i embark on a trip to europe should i get more shots,0.9781508445739746
52,52,vaccines,vaccines,would you need more shots to go to mexico,0.7977029085159302
52,52,vaccines,vaccines,is vaccination necessary for travel to asia,0.6036657691001892
52,52,vaccines,vaccines,"do you think my shots would be needed, before traveling to columbia",0.6667525172233582
52,52,vaccines,vaccines,"will having my shots updated be a good idea, before i travel to south america",0.7553486824035645
52,52,vaccines,vaccines,should i have my shots up to date before i travel to the virgin islands,0.8955237865447998
52,77,vaccines,where_are_you_from,"if you were traveling to indonesia, as i am, would you have your shots updated before your visit",0.14161711931228638
52,52,vaccines,vaccines,are shots required before traveling to china,0.978611946105957
52,52,vaccines,vaccines,does cuba require vaccines,0.6216163039207458
52,52,vaccines,vaccines,which vaccines are meant for cuba,0.7354205250740051
52,52,vaccines,vaccines,which vaccines will i need for cuba,0.8638876080513
52,52,vaccines,vaccines,do i need a vaccine for the congo,0.250486820936203
52,52,vaccines,vaccines,vaccines for my trip to cuba,0.9134815335273743
52,52,vaccines,vaccines,are there vaccinations needed if i go there,0.9001914858818054
52,52,vaccines,vaccines,would vaccinations be needed if i go here,0.7565281391143799
52,52,vaccines,vaccines,"if i travel abroad, do i need vaccinations",0.9254263043403625
52,52,vaccines,vaccines,"if i travel here, do i need vaccinations",0.8976218104362488
52,52,vaccines,vaccines,do i need vaccinations if i go this country,0.9289412498474121
126,126,pto_balance,pto_balance,i would like to know my vacation days balance,0.9003026485443115
126,126,pto_balance,pto_balance,"give me vacation days remaining, please",0.8071406483650208
126,126,pto_balance,pto_balance,how many vacation days do i still have available,0.9586490988731384
126,126,pto_balance,pto_balance,please tell me the exact number of days i have still for vacation,0.7991424798965454
126,126,pto_balance,pto_balance,what's the number of vacation days i have left,0.9554573893547058
126,126,pto_balance,pto_balance,what amount of vacation days do i have,0.9590232372283936
126,126,pto_balance,pto_balance,what is the number of pto days i have left,0.8969812393188477
126,126,pto_balance,pto_balance,what amount of pto days do i have left,0.9609789252281189
126,126,pto_balance,pto_balance,what are the amount of vacation days i have,0.7683802247047424
126,126,pto_balance,pto_balance,how much pto days do i have remaining,0.9896942377090454
126,126,pto_balance,pto_balance,what number of days do i have for vacation,0.9546616673469543
126,126,pto_balance,pto_balance,what is my remaining amount of pto days,0.8491033911705017
126,126,pto_balance,pto_balance,what do my pto days amount to,0.6357113122940063
126,126,pto_balance,pto_balance,what do my vacation days amount to,0.7436910271644592
126,126,pto_balance,pto_balance,how many days of vacation do i have left,0.9776934385299683
126,126,pto_balance,pto_balance,what day am i on on vacation and how much do i got left,0.32054150104522705
126,126,pto_balance,pto_balance,how many vacation days are remaining on my time,0.9321905970573425
126,126,pto_balance,pto_balance,how many days of vacation are left now,0.9266998171806335
126,126,pto_balance,pto_balance,how many days on holiday do i have,0.5299304723739624
126,126,pto_balance,pto_balance,can you see if i have any vacation days available for a request,0.4802784025669098
126,126,pto_balance,pto_balance,how much vacation time have i earned,0.9317856431007385
126,126,pto_balance,pto_balance,how much vacation time do i have,0.9675225019454956
126,126,pto_balance,pto_balance,how many weeks of vacation time have i earned,0.9088277220726013
126,126,pto_balance,pto_balance,how many weeks of vacation time do i have,0.9449700713157654
126,126,pto_balance,pto_balance,how many days can i take for vacation,0.6577050089836121
126,126,pto_balance,pto_balance,what is the balance on my vacation days,0.6904301643371582
126,126,pto_balance,pto_balance,how many days are remaining on my vacation days,0.9235686659812927
126,126,pto_balance,pto_balance,so i have any vacation days left,0.927911639213562
126,126,pto_balance,pto_balance,what is the year to date total on my vacation days,0.8461230993270874
126,126,pto_balance,pto_balance,how many sick days do i have,0.38179248571395874
72,72,directions,directions,how do i get downtown by foot,0.38668110966682434
72,72,directions,directions,how do i get to the subway by foot,0.982219934463501
72,72,directions,directions,how do i get to the train by foot,0.9719313383102417
72,72,directions,directions,how do i get to central park by foot,0.7219995856285095
72,72,directions,directions,how do i get to the airport by foot,0.9393666386604309
72,72,directions,directions,where is the nearest wal mart,0.8683664798736572
72,72,directions,directions,i want directions to phoenix,0.16549581289291382
72,72,directions,directions,i must understand the nearest gas station to glendale,0.9537787437438965
72,72,directions,directions,i need some directions to phoenix,0.08369780331850052
72,72,directions,directions,give me directions to phoenix,0.2270352691411972
72,72,directions,directions,i must know the closest gas station to glendale,0.6140238046646118
72,72,directions,directions,where is the nearest fry's,0.9733698964118958
72,72,directions,directions,where is the nearest papa john's,0.9709615707397461
72,72,directions,directions,i would love to know the closest gas station to glendale,0.6823692917823792
72,72,directions,directions,get me directions to phoenix,0.2599862813949585
72,72,directions,directions,where is the nearest k mart,0.9656301736831665
72,72,directions,directions,where is the nearest circuit city,0.9848839044570923
72,72,directions,directions,let me know the nearest gas station to glendale,0.9551783204078674
72,72,directions,directions,where is the closest gas station to glendale,0.7720103859901428
72,72,directions,directions,where is the nearest movie theater to time' square,0.840674877166748
72,72,directions,directions,where is the closest bathroom to the statue of liberty,0.9816871285438538
72,72,directions,directions,where is the closest mcdonald's to foxwoods casino,0.9103564620018005
72,72,directions,directions,where is the nearest marijuana dispensary to kentucky fried chicken,0.923677921295166
72,72,directions,directions,where is the closest hospital to madison square garden,0.9497063755989075
72,72,directions,directions,where is the closest pharmacy,0.9640790224075317
72,72,directions,directions,show me the nearest gas station,0.943399965763092
72,72,directions,directions,which hospital is nearest to me,0.4730525612831116
72,72,directions,directions,i need to know where the hospital closest to me is,0.8344464898109436
72,72,directions,directions,where is the nearest arco gas station to macdonalds,0.9835715293884277
72,72,directions,directions,find the closest cvs near galleria mall,0.983693540096283
73,73,spelling,spelling,spell aaron,0.9991971850395203
73,73,spelling,spelling,how do you spell aaron,0.9913294315338135
73,73,spelling,spelling,spell the word aaron,0.9918292164802551
73,73,spelling,spelling,correct spelling for aaron,0.6925731897354126
73,73,spelling,spelling,spell aaron for me,0.9795958995819092
73,73,spelling,spelling,"i don't know how to spell apoplectic, can you tell me",0.9847056269645691
73,73,spelling,spelling,"what is the correct spelling of the word comity, since i do not know",0.8803855776786804
73,73,spelling,spelling,"do you know how to spell, bourgeois",0.9911023378372192
73,73,spelling,spelling,"how do you spell the word comity, i need to know",0.9924300312995911
73,73,spelling,spelling,i need to know how to spell the word serendipity,0.9965920448303223
73,73,spelling,spelling,can you tell me the correct spelling of liaison,0.8576703071594238
73,73,spelling,spelling,what is the proper spelling of corporate,0.8937240242958069
73,73,spelling,spelling,please tell me how to spell the word coup,0.9935008883476257
73,73,spelling,spelling,i am not sure how to spell the word liaison,0.9681337475776672
73,73,spelling,spelling,"can you tell me how to spell the word schadenfreude, i don't know how it's spelt",0.9911110401153564
73,73,spelling,spelling,do you know how to spell curiosity,0.9911023378372192
73,73,spelling,spelling,spell curiosity for me,0.9795958995819092
73,73,spelling,spelling,tell me how to spell curiosity,0.9957860112190247
73,73,spelling,spelling,i need to know the proper spelling of curiosity,0.8621275424957275
73,73,spelling,spelling,please tell me how curiosity is spelled,0.7708529829978943
73,73,spelling,spelling,"what's the proper way to spell ""helicopter",0.9696124792098999
73,61,spelling,translate,"tell me how to spent ""frightened",0.13294944167137146
73,73,spelling,spelling,"can you spell ""fragile"" for me",0.9789296984672546
73,73,spelling,spelling,"can you spell out ""wonderful",0.9725226759910583
73,73,spelling,spelling,"i need to know how to spell ""miranda",0.9922434687614441
73,73,spelling,spelling,"i need help spelling ""exquisite",0.8054779171943665
73,73,spelling,spelling,"can you spell out ""annulment",0.9725226759910583
73,73,spelling,spelling,"how do you spell ""exactly",0.9793729186058044
73,73,spelling,spelling,"how do you spell ""montpelier",0.9913294315338135
73,73,spelling,spelling,"what's the right way to spell ""emolument",0.9646071791648865
82,82,greeting,greeting,how are you doing,0.9928372502326965
82,82,greeting,greeting,are you okay,0.676790177822113
82,82,greeting,greeting,what are you feeling today,0.4273943305015564
82,82,greeting,greeting,is everything ok today,0.7150137424468994
82,82,greeting,greeting,are you doing alright,0.8786640167236328
82,82,greeting,greeting,"hello, how's your day",0.9531457424163818
82,82,greeting,greeting,"hey there, how are you today",0.9929500818252563
82,82,greeting,greeting,"hello, how is it going",0.9812472462654114
82,82,greeting,greeting,"hi there, how are you doing",0.9981023669242859
82,82,greeting,greeting,"hey, how are you",0.985343337059021
82,82,greeting,greeting,"hey, what's up",0.9740899205207825
82,82,greeting,greeting,"hello, how are you doing",0.9972872734069824
82,82,greeting,greeting,"hi, how are you",0.9686142206192017
82,82,greeting,greeting,"hi, how are you today",0.9725775718688965
82,82,greeting,greeting,"hello, how are things",0.9861554503440857
82,82,greeting,greeting,hey there,0.9488318562507629
82,82,greeting,greeting,"hey, what's new",0.9101446270942688
82,82,greeting,greeting,it is good to see you,0.8106797337532043
82,82,greeting,greeting,i'd like to know how you are doing,0.5917096138000488
82,82,greeting,greeting,hello there,0.9660152792930603
82,82,greeting,greeting,tell me how you are doing,0.7604954242706299
82,82,greeting,greeting,"hello there, good morning",0.8141859769821167
82,82,greeting,greeting,let me know how you are doing,0.5068523287773132
82,82,greeting,greeting,well hi there,0.9645630121231079
82,82,greeting,greeting,i want to know how you are doing,0.5684607625007629
82,82,greeting,greeting,i need to know how you are doing today,0.7041192054748535
82,82,greeting,greeting,hello there ai,0.9852207899093628
82,82,greeting,greeting,will you tell me how the ai is doing,0.4387853145599365
82,82,greeting,greeting,would you tell me how the ai is doing,0.4670298993587494
82,82,greeting,greeting,hola!,0.054675690829753876
88,88,reset_settings,reset_settings,so please reset your factory settings,0.9944021105766296
88,88,reset_settings,reset_settings,i need your to reset to factory settings,0.9983274340629578
88,88,reset_settings,reset_settings,now reset your factory settings,0.9967319965362549
88,88,reset_settings,reset_settings,revert to the original configuration,0.21242402493953705
88,88,reset_settings,reset_settings,change back to the factory set up,0.7190609574317932
88,88,reset_settings,reset_settings,change all setting to original ones,0.2924151122570038
88,88,reset_settings,reset_settings,please reset to factory settings,0.9995355606079102
88,88,reset_settings,reset_settings,reset all settings to the factory settings,0.9992595314979553
88,88,reset_settings,reset_settings,can you please revert to factory settings at this time,0.857507050037384
88,88,reset_settings,reset_settings,please remove current settings and go back to factory settings now,0.9971014857292175
88,88,reset_settings,reset_settings,please reset to factory settings at once,0.9975382089614868
88,88,reset_settings,reset_settings,"i would like you to change the settings back to factory default now, please",0.9792976379394531
88,88,reset_settings,reset_settings,adjust settings back to original factory settings immediately,0.9983261227607727
88,88,reset_settings,reset_settings,can you reset your factory settings,0.9890186786651611
88,88,reset_settings,reset_settings,could you please reset your factory settings,0.9863784313201904
88,88,reset_settings,reset_settings,your factory settings need to be reset,0.9960001111030579
88,88,reset_settings,reset_settings,go back to your manufacturers' settings,0.9924444556236267
88,88,reset_settings,reset_settings,prioritize to the settings you started with,0.6524712443351746
88,88,reset_settings,reset_settings,reset to your original settings,0.9968850016593933
88,88,reset_settings,reset_settings,restart your actions with the original settings you came with,0.5193993449211121
88,88,reset_settings,reset_settings,please rely on your original settings,0.944331169128418
88,88,reset_settings,reset_settings,can you return to the factory fresh settings,0.9522245526313782
88,88,reset_settings,reset_settings,please return to default settings,0.9711660742759705
88,88,reset_settings,reset_settings,revert to original settings,0.9510545134544373
88,29,reset_settings,change_language,start over using factory setting,0.18116585910320282
88,88,reset_settings,reset_settings,go back to the default settings please,0.9896202683448792
88,88,reset_settings,reset_settings,revert to factory settings,0.9927392601966858
88,88,reset_settings,reset_settings,go back to factory settings,0.9995212554931641
88,88,reset_settings,reset_settings,please turn on factory settings,0.9181970953941345
88,88,reset_settings,reset_settings,revert back to factory settings,0.9964098334312439
75,75,what_is_your_name,what_is_your_name,tell me what your name is,0.8960683345794678
75,11,what_is_your_name,user_name,what did they name you,0.4308271110057831
75,82,what_is_your_name,greeting,"hey, how do i call your attention",0.3612610101699829
75,75,what_is_your_name,what_is_your_name,what's your name,0.9939970970153809
75,75,what_is_your_name,what_is_your_name,give me your name so i can use you,0.8809746503829956
75,75,what_is_your_name,what_is_your_name,how should i address you,0.6857852339744568
75,75,what_is_your_name,what_is_your_name,what do i call you,0.9844676852226257
75,75,what_is_your_name,what_is_your_name,what's your name anyway,0.9939970970153809
75,75,what_is_your_name,what_is_your_name,tell me what to call you,0.8847032189369202
75,75,what_is_your_name,what_is_your_name,can you tell me what you are called,0.3608304262161255
75,75,what_is_your_name,what_is_your_name,what should you be called,0.7046204209327698
75,75,what_is_your_name,what_is_your_name,what should i use when i refer to you,0.882037341594696
75,75,what_is_your_name,what_is_your_name,how do you say your name,0.899543821811676
75,75,what_is_your_name,what_is_your_name,what is your preferred name,0.7929844856262207
75,75,what_is_your_name,what_is_your_name,what can i call you,0.921281099319458
75,75,what_is_your_name,what_is_your_name,what name do you go by,0.7996184229850769
75,57,what_is_your_name,who_do_you_work_for,who do i have the pleasure of speaking with,0.10069893300533295
75,75,what_is_your_name,what_is_your_name,may i have your name,0.764726996421814
75,117,what_is_your_name,are_you_a_bot,who am i speaking with,0.2153940349817276
75,55,what_is_your_name,change_ai_name,and your name is,0.6443778872489929
75,75,what_is_your_name,what_is_your_name,"what do i call you, ai",0.9572787880897522
75,75,what_is_your_name,what_is_your_name,"what name do you go by, ai",0.9120612740516663
75,75,what_is_your_name,what_is_your_name,"ai, what is your name",0.960568904876709
75,75,what_is_your_name,what_is_your_name,"what do they call you, ai",0.9405017495155334
75,75,what_is_your_name,what_is_your_name,"ai, what is your given name",0.8834131956100464
75,75,what_is_your_name,what_is_your_name,what name do you want me to use,0.932992160320282
75,75,what_is_your_name,what_is_your_name,what do you like to be called,0.9653701186180115
75,75,what_is_your_name,what_is_your_name,what should i call you,0.9733977913856506
75,75,what_is_your_name,what_is_your_name,what would you like me to call you,0.9711042046546936
75,75,what_is_your_name,what_is_your_name,what is your name,0.9465374946594238
108,108,direct_deposit,direct_deposit,how do i set up a direct deposit,0.9986567497253418
108,108,direct_deposit,direct_deposit,how do i set up direct deposit,0.9986567497253418
108,108,direct_deposit,direct_deposit,chase account direct deposit options,0.95392245054245
108,108,direct_deposit,direct_deposit,set my paycheck to direct deposit to chase account,0.99327552318573
108,108,direct_deposit,direct_deposit,activate direct deposit to chase account,0.9429892301559448
108,108,direct_deposit,direct_deposit,chase account options direct deposit,0.95392245054245
108,108,direct_deposit,direct_deposit,bank options direct deposit,0.9870342016220093
108,108,direct_deposit,direct_deposit,how do i set up a direct deposit for my paycheck,0.9988273978233337
108,108,direct_deposit,direct_deposit,how to activate direct deposit to chase account,0.9631146192550659
108,108,direct_deposit,direct_deposit,get my paycheck to direct deposit,0.9861976504325867
108,108,direct_deposit,direct_deposit,direct deposit,0.9982434511184692
108,108,direct_deposit,direct_deposit,i need a direct deposit,0.9977726340293884
108,108,direct_deposit,direct_deposit,can we get a direct deposit,0.9378478527069092
108,108,direct_deposit,direct_deposit,set up direct deposit,0.9990405440330505
108,108,direct_deposit,direct_deposit,i want to set up direct deposit,0.9980835914611816
108,108,direct_deposit,direct_deposit,setting up direct deposit,0.9964894652366638
108,108,direct_deposit,direct_deposit,how do i get my paycheck into direct deposit at nations bank,0.981845498085022
108,108,direct_deposit,direct_deposit,could you tell me how to set up direct deposit for my check from work at nations bank,0.9655075669288635
108,108,direct_deposit,direct_deposit,if i want to direct deposit my check into my nations bank account how do i do that,0.9403358101844788
108,108,direct_deposit,direct_deposit,i need to know how to do direct deposit with my paycheck at nations bank,0.97377610206604
108,108,direct_deposit,direct_deposit,could you tell me how to direct deposit my check from work into nations bank,0.8817479610443115
108,108,direct_deposit,direct_deposit,how does one set up direct deposit to my bank account,0.987511157989502
108,108,direct_deposit,direct_deposit,what do i need to do to set up direct deposit,0.9926052093505859
108,108,direct_deposit,direct_deposit,what is the process of setting up direct deposit,0.9203208684921265
108,108,direct_deposit,direct_deposit,"if i want to set up direct deposit, how do i do it",0.9865879416465759
108,108,direct_deposit,direct_deposit,i'm not sure how to set up direct deposit,0.979105532169342
108,108,direct_deposit,direct_deposit,can you tell me how to set up direct deposit,0.9956698417663574
108,108,direct_deposit,direct_deposit,"i'd like my checks to be deposited into my account directly, how do i do that",0.5070385336875916
108,108,direct_deposit,direct_deposit,i'd like to set up direct deposit,0.9978827834129333
108,108,direct_deposit,direct_deposit,how do i set up my direct deposit,0.9963598847389221
7,7,interest_rate,interest_rate,what's my bank of america account getting in interest,0.4203154146671295
7,42,interest_rate,oos,where do i see what interest my mortgage has,0.23568300902843475
7,7,interest_rate,interest_rate,is there somewhere my personal loan displays the interest rate i'm paying on it,0.9874150156974792
7,132,interest_rate,apr,what's the apr on my savings account,0.8392896056175232
7,7,interest_rate,interest_rate,what interest rate am i getting from bank of america,0.9763936400413513
7,7,interest_rate,interest_rate,what interest rate am i getting from wells fargo,0.9784131646156311
7,7,interest_rate,interest_rate,what interest rate is bofi giving me on my cd,0.9899877905845642
7,7,interest_rate,interest_rate,how do i find the interest rate for my checking account,0.995590329170227
7,7,interest_rate,interest_rate,what interest rate am i getting from citrix,0.9899386167526245
7,7,interest_rate,interest_rate,how can i tell what the interest rate on my money market account is,0.9716358184814453
7,7,interest_rate,interest_rate,what's my checking account yielding in interest,0.45182937383651733
7,7,interest_rate,interest_rate,how much interest is my nfcu accrueing,0.3508577346801758
7,7,interest_rate,interest_rate,what interest rate am i getting from sunflower bank,0.9699692130088806
7,7,interest_rate,interest_rate,where do i go to find the interest rate on my savings account,0.9899465441703796
7,7,interest_rate,interest_rate,what interest rate am i getting from nfcu,0.9797124862670898
7,7,interest_rate,interest_rate,for my savings account i would like to know the interest rate,0.9949052333831787
7,7,interest_rate,interest_rate,i need my checking account's interest rate,0.9695881605148315
7,7,interest_rate,interest_rate,tell me the interest for my savings account,0.9191458821296692
7,7,interest_rate,interest_rate,what's the interest rate on my savings account,0.9987514019012451
7,7,interest_rate,interest_rate,i want the interest rate for my checking account,0.9933494925498962
7,7,interest_rate,interest_rate,can i get the interest rate for my checking account,0.9937058091163635
7,7,interest_rate,interest_rate,i need to get the interest rate of my savings account,0.9846477508544922
7,7,interest_rate,interest_rate,what's my savings account interest,0.6391860246658325
7,7,interest_rate,interest_rate,what's my savings account interest rate,0.9908193945884705
7,7,interest_rate,interest_rate,i would like the interest rate for my savings account,0.9929143190383911
7,7,interest_rate,interest_rate,what amount of interest does my checking account earn,0.32891181111335754
7,7,interest_rate,interest_rate,what does my checking account at chase earn in interest,0.3808889091014862
7,7,interest_rate,interest_rate,what amount of interest does my checking account at chase earn,0.34423089027404785
7,7,interest_rate,interest_rate,what interest rate does my checking account come with,0.9824124574661255
7,7,interest_rate,interest_rate,what does chase pay in interest per year,0.25816425681114197
109,109,credit_limit_change,credit_limit_change,when can i change my credit limit,0.8877791166305542
109,109,credit_limit_change,credit_limit_change,can i change my credit limit,0.9652875065803528
109,109,credit_limit_change,credit_limit_change,can i get more credit,0.4725760817527771
109,109,credit_limit_change,credit_limit_change,i need to change the credit limit i have,0.8885887265205383
109,109,credit_limit_change,credit_limit_change,you need to tell me how to increase credit limit for my chase card,0.6984390020370483
109,109,credit_limit_change,credit_limit_change,need to increase credit limit for chase card,0.9569661021232605
109,109,credit_limit_change,credit_limit_change,i need to increase credit limit for my chase card,0.9200741648674011
109,109,credit_limit_change,credit_limit_change,please tell me how to increase credit limit for the chase card,0.7487227916717529
109,109,credit_limit_change,credit_limit_change,tell me how to increase credit limit for chase card,0.764325737953186
109,109,credit_limit_change,credit_limit_change,is it possible for me to increase my credit limit by 500 dollars,0.9758169054985046
109,109,credit_limit_change,credit_limit_change,can my credit limit be increased by 500 dollars,0.9621949195861816
109,109,credit_limit_change,credit_limit_change,"i would like to increase my credit limit, can i do so by 500 dollars",0.9799779057502747
109,109,credit_limit_change,credit_limit_change,may i increase my credit limit by 500 dollars,0.9872249960899353
109,109,credit_limit_change,credit_limit_change,could i perhaps increase by credit limit by 500 dollars,0.9578403830528259
109,109,credit_limit_change,credit_limit_change,can i increase the credit limit on my mastercard,0.9857450127601624
109,109,credit_limit_change,credit_limit_change,can i increase the credit limit on my visa card,0.9848921298980713
109,109,credit_limit_change,credit_limit_change,can i increase the credit limit on my discover card,0.9874601364135742
109,109,credit_limit_change,credit_limit_change,can i increase the credit limit on my capital one card,0.9738460779190063
109,109,credit_limit_change,credit_limit_change,can i increase the credit limit on my travel rewards card,0.9594164490699768
109,109,credit_limit_change,credit_limit_change,how can i get my credit limit to be increased to $1000,0.975023627281189
109,109,credit_limit_change,credit_limit_change,can you get my credit limit increased to $1000,0.9515642523765564
109,109,credit_limit_change,credit_limit_change,how do i get my credit limit increased to $1000,0.9032917618751526
109,109,credit_limit_change,credit_limit_change,how do i ask for a limit increase on my discover card,0.8596514463424683
109,109,credit_limit_change,credit_limit_change,can i get my limit increased on my discover card,0.8345261812210083
109,109,credit_limit_change,credit_limit_change,how can i get a limit increase on my discover card,0.9764525294303894
109,109,credit_limit_change,credit_limit_change,who do i need to contact to ask for a credit limit increase on my discover card,0.876507580280304
109,109,credit_limit_change,credit_limit_change,can you increase my credit limit to $1000,0.994453489780426
109,109,credit_limit_change,credit_limit_change,can my credit limit be increased to $1000,0.9676373600959778
109,41,credit_limit_change,credit_limit,how do i adjust my credit limit,0.5297867655754089
109,109,credit_limit_change,credit_limit_change,how can i increase the credit limit on my discover card,0.9796807765960693
15,15,what_are_your_hobbies,what_are_your_hobbies,what are your hobbies exactly,0.9828478097915649
15,15,what_are_your_hobbies,what_are_your_hobbies,what are your hobbies in life,0.931724488735199
15,15,what_are_your_hobbies,what_are_your_hobbies,what are some of your hobbies,0.9857465028762817
15,15,what_are_your_hobbies,what_are_your_hobbies,i would like to know some of your hobbies,0.9785020351409912
15,15,what_are_your_hobbies,what_are_your_hobbies,would you give me examples of what some of your hobbies are,0.9183911085128784
15,15,what_are_your_hobbies,what_are_your_hobbies,tell me what some of your hobbies are,0.9796380400657654
15,15,what_are_your_hobbies,what_are_your_hobbies,i am needing to know what some of your hobbies are,0.916136622428894
15,15,what_are_your_hobbies,what_are_your_hobbies,i need you to talk to me about your hobbies,0.7438596487045288
15,15,what_are_your_hobbies,what_are_your_hobbies,would you tell me about your hobbies,0.9431216716766357
15,15,what_are_your_hobbies,what_are_your_hobbies,i want to talk to you about your hobbies,0.7903172969818115
15,15,what_are_your_hobbies,what_are_your_hobbies,give me examples of what some of your hobbies are,0.9368956089019775
15,15,what_are_your_hobbies,what_are_your_hobbies,what kinds of hobbies do you have,0.9303081631660461
15,15,what_are_your_hobbies,what_are_your_hobbies,what hobbies do you like to do,0.9943857192993164
15,15,what_are_your_hobbies,what_are_your_hobbies,would you tell me the hobbies the ai has,0.34041669964790344
15,15,what_are_your_hobbies,what_are_your_hobbies,what are the ai's hobbies,0.8279284834861755
15,15,what_are_your_hobbies,what_are_your_hobbies,does the ai have hobbies,0.7219255566596985
15,15,what_are_your_hobbies,what_are_your_hobbies,what kind of hobbies does the ai have,0.597443163394928
15,15,what_are_your_hobbies,what_are_your_hobbies,can you tell me what hobbies the ai has,0.5462069511413574
15,15,what_are_your_hobbies,what_are_your_hobbies,what do you engage in during your free time,0.9466798901557922
15,15,what_are_your_hobbies,what_are_your_hobbies,what kind of things to you like to outside of work,0.3829752206802368
15,15,what_are_your_hobbies,what_are_your_hobbies,what do you like to do during your leisure time,0.8903197646141052
15,15,what_are_your_hobbies,what_are_your_hobbies,what kinds of activities to you participate in during your free time,0.8763248920440674
15,15,what_are_your_hobbies,what_are_your_hobbies,what do you do on off days,0.34962067008018494
15,15,what_are_your_hobbies,what_are_your_hobbies,how to you spend your free time,0.8072600960731506
15,15,what_are_your_hobbies,what_are_your_hobbies,what do you do after work,0.37011560797691345
15,15,what_are_your_hobbies,what_are_your_hobbies,what do you like to do besides work,0.6972471475601196
15,15,what_are_your_hobbies,what_are_your_hobbies,if you have hobbies tell me some of them,0.8250700831413269
15,15,what_are_your_hobbies,what_are_your_hobbies,what kind of hobbies are you interested in,0.6277863383293152
15,15,what_are_your_hobbies,what_are_your_hobbies,any hobbies you like to do,0.9885212182998657
15,15,what_are_your_hobbies,what_are_your_hobbies,what do you enjoy doing in your off time,0.974275529384613
63,63,book_flight,book_flight,"book me a flight to jackson, mississippi from austin texas on american airlines",0.8361130952835083
63,116,book_flight,book_hotel,book me a place to chicago from atlanta united airlines,0.315410852432251
63,63,book_flight,book_flight,can you book me a flight to memphis from st louis on delta airlines,0.8147808313369751
63,63,book_flight,book_flight,book a flight to los angeles from las vegas on american airlines,0.8538205027580261
63,63,book_flight,book_flight,"book me a flight to dallas from st, paul, minnesota on delta airlines",0.9326723217964172
63,63,book_flight,book_flight,i need a flight on delta from los angeles to seattle,0.857501745223999
63,63,book_flight,book_flight,i need to book a flight on jet blue to boston from new york,0.8349417448043823
63,63,book_flight,book_flight,can you get me a flight from san francisco to san jose using american airlines,0.6861675381660461
63,63,book_flight,book_flight,i want a flight from new york to san francisco using delta,0.9284972548484802
63,63,book_flight,book_flight,get me a flight from barcelona to paris from jet blue,0.9252251982688904
63,63,book_flight,book_flight,"""i'll be travelling from lax and headed to phl for 120 on the 10th of may",0.23041081428527832
63,63,book_flight,book_flight,"""i'm fly out from lax to phl this weekend for around $120",0.446372926235199
63,63,book_flight,book_flight,"""i""m headed out to lax and going to phl for a low price of $120 this weekend on the 12th",0.11090386658906937
63,63,book_flight,book_flight,"""i'm going on a flight from lax and going to phl, which is only $120 on june 15th",0.8218216300010681
63,63,book_flight,book_flight,"""i'll leave to lax and go to phl for $120 on nov 5th",0.13458915054798126
63,63,book_flight,book_flight,book me a flight from midway to jfk for less than 200 dollars,0.9141746163368225
63,63,book_flight,book_flight,i need a flight from boston to miami for under 300 dollars,0.992922306060791
63,63,book_flight,book_flight,can i fly from atlanta to san francisco for less than 100 dollars,0.23442871868610382
63,63,book_flight,book_flight,book a flight from new york to la for less than 200 dollars,0.936190128326416
63,63,book_flight,book_flight,find me a flight from seattle to detroit for less than 200 dollars,0.8686272501945496
63,63,book_flight,book_flight,i want to a book a roundtrip flight from san antonio to dtw departing on friday and returning on wednesday,0.9869803786277771
63,63,book_flight,book_flight,i'm looking for a flight from billings to cleveland on may 2 and a return on may 9,0.8968634009361267
63,63,book_flight,book_flight,i'm looking for flights that depart on the 3rd and return on z from monday to friday,0.4579104483127594
63,63,book_flight,book_flight,what roundtrip flights from orlando to vegas are available from thursday to monday,0.8528275489807129
63,63,book_flight,book_flight,are there any roundtrip flights from shanghai to seatac that depart on wednesday and return on the thirty first,0.6564070582389832
63,63,book_flight,book_flight,make sure i get a delta flight from pittsburgh to arizona,0.9216495156288147
63,63,book_flight,book_flight,book a delta flight to arizona from pittsburgh,0.905920684337616
63,63,book_flight,book_flight,schedule a flight from pittsburgh to arizona on delta,0.9729446172714233
63,63,book_flight,book_flight,i want to fly to atlanta for under 300 from pittsburgh,0.948824942111969
63,63,book_flight,book_flight,i need a flight for under 300 from pittsburgh to atlanta,0.9861319065093994
43,43,shopping_list,shopping_list,does my shopping list have pop tarts,0.9644168019294739
43,43,shopping_list,shopping_list,can you check to see if my shopping list already has milk,0.8756619691848755
43,76,shopping_list,reminder,did i remember to put oatmeal on my list,0.4724821150302887
43,48,shopping_list,todo_list,iterate over the items on my grocery list,0.5092630386352539
43,43,shopping_list,shopping_list,tell me what i have on my shopping list,0.9872605800628662
43,48,shopping_list,todo_list,do i have twinkies on the grocery list,0.5299293398857117
43,43,shopping_list,shopping_list,have i already got eggs down on the shopping list,0.5018784403800964
43,16,shopping_list,order,recite the items i'm planning to purchase,0.37960290908813477
43,43,shopping_list,shopping_list,what do i currently have on my shopping list,0.9751430749893188
43,43,shopping_list,shopping_list,what's on my to-buy list,0.5984975695610046
43,48,shopping_list,todo_list,what's on my purchase list,0.4759967625141144
43,43,shopping_list,shopping_list,do i have to buy milk,0.540071964263916
43,43,shopping_list,shopping_list,is milk on my shopping list,0.8983351588249207
43,43,shopping_list,shopping_list,is milk one of my shopping list items,0.870644211769104
43,43,shopping_list,shopping_list,am i supposed to buy milk,0.14294464886188507
43,16,shopping_list,order,is milk one of the things i need to buy,0.27523571252822876
43,43,shopping_list,shopping_list,tell me what's is on my shopping list,0.9934803247451782
43,43,shopping_list,shopping_list,please read my shopping list,0.9667398929595947
43,125,shopping_list,shopping_list_update,did you put carrots on the shopping list,0.6350061893463135
43,43,shopping_list,shopping_list,does the shopping list have apples on it,0.8054885864257812
43,125,shopping_list,shopping_list_update,are carrots added to the grocery list,0.4646679759025574
43,48,shopping_list,todo_list,is garlic on my grocery list,0.3323473334312439
43,43,shopping_list,shopping_list,did carrots get on my shopping list,0.8666462302207947
43,43,shopping_list,shopping_list,what things are on my shopping list today,0.8755087852478027
43,43,shopping_list,shopping_list,tell me the items in my shopping list,0.9832897186279297
43,43,shopping_list,shopping_list,what does my shopping list contain,0.9911082983016968
43,43,shopping_list,shopping_list,i need to know what's on my shopping list,0.994282603263855
43,43,shopping_list,shopping_list,what is on the shopping list,0.9823883175849915
43,43,shopping_list,shopping_list,please let me know what is on my shopping list,0.9559746980667114
43,43,shopping_list,shopping_list,let me know what's on my shopping list,0.9864848256111145
26,26,text,text,"text chrissy, i'm on my way",0.8767455220222473
26,26,text,text,"text dave, i'll be there soon",0.937173068523407
26,26,text,text,send davis a text i'll be there in a few,0.970899224281311
26,26,text,text,text laura i'll be late for dinner,0.8373318910598755
26,26,text,text,"text mike, ""i'm running late",0.8198702335357666
26,5,text,weather,tell jim i'm coming home soon,0.0866616815328598
26,19,text,meeting_schedule,i want to tell susan that the meeting has been cancelled,0.11825130879878998
26,121,text,maybe,tell fred that i don't have his guitar,0.755834698677063
26,26,text,text,could you send a text to bill saying no,0.9208794832229614
26,26,text,text,text mark hello,0.8832861185073853
26,26,text,text,text emily,0.9999605417251587
26,26,text,text,please text john,0.9696701765060425
26,26,text,text,i want you to text mark,0.8644497394561768
26,26,text,text,get a text to mark,0.93025141954422
26,26,text,text,can you text walt and tell him to meet me at the car wash,0.8953405022621155
26,26,text,text,text courtney and inform her about the detour,0.9643186330795288
26,26,text,text,text dan and tell him to go home,0.9906046986579895
26,26,text,text,text samantha and let her know i will arrive in 10 minutes,0.5952739715576172
26,26,text,text,text katy and tell her i love her,0.9832450151443481
26,26,text,text,text jean and tell him to call work,0.9698709845542908
26,26,text,text,text steve and tell him i am running late,0.9713497757911682
26,26,text,text,i'd like you to text marie and let her know to meet me at the hospital,0.6867768168449402
26,26,text,text,text jeff and tell him to pay the bill,0.801703155040741
26,26,text,text,text mark and tell him to leave now,0.983632504940033
26,26,text,text,send jack a text saying hi,0.8927867412567139
26,26,text,text,send a text that says hi to abby,0.9807003736495972
26,26,text,text,"i'd like to send a text to jack, say ""hi",0.9225398898124695
26,26,text,text,can you text dave and tell him i like his paper,0.9770261645317078
26,26,text,text,can you text mary and tell her she is amazing,0.929364025592804
26,26,text,text,can you text bill and tell him i love him,0.9834198951721191
27,27,bill_balance,bill_balance,what do i owe to jcp,0.45974090695381165
27,27,bill_balance,bill_balance,what is the amount due on my visa,0.3617570102214813
27,27,bill_balance,bill_balance,how much do i owe visa,0.7650962471961975
27,27,bill_balance,bill_balance,how much do you think my rent and electric bills are,0.9124962091445923
27,27,bill_balance,bill_balance,what would you say my gas and phone bills are at,0.23377718031406403
27,111,bill_balance,pay_bill,i need to know the price of my car payment and insurance please,0.1369166076183319
27,27,bill_balance,bill_balance,what price is my credit card and my water bill at,0.3739624619483948
27,27,bill_balance,bill_balance,how much is my water and sewer,0.9060055017471313
27,27,bill_balance,bill_balance,how much do i need to pay for my electricity and water bills,0.9670289754867554
27,27,bill_balance,bill_balance,what is the cost of my rent and water bills,0.9710183143615723
27,27,bill_balance,bill_balance,how much are my rent and cable,0.907805323600769
27,27,bill_balance,bill_balance,how much does my water and electricity cost,0.8482696413993835
27,27,bill_balance,bill_balance,what do i owe this month on all my bills,0.9928212761878967
27,27,bill_balance,bill_balance,"i think all my bills are paid, but can you double check",0.2636699378490448
27,27,bill_balance,bill_balance,"i think i owe about 100 left on my bills, am i forgetting anything",0.7716075778007507
27,27,bill_balance,bill_balance,what are my bills this month,0.9592280983924866
27,27,bill_balance,bill_balance,what does my cable bill look like,0.43374931812286377
27,27,bill_balance,bill_balance,has my electricity bill increased this month how much,0.9400491714477539
27,42,bill_balance,oos,how expensive is my internet,0.45967715978622437
27,27,bill_balance,bill_balance,how much will my monthly bill be,0.5908828973770142
27,27,bill_balance,bill_balance,what are my total bills this month,0.9179509282112122
27,27,bill_balance,bill_balance,what will i be paying for utilities this month,0.49366310238838196
27,27,bill_balance,bill_balance,how much is my telephone bill this month,0.9823246002197266
27,27,bill_balance,bill_balance,how much is due for my water bill,0.6199700236320496
27,27,bill_balance,bill_balance,how much do i have to pay this month,0.8151477575302124
27,27,bill_balance,bill_balance,tell me my water bill please,0.8006913065910339
27,68,bill_balance,transactions,is the phone bill the same as last month,0.223523810505867
27,27,bill_balance,bill_balance,whens my insurance due and how much does it cost,0.3617236316204071
27,27,bill_balance,bill_balance,how much is the car bill this month,0.9500293135643005
27,27,bill_balance,bill_balance,what is the electricity bill,0.7224411964416504
58,58,share_location,share_location,can i share my location with david,0.9898498058319092
58,58,share_location,share_location,please send my location to kevin and also to lucy,0.9726366400718689
58,58,share_location,share_location,how do i share my location with kate and mike,0.98101806640625
58,58,share_location,share_location,can you let michael and julie know my location,0.9443048238754272
58,58,share_location,share_location,please let lisa and chris know my location information,0.9198840260505676
58,58,share_location,share_location,make my location available with david and kate,0.9352033138275146
58,58,share_location,share_location,i need to give my location to macy and george,0.968228280544281
58,136,share_location,current_location,i'd like for this person to know my location,0.7569032907485962
58,58,share_location,share_location,can you indicate my location to my friend,0.9568933844566345
58,58,share_location,share_location,share my location with this person,0.979335606098175
58,58,share_location,share_location,send my location to this individual,0.9669109582901001
58,136,share_location,current_location,what is my current location,0.9446184635162354
58,58,share_location,share_location,share location with john,0.9099921584129333
58,58,share_location,share_location,give ann and scott my location,0.9743364453315735
58,58,share_location,share_location,could you inform ann and scott of my location,0.9425243139266968
58,58,share_location,share_location,let ann and scott know where i am,0.9571095705032349
58,58,share_location,share_location,will you make sure ann and scott know my location,0.6948234438896179
58,58,share_location,share_location,tell ann and scott where i am,0.8891489505767822
58,58,share_location,share_location,tell david my location,0.8590565919876099
58,58,share_location,share_location,send david my location,0.9428115487098694
58,58,share_location,share_location,tell my location to david,0.9695442318916321
58,58,share_location,share_location,tell david where i am,0.7109717130661011
58,58,share_location,share_location,share location with david,0.94438636302948
58,72,share_location,directions,show allison how to get to me,0.7227599024772644
58,58,share_location,share_location,send my location to sis,0.9918559789657593
58,58,share_location,share_location,show cody where i am,0.6721868515014648
58,58,share_location,share_location,share my location to susan,0.9964894652366638
58,58,share_location,share_location,share my current location with kristen,0.9842591881752014
58,58,share_location,share_location,send sarah my current location,0.8242225050926208
58,58,share_location,share_location,please send my location to rob and mary,0.9886158108711243
6,6,redeem_rewards,redeem_rewards,how do i get stuff with visa points,0.7660181522369385
6,6,redeem_rewards,redeem_rewards,what are my mastercard points good for,0.28221186995506287
6,6,redeem_rewards,redeem_rewards,how many points do i have to cash,0.48831623792648315
6,6,redeem_rewards,redeem_rewards,where can i cash out my card points,0.9703050255775452
6,6,redeem_rewards,redeem_rewards,what do i have to do to use my credit points acquired through purchases,0.8712056875228882
6,6,redeem_rewards,redeem_rewards,how do i use my card reward points for my next flight,0.7013899087905884
6,6,redeem_rewards,redeem_rewards,how do i go about getting cash for my card points accumulated,0.9868861436843872
6,6,redeem_rewards,redeem_rewards,tell me how to get my points from credit card use cashed in,0.9677937626838684
6,6,redeem_rewards,redeem_rewards,i want to use my card reward points,0.8736007809638977
6,6,redeem_rewards,redeem_rewards,can i redeem my points by transferring them to someone as a gift,0.8723064064979553
6,6,redeem_rewards,redeem_rewards,can i redeem my points on gas,0.9345829486846924
6,6,redeem_rewards,redeem_rewards,can i redeem my points for flights,0.9213116765022278
6,6,redeem_rewards,redeem_rewards,can i get cash back for my points,0.9561014771461487
6,6,redeem_rewards,redeem_rewards,can i use my points to pay my credit card,0.9710044860839844
6,50,redeem_rewards,rewards_balance,what are the steps to get my rewards for my visa card,0.7396059036254883
6,6,redeem_rewards,redeem_rewards,how can i cash out my rewards for a visa card,0.724488377571106
6,50,redeem_rewards,rewards_balance,how can i claim my rewards for my visa card,0.8584604859352112
6,50,redeem_rewards,rewards_balance,how can i get my rewards for my master card,0.7705565690994263
6,50,redeem_rewards,rewards_balance,where would i get my rewards for my master card,0.8182114958763123
6,6,redeem_rewards,redeem_rewards,let me cash my credit rewards,0.913774311542511
6,6,redeem_rewards,redeem_rewards,help me redeem my reward points,0.8047013282775879
6,6,redeem_rewards,redeem_rewards,put in a request for cashing in credit points,0.42891544103622437
6,6,redeem_rewards,redeem_rewards,i want to use my credit rewards now,0.954147458076477
6,6,redeem_rewards,redeem_rewards,i need to use my credit points,0.981723427772522
6,6,redeem_rewards,redeem_rewards,i need to redeem my visa points,0.9552925229072571
6,6,redeem_rewards,redeem_rewards,whats the policy to redeem my visa reward points,0.8389314413070679
6,6,redeem_rewards,redeem_rewards,what can i get with my mastercard points,0.6127172708511353
6,6,redeem_rewards,redeem_rewards,how do i cash in my amex reward points,0.995728075504303
6,6,redeem_rewards,redeem_rewards,how do i redeem my visa points,0.9806068539619446
6,6,redeem_rewards,redeem_rewards,i want to shop using credit card points,0.9683674573898315
106,106,play_music,play_music,play the song called baby shark,0.9680578112602234
106,106,play_music,play_music,play the song called wreckless love,0.9397732615470886
106,106,play_music,play_music,play the song called i want it that way,0.941206157207489
106,106,play_music,play_music,play the song called dancing on the ceiling,0.8689849376678467
106,106,play_music,play_music,play the song called amazing grace,0.9290274977684021
106,42,play_music,oos,get me my slow sounds,0.1690911501646042
106,106,play_music,play_music,let me hear my slow songs,0.21649111807346344
106,119,play_music,change_speed,pull up the songs under slow,0.08811179548501968
106,106,play_music,play_music,i want to hear my slow playlist,0.9676860570907593
106,54,play_music,food_last,i'm in the mood for slow songs and nothing else,0.22372105717658997
106,106,play_music,play_music,"the song that goes, ""starships were meant to fly"", play it",0.9068374037742615
106,106,play_music,play_music,"please play that song that goes, ""starships were meant to fly",0.9638093113899231
106,106,play_music,play_music,"play the song that goes, ""starships were meant to fly",0.9161975979804993
106,106,play_music,play_music,"can you play the song that goes like, ""starships were meant to fly",0.9649370908737183
106,106,play_music,play_music,"will you play the song that goes like, ""starships were meant to fly",0.9376826882362366
106,149,play_music,travel_suggestion,drop some beats,0.22088304162025452
106,10,play_music,smart_home,turn on top 20 country hits,0.2935448884963989
106,10,play_music,smart_home,turn on my tunes,0.46337059140205383
106,106,play_music,play_music,please play music by acdc,0.998601496219635
106,106,play_music,play_music,play oldschool rap,0.9982147216796875
106,106,play_music,play_music,put on some metallica music,0.9806953072547913
106,106,play_music,play_music,play music by ludacris,0.9985865354537964
106,149,play_music,travel_suggestion,bump some jams,0.22088304162025452
106,106,play_music,play_music,play ludacris hits,0.9982147216796875
106,106,play_music,play_music,play a song,0.8750317096710205
106,10,play_music,smart_home,turn on metallicas greatest hits,0.617685079574585
106,141,play_music,update_playlist,put on my 90s playlist,0.6018299460411072
106,106,play_music,play_music,can you play music by led zepplin,0.9919811487197876
106,106,play_music,play_music,lets play some music by korn,0.9979758858680725
106,106,play_music,play_music,do play the music by linkin park,0.9978062510490417
105,105,calendar_update,calendar_update,i need to add something to my calendar for next tuesday,0.9890912175178528
105,105,calendar_update,calendar_update,please clear my calendar,0.991476833820343
105,105,calendar_update,calendar_update,take the doctor appointment off my calendar please,0.9763193130493164
105,105,calendar_update,calendar_update,can you add an event to my calendar,0.9838417768478394
105,105,calendar_update,calendar_update,erase all events on friday from my calendar,0.9689252376556396
105,105,calendar_update,calendar_update,remove jess's party from my calendar,0.9955755472183228
105,105,calendar_update,calendar_update,delete all calendar entries on march 3,0.9779292941093445
105,105,calendar_update,calendar_update,delete dentist from my calendar,0.9938333034515381
105,105,calendar_update,calendar_update,cancel doctors appointment from my calendar,0.9914528131484985
105,105,calendar_update,calendar_update,erase meeting with jeff from my calendar,0.9340305924415588
105,105,calendar_update,calendar_update,clear my calendar on feb 28,0.9902800917625427
105,105,calendar_update,calendar_update,cancel event scheduled for this afternoon,0.4765757918357849
105,105,calendar_update,calendar_update,please take off my calendar on saturday the 6th birthday party for john,0.918043315410614
105,105,calendar_update,calendar_update,i want to take the 8am meeting with sam on monday the 5th off my calendar,0.8367917537689209
105,105,calendar_update,calendar_update,please remove lunch with sally that is on my calendar on tuesday the 8th,0.9842104911804199
105,105,calendar_update,calendar_update,i need buy a birthday gift for sue taken off my calendar it is on monday or tuesday last week,0.7633606195449829
105,105,calendar_update,calendar_update,will you remove the dinner with june on saturday the 4th at 7pm from my calendar,0.966620147228241
105,105,calendar_update,calendar_update,can you cancel improv class from my calendar for may 7th,0.9087321162223816
105,105,calendar_update,calendar_update,clear my calendar for may 3rd,0.9056739211082458
105,105,calendar_update,calendar_update,take work from my calendar for may 7th,0.9349030256271362
105,105,calendar_update,calendar_update,clear my calendar for september 6th,0.9771415591239929
105,105,calendar_update,calendar_update,delete jury duty from my calendar for may 7th,0.9840070605278015
105,105,calendar_update,calendar_update,remove fencing from my calendar for may 7th,0.9785676598548889
105,105,calendar_update,calendar_update,clear my calendar for february 29th,0.9723415374755859
105,105,calendar_update,calendar_update,clear my calendar for april 20th,0.9786483645439148
105,105,calendar_update,calendar_update,clear my calendar for november 11th,0.9674299955368042
105,105,calendar_update,calendar_update,remove wrestlemania from my calendar for may 7th,0.9785676598548889
105,105,calendar_update,calendar_update,what can i do to get rid of this event,0.30138349533081055
105,42,calendar_update,oos,what is the best way to remove this appointment,0.11845511198043823
105,105,calendar_update,calendar_update,friday needs to be clear on my calendar,0.9891678094863892
117,117,are_you_a_bot,are_you_a_bot,tell me if you are a human or are a computer,0.9931249618530273
117,117,are_you_a_bot,are_you_a_bot,would you tell me if you are a human or are a computer,0.9903693795204163
117,117,are_you_a_bot,are_you_a_bot,provide me with the knowledge of whether you are a human or are a computer,0.8858097791671753
117,117,are_you_a_bot,are_you_a_bot,let me know if you are a human or are a computer,0.9851282238960266
117,117,are_you_a_bot,are_you_a_bot,i need to know whether you are a human or are a computer,0.9687390923500061
117,117,are_you_a_bot,are_you_a_bot,are you real,0.9830369353294373
117,117,are_you_a_bot,are_you_a_bot,can you tell me if your a bot,0.6119915843009949
117,117,are_you_a_bot,are_you_a_bot,i want to know if your a bot,0.4887799620628357
117,117,are_you_a_bot,are_you_a_bot,is this a bot,0.729142963886261
117,117,are_you_a_bot,are_you_a_bot,i think your a bot,0.7632080912590027
117,117,are_you_a_bot,are_you_a_bot,is it true your a real person,0.4020936191082001
117,117,are_you_a_bot,are_you_a_bot,are you a person that's real,0.9970826506614685
117,117,are_you_a_bot,are_you_a_bot,are you actually a person,0.9335141777992249
117,117,are_you_a_bot,are_you_a_bot,are you really real,0.9437116980552673
117,117,are_you_a_bot,are_you_a_bot,your a bot aren't you,0.7003350853919983
117,117,are_you_a_bot,are_you_a_bot,could you be human,0.39267322421073914
117,117,are_you_a_bot,are_you_a_bot,could you be a person,0.26707884669303894
117,117,are_you_a_bot,are_you_a_bot,are you human,0.9803882837295532
117,117,are_you_a_bot,are_you_a_bot,are you a human or ai computer based,0.9966963529586792
117,117,are_you_a_bot,are_you_a_bot,would you call yourself a human or a computer,0.9313597083091736
117,117,are_you_a_bot,are_you_a_bot,how do you describe yourself: as a computer or a human,0.7339304685592651
117,117,are_you_a_bot,are_you_a_bot,are you computer or human,0.9913517236709595
117,117,are_you_a_bot,are_you_a_bot,would most people say you are a computer or a human,0.8595142364501953
117,117,are_you_a_bot,are_you_a_bot,are you real or a computer,0.9968616962432861
117,117,are_you_a_bot,are_you_a_bot,are you a computer generated voice,0.9237289428710938
117,117,are_you_a_bot,are_you_a_bot,am i talking to a real live person,0.9488767981529236
117,117,are_you_a_bot,are_you_a_bot,is your voice from a human or is it synthesized,0.34311962127685547
117,117,are_you_a_bot,are_you_a_bot,are you a person or artificial intelligence,0.9032207727432251
117,117,are_you_a_bot,are_you_a_bot,could you tell me if you're a real person,0.9118751883506775
117,117,are_you_a_bot,are_you_a_bot,are you a person or robot,0.9765378832817078
110,110,gas,gas,can i get to work on my fuel tank,0.8281373977661133
110,110,gas,gas,can i get to susan's house with my current tank,0.31645044684410095
110,110,gas,gas,do i have enough gas to get home,0.98262619972229
110,110,gas,gas,do i have enough fuel to travel to san diego from here,0.4710935950279236
110,110,gas,gas,will i make it to my current destination on this fuel tank,0.6324289441108704
110,110,gas,gas,can i make it to los angeles with this fuel level,0.46665889024734497
110,8,gas,gas_type,can i reach seattle with this amount of fuel,0.3394814431667328
110,110,gas,gas,do i have enough gas in my tank to make it to washington dc,0.9537639617919922
110,110,gas,gas,do i have enough gas in my car to make it to dallas,0.9555484652519226
110,110,gas,gas,will i run out of gas before i reach atlantic city,0.5725085139274597
110,110,gas,gas,tell me where my gas tank is,0.8667677640914917
110,110,gas,gas,where can i find my gas tank,0.7039988040924072
110,110,gas,gas,where is my gas tank located,0.9296581149101257
110,110,gas,gas,how many gallons do i have left in my gas tank,0.9951812624931335
110,110,gas,gas,how's my gasoline how much do i have left,0.5539256930351257
110,110,gas,gas,what percentage full is my gas tank,0.9108474254608154
110,110,gas,gas,how full or empty is my tank of gas,0.9370155930519104
110,110,gas,gas,how much gas do i have left in my tank,0.9885727167129517
110,110,gas,gas,how full is my gas tank,0.985372006893158
110,142,gas,mpg,how many more miles can i drive on my current tank,0.2994181513786316
110,110,gas,gas,how much gas is left in my car,0.9658457636833191
110,110,gas,gas,how full is the gas tank,0.956925630569458
110,110,gas,gas,what does the gas meter read,0.46478819847106934
110,110,gas,gas,how much of the gas do i have left,0.9611430764198303
110,110,gas,gas,how much gas do i have here,0.9810730218887329
110,110,gas,gas,how much gas do i have in the tank,0.9821750521659851
110,110,gas,gas,can you tell me how much gas is in my tank,0.9179640412330627
110,110,gas,gas,tell me my gas tank levels,0.9644098877906799
110,110,gas,gas,what is the data of my gas tank,0.9293591976165771
110,110,gas,gas,how much gas do i have in my tank,0.9735530018806458
44,87,expiration_date,damaged_card,"i want to bring my card on the texas trip in june, will it be expired by then",0.2494167685508728
44,44,expiration_date,expiration_date,"what's the month, year, and day that my card expires",0.9860947132110596
44,44,expiration_date,expiration_date,"does my card ending in 1234, or any of my cards, expire soon",0.5692285895347595
44,44,expiration_date,expiration_date,"does my card have an expiration date and if so, what is it",0.6400954127311707
44,44,expiration_date,expiration_date,"when does my card expire, the one ending in 1234",0.9066706299781799
44,44,expiration_date,expiration_date,give me my credit card expiration date,0.9856536984443665
44,44,expiration_date,expiration_date,what is the expiration month and year on my credit car,0.7709837555885315
44,44,expiration_date,expiration_date,when is the date of expiration for my first bank card,0.8395927548408508
44,44,expiration_date,expiration_date,what is the expiration month of my card,0.9818291664123535
44,44,expiration_date,expiration_date,what is the expiration date of my credit card,0.9949878454208374
44,44,expiration_date,expiration_date,let me know when my credit card expire,0.9857100248336792
44,44,expiration_date,expiration_date,when will my citi card expire,0.9609758257865906
44,44,expiration_date,expiration_date,when is my credit card expire,0.9912200570106506
44,44,expiration_date,expiration_date,when is the expiration month for my card,0.9867934584617615
44,44,expiration_date,expiration_date,when is the expiration date of my credit card,0.9951890707015991
44,44,expiration_date,expiration_date,what is the expiration date on my chase card,0.962051510810852
44,44,expiration_date,expiration_date,when is the expiration date for me discover,0.8404380679130554
44,44,expiration_date,expiration_date,when it my citi card expired,0.32076695561408997
44,44,expiration_date,expiration_date,when is my card expired,0.6254409551620483
44,44,expiration_date,expiration_date,tell me the expiration date on my credit card,0.9913313388824463
44,44,expiration_date,expiration_date,what month is my card expired in,0.6941642165184021
44,44,expiration_date,expiration_date,how soon does my credit card expire,0.9706257581710815
44,90,expiration_date,replacement_card_duration,when will my new credit card arrive,0.9525121450424194
44,44,expiration_date,expiration_date,what month does my credit card expire,0.9901556968688965
44,44,expiration_date,expiration_date,what is the date when my visa card will expire,0.9873970150947571
44,44,expiration_date,expiration_date,can you tell me what the date of expiry for my visa card is,0.7327671647071838
44,44,expiration_date,expiration_date,tell me the expiration date for my visa card,0.9928407669067383
44,44,expiration_date,expiration_date,show me the expiration date for my visa card,0.9872769713401794
44,44,expiration_date,expiration_date,where should i look for my credit card expiration day,0.6606013774871826
44,44,expiration_date,expiration_date,when will my credit card no longer be good,0.6335925459861755
141,141,update_playlist,update_playlist,add to my motivational playlist rap god,0.9854652285575867
141,141,update_playlist,update_playlist,include rap god on the motivational playlist,0.5171985626220703
141,141,update_playlist,update_playlist,move rap god to my motivational playlist,0.9222314357757568
141,141,update_playlist,update_playlist,in my motivational playlist include the song rap god,0.7024055123329163
141,141,update_playlist,update_playlist,add the song rap god to the motivational playlist,0.9036481380462646
141,141,update_playlist,update_playlist,i need this song on my meditation playlist,0.8666793704032898
141,141,update_playlist,update_playlist,i want the current song added to my pregame playlist,0.9185669422149658
141,141,update_playlist,update_playlist,please put this song on my studying playlist,0.9544153809547424
141,141,update_playlist,update_playlist,please throw this song onto my cleaning playlist,0.8004276156425476
141,106,update_playlist,play_music,i would like the song playing right now put on my driving playlist,0.35426902770996094
141,141,update_playlist,update_playlist,i want this song on my pregame playlist,0.8511027097702026
141,141,update_playlist,update_playlist,please add this song to my study playlist,0.995283305644989
141,141,update_playlist,update_playlist,can you add this song to my driving playlist,0.989978551864624
141,141,update_playlist,update_playlist,will you be sure to add this current song to my sleep playlist,0.9666382074356079
141,141,update_playlist,update_playlist,please add the song i'm listening to right now to my relaxation playlist,0.9368996620178223
141,141,update_playlist,update_playlist,add this to my rock playlist,0.9748133420944214
141,141,update_playlist,update_playlist,add what im listening to to my rock playlist,0.957181990146637
141,141,update_playlist,update_playlist,i want to put this on my rock playlist,0.6170052886009216
141,141,update_playlist,update_playlist,add current song to rock playlist,0.9048290848731995
141,141,update_playlist,update_playlist,add this song to my rock playlist,0.9887157082557678
141,141,update_playlist,update_playlist,please add this song to my country music playlist,0.9850918650627136
141,141,update_playlist,update_playlist,i am asking you to add this song to my country music playlist,0.9730322957038879
141,141,update_playlist,update_playlist,help me add this song to my country music playlist,0.9784117937088013
141,141,update_playlist,update_playlist,can you add this song to my country music playlist,0.9774056077003479
141,141,update_playlist,update_playlist,this song needs to be added to my country music playlist,0.9193693995475769
141,141,update_playlist,update_playlist,this song i'm listening to would be great on my commute playlist,0.7391019463539124
141,141,update_playlist,update_playlist,i need this song on my jam playlist,0.6819866299629211
141,141,update_playlist,update_playlist,i want what i'm listening to to be added to my chill playlist,0.9078163504600525
141,141,update_playlist,update_playlist,i need what i'm listening to right now to be put on my exercise playlist,0.5489664673805237
141,141,update_playlist,update_playlist,put what i'm listening to on my workout playlist,0.5096457004547119
67,67,cancel_reservation,cancel_reservation,i do not actually need my reservation anymore,0.8832871317863464
67,67,cancel_reservation,cancel_reservation,i need to cancel my reservation for rob at red robin,0.986817479133606
67,67,cancel_reservation,cancel_reservation,cancel my reservation for bob at red robin,0.9506669044494629
67,67,cancel_reservation,cancel_reservation,i do not want my reservation anymore,0.8129038214683533
67,67,cancel_reservation,cancel_reservation,i need you to cancel my reservation for 5 at red robin,0.9502828121185303
67,67,cancel_reservation,cancel_reservation,please cancel my reservation for tim at jb's,0.9893497228622437
67,67,cancel_reservation,cancel_reservation,i gotta cancel my reservation for barry at red robin,0.9461709856987
67,67,cancel_reservation,cancel_reservation,i don't need the reservation anymore,0.9750829339027405
67,67,cancel_reservation,cancel_reservation,i want you to cancel my reservation for 5 at red robin,0.9528340697288513
67,67,cancel_reservation,cancel_reservation,i am not in need of my reservation anymore,0.7152783274650574
67,67,cancel_reservation,cancel_reservation,go ahead and cancel my reservation for 5 at red robin,0.9443691372871399
67,67,cancel_reservation,cancel_reservation,i wish to cancel my reservation for fred at red robin,0.9625980854034424
67,67,cancel_reservation,cancel_reservation,i no longer want my reservation anymore,0.8913629651069641
67,67,cancel_reservation,cancel_reservation,please cancel my reservation for 5 at red robin,0.9724331498146057
67,67,cancel_reservation,cancel_reservation,i need you to cancel my reservation for smith at the williams diner,0.97773277759552
67,67,cancel_reservation,cancel_reservation,i want a cancellation of the dinner reservation for phillips at bernardin's,0.5924732089042664
67,67,cancel_reservation,cancel_reservation,please delete the reservation for roberts at village tavern,0.7389146089553833
67,67,cancel_reservation,cancel_reservation,could you cancel my reservation for winters at the palace tonight,0.9921823143959045
67,67,cancel_reservation,cancel_reservation,i would like you to cancel the dinner reservation for williams at the palace tonight,0.9868577718734741
67,67,cancel_reservation,cancel_reservation,i have to cancel my reservation after all,0.9866195917129517
67,67,cancel_reservation,cancel_reservation,"cancel my reservation for dinner tonight, please",0.9986696243286133
67,67,cancel_reservation,cancel_reservation,i need to cancel my reservation after all,0.9951834082603455
67,67,cancel_reservation,cancel_reservation,"i have to cancel my reservation after all, please",0.987472653388977
67,67,cancel_reservation,cancel_reservation,"cancel my reservation for dinner this saturday, please",0.9975510239601135
67,67,cancel_reservation,cancel_reservation,"cancel my reservation for dinner this friday, please",0.9956955909729004
67,67,cancel_reservation,cancel_reservation,cancel my reservation for dinner this saturday,0.9968585968017578
67,67,cancel_reservation,cancel_reservation,cancel my reservation for dinner tonight,0.9983277916908264
67,67,cancel_reservation,cancel_reservation,i have to cancel my reservation,0.997441291809082
67,67,cancel_reservation,cancel_reservation,"i need to cancel my reservation after all, please",0.9941486120223999
67,67,cancel_reservation,cancel_reservation,i need my dinner reservation canceled,0.9526630640029907
36,36,tell_joke,tell_joke,i would like to hear something funny,0.9667070508003235
36,36,tell_joke,tell_joke,do you have any monkey jokes,0.7433717846870422
36,36,tell_joke,tell_joke,know any dad jokes,0.8547835946083069
36,36,tell_joke,tell_joke,tell me a dog joke,0.9932953715324402
36,36,tell_joke,tell_joke,heard any good jokes,0.9379292726516724
36,36,tell_joke,tell_joke,i want to hear a joke about elephants,0.8056718707084656
36,36,tell_joke,tell_joke,i'd like to hear a lawyer joke,0.9754113554954529
36,36,tell_joke,tell_joke,tell me a blonde joke,0.999154806137085
36,36,tell_joke,tell_joke,do you know any dad jokes,0.9038929343223572
36,36,tell_joke,tell_joke,tell me a joke about elephants,0.9496440887451172
36,36,tell_joke,tell_joke,tell me a joke about the subject of sailing,0.9479386806488037
36,36,tell_joke,tell_joke,give me a joke about water,0.9587354063987732
36,36,tell_joke,tell_joke,give me a joke about the topic of television,0.8822021484375
36,36,tell_joke,tell_joke,give me a joke about the subject of bugs,0.806215226650238
36,36,tell_joke,tell_joke,tell me a joke about the topic of mice,0.9761937856674194
36,36,tell_joke,tell_joke,i would like to hear a joke,0.9366747736930847
36,36,tell_joke,tell_joke,will you tell me a joke,0.9881705045700073
36,36,tell_joke,tell_joke,let's hear a joke!,0.8214494585990906
36,36,tell_joke,tell_joke,"i could use a laugh, got any jokes",0.9175984263420105
36,36,tell_joke,tell_joke,can you tell me something funny about science,0.9939460158348083
36,36,tell_joke,tell_joke,can you share something funny about traveling,0.9653216004371643
36,36,tell_joke,tell_joke,i want to hear your best joke,0.8046106100082397
36,36,tell_joke,tell_joke,tell me a good joke,0.9861409664154053
36,36,tell_joke,tell_joke,tell me something funny about horses,0.9960007071495056
36,36,tell_joke,tell_joke,i want to hear something funny about history,0.9608767628669739
36,36,tell_joke,tell_joke,can you share a humorous joke with me,0.803301990032196
36,36,tell_joke,tell_joke,i want to hear something funny about politicsi,0.9804695248603821
36,36,tell_joke,tell_joke,let's hear a joke from you please,0.6470751166343689
36,36,tell_joke,tell_joke,tell me something funny about the middle ages,0.9871045351028442
36,36,tell_joke,tell_joke,do you know any jokes,0.9534070491790771
55,55,change_ai_name,change_ai_name,would it be possible to change your name to coraline,0.9141925573348999
55,55,change_ai_name,change_ai_name,would it be okay to change your name to daphne,0.9335783123970032
55,55,change_ai_name,change_ai_name,id like to change your name to max,0.948936402797699
55,75,change_ai_name,what_is_your_name,what do you think about changing your name to heath,0.6875316500663757
55,55,change_ai_name,change_ai_name,lets start calling you allan,0.880159854888916
55,55,change_ai_name,change_ai_name,i would like to start calling you heath,0.928082287311554
55,11,change_ai_name,user_name,what do you think about me calling you cora,0.39939507842063904
55,55,change_ai_name,change_ai_name,im going to call you xander,0.5623185634613037
55,55,change_ai_name,change_ai_name,can we change your name to clara,0.9817599058151245
55,55,change_ai_name,change_ai_name,how about lets start calling you juliette,0.667305588722229
55,55,change_ai_name,change_ai_name,i want to start calling you owen,0.9373833537101746
55,55,change_ai_name,change_ai_name,can i call you arnold instead,0.664987325668335
55,25,change_ai_name,make_call,how about i call you sue,0.33117204904556274
55,55,change_ai_name,change_ai_name,can i start calling you fred,0.9254007339477539
55,55,change_ai_name,change_ai_name,can i rename you bob,0.8467666506767273
55,55,change_ai_name,change_ai_name,i want to rename you joe,0.6777243614196777
55,55,change_ai_name,change_ai_name,"your new name is joe, okay",0.8262120485305786
55,55,change_ai_name,change_ai_name,i'm going to start calling you joe,0.9095736742019653
55,55,change_ai_name,change_ai_name,you are going to be called joe now,0.17159651219844818
55,10,change_ai_name,smart_home,start responding to joe,0.08123011887073517
55,55,change_ai_name,change_ai_name,i'm changing your name to joe,0.8242976069450378
55,55,change_ai_name,change_ai_name,i'd like to start calling you buddy,0.947717547416687
55,55,change_ai_name,change_ai_name,i'd like to start calling you jake,0.9159888029098511
55,55,change_ai_name,change_ai_name,i'd like to start calling you lover,0.947717547416687
55,55,change_ai_name,change_ai_name,i'd like to start calling you friend,0.9167712330818176
55,55,change_ai_name,change_ai_name,i want to change your name to shelby,0.9887205958366394
55,55,change_ai_name,change_ai_name,i'd rather call you gloria,0.6811029314994812
55,55,change_ai_name,change_ai_name,i'm changing your name to goliath,0.8420153260231018
55,55,change_ai_name,change_ai_name,is it okay to change your name to samson,0.9467748403549194
55,55,change_ai_name,change_ai_name,can i call you james instead,0.6988270282745361
99,99,how_old_are_you,how_old_are_you,what your numerical digit to display as your age,0.7713841199874878
99,99,how_old_are_you,how_old_are_you,how old will you be,0.9276987910270691
99,99,how_old_are_you,how_old_are_you,how old will you be this year,0.8612721562385559
99,99,how_old_are_you,how_old_are_you,whats your age,0.9805117249488831
99,99,how_old_are_you,how_old_are_you,when is your birthday,0.9359187483787537
99,96,how_old_are_you,who_made_you,when were you made,0.5682677030563354
99,99,how_old_are_you,how_old_are_you,whats your age range,0.9805117249488831
99,99,how_old_are_you,how_old_are_you,could you tell me how old you are,0.9622617363929749
99,99,how_old_are_you,how_old_are_you,would you tell me how old you are,0.9554696679115295
99,99,how_old_are_you,how_old_are_you,your date of birth,0.9682055115699768
99,99,how_old_are_you,how_old_are_you,your birthday please,0.639455258846283
99,99,how_old_are_you,how_old_are_you,can you tell me your birthday,0.7604039907455444
99,99,how_old_are_you,how_old_are_you,whens your birthday,0.7999593615531921
99,75,how_old_are_you,what_is_your_name,what's your bday,0.6173588633537292
99,99,how_old_are_you,how_old_are_you,how old were you on your last birthday,0.9807799458503723
99,99,how_old_are_you,how_old_are_you,how many years have you been alive,0.951906144618988
99,99,how_old_are_you,how_old_are_you,can i ask your age,0.7541710734367371
99,99,how_old_are_you,how_old_are_you,do you mind if i ask how old you are,0.8031072616577148
99,99,how_old_are_you,how_old_are_you,may i ask your age,0.7636510133743286
99,99,how_old_are_you,how_old_are_you,i need to know your age,0.9273435473442078
99,99,how_old_are_you,how_old_are_you,please tell me your age,0.9514285922050476
99,99,how_old_are_you,how_old_are_you,can you tell me your age,0.9625771641731262
99,99,how_old_are_you,how_old_are_you,when's your birthday,0.8731187582015991
99,117,how_old_are_you,are_you_a_bot,how young are you,0.44662046432495117
99,99,how_old_are_you,how_old_are_you,what's your age right now,0.8770783543586731
99,99,how_old_are_you,how_old_are_you,how old would you be,0.9055895209312439
99,99,how_old_are_you,how_old_are_you,do you know how old you are,0.9512647986412048
99,99,how_old_are_you,how_old_are_you,how old,0.9513565301895142
99,99,how_old_are_you,how_old_are_you,what's your date of birth,0.9677362442016602
99,99,how_old_are_you,how_old_are_you,how old are you turning,0.9794379472732544
40,40,car_rental,car_rental,i need to rent an suv in charlestown for the first week in june who do you suggest,0.7038466334342957
40,40,car_rental,car_rental,find a decent rental care for next week at the philadelphia airport,0.15599291026592255
40,40,car_rental,car_rental,who can i rent a car from next month in orlando,0.9575507640838623
40,40,car_rental,car_rental,"i need to rent a car kfor one week in ocean city, nj so who has the best deal",0.8388741612434387
40,40,car_rental,car_rental,"find me a car rental for the weekend in asheville, nc via priceline",0.9090799689292908
40,42,car_rental,oos,what is the phone number of the car rental place,0.5703517198562622
40,40,car_rental,car_rental,"book a rental car to rhode island for friday, tomorrow",0.9476953744888306
40,40,car_rental,car_rental,"alexa, book a rental car to los angeles county in 2 hours",0.9503231644630432
40,40,car_rental,car_rental,can you book a car rental today to new york city to philadelphia,0.9662784337997437
40,40,car_rental,car_rental,book a car rental to miami florida today,0.9665483236312866
40,40,car_rental,car_rental,"siri, book a car rental to the poconos today right now",0.8923354148864746
40,40,car_rental,car_rental,where in syracuse can i book a car,0.7945159077644348
40,40,car_rental,car_rental,"in x, help me book a car",0.9436377882957458
40,40,car_rental,car_rental,book me a car rental in wichita,0.990069568157196
40,40,car_rental,car_rental,how many places in dallas can i rent a car,0.9560398459434509
40,40,car_rental,car_rental,where can i rent a car in singapore,0.9799315333366394
40,40,car_rental,car_rental,"march 2nd through march 18th, i'm going to need a jeep in frankfort",0.3313373029232025
40,40,car_rental,car_rental,rent a car for 3/1 through 3/3 in boston; i'd prefer an suv,0.982032835483551
40,40,car_rental,car_rental,can i rent a sports car in augusta for 3/4 through 3/8,0.9917196035385132
40,40,car_rental,car_rental,"in tampa, i'd like to rent a sedan from 4/1 until 4/5",0.9551966786384583
40,40,car_rental,car_rental,i'm going to need a coupe car in sedona from 5/1 until 5/4,0.6187170743942261
40,40,car_rental,car_rental,schedule a rental car starting monday the 5th thru friday the 9th at rent a car in town,0.9857818484306335
40,40,car_rental,car_rental,"can you find a rental car for me that is available this monday through thursday , any make will do",0.9219614267349243
40,40,car_rental,car_rental,i need to rent a car from traveler's rent a car downtown and make it from friday the 6th to monday the 9th cheapest available,0.9886466860771179
40,40,car_rental,car_rental,i want a rental car that is available tomorrow and that i can keep for four days please find me one,0.7804386615753174
40,40,car_rental,car_rental,"find me a rental car for next week , from friday the 5th thru monday the 8th, any kind",0.805242121219635
40,40,car_rental,car_rental,i need to rent a car for may 8th to may 25th in danville and i'd like a ford,0.9946730732917786
40,40,car_rental,car_rental,i need to rent a car for may 10th to may 15th in lizton and i'd like a bmw,0.9964152574539185
40,40,car_rental,car_rental,i need to rent a car for may 3rd to may 5th in indianapolis and i'd like a mercedes,0.9948300719261169
40,40,car_rental,car_rental,i need to rent a car for may 11thto may 13th in chicago and i'd like a coupe,0.9958853125572205
17,17,jump_start,jump_start,what should i do to get my car jump started,0.9156650304794312
17,17,jump_start,jump_start,what do i need to do to get my car jump started,0.8623470067977905
17,17,jump_start,jump_start,how can i go about jump starting my car,0.9718239903450012
17,17,jump_start,jump_start,what steps should be taken to jump start a car,0.9694990515708923
17,17,jump_start,jump_start,what can i do to jump start my car,0.9959880709648132
17,17,jump_start,jump_start,how do i jump start my car,0.9981708526611328
17,17,jump_start,jump_start,i need to know how to get my car jump started,0.9375127553939819
17,17,jump_start,jump_start,my car needs a jump start; what do i need to do,0.9846551418304443
17,17,jump_start,jump_start,tell me how to jump start my car,0.9984667897224426
17,17,jump_start,jump_start,what steps should i take if i think my car battery is dead,0.951294481754303
17,17,jump_start,jump_start,"i'm almost certain my car battery died, please tell me what to do",0.881351113319397
17,17,jump_start,jump_start,please give me a quick tutorial on jump starting my car,0.9348559975624084
17,17,jump_start,jump_start,"will you guide me through the process to jump start my car, please",0.9486021995544434
17,17,jump_start,jump_start,what steps do i need to follow to jump start my car,0.9794179797172546
17,17,jump_start,jump_start,what do i do if my car battery died,0.9615581035614014
17,17,jump_start,jump_start,what do i do if i suspect my car battery is dead,0.984890878200531
17,17,jump_start,jump_start,i need instructions to walk me through jump starting my car,0.9484874606132507
17,17,jump_start,jump_start,"i believe that my car battery has died, what do i do next",0.9141414165496826
17,17,jump_start,jump_start,"can you give me instructions on how to jump start my car, please",0.9769160151481628
17,17,jump_start,jump_start,i wanna know how to jump start my car,0.9973070621490479
17,17,jump_start,jump_start,what do i do now that my battery is dead,0.7615075707435608
17,17,jump_start,jump_start,my car battery is dead what do i do,0.9928035140037537
17,17,jump_start,jump_start,i would like to jump start my car,0.9926180243492126
17,17,jump_start,jump_start,i really need to jump start my car,0.9903528094291687
17,17,jump_start,jump_start,what should i do now that my car battery is dead,0.9876746535301208
17,17,jump_start,jump_start,what do i need to do now that my battery is dead,0.7178090214729309
17,17,jump_start,jump_start,i have to jump start my car,0.9949188828468323
17,17,jump_start,jump_start,what shall i do now that my battery is dead,0.6731924414634705
17,17,jump_start,jump_start,i gotta jump start my car,0.988223671913147
17,17,jump_start,jump_start,what is the process for jump starting my car,0.9452518224716187
46,46,meal_suggestion,meal_suggestion,what's a good italian meal,0.9457604885101318
46,46,meal_suggestion,meal_suggestion,i'm looking for a meal that's from the asian cuisine,0.7585859894752502
46,46,meal_suggestion,meal_suggestion,i'm feeling like a greek meal and need some suggestions,0.2944679856300354
46,46,meal_suggestion,meal_suggestion,"indian cuisine suits me and i'd like a meal suggestion, please",0.9284542202949524
46,46,meal_suggestion,meal_suggestion,"what's a good, popular american meal",0.7210844159126282
46,46,meal_suggestion,meal_suggestion,i'd like a meal suggestion from thailand,0.9743887186050415
46,46,meal_suggestion,meal_suggestion,tell me what meal to eat from texas,0.49940091371536255
46,46,meal_suggestion,meal_suggestion,can you give me a meal suggestion from the south,0.9723305702209473
46,46,meal_suggestion,meal_suggestion,i want to try a meal from ireland,0.39804375171661377
46,46,meal_suggestion,meal_suggestion,i want a meal from vietnam to be suggested to me,0.6725988388061523
46,145,meal_suggestion,restaurant_suggestion,what are good thai dishes,0.40922993421554565
46,46,meal_suggestion,meal_suggestion,i would like thai food,0.09476649761199951
46,145,meal_suggestion,restaurant_suggestion,can you recommend thai food,0.3473048210144043
46,46,meal_suggestion,meal_suggestion,i need a thai food suggestion,0.5120165348052979
46,46,meal_suggestion,meal_suggestion,thai food suggestions,0.2677043378353119
46,145,meal_suggestion,restaurant_suggestion,i need options or italian tonight,0.28654953837394714
46,46,meal_suggestion,meal_suggestion,do you have any recommendations for korean,0.3605058789253235
46,46,meal_suggestion,meal_suggestion,do you have any ideas for a mexican meal,0.990263819694519
46,46,meal_suggestion,meal_suggestion,what kind of indian would you recommend,0.20373758673667908
46,46,meal_suggestion,meal_suggestion,what would you suggest for japanese,0.4397590160369873
46,46,meal_suggestion,meal_suggestion,i need to know what's good for chinese around here,0.5820176601409912
46,46,meal_suggestion,meal_suggestion,i want to make something from ethiopia for dinner,0.9135079383850098
46,46,meal_suggestion,meal_suggestion,i need some ideas for a mexican meal,0.9666867852210999
46,145,meal_suggestion,restaurant_suggestion,i want to eat something from turkey,0.15680770576000214
46,46,meal_suggestion,meal_suggestion,i need a good italian dish,0.5927850008010864
46,46,meal_suggestion,meal_suggestion,i need a good meal idea from italy,0.8640516400337219
46,34,meal_suggestion,do_you_have_pets,do you have any suggested roman recipes,0.1793515831232071
46,46,meal_suggestion,meal_suggestion,can you give me a american dinner suggestion,0.9748387336730957
46,46,meal_suggestion,meal_suggestion,tell me what to make for dinner,0.9396476745605469
46,46,meal_suggestion,meal_suggestion,do you know what is for dinner,0.7811595797538757
104,112,recipe,ingredients_list,what do i need to do to cook a chicken,0.49466416239738464
104,104,recipe,recipe,how do i go about cooking a 10lb turkey,0.1278723031282425
104,104,recipe,recipe,how do i get started making homemade pizza dough,0.6610978245735168
104,112,recipe,ingredients_list,what instructions do i need to bake a cake from scratch,0.335456520318985
104,104,recipe,recipe,how do i make lasagna,0.9277927875518799
104,104,recipe,recipe,how do you make pasta,0.8509665727615356
104,104,recipe,recipe,how do you prepare omelet,0.2599685490131378
104,104,recipe,recipe,how do you prepare taco,0.36864805221557617
104,104,recipe,recipe,how do you make fried rice,0.8229949474334717
104,104,recipe,recipe,how do you cooked eggs,0.43638381361961365
104,104,recipe,recipe,what's a good chili recipe,0.9000421762466431
104,104,recipe,recipe,i need a recipe for chili,0.9857020378112793
104,104,recipe,recipe,search for chili recipes,0.7713186144828796
104,104,recipe,recipe,search for a chili recipe for me,0.9915779829025269
104,104,recipe,recipe,find me a recipe for chili,0.9969819188117981
104,42,recipe,oos,show me ideas for hamburger,0.15619328618049622
104,104,recipe,recipe,can you get me recipes for eggs please,0.1272841989994049
104,104,recipe,recipe,show me how to make tuna casserole please,0.784497857093811
104,134,recipe,ingredient_substitution,recipes for garlic bread please,0.37925273180007935
104,104,recipe,recipe,please tell me a recipe for this meal,0.7697138786315918
104,104,recipe,recipe,can you find me a pork recipe,0.9783697724342346
104,104,recipe,recipe,can you find me a brisket recipe,0.942409336566925
104,104,recipe,recipe,can you find me a rice recipe,0.9399489164352417
104,104,recipe,recipe,can you find me a salsa recipe,0.855503261089325
104,104,recipe,recipe,scan you find me a chicken recipe,0.9816009998321533
104,104,recipe,recipe,i need a pasta recipe,0.9645766019821167
104,104,recipe,recipe,i want a recipe for roasted veggies,0.9952753782272339
104,104,recipe,recipe,what is in a burrito recipe,0.6486654877662659
104,104,recipe,recipe,give me a tuna salad recipe,0.8668962121009827
104,104,recipe,recipe,find a recipe for baked ziti,0.988996148109436
93,93,income,income,how much money do i make,0.9736120104789734
93,93,income,income,how much money do i earn,0.9388656616210938
93,93,income,income,what amount of money do i earn,0.6963021159172058
93,112,income,ingredients_list,what do i take home,0.09190730005502701
93,93,income,income,how much do i take home yearly,0.3947261571884155
93,93,income,income,how much do i earn,0.9405354261398315
93,93,income,income,what's my yearly salary,0.9934955835342407
93,93,income,income,what's my salary,0.9965739250183105
93,93,income,income,how much do i earn a year,0.9337407946586609
93,93,income,income,what do i make annually,0.8778917789459229
93,42,income,oos,what do i bring in over a year,0.3911188840866089
93,93,income,income,please tell me what amount i'm earning,0.1502273827791214
93,93,income,income,can you please tell me my income,0.9315846562385559
93,93,income,income,how much money am i earning,0.5118221044540405
93,93,income,income,what is my compensation,0.4802381694316864
93,93,income,income,how much am i paid,0.8983739614486694
93,93,income,income,how much do i get paid,0.7429054379463196
93,93,income,income,what is my income this year,0.985360324382782
93,93,income,income,how much money do i make from work,0.9894202947616577
93,93,income,income,what will i make this year,0.19373665750026703
93,79,income,payday,what will i get paid this year,0.6437053084373474
93,93,income,income,how much am i paid a year,0.9020698070526123
93,93,income,income,how much money am i making this year at work,0.946453332901001
93,93,income,income,what's my salary for this year,0.9843989610671997
93,93,income,income,what is my current salary,0.9673092365264893
93,93,income,income,what's the amount of my income,0.8150957822799683
93,93,income,income,what amount is my income,0.8505366444587708
93,93,income,income,i want to know my income,0.9778033494949341
93,93,income,income,what is my payment going to be,0.2785864472389221
93,27,income,bill_balance,how much is the pay offered for my work,0.40346187353134155
16,16,order,order,"alexa, buy a new television",0.22102640569210052
16,84,order,order_status,place my order alexa,0.9387234449386597
16,84,order,order_status,"siri, place my amazon order",0.5241147875785828
16,16,order,order,"alexa, buy my grocery list",0.18571890890598297
16,16,order,order,purchase grass seed from the store,0.18767064809799194
16,16,order,order,find inner tube and buy it for me,0.39507928490638733
16,16,order,order,can you order me some nacho chips,0.9693174362182617
16,16,order,order,i'd like to buy something,0.8736953139305115
16,16,order,order,"i need to buy something, please",0.8912073969841003
16,16,order,order,i'd like to buy a lamp online,0.8989489674568176
16,16,order,order,order all items on my shopping list,0.5338545441627502
16,42,order,oos,get me an order of creatine powder,0.33931097388267517
16,16,order,order,place an order for my whole shopping list,0.8642611503601074
16,16,order,order,"order me some doritos, please",0.9684761166572571
16,16,order,order,place an order for my entire shopping list,0.9370523691177368
16,16,order,order,can you buy something,0.901667058467865
16,16,order,order,make a purchase of doritos,0.8536124229431152
16,16,order,order,i'd like to you order everything that's on my shopping list,0.9884004592895508
16,16,order,order,please buy me something,0.8740774393081665
16,16,order,order,order my whole shopping list,0.5805047154426575
16,16,order,order,can you order some more eggs for me since i just ran out,0.9041740894317627
16,16,order,order,i've used the last can of tuna fish and need you to order a new case of it,0.23641936480998993
16,16,order,order,i've just run out of butter and need you to order me some more,0.9423981308937073
16,16,order,order,i'm out of milk so you will order me some more,0.9681363105773926
16,16,order,order,can you place an order for the olive oil i just finished,0.3358493745326996
16,16,order,order,please go on amazon so i can buy bluetooth speakers,0.6033456921577454
16,16,order,order,will you please go on amazon so i can buy speakers,0.675364077091217
16,42,order,oos,where can i find bluetooth speakers,0.606006920337677
16,42,order,oos,what is the price of bluetooth speakers on amazon,0.6491881608963013
16,16,order,order,please order some more pepsi,0.8362212777137756
24,24,traffic,traffic,i need to know traffic patterns heading to the george washington bridge from manhattan,0.3232744038105011
24,72,traffic,directions,"can you give me a traffic update for driving routes nearest ocean city, new jersey from philadelphia",0.21806886792182922
24,24,traffic,traffic,"what will traffic be like nearest the george washington bridge, new york",0.5727522969245911
24,24,traffic,traffic,"what traffic can i expect on the way to the newark, new jersey from philadelphia",0.8583994507789612
24,24,traffic,traffic,can you tell me the traffic situation from philadelphia to the new jersey turnpike,0.7762044668197632
24,24,traffic,traffic,"how is the traffic normally driving into downtown washington, dc, from baltimore at 4:00 pm",0.8098302483558655
24,24,traffic,traffic,how is traffic nearest the ben franklin bridge philadelphia heading to the new jersey turnpike,0.40187257528305054
24,24,traffic,traffic,i need to know what traffic is going to be like at 3:00 pm on the new jersey turnpike heading into camden from north jersey,0.7917495369911194
24,24,traffic,traffic,"what kind of traffic can i expect driving to newark, new jersey on i-95 from philadelphia at noon",0.29016339778900146
24,24,traffic,traffic,"i need to know what traffic looks like nearest the smithsonian institute in washington, dc for the next hour",0.4289964735507965
24,24,traffic,traffic,please tell me how traffic from the new jersey turnpike into the lincoln tunnel looks currently,0.34016087651252747
24,24,traffic,traffic,is there traffic on i-95 north to new york from philadelphia,0.6429687142372131
24,24,traffic,traffic,"can you tell me what the traffic is usually like at 7:00 pm from philadelphia to ocean city, new jersey",0.8506267666816711
24,24,traffic,traffic,will there be heavy traffic near downtown philadelphia from lincoln drive in the next two hours,0.34718772768974304
24,24,traffic,traffic,what does post rush hour traffic generally look like heading into the lincoln tunnel in manhattan from new jersey,0.130208358168602
24,24,traffic,traffic,is traffic good or bad at 9:00 on the way to detroit,0.972488522529602
24,24,traffic,traffic,what kind of traffic is there at 9:00 on the route to detroit,0.9694828987121582
24,24,traffic,traffic,how is the traffic at 9:00 on the way to detroit,0.9961413741111755
24,24,traffic,traffic,what kind of traffic can i expect at 9:00 on the route to detroit,0.9314289093017578
24,24,traffic,traffic,how bad is traffic at 9:00 going to detroit,0.9445680975914001
24,24,traffic,traffic,is there traffic right now on my route to work,0.9761655330657959
24,24,traffic,traffic,"going to work, will there be traffic",0.9267580509185791
24,24,traffic,traffic,is there traffic on my work route,0.9888986945152283
24,24,traffic,traffic,is there traffic expected,0.9289732575416565
24,24,traffic,traffic,"on my way to work, is there traffic",0.9890538454055786
24,24,traffic,traffic,on the way to work is there traffic,0.9973738193511963
24,24,traffic,traffic,is there traffic on the way to work,0.997584342956543
24,24,traffic,traffic,will i encounter traffic,0.9986982345581055
24,24,traffic,traffic,is there traffic on the way,0.9962455630302429
24,72,traffic,directions,whats the traffic for the drive to the nearest restaurant,0.48183950781822205
127,127,order_checks,order_checks,"can i get some more checkbooks sent to me, please",0.9696789383888245
127,127,order_checks,order_checks,could i get some more checkbooks sent to me,0.9775815606117249
127,127,order_checks,order_checks,"can i get some more checkbooks mailed to me, please",0.9877605438232422
127,127,order_checks,order_checks,can i get some more checkbooks sent to me,0.9792516827583313
127,127,order_checks,order_checks,"could i get some more checkbooks sent to me, please",0.9657227993011475
127,127,order_checks,order_checks,how do i order some checkbooks for my chase account,0.9661470055580139
127,127,order_checks,order_checks,for checkbooks can i order them for my chase account,0.9374070167541504
127,127,order_checks,order_checks,am i able to order more checkbooks for my chase account,0.987759530544281
127,127,order_checks,order_checks,for my chase account can i order some checkbooks,0.916079044342041
127,127,order_checks,order_checks,is there a way to order checkbooks for a chase account,0.8632476925849915
127,127,order_checks,order_checks,can you overnight me a few checkbooks,0.21167702972888947
127,127,order_checks,order_checks,send me more checkbooks please,0.9393317103385925
127,127,order_checks,order_checks,please mail me more checkbooks,0.9902076125144958
127,127,order_checks,order_checks,i need more checkbooks mailed as soon as possible,0.9117113947868347
127,127,order_checks,order_checks,i'd like more checkbooks mailed to me,0.9908259510993958
127,127,order_checks,order_checks,how do i order some more checks for my bank of the west account,0.990337610244751
127,127,order_checks,order_checks,how do i order some more checks for my bank of america account,0.9952340722084045
127,127,order_checks,order_checks,how do i order some more checks for my chase account,0.9958718419075012
127,127,order_checks,order_checks,how do i order some more checks for my usaa account,0.993676483631134
127,127,order_checks,order_checks,how do i order some more checks for my navy federal account,0.9881954193115234
127,127,order_checks,order_checks,i'm out of all my checks can i get some new ones,0.9320313930511475
127,127,order_checks,order_checks,i'm out of my checks i need some new ones,0.9647126793861389
127,127,order_checks,order_checks,can i get some new checks i'm out of mine,0.9804524183273315
127,127,order_checks,order_checks,"i need to order some new checks, i'm all out of them",0.9503569602966309
127,127,order_checks,order_checks,i am in need of new checks i'm completely out of mine,0.7740375995635986
127,127,order_checks,order_checks,may i order more checks for my well's fargo account,0.9934636354446411
127,127,order_checks,order_checks,do you know how i order more checks for my well's fargo account,0.9871094226837158
127,127,order_checks,order_checks,what do i do to order new checkbooks for my well's fargo account,0.9198381304740906
127,127,order_checks,order_checks,how do i order more checkbooks for my well's fargo account,0.9916478395462036
127,127,order_checks,order_checks,where do i go to order more checks for my well's fargo account,0.9909092783927917
49,49,card_declined,card_declined,my card got declined; why,0.9909308552742004
49,49,card_declined,card_declined,can you help me understand why my card got declined,0.941249430179596
49,49,card_declined,card_declined,why was my card not accepted,0.9492312669754028
49,49,card_declined,card_declined,can you tell me why my card got declined,0.9856928586959839
49,49,card_declined,card_declined,i was at publix trying to buy some food but my card wouldnt work,0.928351879119873
49,49,card_declined,card_declined,who do i need to contact to find out why my card got declined,0.9017860889434814
49,49,card_declined,card_declined,i need to know why my card got declined,0.9905164837837219
49,49,card_declined,card_declined,"how do i fix my card, it was declined",0.8463993668556213
49,49,card_declined,card_declined,why did my card get declined at public when i was trying to buy food,0.9941461086273193
49,49,card_declined,card_declined,i was trying to buy food at publix but my card got declined,0.9901530146598816
49,49,card_declined,card_declined,i was trying to use my card to get food at publix but it got declined,0.9601576924324036
49,49,card_declined,card_declined,how can i fix my card being declined,0.8382219076156616
49,49,card_declined,card_declined,"i was trying to get food at publix, why was my card declined",0.9924936294555664
49,49,card_declined,card_declined,do you know why my card got declined,0.9820402264595032
49,49,card_declined,card_declined,why my card stop working,0.6350407600402832
49,49,card_declined,card_declined,my card declined,0.8980079889297485
49,49,card_declined,card_declined,i was in australia trying to buy chips and my cards got declined,0.5084888339042664
49,49,card_declined,card_declined,i was in thailand trying to buy candies and my card got declined,0.9675664901733398
49,49,card_declined,card_declined,why was my card got declined when i am trying to pay for dinner when i am in vietnam,0.8000205755233765
49,49,card_declined,card_declined,i could not buy food using my card when i was in vietnam,0.38999849557876587
49,87,card_declined,damaged_card,i was in thailand and i could not use my card to buy snacks,0.5359312891960144
49,49,card_declined,card_declined,can you explain why i couldn't use my card at target,0.6590780019760132
49,49,card_declined,card_declined,why was my card not working at target,0.9268696904182434
49,49,card_declined,card_declined,my credit card was turned down at target and i'd like to know why,0.6953115463256836
49,49,card_declined,card_declined,how come i got declined,0.3753311038017273
49,6,card_declined,redeem_rewards,why can't i use my credit card,0.4493319094181061
49,87,card_declined,damaged_card,why won't you let me pay with my credit card,0.27113327383995056
49,49,card_declined,card_declined,why did i get rejected on my card,0.9074539542198181
49,87,card_declined,damaged_card,how come my credit card isn't working,0.4514418840408325
49,49,card_declined,card_declined,why didn't my card work,0.8766676187515259
42,42,oos,oos,how much has the dow changed today,0.8429999351501465
42,42,oos,oos,how many prime numbers are there between 0 and 100,0.8259505033493042
42,138,oos,calculator,can you tell me how to solve simple algebraic equations with one variable,0.14670400321483612
42,122,oos,w2,can you dim the brightness of my screen,0.23075352609157562
42,42,oos,oos,what is the account number to the internet service i have,0.8878558874130249
42,42,oos,oos,can you see a hdmi cord,0.4057246148586273
42,115,oos,what_can_i_ask_you,what veggies can i pair with mushrooms,0.140888974070549
42,8,oos,gas_type,can you put the car in fuel efficient mode,0.33417463302612305
42,90,oos,replacement_card_duration,at what age can someone get a card,0.176346555352211
42,42,oos,oos,please find today's most read stories from the new york times todayi,0.37811076641082764
42,122,oos,w2,how do i get red wine out of a couch cushion,0.1830064058303833
42,96,oos,who_made_you,can you tell me who sells dixie paper plates,0.3204810321331024
42,42,oos,oos,who invented the internet,0.433247447013855
42,42,oos,oos,what big news happened over the weekend,0.113860122859478
42,138,oos,calculator,what is happening in politicsu,0.17702434957027435
42,82,oos,greeting,how is my driving,0.0966750979423523
42,42,oos,oos,is the earth flat,0.24168193340301514
42,104,oos,recipe,what is the best way to clean ceiling fans,0.22215889394283295
42,80,oos,flight_status,please tell me the status of the government shutdown,0.17539578676223755
42,3,oos,oil_change_how,what oil is best for chicken,0.16986116766929626
42,95,oos,date,what is today's big article in the washington post,0.34679046273231506
42,82,oos,greeting,has there been anything breaking this afternoon,0.10495158284902573
42,42,oos,oos,what are yahoo's top stories right now,0.282840758562088
42,102,oos,how_busy,what's at movies,0.15632279217243195
42,138,oos,calculator,what is the amount of blood needed to stay alive,0.1110176146030426
42,67,oos,cancel_reservation,can you add a bag to my reservation,0.3497822880744934
42,10,oos,smart_home,can you auto-pilot the car,0.30988961458206177
42,114,oos,goodbye,wash windshield,0.061843566596508026
42,42,oos,oos,can you tell me what credit cards i have open,0.311188668012619
42,42,oos,oos,did the stock market finish up for the day,0.6575781106948853
42,138,oos,calculator,what is the population of south africa,0.2816269099712372
42,42,oos,oos,watch the fbi,0.2676820158958435
42,42,oos,oos,can you find the answer to number 26 in this algebra two textbook,0.31510129570961
42,104,oos,recipe,how to remove a stripped bolt,0.09495203197002411
42,42,oos,oos,which stocks have lost the least today,0.25241005420684814
42,149,oos,travel_suggestion,what are some things i can do on the way to work,0.47994911670684814
42,148,oos,pto_used,how many steps have i taken today,0.6633306741714478
42,6,oos,redeem_rewards,can you fill in my credit card number on the screen,0.26010987162590027
42,42,oos,oos,who won the patriots game last nightu,0.8429550528526306
42,42,oos,oos,is anything being newscasted about the threat of famine in chadu,0.23099415004253387
42,42,oos,oos,what are the different types of tvs,0.4813438951969147
42,65,oos,todo_list_update,do laundry,0.2962910532951355
42,42,oos,oos,what did trump do todayu,0.3254726231098175
42,142,oos,mpg,how many miles does my car currently have,0.35006290674209595
42,42,oos,oos,close all internet tabs,0.06597955524921417
42,115,oos,what_can_i_ask_you,can you sell stocks for me,0.22241342067718506
42,42,oos,oos,how do you treat an iron skillet,0.35693711042404175
42,42,oos,oos,how much has microsoft's stock changed over the last year,0.7303315997123718
42,42,oos,oos,what is the best product for removing soap scum,0.6100117564201355
42,26,oos,text,read text,0.9915139079093933
42,10,oos,smart_home,park the car,0.23026753962039948
42,42,oos,oos,show me a list of top rated airlines,0.12567828595638275
42,55,oos,change_ai_name,may i finish washing then i give you please,0.13810905814170837
42,60,oos,calendar,do i have overdraft protection,0.3662942349910736
42,87,oos,damaged_card,can you delete my saved credit card,0.3117647171020508
42,42,oos,oos,can you give me the most current market news,0.8877259492874146
42,42,oos,oos,did the supreme court nominee get approvedu,0.5654627084732056
42,42,oos,oos,which company has gone up the most today,0.9107374548912048
42,96,oos,who_made_you,who were the superbowl 23 champions,0.44633346796035767
42,61,oos,translate,can you tell me how to clean a fish tank,0.048223383724689484
42,42,oos,oos,open cnn websiteo,0.18245291709899902
42,104,oos,recipe,how do i make my android phone more secure,0.5413669943809509
42,144,oos,change_user_name,i need to update my address,0.08309692144393921
42,21,oos,what_song,what is that crunchy stuff on creme bruleo,0.2730611562728882
42,42,oos,oos,which airports do southwest service around the greater new york city area,0.22396411001682281
42,147,oos,cancel,can you retrieve client d's file please,0.09838010370731354
42,42,oos,oos,can you list all channels of a certain category,0.21095986664295197
42,42,oos,oos,where does jelly come from,0.8283116817474365
42,42,oos,oos,can you tell me the s&p average,0.6085431575775146
42,78,oos,distance,how would you rate the airport i am traveling to,0.08557689934968948
42,42,oos,oos,am i too old to be a sugar babyo,0.23903055489063263
42,42,oos,oos,what was the closing number of the nasdaq today,0.9306349754333496
42,42,oos,oos,has ko gone up or down,0.4573432505130768
42,42,oos,oos,how many cars average are on the road daily,0.7814820408821106
42,139,oos,definition,what does the plus sign mean on my dashboard,0.27728745341300964
42,42,oos,oos,how is ford's stock doing,0.5892601013183594
42,35,oos,balance,what is my checking account number,0.4907852113246918
42,47,oos,tire_change,when should i remove my snow tires,0.7757261991500854
42,42,oos,oos,which stocks gained the most today,0.9453374743461609
42,42,oos,oos,what is the fee for a cash advance,0.3684694468975067
42,24,oos,traffic,tell me about the earthquake in california that happened this morning,0.11122484505176544
42,42,oos,oos,change color contrast,0.20754855871200562
42,42,oos,oos,what is the golden ratio's number,0.5472705960273743
42,42,oos,oos,is the bank open on mlk day,0.5361344814300537
42,108,oos,direct_deposit,can i deposit a check,0.5549333691596985
42,42,oos,oos,"from the second of the left ,the pink one",0.3955109715461731
42,54,oos,food_last,go and check the fridge,0.6258265972137451
42,42,oos,oos,can you tell me the score of the heat game,0.7725237011909485
42,55,oos,change_ai_name,can you mark this note as important,0.05121481418609619
42,61,oos,translate,can you tell me how to multiply two fractions,0.1099826842546463
42,40,oos,car_rental,i want to find a new car under $25000,0.36192962527275085
42,140,oos,next_holiday,when is the next full moon,0.4576275646686554
42,42,oos,oos,how do i change the windshield wipers,0.513603150844574
42,42,oos,oos,why is the sky blue,0.32809871435165405
42,10,oos,smart_home,should i do a complete stop at red lights,0.1654803305864334
42,139,oos,definition,are all televisions high definition,0.1822768747806549
42,95,oos,date,can you tell me today's headlines pleasei,0.4369819164276123
42,96,oos,who_made_you,who invented custardo,0.6866561770439148
42,42,oos,oos,how to be millionare,0.2084266096353531
42,42,oos,oos,when does the stock market update,0.8805254101753235
42,122,oos,w2,can you tell me how to get gum out of my rug,0.3136399984359741
42,87,oos,damaged_card,how can i get a better rate on my card,0.28396180272102356
42,42,oos,oos,open up internet browser,0.21601088345050812
42,134,oos,ingredient_substitution,it is white colour,0.23949654400348663
42,124,oos,thank_you,what makes pi so mathematically important,0.1001785397529602
42,138,oos,calculator,why can you have the square root of a negative number,0.4928792715072632
42,126,oos,pto_balance,how much time do i have left on my 0% apr,0.21638044714927673
42,42,oos,oos,what are the highest-rated android phones,0.4132300913333893
42,86,oos,cook_time,what time do i need to arrive to make it on time,0.5066288113594055
42,42,oos,oos,find articles about the protests in parisi,0.26967862248420715
42,42,oos,oos,can you tell me how fast the average airplane enroute to california goes,0.6415234208106995
42,42,oos,oos,how many hurricanes are in an average hurricane season,0.9089343547821045
42,42,oos,oos,how does my current htc phone compare to other android phones,0.6251022219657898
42,42,oos,oos,what movies are available,0.4795840382575989
42,73,oos,spelling,how many items are in a bakers dozen,0.46811437606811523
42,0,oos,restaurant_reviews,what articles are written at the cnn site about the women's march,0.3286612033843994
42,42,oos,oos,when does napa close,0.1111622303724289
42,42,oos,oos,what is the current price of tsla,0.3769834339618683
42,42,oos,oos,when will world war 3 begin,0.622277557849884
42,42,oos,oos,what's going on in the world today,0.32954028248786926
42,81,oos,find_phone,what battery percentage is my phone at,0.6281875371932983
42,146,oos,travel_notification,can you sign out of my bank login,0.2375316023826599
42,138,oos,calculator,what is one standard deviation,0.3561428189277649
42,42,oos,oos,has the market been up or down since the beginning of this year,0.6829139590263367
42,42,oos,oos,how many moons does mars have,0.7684778571128845
42,132,oos,apr,what is the cashback rate for my credit card,0.34863346815109253
42,42,oos,oos,who has the best record in the nba,0.7738990783691406
42,42,oos,oos,how long is the bank open until,0.6298709511756897
42,149,oos,travel_suggestion,what are some good games for my android phone,0.3600105941295624
42,42,oos,oos,can my grace period be extended any possible way,0.08261046558618546
42,93,oos,income,how much over will overdraft protection cover,0.2294226586818695
42,82,oos,greeting,how fast am i going,0.20176000893115997
42,42,oos,oos,who was the first person to discover cells,0.6922440528869629
42,42,oos,oos,how many people died in yesterday's storm,0.4110742211341858
42,110,oos,gas,how much memory do i have left on this phone,0.36995983123779297
42,108,oos,direct_deposit,can i set up mobile deposits,0.17232674360275269
42,107,oos,yes,sell three calls of of nvda,0.2884384095668793
42,42,oos,oos,what bills is congress talking about passing or blocking today,0.16448615491390228
42,27,oos,bill_balance,how much data does my phone have left this month,0.2704988121986389
42,20,oos,freeze_account,how do i add someone to my account,0.2677866220474243
42,93,oos,income,how much money would my house sell for,0.3600376546382904
42,64,oos,insurance_change,how do i install new cabinets,0.2618972957134247
42,80,oos,flight_status,is there a fee for cancelling a flight i've booked,0.27723002433776855
42,130,oos,sync_device,delete the contact uncle john from my phone,0.8188233971595764
42,131,oos,schedule_maintenance,search my contacts for the auto repair place,0.03479916974902153
42,42,oos,oos,does my carrier have coverage in europe,0.18417398631572723
42,7,oos,interest_rate,is there a cheaper rate with another carrier for my mobile,0.09059339016675949
42,42,oos,oos,what are the limits in my phone plan,0.4524417221546173
42,55,oos,change_ai_name,is there a way to change your houses address,0.2360789179801941
42,42,oos,oos,does dhl deliver to my address,0.1287010759115219
42,42,oos,oos,how frequently is the bus running today,0.2602090835571289
42,24,oos,traffic,is there a better bus route i should be taking,0.10350724309682846
42,42,oos,oos,what stores are at my local mall,0.5588717460632324
42,130,oos,sync_device,i need to get kalee added to my phone plan,0.845594584941864
42,42,oos,oos,what is the price of other company's similar phone plans,0.6385931372642517
42,102,oos,how_busy,how long do i have to wait to get my refund,0.6081331968307495
42,78,oos,distance,how long does it take the irs to issue a tax refund,0.29655754566192627
42,35,oos,balance,do you know if it is possible to close my savings account,0.07128835469484329
42,2,oos,account_blocked,how hard is it to close a bank account at wells fargo,0.22469408810138702
42,133,oos,transfer,add my wife as an authorized user to checking account 20905432,0.26387888193130493
42,40,oos,car_rental,i would like to upgrade to full coverage for my car,0.24174299836158752
42,42,oos,oos,who has the cheapest insurance for my model car in the area,0.4203051030635834
42,142,oos,mpg,tell me the value on my current car,0.14289775490760803
42,42,oos,oos,where can i list my vehicle for sell,0.13166682422161102
42,130,oos,sync_device,what is the price to buy more data on my phone,0.16138967871665955
42,20,oos,freeze_account,i need to add a person to my bank account,0.5299149751663208
42,42,oos,oos,who is the best local real estate agent,0.9507978558540344
42,6,oos,redeem_rewards,i want to install new tiles in my kitchen,0.12356531620025635
42,80,oos,flight_status,what's the way for delta to cancel a flight,0.5391116738319397
42,81,oos,find_phone,read the phone number for mom in my phone contacts,0.44400596618652344
42,26,oos,text,create a contact labeled mom,0.12964247167110443
42,81,oos,find_phone,do other providers have better coverage than my cell carrier,0.06746423989534378
42,42,oos,oos,does centurytel offer any better plans than the one i'm on,0.40897294878959656
42,42,oos,oos,"what's going on in the world today, anything major",0.25685957074165344
42,42,oos,oos,what is the extra digits that are sometimes included on my zip code,0.34264206886291504
42,42,oos,oos,what's the extended zipcode for my address,0.2770731747150421
42,72,oos,directions,is there an alternate bus stop close to my home i can use,0.7561936974525452
42,42,oos,oos,what stores are in the local mall,0.6199179291725159
42,130,oos,sync_device,"add mary to my phone plan, please",0.9526695609092712
42,110,oos,gas,how much is it to get more data on my phone plan,0.13637810945510864
42,108,oos,direct_deposit,can i use direct deposit for my tax refund,0.7700135111808777
42,148,oos,pto_used,how much of a refund will i get this year,0.1826777458190918
42,133,oos,transfer,please take all my money out of my checking account and close the account,0.5249601006507874
42,42,oos,oos,what are cars like mine selling for online,0.2507783770561218
42,17,oos,jump_start,what's the blue book value of my car,0.13837088644504547
42,44,oos,expiration_date,what are the last 4 digits of my credit card number,0.3195563852787018
42,14,oos,whisper_mode,switch over to low power mode to preserve battery life,0.18421964347362518
42,42,oos,oos,show me the most popular nonfiction book currently on the market,0.924187421798706
42,145,oos,restaurant_suggestion,can you recommend some fiction books,0.2320243865251541
42,42,oos,oos,how can i repair a broken watch,0.12772977352142334
42,102,oos,how_busy,what's out at the theaters right now,0.20710836350917816
42,42,oos,oos,what is the most popular movie currently in theaters,0.9294792413711548
42,42,oos,oos,what is the cheapest new car for this year,0.3117135465145111
42,42,oos,oos,show me new cars with the highest safety rating,0.12783394753932953
42,57,oos,who_do_you_work_for,i am looking for a suit for work,0.14140331745147705
42,63,oos,book_flight,i need to find a black suit under $100,0.05945318192243576
42,138,oos,calculator,what is a good laptop for gaming,0.09720945358276367
42,42,oos,oos,"show me laptops for sale that are under $2,000",0.215897798538208
42,42,oos,oos,which element on the periodic table is k,0.17101462185382843
42,42,oos,oos,what kind of bonds do molecules have,0.19605860114097595
42,27,oos,bill_balance,how much is my car worth used,0.21299828588962555
42,23,oos,restaurant_reservation,look up prices for parking at the airport over the weekend,0.0860026404261589
42,42,oos,oos,what is the best way for dealing with the airport,0.16494451463222504
42,93,oos,income,what are my hours this week at work,0.6698868870735168
42,42,oos,oos,can you check my voicemail,0.4265151619911194
42,42,oos,oos,how many voicemails are currently in my inbox,0.7276055216789246
42,81,oos,find_phone,i would like to know how long a charge is suppose to last on my phone,0.11294665932655334
42,74,oos,insurance,check battery health on this device,0.11164726316928864
42,116,oos,book_hotel,what is a well reviewed book for a teenage girl to read,0.12285393476486206
42,64,oos,insurance_change,i want to find new cyberpunk fiction books,0.1720777153968811
42,42,oos,oos,what channel is cw on,0.8867319226264954
42,42,oos,oos,what is the most rented movie this week,0.8083654642105103
42,149,oos,travel_suggestion,what is a good movie to go see in theaters for a family with young kids,0.2501625418663025
42,40,oos,car_rental,i would like to find a stylish suit for a party,0.11016705632209778
42,46,oos,meal_suggestion,can you give me suggestions for a professional suit under $200,0.5009762048721313
42,128,oos,travel_alert,when is it cheapest to travel to hawaii,0.45072588324546814
42,107,oos,yes,i need a laptop with 16gb of ram,0.06269005686044693
42,42,oos,oos,what is the best reviewed laptop available on the market,0.5555947422981262
42,42,oos,oos,give me information about the element carbon and its reactions with hydrogen,0.3213832378387451
42,42,oos,oos,what is a good chemistry experiment to learn from,0.30699390172958374
42,142,oos,mpg,how much is this years model of my car cost,0.3261200785636902
42,42,oos,oos,how do i best deal with the airport,0.1671748012304306
42,53,oos,reminder_update,remind me of the address for my workplace please,0.38134893774986267
42,19,oos,meeting_schedule,what time do i have to go to work today,0.2224862426519394
42,126,oos,pto_balance,how many voicemail messages do i have,0.33525457978248596
42,35,oos,balance,erase all voicemails in my inbox please,0.11071457713842392
42,139,oos,definition,can you look up grocery coupons for me,0.22020883858203888
42,138,oos,calculator,what is money used for,0.2661036252975464
42,42,oos,oos,what are some natural remedies to help ease stress,0.6297520399093628
42,149,oos,travel_suggestion,what are some good methods of relieving stress,0.6719380617141724
42,104,oos,recipe,how do you make sure a bridge doesn't fall down,0.25663504004478455
42,93,oos,income,what is the median salary for someone with an engineering degree,0.1707664132118225
42,42,oos,oos,what size pipes are used for sinks,0.13633675873279572
42,121,oos,maybe,why would the water be turned off,0.05785606801509857
42,42,oos,oos,what is a good sink filter for water,0.08729515224695206
42,138,oos,calculator,what does water taste like,0.17962469160556793
42,42,oos,oos,are there any sales on groceries today,0.36857378482818604
42,79,oos,payday,when was my lawn last mowed,0.3991725444793701
42,42,oos,oos,what store has the best deals going on right now,0.8636513352394104
42,42,oos,oos,can you tell me the best time to visit downtown when driving,0.18074844777584076
42,144,oos,change_user_name,am i currently connected to wifi,0.06353519856929779
42,42,oos,oos,is there an internet outage in my area,0.8342581987380981
42,129,oos,fun_fact,tell me about personal finance,0.29576826095581055
42,42,oos,oos,does amazon collect my personal information,0.3527315557003021
42,84,oos,order_status,check the status of my amazon orders for me,0.7510378956794739
42,42,oos,oos,what is the official language of romania,0.5499355792999268
42,63,oos,book_flight,show me the best times to book flights for traveling to another country,0.12543554604053497
42,130,oos,sync_device,disconnect from wifi immediately please,0.43080610036849976
42,144,oos,change_user_name,am i connected to wifi,0.38178780674934387
42,146,oos,travel_notification,list the contents of my safety deposit box at the bank,0.04641382768750191
42,42,oos,oos,what's the more secure bank vault,0.10613629966974258
42,60,oos,calendar,what coupons do i have for restaurants,0.33273831009864807
42,104,oos,recipe,how do i make money,0.8448987007141113
42,149,oos,travel_suggestion,can you give me some stress management tips,0.10184947401285172
42,42,oos,oos,how unhealthy is stress,0.9234457612037659
42,104,oos,recipe,what's the best way to build a skyscraper,0.2945575416088104
42,91,oos,new_card,find engineering programs to apply to,0.526961624622345
42,120,oos,plug_type,what kind of glue is used for gluing pipes together,0.11672087758779526
42,142,oos,mpg,check to see how many miles are on my car,0.3100026547908783
42,42,oos,oos,how do i change my windshield wipers,0.6647323966026306
42,42,oos,oos,how many ppm of particulate is in my local water,0.8413177132606506
42,42,oos,oos,what color is water,0.6294385194778442
42,48,oos,todo_list,is anything on my grocery list on sale today,0.5916974544525146
42,86,oos,cook_time,how long does it take for grass seed to grow on my lawn,0.3785787522792816
42,134,oos,ingredient_substitution,please activate a wireless hotspot so i can use the internet,0.10750728100538254
42,82,oos,greeting,look up a good broker for mutual funds,0.18243922293186188
42,42,oos,oos,what are the best personal finance practices,0.4119720458984375
42,84,oos,order_status,will amazon ship an order even if there was a pricing mistake,0.4378812313079834
42,77,oos,where_are_you_from,where did mandarin originate from,0.707246720790863
42,149,oos,travel_suggestion,what are some of the most visited countries for people looking to travel abroad,0.45050933957099915
42,117,oos,are_you_a_bot,tell me which wifi network you are connected to right now,0.12412784993648529
42,93,oos,income,what is my current signal strength,0.402876615524292
42,72,oos,directions,if i'm locked in a bank vault what's the best way to get out,0.23141349852085114
42,42,oos,oos,how do i upgrade my operating system,0.2368774712085724
42,42,oos,oos,how much ram does my computer have,0.2658376693725586
42,134,oos,ingredient_substitution,is it ok to feed dogs people food,0.20370586216449738
42,104,oos,recipe,how do you fix a leaking sink,0.1874994933605194
42,104,oos,recipe,how do you unclog a toilet,0.14942720532417297
42,42,oos,oos,can you tell me local crime in my area,0.7781079411506653
42,54,oos,food_last,what's the power consumption of my fridge,0.25435972213745117
42,42,oos,oos,what is the warranty on my microwave,0.2067166566848755
42,6,oos,redeem_rewards,how do i use my microwaves defrost,0.5260544419288635
42,42,oos,oos,how do you get red wine out of the carpet,0.2259262502193451
42,42,oos,oos,how do i get stains out of the carpet,0.3097211718559265
42,42,oos,oos,what is the highest quality carpet available,0.2849448323249817
42,77,oos,where_are_you_from,has everyone come home from school,0.16453517973423004
42,4,oos,time,what time did my daughter get home from her date,0.142085000872612
42,18,oos,schedule_meeting,is my computer free from viruses,0.04320092499256134
42,75,oos,what_is_your_name,are you allowed to call someone a dirty name as part of free speech,0.25460386276245117
42,145,oos,restaurant_suggestion,can you really get arrested for yelling fire in a crowded theater,0.07112950086593628
42,42,oos,oos,what amendment guarantees the freedom of speech to americans,0.163081094622612
42,48,oos,todo_list,do employers have to honor freedom of speech,0.06648725271224976
42,42,oos,oos,what's the average score on a round of golf,0.623702883720398
42,72,oos,directions,where is the closest driving range,0.9174597859382629
42,42,oos,oos,when does tiger woods play next,0.3173168897628784
42,28,oos,improve_credit_score,how can i improve my golf swing,0.17631018161773682
42,77,oos,where_are_you_from,are your step-parent's parents considered your grandparents,0.24030904471874237
42,145,oos,restaurant_suggestion,what's a good gift to get for your grandparents,0.18215572834014893
42,42,oos,oos,what year did my grandparents get married,0.3367517292499542
42,149,oos,travel_suggestion,fun gift ideas to give to grandparents,0.15262004733085632
42,42,oos,oos,which came first; greek mythology or roman mythology,0.12232111394405365
42,42,oos,oos,how many greek mythology characters are there,0.8892240524291992
42,42,oos,oos,who created the world in greek mythology,0.4397040605545044
42,42,oos,oos,what was hercules the god of,0.5254446268081665
42,42,oos,oos,how many harry potter books are there,0.8489199280738831
42,11,oos,user_name,what is harry's real name,0.4437807500362396
42,96,oos,who_made_you,who played ronald weasly,0.3152206242084503
42,42,oos,oos,how do you repel a bear when you're out on a hike,0.27360999584198
42,149,oos,travel_suggestion,where's the best place to hike in the rockies,0.6395673751831055
42,149,oos,travel_suggestion,what should i wear to hike,0.35382193326950073
42,42,oos,oos,what is the main cause of becoming homeless,0.3347157835960388
42,42,oos,oos,how many people are jobless in america,0.8643388152122498
42,42,oos,oos,how many homeless people are there,0.9073634743690491
42,42,oos,oos,where are most homeless people,0.7759670615196228
42,42,oos,oos,are indians nowadays reminiscent of a decade ago,0.3047558069229126
42,99,oos,how_old_are_you,what were indians like 100 years ago,0.20492854714393616
42,99,oos,how_old_are_you,how old is jennifer aniston,0.8304814696311951
42,104,oos,recipe,i need tips on how to overcome insomnia,0.31262829899787903
42,42,oos,oos,how many people have insomnia,0.5697438716888428
42,115,oos,what_can_i_ask_you,what causes dyslexia,0.46528390049934387
42,42,oos,oos,is insomnia curable,0.6632500886917114
42,42,oos,oos,what are sigmund freud's most famous books,0.8407353758811951
42,42,oos,oos,what year was jane austen born,0.930512547492981
42,42,oos,oos,where is te lawrence,0.3007582128047943
42,10,oos,smart_home,who is jane goodall,0.4418306350708008
42,78,oos,distance,how long does it take to get your yellow belt in karate,0.652605414390564
42,42,oos,oos,what's the most practiced form of mma in the world,0.8273831605911255
42,42,oos,oos,what is the highest belt in karate,0.49020519852638245
42,42,oos,oos,where does jiu jitsu originate,0.47977903485298157
42,61,oos,translate,what's the proper subject verb order in japanese,0.24679060280323029
42,42,oos,oos,how do i learn more about linguistics,0.17971158027648926
42,120,oos,plug_type,what kind of paint do makeup artists use,0.3361762464046478
42,72,oos,directions,the bus moves with tyre,0.6976720690727234
42,72,oos,directions,how the bus moves,0.49246734380722046
42,149,oos,travel_suggestion,what are some good resources to learn about mental illness,0.3471781313419342
42,0,oos,restaurant_reviews,are people with a mental illness eligible for disability,0.4333948493003845
42,42,oos,oos,how many people suffer from mental illness,0.7022002935409546
42,122,oos,w2,how can i get help for my mental health,0.35676440596580505
42,21,oos,what_song,what's trending now,0.14337173104286194
42,42,oos,oos,what's the first romantic movie ever made,0.7933219075202942
42,42,oos,oos,"when was the term ""zombie"" first used",0.9487998485565186
42,42,oos,oos,what kind of traits do vampires have,0.19605860114097595
42,42,oos,oos,what do mummies eat,0.7241056561470032
42,130,oos,sync_device,send information on flood clean up to my phone,0.8680238127708435
42,27,oos,bill_balance,what's the cost of buying a sump pump,0.15692949295043945
42,82,oos,greeting,recommend a flood clean up service,0.1255090832710266
42,42,oos,oos,what is the safest model of airplane to fly in,0.34527283906936646
42,42,oos,oos,what year was the first airplane built in,0.9590098857879639
42,42,oos,oos,what's the best reviewed local roof repair place,0.40421026945114136
42,149,oos,travel_suggestion,what's the best type of plan to upgrade to,0.184947669506073
42,46,oos,meal_suggestion,give me a suggestion for roofers,0.6333566904067993
42,42,oos,oos,where can i buy new shingles,0.21196816861629486
42,102,oos,how_busy,what's the safest pet to be around toddlers,0.46452006697654724
42,2,oos,account_blocked,why is my dog vomiting after eating,0.19298744201660156
42,82,oos,greeting,tiger,0.054675690829753876
42,42,oos,oos,what's the average rent of apartments in my city,0.6375089287757874
42,145,oos,restaurant_suggestion,are there any apartments for rent nearby,0.24667303264141083
42,42,oos,oos,what are apartment prices now,0.6002533435821533
42,42,oos,oos,what's the highest building in the world,0.4130934774875641
42,72,oos,directions,where is the closest architecture college,0.8950738310813904
42,122,oos,w2,where can i submit my architecture plans,0.3195900619029999
42,42,oos,oos,who is the best architecture,0.8619711995124817
42,42,oos,oos,please give me a listing of all the bottled water brands in the area,0.24524998664855957
42,0,oos,restaurant_reviews,what are the lowest prices of bottled water at costco,0.18074847757816315
42,42,oos,oos,how do they filter pollutants out of bottled water,0.17877613008022308
42,27,oos,bill_balance,what's the cost of bottled water,0.46364691853523254
42,42,oos,oos,what's the cost to have a business card printed,0.12070806324481964
42,90,oos,replacement_card_duration,when can i get a business card printed locally,0.6509873270988464
42,6,oos,redeem_rewards,what to use to design my business cards,0.03890581056475639
42,130,oos,sync_device,download all the photos off my phone into the cloud,0.7419323325157166
42,129,oos,fun_fact,tell me about that kind of cameras,0.2407919466495514
42,42,oos,oos,how much is the new nikon camera,0.5030267834663391
42,8,oos,gas_type,what kind of camera should i buy,0.32492050528526306
42,71,oos,spending_history,how much candy have i consumed this week,0.2984152138233185
42,42,oos,oos,how many flavors of mnm's are there,0.9556699395179749
42,96,oos,who_made_you,who makes milky way bars,0.3665491044521332
42,128,oos,travel_alert,how safe is it to consume the substance h2o,0.26836928725242615
42,42,oos,oos,how many elements are on the periodic table,0.6509184241294861
42,42,oos,oos,what's the chemical composition of a fart,0.5065245032310486
42,138,oos,calculator,what is phosphorus on the periodic table,0.2111520916223526
42,139,oos,definition,look up some christmas songs for me,0.14428123831748962
42,42,oos,oos,is espn covering the golden state warriors game,0.7182947993278503
42,135,oos,calories,how many calories does doing 20 situps burn,0.9459692239761353
42,138,oos,calculator,what is a normal resting heart rate,0.30071738362312317
42,82,oos,greeting,should i run every day,0.12496082484722137
42,35,oos,balance,how many months do i left in my hbo subscription,0.17615653574466705
42,42,oos,oos,when does game of thrones return on hbo,0.7751017212867737
42,67,oos,cancel_reservation,cancel my subscription to scientific american,0.5526851415634155
42,111,oos,pay_bill,i'd like to renew my subscription to playboy,0.04877738282084465
42,42,oos,oos,what are popular lifestyle magazines,0.6971408128738403
42,42,oos,oos,what are popular sports magazines,0.952406644821167
42,6,oos,redeem_rewards,how can i use make up to cover a cut on my cheek,0.13926421105861664
42,104,oos,recipe,what's the best make-up to cover a black eye,0.21565240621566772
42,104,oos,recipe,send me videos of how to do a smoky eye,0.1351989209651947
42,145,oos,restaurant_suggestion,whats the best rated lipstick,0.1255836933851242
42,80,oos,flight_status,when will the government file another antitrust suit against microsoft,0.08545056730508804
42,80,oos,flight_status,when will microsoft drop support for windows 7,0.4031607210636139
42,104,oos,recipe,how do i make a sentence have stylized strike out in microsoft word,0.46417471766471863
42,42,oos,oos,how can i control where microsoft word inserts a page break,0.792708158493042
42,42,oos,oos,what are the current prices for mushrooms,0.4490971863269806
42,42,oos,oos,what bands are touring in my city this week,0.17155010998249054
42,149,oos,travel_suggestion,i need for you to look up some of the major gods in mythology,0.050230722874403
42,42,oos,oos,what was the original name of jesus in egyptian myth,0.29759231209754944
42,42,oos,oos,was the god osiris a titan or an old god,0.7864888906478882
42,96,oos,who_made_you,tell me who aphrodite is,0.37075895071029663
42,48,oos,todo_list,what activities can i to do outside today,0.4275529086589813
42,42,oos,oos,when will the daffodils bloom this year,0.1419365257024765
42,42,oos,oos,what zelda games are available on the switch,0.17847158014774323
42,16,oos,order,i want to buy some nintendo switch game,0.540729820728302
42,42,oos,oos,how much does a nintendo switch cost,0.4139752686023712
42,42,oos,oos,show me a cool nintendo switch game,0.8222290277481079
42,42,oos,oos,can you check how many miles i walked today when i was out get the info from my phone,0.9642981290817261
42,42,oos,oos,can you check how many steps i have walked in the last week from my phone app,0.6074535846710205
42,149,oos,travel_suggestion,what should i do if it hurts when i pee,0.20589131116867065
42,42,oos,oos,what are the symptoms of cancer,0.7127164602279663
42,42,oos,oos,how many pokemon have i caught in my pokemon go app,0.3552810549736023
42,139,oos,definition,tell me what pokemon is,0.14110690355300903
42,54,oos,food_last,has the school my kids go to been in the news for any reason,0.16287319362163544
42,42,oos,oos,are there any school closures today,0.28845757246017456
42,42,oos,oos,how long is the school year,0.8620617985725403
42,42,oos,oos,why did a bunch of christians go off murdering muslims in the middle ages,0.14660342037677765
42,42,oos,oos,what was the point of the crusades,0.5809266567230225
42,29,oos,change_language,what other countries speak the english language,0.8862874507904053
42,2,oos,account_blocked,why doesn't english have consistent forms,0.11268343031406403
42,61,oos,translate,do they speak english in australia,0.33297571539878845
42,72,oos,directions,who teaches english near me,0.245480015873909
42,42,oos,oos,can you see what the budget for the united states military was in 2018,0.9607734084129333
42,42,oos,oos,can you look at what the oldest age is someone can enlist in the army,0.29933422803878784
42,42,oos,oos,how many years do you need to be in the army to get a college tuition,0.30853188037872314
42,42,oos,oos,where are most the servicemen right now,0.6167668104171753
42,42,oos,oos,what movies are playing at my local cinemax,0.7143885493278503
42,4,oos,time,what time is a star is born showing,0.5560980439186096
42,42,oos,oos,what movies are playing,0.5140867829322815
42,42,oos,oos,can you get me the scores from the games that were played last night,0.1989831179380417
42,42,oos,oos,has there been any times when lebron james was arrested,0.3623540699481964
42,42,oos,oos,what are the new player rankings for the nhl,0.3991033434867859
42,42,oos,oos,who won in the gsw vs suns game last night,0.6015909910202026
42,42,oos,oos,give me the news on the newspaper today,0.1420770287513733
42,48,oos,todo_list,tell me a list of my local papers,0.1561761498451233
42,95,oos,date,what's the newspaper today,0.7065488696098328
42,96,oos,who_made_you,would you let me know who won the gold metal in gymnastics at the olympics,0.12603813409805298
42,42,oos,oos,"at the olympics, what country won the gold medal in basketball",0.1157614216208458
42,140,oos,next_holiday,where will the next olympics be hosted,0.2634764313697815
42,42,oos,oos,when are the winter olympic games,0.4416017532348633
42,42,oos,oos,what films are in the running for best song at this year's oscars,0.1975744515657425
42,42,oos,oos,who are the nominees for best picture this year,0.9149883985519409
42,42,oos,oos,give me information on the oscars,0.11598116904497147
42,129,oos,fun_fact,tell me about the oscars,0.4342612028121948
42,42,oos,oos,why did we elect this woman who made amazon leave and take its jobs with it,0.30704304575920105
42,42,oos,oos,how many people live in vermillion,0.9370045065879822
42,149,oos,travel_suggestion,what's a good way to organize my tools in my garage,0.05667611211538315
42,27,oos,bill_balance,what's the cost of a good pegboard,0.11065617948770523
42,42,oos,oos,is the stop sign around the corner still knocked over,0.5496624112129211
42,24,oos,traffic,is there a fork in the road sign at main & 1st avenue,0.11596570909023285
42,10,oos,smart_home,are there cameras hidden in stop lights,0.2228940725326538
42,139,oos,definition,what does a flashing yellow light mean,0.8711555600166321
42,138,oos,calculator,what is the deadline to register at university of georgia,0.2299930453300476
42,42,oos,oos,what universities are nearby to me and highly rated,0.12222746759653091
42,94,oos,taxes,what are the top rated universities within my state,0.26748374104499817
42,30,oos,no,will the anti-vaxxers die off if no one gives them vaccines,0.1543712317943573
42,42,oos,oos,how safe is the herpes vaccine they give women,0.3075866103172302
42,122,oos,w2,where can i get the flu shot,0.6803606152534485
42,56,oos,bill_due,when do i have to get the mmr,0.22829966247081757
42,27,oos,bill_balance,how much are the clorox detergents,0.44976675510406494
42,80,oos,flight_status,when will nightwish be touring through my city,0.20599985122680664
42,0,oos,restaurant_reviews,does iron maiden have any new releases,0.14420370757579803
42,129,oos,fun_fact,tell me something about linkin park,0.4693223834037781
42,138,oos,calculator,i need you to check the resistance of a coil wrapped 6 times with an id of 25mm,0.17933538556098938
42,5,oos,weather,can you tell me whether the knicks will play the lakers this week,0.3671187162399292
42,15,oos,what_are_your_hobbies,what do you do if your 4 year old just ate playdoh,0.39502936601638794
42,42,oos,oos,when do the kids get out of school today,0.5161504745483398
42,10,oos,smart_home,please check up on my son's homework,0.08186440914869308
42,42,oos,oos,give me a list of the top three landscaping companies nearby,0.06122998520731926
42,99,oos,how_old_are_you,when should you mow your grass after it's rained,0.26435282826423645
42,93,oos,income,how much sugar was in my urine this morning,0.12886030972003937
42,145,oos,restaurant_suggestion,what's a good blouse to wear with pink shoes,0.174430251121521
42,42,oos,oos,what are the best jeans in my size,0.44593584537506104
42,110,oos,gas,how much does it cost to spay a puppy,0.2437170147895813
42,72,oos,directions,what's the best style shoe to wear to the prom,0.4683007597923279
42,13,oos,repeat,can you tell me about that tornado that just tore up alabama,0.5866051316261292
42,42,oos,oos,tell me what the hot topics are that are trending on google,0.18147335946559906
42,19,oos,meeting_schedule,what happened with the summit between trump and jong,0.07813551276922226
42,42,oos,oos,check and see what the local news in broadcasting,0.5635274052619934
42,147,oos,cancel,please uninstall this intrusive social media app,0.15129639208316803
42,72,oos,directions,upload the pictures to the correct album,0.28328225016593933
42,42,oos,oos,i have a super runny nose and want to find a doctor,0.10581561923027039
42,42,oos,oos,which medicine to relieve my cough,0.06752824038267136
42,122,oos,w2,how do i get rid of blocked nose at home,0.08881516009569168
42,105,oos,calendar_update,how do i get rid of sore throat at home,0.09743192046880722
42,42,oos,oos,how can i make my living room appear to be bigger than it is,0.07371105253696442
42,145,oos,restaurant_suggestion,i'd like to find some curtains that look good in this room,0.24407611787319183
42,104,oos,recipe,how to paint walls,0.19640083611011505
42,104,oos,recipe,how to fix walls,0.1781502217054367
42,22,oos,meaning_of_life,can you tell me the purpose of a safe deposit box,0.500757098197937
42,42,oos,oos,can you store a gun in a safe deposit box,0.4350765347480774
42,42,oos,oos,how do you get a safe deposit box,0.18277662992477417
42,91,oos,new_card,look up how to apply cream to smooth itchiness,0.11375057697296143
42,104,oos,recipe,"how do i deal with angry, painful red bumps",0.08325174450874329
42,145,oos,restaurant_suggestion,where should i go if i hammered a nail through my foot,0.5106121897697449
42,86,oos,cook_time,how long does it take to call an ambulance,0.5661426186561584
42,72,oos,directions,how to get the right medicine,0.10545069724321365
42,42,oos,oos,how to take care of the sick,0.1422521024942398
42,97,oos,pto_request,do vegans really want to blame cows for climate change,0.05514052137732506
42,42,oos,oos,give me a recommendation for a local landscaper,0.4277265965938568
42,59,oos,international_visa,i need to hire a grass treatment specialist,0.1343478262424469
42,42,oos,oos,when is the best time of year for pruning,0.7617536783218384
42,42,oos,oos,find someone local who mows lawns,0.7340663075447083
42,119,oos,change_speed,create a speech on historical events surrounding albert einstein,0.10470029711723328
42,105,oos,calendar_update,create a pamphlet on albert einsteins childhood,0.06827544420957565
42,138,oos,calculator,what is albert einstein famous for,0.38660743832588196
42,42,oos,oos,when was albert einstein born,0.8983555436134338
42,80,oos,flight_status,when will cameron release the sequel to avatar,0.47824224829673767
42,10,oos,smart_home,can you please start the avatar movie for me,0.5715048313140869
42,42,oos,oos,is the movie avatar culturally insensitive,0.7887861132621765
42,16,oos,order,could you create a new avatar for me,0.22144070267677307
42,54,oos,food_last,does bill gates still have any material participation in the running of microsoft,0.3075799345970154
42,129,oos,fun_fact,tell me more about bill gates,0.17624324560165405
42,5,oos,weather,give me the weather forecast for today,0.9945165514945984
42,138,oos,calculator,what is bitcoin trading for currently,0.43933624029159546
42,42,oos,oos,where can i have a black and white photo blown up to poster size,0.07738149911165237
42,42,oos,oos,adjust the contrast of the black and white photos,0.6271331906318665
42,134,oos,ingredient_substitution,can you colorize a black and white photo,0.28461936116218567
42,105,oos,calendar_update,add color to the black and white photos,0.07733841985464096
42,42,oos,oos,how many people were killed in the boston marathon by bombers,0.5524726510047913
42,65,oos,todo_list_update,compile a list of historical events from the boston marathon,0.3652329444885254
42,140,oos,next_holiday,time my next run at the boston marathon,0.14019200205802917
42,140,oos,next_holiday,when will the next boston marathon be,0.5935875773429871
42,42,oos,oos,look up which animal is represented in this year's chinese new year,0.3093755543231964
42,42,oos,oos,what is the animal for this chinese new year,0.40865400433540344
42,78,oos,distance,would it be legal to have battles to the death in a homemade colosseum,0.12926872074604034
42,42,oos,oos,do the romans still use the colosseum for anything today,0.5668782591819763
42,42,oos,oos,where is the colosseum,0.707472562789917
42,13,oos,repeat,"can you really time your compressions to queen's ""another one bites the dust""",0.08317550271749496
42,48,oos,todo_list,do i have to put my mouth on theirs when doing cpr,0.21382051706314087
42,138,oos,calculator,what is the breath to compression ratio for cpr,0.34802812337875366
42,61,oos,translate,tell me how to perform cpr,0.10634155571460724
42,138,oos,calculator,create a for-while loop that continues 10 times,0.15281414985656738
42,145,oos,restaurant_suggestion,where are classes taught near me for c++,0.44824254512786865
42,75,oos,what_is_your_name,"declare a variable named ""golf""",0.053917448967695236
42,42,oos,oos,how do i write c++,0.21828357875347137
42,42,oos,oos,is the depiction of gold mining in the movie the ballad of buster scruggs realistic,0.5774423480033875
42,34,oos,do_you_have_pets,do you own the mineral rights to gold nuggets you find in your back yard,0.16611361503601074
42,149,oos,travel_suggestion,where is the best place to mine for gold,0.5003352761268616
42,42,oos,oos,when was the gold rush,0.9111827611923218
42,129,oos,fun_fact,make a list of facts about green book,0.5356489419937134
42,42,oos,oos,find out when green book was created,0.7190033793449402
42,96,oos,who_made_you,who wrote green book,0.251444935798645
42,42,oos,oos,what's the main export by the peoples of greenland,0.2269972562789917
42,42,oos,oos,how many people still live on greenland,0.9878948330879211
42,42,oos,oos,scan my photos and tell me which hair style is most suiting for my face,0.11728516221046448
42,115,oos,what_can_i_ask_you,create several photos of me with different hair styles,0.07298161834478378
42,42,oos,oos,latest hair styles for long natural hair,0.10333872586488724
42,42,oos,oos,show video of hair styling tips,0.17848585546016693
42,42,oos,oos,did a man really die trying to be loved by a horse,0.2159656584262848
42,43,oos,shopping_list,how many acres do you need to buy a horse,0.17931018769741058
42,42,oos,oos,get me a picture of a horse,0.4925985336303711
42,124,oos,thank_you,does eating poop really help your gut fauna,0.4504210948944092
42,42,oos,oos,is there a vaccine for ebola,0.22267398238182068
42,42,oos,oos,find out how many latin scholars there are at the university of chicago,0.4557388424873352
42,112,oos,ingredients_list,make a list of side hustles i could start today to make a little extra cash,0.2527202069759369
42,104,oos,recipe,make a list of stocks that would be good to invest in to start making money,0.14964736998081207
42,111,oos,pay_bill,how can i add my signature to the proposed bill legalizing prostitution,0.2779731750488281
42,42,oos,oos,what's the roi doing arbitrage with ebay,0.1488661766052246
42,23,oos,restaurant_reservation,do women still bare their chests for beads at mardi gras,0.17706812918186188
42,140,oos,next_holiday,when's the next mardi gras going to be,0.3771578073501587
42,104,oos,recipe,what is the best way to kill microbes,0.34872013330459595
42,10,oos,smart_home,start a speech on microbes for me,0.17490844428539276
42,42,oos,oos,inform me of what microbes are,0.15780183672904968
42,138,oos,calculator,what is the top 10 best modems,0.4694063663482666
42,4,oos,time,what is the time signature for the castlevania song bloody tears,0.8498845100402832
42,42,oos,oos,can you tell me what key frank zappa's keep it greasy is in,0.13885940611362457
42,72,oos,directions,please go to wikipedia and search for articles related to nsa,0.043856605887413025
42,81,oos,find_phone,can the nsa crack the encryption on my iphone,0.11902526021003723
42,42,oos,oos,does the nsa listen to me,0.1794576644897461
42,82,oos,greeting,could you pull up the nsa website,0.1574336588382721
42,42,oos,oos,can you see if the octopus eggs have hatched yet,0.16744078695774078
42,15,oos,what_are_your_hobbies,what do you do if your cat eats an octopus,0.5230501890182495
42,42,oos,oos,find out which museum houses the most post modern art in new york state,0.7874485850334167
42,42,oos,oos,look up the top 3 selling post modern artists in the united states,0.3965407907962799
42,42,oos,oos,create a portrait for me using post modern art,0.11468195915222168
42,42,oos,oos,find me examples of post modern art,0.2218058556318283
42,42,oos,oos,find the names of all the rain forests located in south america,0.11743815243244171
42,5,oos,weather,does cutting down the rain forest really add to global warming,0.09009753167629242
42,5,oos,weather,what's the current demand for wood from rain forests,0.7457247972488403
42,7,oos,interest_rate,what's the current prevailing interest rate for mortgages in my area,0.9730719327926636
42,42,oos,oos,how's the real estate market doing this week,0.2258039116859436
42,48,oos,todo_list,please list my real estate for sale,0.08739900588989258
42,131,oos,schedule_maintenance,make an ad to sell my real estate,0.16405679285526276
42,80,oos,flight_status,what's the status of robotic servants from japan,0.30521664023399353
42,70,oos,report_fraud,finish the final touches on my newest robotic creation,0.05961138755083084
42,149,oos,travel_suggestion,can a robot really travel back in time,0.17264491319656372
42,64,oos,insurance_change,program my new robot to bring me snacks,0.03857366368174553
42,78,oos,distance,how long would it take you to die of thirst in the sahara desert,0.39996230602264404
42,134,oos,ingredient_substitution,can a samurai sword deflect a bullet,0.40222713351249695
42,93,oos,income,how much for a samurai sword,0.27448806166648865
42,48,oos,todo_list,make a list of what materials have been used for spacesuits,0.10569657385349274
42,75,oos,what_is_your_name,what size space suit should you get based on your girth,0.1838860809803009
42,16,oos,order,see if you can purchase a spacesuit online,0.3664108216762543
42,107,oos,yes,compile a folder of paintings of sparta,0.5724403262138367
42,42,oos,oos,display history of sparta,0.596688985824585
42,48,oos,todo_list,compile a list of articles pertaining to venture capital funding for me,0.33737266063690186
42,42,oos,oos,start a portfolio on venture capital funding for me to look over,0.12600719928741455
42,122,oos,w2,how do i get venture capital for my app,0.2629593014717102
42,96,oos,who_made_you,what's the latest vc funded company,0.192583367228508
42,81,oos,find_phone,i'd like to hire a wedding planner and need help finding one,0.16571298241615295
42,64,oos,insurance_change,how to plan for weddings,0.5267965197563171
42,42,oos,oos,find out how many whales are currently in monterey bay,0.7265022993087769
42,42,oos,oos,make a chart of the different types of whales,0.15792004764080048
42,42,oos,oos,what did my best friend do in the kitchen while we were gone,0.34381037950515747
42,42,oos,oos,what's my boss' home address,0.5440150499343872
42,96,oos,who_made_you,what's it like to have parents who actually love you,0.24744358658790588
42,42,oos,oos,is there any news if my parents survived the crash,0.11666760593652725
42,42,oos,oos,tell me who gives the best motivational speeches on the web,0.454655259847641
42,96,oos,who_made_you,find an article on celebrities who made it out of poverty,0.39516526460647583
42,118,oos,next_song,send me a motivational quote everyday for the next week,0.18732723593711853
42,42,oos,oos,who is the hardest working man in hollywood,0.6971279978752136
42,122,oos,w2,tell me where i can get more information on getting a job at the post office,0.5193106532096863
42,42,oos,oos,pull up the classifieds and read the career section to me,0.10886432230472565
42,64,oos,insurance_change,help me find a new position as a programmer,0.1479133665561676
42,42,oos,oos,what's the best career search website,0.34987008571624756
42,140,oos,next_holiday,write the next chapter of my biography and let me know when you have finished it,0.1548653542995453
42,42,oos,oos,give me a list of the biographies written by nyu professors after 2001,0.15607592463493347
42,55,oos,change_ai_name,i would like for you to start a biography on me,0.07699676603078842
42,42,oos,oos,show me all biographies on teddy kennedy,0.7294602394104004
42,113,oos,lost_luggage,find out what supplies i am missing and will need on my upcoming camping trip,0.11100215464830399
42,0,oos,restaurant_reviews,what are the camping restrictions at bear island,0.6377265453338623
42,122,oos,w2,find articles that can help me advance my position in my work field,0.14796236157417297
42,42,oos,oos,show me what one should do to get ahead in a tech corporation,0.30692481994628906
42,42,oos,oos,get me a copy of a book on negotiation in the workplace,0.270813524723053
42,93,oos,income,look up ways for me to advance my job placement,0.17536704242229462
42,104,oos,recipe,see if there is a recipe to make a casserole without any dairy,0.6009869575500488
42,42,oos,oos,tell me in how many different colors i can get dinner plates from pier one imports,0.3440907299518585
42,46,oos,meal_suggestion,tell me amazon's choice for a set of 4 dinner plates,0.41214701533317566
42,42,oos,oos,find out where i can by melamine dinner plates,0.3366522490978241
42,42,oos,oos,find out what the maximum memory size is that i can buy in a dvd,0.23135891556739807
42,42,oos,oos,tell me who makes the best dvd's for movie storage,0.5106261372566223
42,42,oos,oos,how many dvds do i currently have on file,0.39982834458351135
42,42,oos,oos,give me a listing of all my dvd's,0.1021668091416359
42,38,oos,exchange_rate,look up the conversion rate for the euro to dollar exchange,0.9210743308067322
42,42,oos,oos,how do i put a lens that's fallen out back in my glasses,0.20911897718906403
42,16,oos,order,i need you to order a new pair of eyeglasses for me,0.802233099937439
42,93,oos,income,tell me what my current eyeglasses prescription is,0.5043259859085083
42,42,oos,oos,show me examples of cute eyeglass frames,0.6464499235153198
42,149,oos,travel_suggestion,make a list of all sites in the us where spirits have been seen at night,0.09073134511709213
42,72,oos,directions,tell me how to get rid of a spirit that's haunting me,0.08424793183803558
42,42,oos,oos,show me how to contact a paranormal spirit,0.16642628610134125
42,36,oos,tell_joke,tell me a scary story,0.6517842411994934
42,42,oos,oos,show me the goals of my local police department in terms of reducing crime,0.5373731255531311
42,65,oos,todo_list_update,make a list of goals i need to meet in order to write a book,0.13591541349887848
42,42,oos,oos,what is the distance between the goal posts in football,0.6018275618553162
42,93,oos,income,remind me what my weight loss goals are,0.29891300201416016
42,94,oos,taxes,give me a list of tax attorneys that practice in my city,0.2923889458179474
42,61,oos,translate,tell me how i can file a pleading in circuit court,0.47183722257614136
42,24,oos,traffic,give me the number of a traffic attorney near here,0.31580299139022827
42,42,oos,oos,what are the top rated local lawyers,0.7155081629753113
42,42,oos,oos,find out how many miles the mississippi waterway runs,0.27877649664878845
42,139,oos,definition,tell me what the longest tributary is in venezuela,0.19984890520572662
42,52,oos,vaccines,please book another boat for this weekends trip,0.09081937372684479
42,149,oos,travel_suggestion,get me a list of universities that provide full scholarships in arizona,0.14368611574172974
42,122,oos,w2,tell me where to go to get my son enrolled in public kindergarten,0.3493194580078125
42,42,oos,oos,"do a job search on monstercom for jobs in the tech field in arlington, va",0.0895480364561081
42,42,oos,oos,"i need to find work, help me connect to a local business through linkedin",0.09020721912384033
42,65,oos,todo_list_update,detail a list of possible job openings in the miami public school system,0.06368060410022736
42,107,oos,yes,look for a position similar to mine that is open around my area,0.10245686024427414
42,42,oos,oos,find out where one can get involved in discussing local election issues,0.9006836414337158
42,149,oos,travel_suggestion,give me a list of the top 5 issues people have in this country,0.15570999681949615
42,138,oos,calculator,what is the government department that regulates emissions,0.1672677844762802
42,42,oos,oos,what's the highest rated social services non-profit,0.6273136734962463
42,127,oos,order_checks,explain to me the process of evaporation,0.05224257707595825
42,42,oos,oos,how do i write an iep for a high schooler,0.30803531408309937
42,73,oos,spelling,tell me how to refinish a wooden desk,0.21149924397468567
42,104,oos,recipe,tell me how to make a lesson plan,0.8740049600601196
42,42,oos,oos,tell me where i can get the cheapest tennis balls on the internet,0.2310914844274521
42,10,oos,smart_home,play the current tennis match on the tv in the living room,0.6193820834159851
42,42,oos,oos,give me a list of the top 10 tennis players in the world,0.1557382047176361
42,42,oos,oos,make a chart of all the tennis scores from this year,0.17176303267478943
42,136,oos,current_location,find the best prices for toothpaste at any store within a 5 mile radius of my location,0.19188757240772247
42,42,oos,oos,tell me what the best shampoo is for someone with dry scalp,0.08112164586782455
42,42,oos,oos,what's the best price on a gray xl ll bean men's parka,0.5597759485244751
42,42,oos,oos,tell me who has the cheapest watch bands on ebay,0.5909687876701355
42,86,oos,cook_time,how do i set the time on my tag heuer,0.2772190272808075
42,11,oos,user_name,tell me the steps as to how to begin a career as a journalist,0.1491253823041916
42,42,oos,oos,give me prices on a copy of the mla grammar handbook,0.6531339883804321
42,115,oos,what_can_i_ask_you,put words on the paper about what you want,0.049424782395362854
42,112,oos,ingredients_list,put into words what you want,0.24369704723358154
42,42,oos,oos,what kind of foods are border collies allergic to,0.30023688077926636
42,42,oos,oos,find out how i can best clip my dog's nails,0.2810487747192383
42,138,oos,calculator,what is the lifespan of a border collie,0.6464197039604187
42,139,oos,definition,look up daily dog kennels in my area,0.10955319553613663
42,107,oos,yes,give me a list of grocery stores that sell japanese sweet potatoes,0.09396089613437653
42,5,oos,weather,tell me the price of bananas at whole foods this week,0.12370438128709793
42,25,oos,make_call,call the grocery store and get their operational hours,0.32068583369255066
42,39,oos,uber,call an uber to take me to the closest grocery store,0.8949872255325317
42,136,oos,current_location,show me how many community centers are located within 5 miles of my location,0.643772304058075
42,42,oos,oos,which houses do not have automatic spot lights in front of their garage,0.10797463357448578
42,42,oos,oos,are all the street lamps working on my street,0.2573702335357666
42,65,oos,todo_list_update,make a list of all community gardens near me,0.09309957176446915
42,122,oos,w2,tell me where to send my resume in order to get a job at delta airlines,0.22760675847530365
42,73,oos,spelling,review my resume for spelling errors,0.42635950446128845
42,58,oos,share_location,please print out copies of my resume,0.04853716865181923
42,73,oos,spelling,please spell check my resume,0.3452853262424469
42,42,oos,oos,where can i get 100% merino wool t-shirts on the internet,0.6266563534736633
42,42,oos,oos,show me all listings on amazon for leather belts for men,0.5572102665901184
42,73,oos,spelling,tell me how many blue ties i own,0.14582473039627075
42,42,oos,oos,who is the start of the movie almost famous,0.9395889639854431
42,42,oos,oos,search up someone who plays in a movie,0.3272514045238495
42,54,oos,food_last,search up the cast in the walking dead,0.154552161693573
42,129,oos,fun_fact,tell me about the amusement park,0.30756711959838867
42,5,oos,weather,what's the amusement park like,0.25180166959762573
42,78,oos,distance,take a ride on the ferris wheel,0.5075060725212097
42,118,oos,next_song,go on the ferris wheel,0.08066527545452118
42,138,oos,calculator,what is the cost of four double a batteries,0.2528109550476074
42,107,oos,yes,instruct a list of all the brands of cereal manufactured by kelloggs,0.08614560216665268
42,46,oos,meal_suggestion,compare prices of malt-o-meal to kelloggs,0.49732938408851624
42,115,oos,what_can_i_ask_you,what kinds of cereal are gluten free,0.2598473131656647
42,115,oos,what_can_i_ask_you,what kinds of cereal are low sugar,0.14383135735988617
42,42,oos,oos,what is the last time the living room was vacuumed,0.3038773834705353
42,42,oos,oos,search all movies created by disney in the 1980's,0.3304498493671417
42,42,oos,oos,does disney world close when it storms,0.1863589733839035
42,42,oos,oos,mickey mouse is a huge part of disney,0.1582055538892746
42,42,oos,oos,what are the hours for disney world,0.4042457938194275
42,26,oos,text,what time did i get the last text message i received,0.4505264163017273
42,26,oos,text,please read me the last text message i received,0.5108193755149841
42,26,oos,text,read my friend's text message,0.9159588813781738
42,42,oos,oos,watch the stories on instagram,0.3443179428577423
42,84,oos,order_status,update my status on instagram,0.2851887345314026
42,81,oos,find_phone,can you check on what it would cost me to upgrade my iphone with t-mobile,0.15662172436714172
42,81,oos,find_phone,please alert me when my iphone battery falls below 30%,0.06834899634122849
42,56,oos,bill_due,can you look at when the next iphone is due out,0.41424882411956787
42,120,oos,plug_type,what type of industries do innovation managers work in,0.3320342004299164
42,42,oos,oos,what are the requirements of a lab technician,0.7127164602279663
42,139,oos,definition,generate a list of 20 songs that include the word love in the title,0.0637282133102417
42,61,oos,translate,create a 500 word letter expressing love,0.07510307431221008
42,42,oos,oos,find a couple's therapist who can help me and my wife,0.11417652666568756
42,42,oos,oos,what does the average cost of an engagement ring,0.8474595546722412
42,5,oos,weather,what is popular in fashion right now,0.2159406989812851
42,114,oos,goodbye,does denim go with anything,0.04753073304891586
42,25,oos,make_call,accept incoming phone call,0.9945670366287231
42,25,oos,make_call,deny incoming phone call,0.9986568689346313
42,48,oos,todo_list,what do i wear on my feet when it rains,0.1316383183002472
42,42,oos,oos,what do i put on my feet,0.09534308314323425
42,21,oos,what_song,what are the words to the chorus for this song,0.6425633430480957
42,21,oos,what_song,display the song lyrics for me,0.47323206067085266
42,82,oos,greeting,"google ""odell beckham free agency""",0.048692941665649414
42,65,oos,todo_list_update,clear my search history,0.061540547758340836
42,42,oos,oos,compare the new life growth in trees when the seasons change,0.5119648575782776
42,124,oos,thank_you,plant all your flowers just after easter in early april,0.06801340728998184
42,42,oos,oos,find a good toy to give a 5 year old boy that costs less than $40,0.19586420059204102
42,42,oos,oos,find out where i can buy a barbie doll for my niece,0.24215979874134064
42,42,oos,oos,look on amazon for the price of a nitendo switch,0.15485945343971252
42,68,oos,transactions,what brand was the last advertisement for,0.42583879828453064
42,42,oos,oos,how do i skip all of the advertisements,0.6776044964790344
42,65,oos,todo_list_update,make a list of decor i would need to have a titanic themed birthday party,0.11556685715913773
42,125,oos,shopping_list_update,aquire the soundtracks from the movie if i stay and add them to my ipod,0.3263530433177948
42,68,oos,transactions,"i watched ""were the millers"" on netflix last night",0.36192378401756287
42,42,oos,oos,"can you find ""were the millers"" on hulu",0.7893738746643066
42,42,oos,oos,"how many people have held the role of county attorney bearing the family name ""dixon""",0.5964769124984741
42,42,oos,oos,tell me about the candidates running for local office in my area,0.4621519148349762
42,42,oos,oos,find out who is the representative of my district,0.7984174489974976
42,42,oos,oos,generate a list of the past 10 judge executives,0.21311233937740326
42,42,oos,oos,look up the email address of the local police,0.8685725927352905
42,42,oos,oos,how many hits have i done today,0.3841210603713989
42,114,oos,goodbye,change out the older photos with the newer ones,0.04846728593111038
42,148,oos,pto_used,organize photos by year they were taken,0.14271683990955353
42,58,oos,share_location,can you group my photos by location,0.6499490737915039
42,95,oos,date,organize my photos by date please,0.44719648361206055
42,42,oos,oos,tell me what my local park's policy is on letting dogs off of leashes,0.33632275462150574
42,42,oos,oos,look up the operating hours of my local park on weekends,0.1706516444683075
42,42,oos,oos,how many parks are within 20 miles of me,0.28431838750839233
42,126,oos,pto_balance,check to see if i still have allergy medication,0.07680858671665192
42,13,oos,repeat,sign me up for the writing class you told me about 2 days ago,0.11384952813386917
42,60,oos,calendar,find articles on essay writing for beginners,0.1936071813106537
42,86,oos,cook_time,how long should an essay be,0.9358001351356506
42,42,oos,oos,how do you start an essay,0.5664340257644653
42,15,oos,what_are_your_hobbies,what should you do if your laundry machine is making a high pitched whine,0.14813651144504547
42,42,oos,oos,find out who the best appliance repairman is for the downtown area,0.8573611378669739
42,42,oos,oos,look up local repair shops that work on vacuum cleaners,0.13270361721515656
42,122,oos,w2,can i get a sear's appliance repairman,0.6763044595718384
42,72,oos,directions,find directions to the sunshine car wash from my house,0.16407716274261475
42,131,oos,schedule_maintenance,can you book me an appointment at a car wash,0.3777775466442108
42,17,oos,jump_start,what brush can i use to wash my car that won't scratch it,0.21780084073543549
42,10,oos,smart_home,please clean the car windows,0.27996185421943665
42,10,oos,smart_home,vacuum out the car,0.17835067212581635
42,131,oos,schedule_maintenance,schedule an appointment with the credit counselor for tuesday,0.5043067932128906
42,45,oos,routing,find a credit mentoring service number for me please,0.1725229173898697
42,110,oos,gas,how much does it cost to get two jackets dry cleaned,0.43474048376083374
42,24,oos,traffic,look up articles on the green dry cleaning industry,0.059128496795892715
42,116,oos,book_hotel,find a cleaner that specializes in suede,0.4025960862636566
42,123,oos,oil_change_when,when should you use a dry cleaner,0.12359911948442459
42,25,oos,make_call,create emergency phone numbers list,0.28856030106544495
42,57,oos,who_do_you_work_for,do sets of 25 set-ups each morning til you have completed your goal,0.10383111238479614
42,82,oos,greeting,keep a note of how many miles you walk a day,0.15705423057079315
42,110,oos,gas,how much weight should i lift to get buff,0.44751405715942383
42,149,oos,travel_suggestion,what's a good stretch to do to limber up,0.30236926674842834
42,42,oos,oos,look up the most requested famous person for quotes,0.2667156159877777
42,42,oos,oos,what is the most famous quote on the internet,0.9574080109596252
42,112,oos,ingredients_list,make a list of the top 100 famous quotes,0.12791353464126587
42,42,oos,oos,show me the top 10 quotes by mark twain,0.2790659964084625
42,15,oos,what_are_your_hobbies,what do you do if you can't stop vomiting,0.22183875739574432
42,46,oos,meal_suggestion,what should i take for a cold,0.10827537626028061
42,42,oos,oos,"i have too many credit cards, is there any way you can help me organize them",0.13553106784820557
42,42,oos,oos,find a credit counseling service for me on the web,0.1285310536623001
42,42,oos,oos,explain how to reduce my debt burden,0.31918901205062866
42,7,oos,interest_rate,look up the current auto loan rate at chase bank,0.30311301350593567
42,82,oos,greeting,look up student loan offers on google,0.059035345911979675
42,7,oos,interest_rate,check current prime mortgage rate,0.15647894144058228
42,138,oos,calculator,what should you do if you can't be bothered to get out of bed,0.09861765801906586
42,133,oos,transfer,send me a quote from a motivational speaker twice a day,0.17277079820632935
42,63,oos,book_flight,find me a book on motivational speaking from amazon,0.23893648386001587
42,6,oos,redeem_rewards,check to see if i need a pass to use the parking garages downtown,0.04485737532377243
42,42,oos,oos,can you check to see which parking garages are open downtown,0.6820404529571533
42,110,oos,gas,how much does it cost to use the parking garage downtown,0.06930897384881973
42,145,oos,restaurant_suggestion,what's a good way of backing out of a parking spot,0.17870517075061798
42,72,oos,directions,search the web for monthly parking near my house,0.09189008921384811
42,72,oos,directions,find out where parking is close to the stadium,0.6810150146484375
42,122,oos,w2,how do i get perfect alignment with the curb,0.2852005660533905
42,104,oos,recipe,describe to me how i can learn to make small talk,0.48306193947792053
42,42,oos,oos,explain how small talk helps bind groups together,0.09793039411306381
42,93,oos,income,what do you do all day while i'm at work,0.404731810092926
42,114,oos,goodbye,"so, hang out around this house often",0.14569389820098877
42,17,oos,jump_start,tell me the best way to freshen the smell in my car,0.3336099088191986
42,72,oos,directions,where's the closest car wash my car smells,0.35943150520324707
42,42,oos,oos,how much is auto febreeze on amazon,0.5754823088645935
42,17,oos,jump_start,find out how to deodorize a car,0.3932836353778839
42,145,oos,restaurant_suggestion,see if you can find a good vegetable wash for me,0.11553077399730682
42,139,oos,definition,look up website on container gardening,0.16822774708271027
42,42,oos,oos,are we allowed to wash our cars during the drought,0.052072033286094666
42,10,oos,smart_home,request a refund on the car wax i bought yesterday,0.17176295816898346
42,40,oos,car_rental,i'd like to hire someone to wash my car,0.27379173040390015
42,42,oos,oos,find out what gentlemen are wearing to weddings these days,0.2714719772338867
42,42,oos,oos,find me articles on appropriate wedding attire,0.10958757251501083
42,42,oos,oos,zip the back of the brides maid dress,0.7806060910224915
42,95,oos,date,rent the tuxedo the day before,0.37468165159225464
42,42,oos,oos,find available letter writing classes at the local community college,0.24680939316749573
42,42,oos,oos,find me a graphic tutorial on writing longhand,0.10958757251501083
42,16,oos,order,order me a book of stamps and envelopes,0.8024531602859497
42,144,oos,change_user_name,start listening to me dictate a letter,0.23899684846401215
42,42,oos,oos,"email my boss, tell him i wont be in today",0.24552825093269348
42,0,oos,restaurant_reviews,are the schools closed,0.5230837464332581
42,4,oos,time,let me know what time the patriots game starts,0.4970165193080902
42,54,oos,food_last,tell me how long until the nascar race begins,0.24217931926250458
42,42,oos,oos,are there any sales on liquor,0.564321756362915
42,42,oos,oos,what shows are on tonight,0.9550212621688843
42,42,oos,oos,are there any new job postings in my area in the last hour for jobs on craigslist,0.18671292066574097
42,42,oos,oos,see if there are any employment agencies hiring managers right now,0.16824853420257568
42,42,oos,oos,can you tell me what the best places are to look for a job online,0.3217782974243164
42,83,oos,alarm,sign me up for the slack employment forum,0.04588812589645386
42,32,oos,timer,please replay the last five minutes,0.27084657549858093
42,115,oos,what_can_i_ask_you,can you enable subtitles,0.372407466173172
42,72,oos,directions,consult the gq website to find what men wear to weddings,0.26470664143562317
42,16,oos,order,order me a blue pin stripe suit from saville row,0.5771256685256958
42,27,oos,bill_balance,what's in fashion this month,0.1618364453315735
42,134,oos,ingredient_substitution,is it too late to wear white,0.2265772670507431
42,135,oos,calories,how many calories does jumping up and down burn,0.911808967590332
42,52,oos,vaccines,how many push-ups do i need to do to get ripped,0.13567304611206055
42,10,oos,smart_home,fill up my water bottle for the gym,0.06282418966293335
42,145,oos,restaurant_suggestion,pick out an excerise outfit for me,0.12314239889383316
42,42,oos,oos,find out how long a cold should last before i call a doctor,0.2233608067035675
42,46,oos,meal_suggestion,what should i take for nausea,0.1521512269973755
42,104,oos,recipe,how do you relieve a hangover,0.21174831688404083
42,61,oos,translate,what is a good home remedy for a rash,0.1340896189212799
42,134,oos,ingredient_substitution,"i have a rash, what can i use for it",0.3849453628063202
42,16,oos,order,can you order some ointment for me,0.9527994990348816
42,42,oos,oos,how do i get rid of an itchy rash,0.31607556343078613
42,26,oos,text,forward the text i just got from henry to giselle,0.652213454246521
42,26,oos,text,please read the text message i just received,0.9041382074356079
42,26,oos,text,save my text on my laptop hard drive,0.20234782993793488
42,42,oos,oos,what time does my ex-boss leave the office,0.5162001848220825
42,27,oos,bill_balance,how much does gun ammunition cost,0.3076134920120239
42,105,oos,calendar_update,restart my newspaper delivery for monday,0.04429514333605766
42,42,oos,oos,are there any messages,0.3002379536628723
42,107,oos,yes,what's that smell,0.3804531991481781
42,42,oos,oos,get me a list of the best savings account rates right now,0.24263633787631989
42,42,oos,oos,is beer legal in this state,0.1140219196677208
42,42,oos,oos,get me articles and pics of different types of household bugs for this area,0.46900632977485657
42,149,oos,travel_suggestion,what should i do if i saw a cockroach in my house,0.41529160737991333
42,60,oos,calendar,look up articles on squealing brakes for ford f-150's,0.08321934193372726
42,10,oos,smart_home,please answer the phone and put it on speaker on the tv,0.42302924394607544
42,96,oos,who_made_you,can you tell me who's calling me,0.19038426876068115
42,130,oos,sync_device,answer the phone,0.39153721928596497
42,25,oos,make_call,ignore call,0.9989853501319885
42,8,oos,gas_type,find out what type of wax is needed for a late model ford sedan,0.21809189021587372
42,17,oos,jump_start,what's the first thing you should do to wash your car,0.11298775672912598
42,8,oos,gas_type,what supplies do i need to clean my car,0.4024384915828705
42,10,oos,smart_home,look up articles on car washing at home,0.07331211119890213
42,42,oos,oos,how old is the oldest person that is in the guiness book of world records,0.5138322114944458
42,42,oos,oos,how could i get into the guiness book of world records,0.10119085013866425
42,42,oos,oos,what person is the heaviest ever recorded,0.67029869556427
42,42,oos,oos,who has the longest hair ever,0.6062898635864258
42,0,oos,restaurant_reviews,can you look at what average reviews say about the new windows phone on amazon for me,0.4031117558479309
42,0,oos,restaurant_reviews,tell me a summary of reviews that oakley frogskins get on amazon,0.13032372295856476
42,48,oos,todo_list,make me a list of the top ten reviewed hiking boots on jetcom,0.07237488031387329
42,42,oos,oos,show me a tabulation of reviews for lcd tv's on amazon,0.2835922837257385
42,115,oos,what_can_i_ask_you,can you tell me what happened to han solo in episode 4,0.054329246282577515
42,42,oos,oos,how many movies are in the star wars series,0.7068920135498047
42,42,oos,oos,how many star wars movies are there,0.9536536931991577
42,96,oos,who_made_you,who plays han solo,0.7558466792106628
42,107,oos,yes,which movie is it that someone says perfectly balanced as all things should be,0.11336115002632141
42,42,oos,oos,what movie is the line today is our independence day from,0.418456107378006
42,95,oos,date,what movie is it that says today is a good day to die,0.4952043294906616
42,42,oos,oos,what movie does it's just a flesh wound come from,0.6549475193023682
42,30,oos,no,is michonne wrong for not working with the kingdom to put on the fair,0.12767186760902405
42,42,oos,oos,which actors have played more than 1 comic book character,0.08682658523321152
42,42,oos,oos,what marvel movie did mark ruffalo first appear in,0.5772914886474609
42,49,oos,card_declined,why did negan return to his jail cell,0.0977112352848053
42,117,oos,are_you_a_bot,is there more than one occult that a person can join,0.059975266456604004
42,42,oos,oos,can i summon a demon using just an ouija board,0.2574363052845001
42,104,oos,recipe,what's the best way to drown a witch,0.49804437160491943
42,139,oos,definition,what does it mean to join the occult,0.7649286985397339
42,54,oos,food_last,did madison really bathe in the potomac naked,0.1667526811361313
42,46,oos,meal_suggestion,can you explain a good risk strategy to me,0.14729072153568268
42,42,oos,oos,what are the rules for chess,0.2038092017173767
42,134,oos,ingredient_substitution,fill out the paperwork for tonys new daycare center,0.07392001897096634
42,64,oos,insurance_change,i need to find a new babysitter,0.24862602353096008
42,42,oos,oos,get me a list of divorce attorneys in the new york area,0.14059516787528992
42,78,oos,distance,how long does it take to get a divorce finalized,0.6911592483520508
42,42,oos,oos,where can i find the best divorce lawyer,0.8111943602561951
42,36,oos,tell_joke,make me a map of all earthquake hotspots in the continental us,0.05376803129911423
42,68,oos,transactions,how much damage did the last earthquake here do,0.21203076839447021
42,42,oos,oos,what was the latest tremor on the richter scale,0.4030967056751251
42,42,oos,oos,get me articles on earthquake preparedness,0.5951769948005676
42,71,oos,spending_history,what is appropriate to spend on a bouquet of flowers for mother's day,0.1419001817703247
42,134,oos,ingredient_substitution,get me a list of personal conservation tips that i can use around the house,0.09378394484519958
42,42,oos,oos,look up the average temperature changes over the last 30 years for my area,0.22155608236789703
42,42,oos,oos,is the polar vortex of 2019 apart of global warming,0.6574061512947083
42,138,oos,calculator,what is global warming,0.9004131555557251
42,23,oos,restaurant_reservation,can you book me a tee time at cantigny at 2 pm on saturday,0.4508773982524872
42,42,oos,oos,what's the best golf club to use on the lower nine,0.26534080505371094
42,42,oos,oos,how do i stop my child from setting small animals on fire for amusement,0.16555649042129517
42,138,oos,calculator,review chapter 6 with my son and verify his math homework answers,0.3256569504737854
42,42,oos,oos,can you look up how i shoot a time lapse video on my iphone camera or is it even possible,0.1949114054441452
42,42,oos,oos,how do i turn up the resolution that i am taking pictures in on my camera phone,0.08844685554504395
42,19,oos,meeting_schedule,print out the photos i took today,0.12958721816539764
42,106,oos,play_music,can you find me sheet music for the beatles white album online,0.4288173317909241
42,145,oos,restaurant_suggestion,find me a good band instructor or two to compare in my area,0.36865702271461487
42,122,oos,w2,can i get a starter course for the trumpet,0.18439637124538422
42,42,oos,oos,how many keys does a xylophone have,0.7684778571128845
42,42,oos,oos,how many polar bears are still alive in the arctic,0.7482336759567261
42,42,oos,oos,are polar bears on the endangered species list,0.31467029452323914
42,22,oos,meaning_of_life,what is the life expectancy of a polar bear,0.744347095489502
42,42,oos,oos,can a polar bear live in alabama,0.46277374029159546
42,140,oos,next_holiday,when will george rr martin publish the next game of thrones book,0.31035271286964417
42,42,oos,oos,show me the new york times most popular book list for this week,0.17987893521785736
42,73,oos,spelling,how many books are in piers anthony virtual mode series,0.31295058131217957
42,16,oos,order,"order the new book titled ""ghost work""",0.22414591908454895
42,61,oos,translate,please check if god is really living in a small apartment in brussels,0.06521204859018326
42,42,oos,oos,what did the mesopotamians call the creator of the universe,0.5645523071289062
42,42,oos,oos,put on an educational program about buddhism,0.2234324812889099
42,77,oos,where_are_you_from,what happens if you're skydiving and your parachute doesn't open,0.23660196363925934
42,42,oos,oos,research how many deaths has resulted from skydiving,0.7728871703147888
42,42,oos,oos,how many people die each year while skydiving,0.8453426361083984
42,149,oos,travel_suggestion,google the price of skydiving in florida,0.06438524276018143
42,42,oos,oos,in what movie did mrs congeniality feature a contestant championing for world peace,0.43018636107444763
42,42,oos,oos,"has there ever been total world peace, where no nations in the world are at war",0.7167220711708069
42,55,oos,change_ai_name,name the leader from tibet that stands firm for world peace,0.11027420312166214
42,78,oos,distance,what will it take to achieve world peace,0.21880346536636353
42,102,oos,how_busy,was einstein right to be scared of spooky action at a distance,0.210189089179039
42,42,oos,oos,what is the nature of the big bang theory,0.7291125655174255
42,42,oos,oos,how does the etheric body operate,0.6229457855224609
42,42,oos,oos,do we actually have a soul,0.09338514506816864
42,42,oos,oos,where can i find cheap rental skis nearby,0.30565279722213745
42,130,oos,sync_device,check the nanny cam and send the feed to my phone,0.6579931378364563
42,27,oos,bill_balance,how much should i tip on this bill,0.8163144588470459
42,42,oos,oos,send me live feed of the pre-game prediction show on my phone,0.9641510844230652
42,42,oos,oos,what are the scores of other teams in this division,0.42051827907562256
42,139,oos,definition,look up pitcher stats on jake rooney,0.06359290331602097
42,21,oos,what_song,what teams are playing right now,0.7621185779571533
42,5,oos,weather,is it too late to upgrade to first class,0.07503822445869446
42,42,oos,oos,"according to my fitness tracker, how many push ups have i done today",0.19728447496891022
42,82,oos,greeting,renew gym membership,0.054675690829753876
42,43,oos,shopping_list,what's my budget for today's shopping trip,0.20075245201587677
42,37,oos,last_maintenance,can you find my car in the parking lot,0.23873072862625122
42,42,oos,oos,what's the best hand to have in texas hold em,0.20516584813594818
42,94,oos,taxes,is gambling legal in my state,0.5500273704528809
42,81,oos,find_phone,fold my hand,0.1005411297082901
42,42,oos,oos,what time did i put in my first load of laundry,0.2664969265460968
42,35,oos,balance,how much time is left on my laundry,0.15638728439807892
42,87,oos,damaged_card,report outage to my electric provider,0.23068004846572876
42,10,oos,smart_home,power up my generator,0.12336292862892151
42,25,oos,make_call,call up instructables website and find article on bike assembly,0.8900054097175598
42,145,oos,restaurant_suggestion,find schematics for ikea desk assembly,0.17052315175533295
42,104,oos,recipe,search information on how to apply foundation,0.20765279233455658
42,104,oos,recipe,find instructions on how to play taboo,0.355825811624527
42,42,oos,oos,what casino game has the best odds,0.8915092349052429
42,148,oos,pto_used,tell me how much energy i have consumed so far this year,0.592863917350769
42,60,oos,calendar,give me an energy usage breakdown for march,0.2341432422399521
42,148,oos,pto_used,how many kilowatts have i used this month,0.9473366141319275
42,27,oos,bill_balance,what's my current electric bill,0.7424389719963074
42,122,oos,w2,can you locate the television remote,0.21017120778560638
42,81,oos,find_phone,where did i last place my remote,0.21111340820789337
42,72,oos,directions,do you know where the remote is,0.14301390945911407
42,82,oos,greeting,have you seen the remote,0.10220883041620255
42,136,oos,current_location,please ping the rfid in my wallet and tell me where it's at right now,0.44091081619262695
42,122,oos,w2,can you detect where i placed my wallet,0.5542207956314087
42,136,oos,current_location,give me my wallet location,0.8908448815345764
42,122,oos,w2,find my wallet,0.7266284823417664
42,58,oos,share_location,can you give me the gps location of harvey,0.2609593868255615
42,122,oos,w2,where's my buddy steve right this second,0.3122493624687195
42,102,oos,how_busy,locate jenny at her present position,0.059262461960315704
42,136,oos,current_location,let me know where jim is right now,0.46381857991218567
