y_true,y_pred,true_label_name,pred_label_name,text,max_confidence
61,61,translate,translate,how would you say fly in italian,0.9987727999687195
61,61,translate,translate,what's the spanish word for pasta,0.8566579818725586
61,61,translate,translate,how would they say butter in zambia,0.9944642186164856
61,61,translate,translate,how do you say fast in spanish,0.9990987777709961
61,73,translate,spelling,what's the word for trees in norway,0.5060572028160095
61,61,translate,translate,how does one say wonderful in german,0.9973604083061218
61,61,translate,translate,how do they say tacos in mexico,0.9955266118049622
61,61,translate,translate,how would one say cruiser in china,0.9778783321380615
61,61,translate,translate,what's the french word you use for potato,0.7303987145423889
61,139,translate,definition,what would the word for grass be in finland,0.46218469738960266
61,61,translate,translate,how do you say please in french,0.9967079162597656
61,61,translate,translate,how would i say nice to meet you if i were russian,0.9709219932556152
61,61,translate,translate,what is the right way to say excuse me in spanish,0.9774263501167297
61,61,translate,translate,how do i say i'm sorry in chinese,0.998713493347168
61,61,translate,translate,how would i say thank you if i were mexican,0.9786940813064575
61,61,translate,translate,how would i say what is your name if i were french,0.5530794858932495
61,61,translate,translate,how would i say i must be going now if i were german,0.9896098375320435
61,61,translate,translate,how do i say bathroom in italian,0.9995313882827759
61,61,translate,translate,how might i say hello if i were scottish,0.9990795850753784
61,61,translate,translate,i must know how to say thank you in german,0.9996403455734253
61,61,translate,translate,how would i say i love you if i were german,0.9968875050544739
61,61,translate,translate,how would i say how are you today if i were mexican,0.8444031476974487
61,61,translate,translate,how would i say where is the bathroom if i were korean,0.7513906359672546
61,61,translate,translate,how would i say i need directions if i were french,0.9985342025756836
61,61,translate,translate,how would i say i am lost if i were japanese,0.9852079153060913
61,29,translate,change_language,english to spanish for dog,0.7564002275466919
61,61,translate,translate,what is dog in spanish,0.8747476935386658
61,61,translate,translate,how do you say dog in spanish,0.9983367919921875
61,29,translate,change_language,dog in spanish,0.9014426469802856
61,61,translate,translate,what's the spanish word for dog,0.8748239278793335
133,133,transfer,transfer,can you please provide me with assistance in moving money from one account to another,0.992379903793335
133,133,transfer,transfer,i would like help moving money between accounts,0.9531837701797485
133,133,transfer,transfer,can you assist me in moving money from one account to another,0.9971445202827454
133,133,transfer,transfer,i would like help moving money from one account to another,0.9998389482498169
133,133,transfer,transfer,i would like assistance moving money from one account to another,0.9998725652694702
133,133,transfer,transfer,can i move some money around,0.9479690790176392
133,133,transfer,transfer,can i make a transfer between my accounts,0.9845259189605713
133,133,transfer,transfer,i need to make a transfer of my money,0.9942795038223267
133,133,transfer,transfer,can i move some money between my two accounts,0.9883506298065186
133,133,transfer,transfer,i would like to distribute some money between my accounts,0.9637145400047302
133,133,transfer,transfer,i would like to transfer $100 from my checking to saving account,0.9999605417251587
133,133,transfer,transfer,help me transfer $100 from my checking to saving account,0.9999324083328247
133,133,transfer,transfer,transfer $100 from my checking to saving account,0.9999443292617798
133,133,transfer,transfer,can you please help me move $100 from my checking to saving account,0.9971454739570618
133,133,transfer,transfer,please move $100 from my checking to saving account,0.9991773962974548
133,133,transfer,transfer,"transfer seventeen dollars from rbs to woodforest account, please",0.9994909763336182
133,133,transfer,transfer,"send twelve dollars between cabelas and bank of london accounts, please",0.9962933659553528
133,133,transfer,transfer,"transfer ninety dollars between glacier checking and farmers accounts, please",0.9979275465011597
133,133,transfer,transfer,transfer seventy dollars between national and citizens accounts,0.999047577381134
133,133,transfer,transfer,transfer four and sixty seven dollars from bank of oklahoma checking to security bank account,0.9999262094497681
133,42,transfer,oos,how much money can i transfer today,0.7041444778442383
133,133,transfer,transfer,add funds to the retirement account from the pnc account only,0.9626955986022949
133,133,transfer,transfer,would you move 100 dollars from the checking and put it into savings,0.9983053207397461
133,5,transfer,weather,repeat what the weather will be like,0.9987130165100098
133,133,transfer,transfer,i would like to put 100 dollars from the checking into the savings account now,0.9999234676361084
133,133,transfer,transfer,please transfer $5000 to money market from checking account,0.9999701976776123
133,133,transfer,transfer,i need $360 transfered from savings to checking account,0.9968074560165405
133,133,transfer,transfer,make an immediate transfer of ten thousand from money market to checking,0.9983622431755066
133,133,transfer,transfer,i'd like to transfer $400 from household to savings account,0.9999527931213379
133,133,transfer,transfer,transer $800 from my checking to savings account,0.9917727112770081
32,32,timer,timer,set a 4 minute timer,0.9998899698257446
32,32,timer,timer,set a 2 minute timer,0.9998735189437866
32,32,timer,timer,set a 3 minute timer,0.9998996257781982
32,32,timer,timer,set a 5 minute timer,0.999925971031189
32,32,timer,timer,set a 1 minute timer,0.9998977184295654
32,10,timer,smart_home,who set up the numbers for it,0.8933845162391663
32,32,timer,timer,start the timer,0.9951926469802856
32,32,timer,timer,start a timer please,0.9988915324211121
32,32,timer,timer,i need to start a timer,0.99835205078125
32,32,timer,timer,i need a timer to be set,0.9970006346702576
32,32,timer,timer,could you set a timer,0.9998385906219482
32,32,timer,timer,set a timer,0.9997259974479675
32,32,timer,timer,i need to have a timer for 10 minutes,0.9996957778930664
32,32,timer,timer,make a 10 minute timer,0.9997101426124573
32,32,timer,timer,give me a 10 minute timer,0.9998268485069275
32,32,timer,timer,will you create a timer for me,0.9988935589790344
32,32,timer,timer,please begin a timer,0.9985435009002686
32,32,timer,timer,is it possible to set a timer,0.9993359446525574
32,32,timer,timer,i want a timer set for 10 minutes,0.9997779726982117
32,32,timer,timer,set a timer for 10 minutes,0.9999560117721558
32,32,timer,timer,can i get a timer set,0.9988654851913452
32,32,timer,timer,i need to use a timer,0.9981447458267212
32,32,timer,timer,set a timer to go off in 1 hour,0.9943179488182068
32,32,timer,timer,i need a timer for 45 minutes,0.999396562576294
32,32,timer,timer,in 15 minutes the timer should go off,0.9916961789131165
32,32,timer,timer,start the timer now,0.9949967861175537
32,32,timer,timer,set a timer for 30 minutes,0.9999151229858398
32,32,timer,timer,set a timer for 5 minutes from now,0.9999032020568848
32,32,timer,timer,let me know when it's been 5 minutes,0.911348283290863
32,32,timer,timer,can you set the timer to 20 minutes,0.9986376166343689
139,139,definition,definition,define antebellum,0.9638175368309021
139,139,definition,definition,define discontent,0.9638175368309021
139,139,definition,definition,what is the meaning of incandescent,0.9756186008453369
139,139,definition,definition,what does confrontation mean,0.9921818971633911
139,139,definition,definition,what does serendipity mean,0.9921818971633911
139,139,definition,definition,what's the definition of luminescent,0.9998475313186646
139,138,definition,calculator,what is the definiton of auspicious,0.2879708707332611
139,139,definition,definition,what does circuitous mean,0.9921818971633911
139,139,definition,definition,what's the definition of unencumbered,0.9998475313186646
139,139,definition,definition,what does adulation mean,0.9921818971633911
139,139,definition,definition,what does assiduous mean,0.9921818971633911
139,139,definition,definition,what does amicable mean,0.9921818971633911
139,139,definition,definition,what's the definition of remunerative,0.9998475313186646
139,139,definition,definition,what does anachronistic mean,0.9921818971633911
139,139,definition,definition,what's the definition of idiosyncratic,0.9998475313186646
139,139,definition,definition,what does yolo mean,0.9921818971633911
139,139,definition,definition,can you tell me the meaning of fluctuate,0.9576314091682434
139,139,definition,definition,what does the word polynomial mean,0.9982359409332275
139,139,definition,definition,what does ferrari mean,0.9921818971633911
139,139,definition,definition,what is the meaning of the word girn,0.9986750483512878
139,139,definition,definition,what does mature mean,0.9921818971633911
139,139,definition,definition,i'd like to know what bitcoin means,0.9949287176132202
139,42,definition,oos,"i heard some woman say she was going to yerd me, what's that mean",0.12533864378929138
139,139,definition,definition,can you tell me what obsolescence means,0.9971033930778503
139,42,definition,oos,please explain the word catastrophic to me,0.38137418031692505
139,139,definition,definition,what's the meaning of naff,0.9595467448234558
139,139,definition,definition,can you tell me what dendrofilous means,0.9971033930778503
139,139,definition,definition,what does peer-to-peer actually mean,0.9793967008590698
139,139,definition,definition,define epicurean,0.9638175368309021
139,139,definition,definition,what does epicurean mean,0.9921818971633911
22,22,meaning_of_life,meaning_of_life,would you let me know what the meaning is life is,0.9993378520011902
22,22,meaning_of_life,meaning_of_life,would you let me know what is the point of life,0.9985951781272888
22,22,meaning_of_life,meaning_of_life,"right now, i need to know the meaning of life",0.9994124174118042
22,22,meaning_of_life,meaning_of_life,define the meaning of life for me,0.9326364398002625
22,22,meaning_of_life,meaning_of_life,i want to know the meaning of life,0.9997528195381165
22,22,meaning_of_life,meaning_of_life,would you explain the meaning of life,0.9997461438179016
22,22,meaning_of_life,meaning_of_life,i need you to tell me the meaning of life,0.9997132420539856
22,22,meaning_of_life,meaning_of_life,i need to know what the meaning of life is now,0.9997902512550354
22,22,meaning_of_life,meaning_of_life,tell me what the meaning of life is,0.9997531771659851
22,22,meaning_of_life,meaning_of_life,i need to know what the point of life is,0.9980983138084412
22,22,meaning_of_life,meaning_of_life,let me know what the point of life is,0.9982761144638062
22,22,meaning_of_life,meaning_of_life,would you provide me with what the point of life is,0.9981562495231628
22,22,meaning_of_life,meaning_of_life,tell me what the point of life is,0.9987101554870605
22,22,meaning_of_life,meaning_of_life,what is the reason humans even exist,0.44379523396492004
22,22,meaning_of_life,meaning_of_life,do you think our lives have purpose or meaning,0.9690524935722351
22,22,meaning_of_life,meaning_of_life,can you tell me about the meaning of life,0.9998428821563721
22,22,meaning_of_life,meaning_of_life,can you tell me what the meaning of life is,0.9997662901878357
22,22,meaning_of_life,meaning_of_life,what do you know about the meaning of life,0.999767005443573
22,22,meaning_of_life,meaning_of_life,i would like information on the meaning of life,0.9993413090705872
22,22,meaning_of_life,meaning_of_life,what information can you give me on the meaning of life,0.9989031553268433
22,22,meaning_of_life,meaning_of_life,what is the core meaning of life,0.9998297691345215
22,22,meaning_of_life,meaning_of_life,what do you know about lifes meaning,0.9645060300827026
22,22,meaning_of_life,meaning_of_life,is there any consensun regarding lifes true meaning,0.7472432255744934
22,2,meaning_of_life,account_blocked,is there a reason beyond biology about why humans are alive,0.723336935043335
22,22,meaning_of_life,meaning_of_life,do you think being alive has any meaning,0.9615217447280884
22,22,meaning_of_life,meaning_of_life,is there meaning to life,0.9996399879455566
22,22,meaning_of_life,meaning_of_life,is there meaning in life,0.9996126294136047
22,22,meaning_of_life,meaning_of_life,what is the answer to life,0.9897502064704895
22,22,meaning_of_life,meaning_of_life,what's the answer to it all,0.14866451919078827
22,22,meaning_of_life,meaning_of_life,what's life mean to you,0.9865685701370239
64,64,insurance_change,insurance_change,i would like to change my insurance policy,0.9999892711639404
64,64,insurance_change,insurance_change,can i edit my insurance policy,0.9995811581611633
64,64,insurance_change,insurance_change,i am interested in a new insurance plan,0.9966893196105957
64,64,insurance_change,insurance_change,i really would like to get a new insurance plan,0.9996529817581177
64,64,insurance_change,insurance_change,i am in the market for a new insurance plan,0.9972055554389954
64,64,insurance_change,insurance_change,is there a way to alter my insurance policy,0.9996860027313232
64,64,insurance_change,insurance_change,how can i change to new insurance plan,0.9999969005584717
64,64,insurance_change,insurance_change,help me find a new insurance plan,0.9987339377403259
64,64,insurance_change,insurance_change,can i update my insurance policy,0.9991331696510315
64,64,insurance_change,insurance_change,who do i contact about updating my insurance,0.6395747065544128
64,64,insurance_change,insurance_change,can you help me change my insurance policy,0.9999741315841675
64,64,insurance_change,insurance_change,"i need to change my insurance policy, do you know how",0.9998977184295654
64,64,insurance_change,insurance_change,what are the steps to change my insurance policy,0.9999704360961914
64,64,insurance_change,insurance_change,do you know how i can change my insurance policy,0.9999701976776123
64,64,insurance_change,insurance_change,how to i change the policy on my insurace,0.2983126640319824
64,64,insurance_change,insurance_change,what do i need to do to get new insurance,0.9998164772987366
64,64,insurance_change,insurance_change,do you know how i get new insurance,0.9991865754127502
64,64,insurance_change,insurance_change,what is the protocol for getting new insurance,0.9969586133956909
64,64,insurance_change,insurance_change,let me know the process for new insurance,0.9963772892951965
64,64,insurance_change,insurance_change,i want to sign up for a new allstate insurance plan,0.9997015595436096
64,64,insurance_change,insurance_change,i need to sign up for a new allstate plan,0.7328670024871826
64,64,insurance_change,insurance_change,what is the procedure for signing up for a new allstate plan,0.48503249883651733
64,91,insurance_change,new_card,how do i sign up for a new allstatedplan,0.30253180861473083
64,64,insurance_change,insurance_change,i want to change to a new allstate insurance plan,0.999995231628418
64,64,insurance_change,insurance_change,i want a new insurance plan,0.999718964099884
64,64,insurance_change,insurance_change,what if i want to switch insurance plans,0.9989031553268433
64,64,insurance_change,insurance_change,is there a way to get a new insurance plan,0.9997275471687317
64,64,insurance_change,insurance_change,i want to switch to a new insurance plan,0.9999895095825195
64,64,insurance_change,insurance_change,how do i switch insurance plans,0.9987545013427734
64,64,insurance_change,insurance_change,phone number to state farm to change insurance,0.9884029030799866
81,81,find_phone,find_phone,"can you help me find my phone, please",0.9881268739700317
81,81,find_phone,find_phone,could you help me locate my phone,0.9994792342185974
81,81,find_phone,find_phone,can you help me locate my phone,0.9994756579399109
81,81,find_phone,find_phone,"could you help me locate my phone, please",0.9846382737159729
81,81,find_phone,find_phone,"can you help me locate my phone, please",0.9865825772285461
81,81,find_phone,find_phone,"i cannot locate my phone, can you help me",0.9823092818260193
81,81,find_phone,find_phone,i need help locating my phone,0.9516858458518982
81,81,find_phone,find_phone,can you assist me with finding my phone,0.9987239241600037
81,81,find_phone,find_phone,i lost my phone can you help me,0.9992891550064087
81,81,find_phone,find_phone,where the bleep did i put my bleeping phone,0.8497344255447388
81,81,find_phone,find_phone,is my phone somewhere around here,0.8816673159599304
81,12,find_phone,report_lost_card,"help, i've lost my cellphone!",0.3492882251739502
81,81,find_phone,find_phone,i seem to have lost my phone,0.999404788017273
81,136,find_phone,current_location,do you know my phone's location,0.9703899621963501
81,81,find_phone,find_phone,can you find my phone,0.9956497550010681
81,81,find_phone,find_phone,where's my phone at,0.7158645391464233
81,136,find_phone,current_location,what's my phone's location,0.9789775609970093
81,81,find_phone,find_phone,can you help me hunt for my missing cellphone,0.876794159412384
81,81,find_phone,find_phone,locate my cellphone in this room,0.3698607087135315
81,81,find_phone,find_phone,where did i last put my phone,0.9800793528556824
81,81,find_phone,find_phone,find my cellphone for me!,0.987614631652832
81,81,find_phone,find_phone,where did i place my phone,0.9987009763717651
81,81,find_phone,find_phone,where's my phone,0.8892728686332703
81,81,find_phone,find_phone,my phone isn't where i left it,0.8993180990219116
81,81,find_phone,find_phone,i think i've misplaced my phone,0.9907931685447693
81,81,find_phone,find_phone,i've lost my phone somewhere,0.9989594221115112
81,81,find_phone,find_phone,i think i lost my phone,0.9997245669364929
81,81,find_phone,find_phone,would you know where to find my phone,0.9995144605636597
81,81,find_phone,find_phone,please assist me in looking for my phone,0.8551068305969238
81,81,find_phone,find_phone,look for my phone with me,0.9067452549934387
128,128,travel_alert,travel_alert,is there a travel alert in spain,0.9949382543563843
128,128,travel_alert,travel_alert,travel alert in cuba,0.8716878890991211
128,128,travel_alert,travel_alert,alerts for travel in colombia,0.934994101524353
128,128,travel_alert,travel_alert,are there travel alerts in mexico,0.9998155236244202
128,128,travel_alert,travel_alert,mexico travel alerts,0.9997920393943787
128,128,travel_alert,travel_alert,have there been any travel alerts for the us,0.9996378421783447
128,128,travel_alert,travel_alert,are there any travel advisories for the us,0.9920424818992615
128,128,travel_alert,travel_alert,what are the travel alerts for the us,0.9991046786308289
128,128,travel_alert,travel_alert,are there travel alerts for the us,0.9998844861984253
128,128,travel_alert,travel_alert,what travel alerts are in effect for the us,0.9988595247268677
128,128,travel_alert,travel_alert,i want to know if i will be safe if i travel to europe,0.9973294734954834
128,128,travel_alert,travel_alert,would i be safe if i traveled to japan,0.9469596743583679
128,128,travel_alert,travel_alert,is it safe to go to north korea,0.9917552471160889
128,128,travel_alert,travel_alert,will i be safe going to south america,0.9943296909332275
128,128,travel_alert,travel_alert,am i safe to go to africa,0.9733431339263916
128,128,travel_alert,travel_alert,which countries have travel alerts,0.9996379613876343
128,128,travel_alert,travel_alert,is it safe in italy,0.9693817496299744
128,128,travel_alert,travel_alert,what are the travel conditions for haiti,0.8534440994262695
128,128,travel_alert,travel_alert,are there any travel bulletins about haiti,0.9066447615623474
128,128,travel_alert,travel_alert,note any travel alerts for haiti,0.9999709129333496
128,128,travel_alert,travel_alert,find travel alerts for haiti,0.999897837638855
128,61,travel_alert,translate,does the state department say anything about traveling to haiti,0.18770025670528412
128,128,travel_alert,travel_alert,is there a travel alert for france,0.9996228218078613
128,128,travel_alert,travel_alert,is it safe for me to go to turkey,0.9765744805335999
128,128,travel_alert,travel_alert,is it safe to go to serbia,0.9927258491516113
128,134,travel_alert,ingredient_substitution,safety concerns for malaysia,0.0893797054886818
128,128,travel_alert,travel_alert,is it safe for me to visit malawi,0.9526002407073975
128,128,travel_alert,travel_alert,is travel to monterrey safe now,0.9977086782455444
128,128,travel_alert,travel_alert,is it safe for people to travel to pakistan,0.9982328414916992
128,128,travel_alert,travel_alert,can people safely travel to cambodia,0.8764822483062744
97,97,pto_request,pto_request,please help me set up a vacation request,0.925304114818573
97,97,pto_request,pto_request,how does one go about putting in a vacation request,0.9818666577339172
97,97,pto_request,pto_request,how do i put in a vacation request,0.9967188239097595
97,97,pto_request,pto_request,walk me through on how to make a vacation request,0.9975570440292358
97,97,pto_request,pto_request,please put in a vacation request,0.9743568301200867
97,97,pto_request,pto_request,how is a vacation request done,0.7076556086540222
97,97,pto_request,pto_request,how is a vacation request made,0.9166645407676697
97,97,pto_request,pto_request,what is the process of making a vacation request,0.8435466289520264
97,97,pto_request,pto_request,how would one make a vacation request,0.9968756437301636
97,97,pto_request,pto_request,can i put in a pto request for september 1st to september 8th,0.9998372793197632
97,97,pto_request,pto_request,"if i want to make a vacation request, how do i do it",0.9940939545631409
97,97,pto_request,pto_request,can i put in a pto request for august 1st to august 10th,0.9998466968536377
97,97,pto_request,pto_request,can i put in a pto request for january 4th to january 9th,0.999846339225769
97,97,pto_request,pto_request,can i put in a pto request for december 3rd to december 10th,0.9998424053192139
97,97,pto_request,pto_request,can i put in a pto request for december 25th to january 1st,0.9998267292976379
97,97,pto_request,pto_request,can i take pto from the end of the month to the 5th of the next month,0.5356253981590271
97,97,pto_request,pto_request,can you help me plan a vacation,0.8620366454124451
97,97,pto_request,pto_request,it it possible to take pto from the 8th to the 11th,0.9372977614402771
97,101,pto_request,pto_request_status,is it ok if i use some of my pto on may 24th to may 29th,0.2542232573032379
97,97,pto_request,pto_request,what do i do to set up a vacation,0.9926393032073975
97,97,pto_request,pto_request,i need to use pto on october 5th to october 10th,0.9674870371818542
97,97,pto_request,pto_request,how do i plan a vacation,0.9709451794624329
97,97,pto_request,pto_request,can i put in a pto request for monday to wednesday,0.9998774528503418
97,97,pto_request,pto_request,can i purchase a vacation using this,0.9746475219726562
97,97,pto_request,pto_request,how do i get help with a vacation itinerary,0.9900543689727783
97,97,pto_request,pto_request,how do i request a vacation,0.9936058521270752
97,97,pto_request,pto_request,i'd like to request a vacation,0.988021969795227
97,97,pto_request,pto_request,i need to request a vacation,0.9820594191551208
97,101,pto_request,pto_request_status,vacation request information,0.8236597180366516
97,101,pto_request,pto_request_status,vacation request please,0.7201284170150757
28,28,improve_credit_score,improve_credit_score,how can i increase my credit score,0.9924800395965576
28,28,improve_credit_score,improve_credit_score,how can i raise my credit score,0.9985570311546326
28,28,improve_credit_score,improve_credit_score,how can i contribute to my credit score,0.9336437582969666
28,28,improve_credit_score,improve_credit_score,how is it possible to get a better credit score,0.9747217893600464
28,28,improve_credit_score,improve_credit_score,how can i up my credit score,0.7064211368560791
28,28,improve_credit_score,improve_credit_score,can you explain to me how i might boost my credit score,0.7150284051895142
28,28,improve_credit_score,improve_credit_score,my credit score stinks but i don't know how to improve it,0.9374766945838928
28,28,improve_credit_score,improve_credit_score,what preventative measures can i take to avoid a low credit score,0.986764132976532
28,28,improve_credit_score,improve_credit_score,how can i keep my credit score from falling,0.9998958110809326
28,28,improve_credit_score,improve_credit_score,give me some ideas for boosting my credit score,0.9930238723754883
28,28,improve_credit_score,improve_credit_score,how can i prevent my credit score from dropping,0.9983750581741333
28,28,improve_credit_score,improve_credit_score,what steps can i take to build my credit score,0.9999334812164307
28,28,improve_credit_score,improve_credit_score,give me some tips on building up my credit score,0.9176004528999329
28,28,improve_credit_score,improve_credit_score,how can i rehabilitate my poor credit score,0.8670145869255066
28,28,improve_credit_score,improve_credit_score,give me some ideas of how to avoid my credit score lowering,0.9965088963508606
28,28,improve_credit_score,improve_credit_score,give me tips on improving my credit score,0.990189254283905
28,28,improve_credit_score,improve_credit_score,what steps should i take if i want to ensure my credit score doesn't drop,0.9997904896736145
28,28,improve_credit_score,improve_credit_score,can you tell me some strategies for raising my credit score,0.9976372718811035
28,28,improve_credit_score,improve_credit_score,i want to know how i can build up a good credit score,0.9993749260902405
28,28,improve_credit_score,improve_credit_score,"""what's the method to improve credit score",0.9967155456542969
28,28,improve_credit_score,improve_credit_score,"""which is the best way to improve the credit score",0.9993914365768433
28,28,improve_credit_score,improve_credit_score,"""which could be improve the credit score",0.9943159222602844
28,28,improve_credit_score,improve_credit_score,"""when the credit score improve",0.967029869556427
28,28,improve_credit_score,improve_credit_score,"""where is improve the credit score",0.9903892874717712
28,28,improve_credit_score,improve_credit_score,it is damaging to my credit score if i miss one credit card payment,0.1706547737121582
28,137,improve_credit_score,international_fees,i have a revolving store card and defaulted so will my fico score be affected,0.5235521793365479
28,28,improve_credit_score,improve_credit_score,will my fico score decrease if i increase my student loan debt,0.2665560245513916
28,28,improve_credit_score,improve_credit_score,if i lose my job will my credit score go down,0.8383561372756958
28,28,improve_credit_score,improve_credit_score,can i hurt my credit rating if i open several credit cards in a short time frame,0.987511157989502
28,28,improve_credit_score,improve_credit_score,will only having five late payments really make my credit bad,0.9464060068130493
129,129,fun_fact,fun_fact,name unusual facts about the circus,0.9686879515647888
129,129,fun_fact,fun_fact,i need interesting baseball trivia from the nineteen eighties,0.9420464634895325
129,129,fun_fact,fun_fact,tell me a fun fact about cars,0.9999918937683105
129,129,fun_fact,fun_fact,give me a fun fact about kangaroo,0.9999885559082031
129,129,fun_fact,fun_fact,give me a fun fact about koala,0.9999885559082031
129,129,fun_fact,fun_fact,give me a fun fact about dolphin,0.9999885559082031
129,129,fun_fact,fun_fact,what is some trivia about frog,0.9999909400939941
129,129,fun_fact,fun_fact,tell me fun facts of today,0.8897703289985657
129,129,fun_fact,fun_fact,give me something interesting about stars,0.999599039554596
129,129,fun_fact,fun_fact,what is some trivia question about coffee,0.9999538660049438
129,129,fun_fact,fun_fact,tell me some trivia about sweat,0.9999970197677612
129,129,fun_fact,fun_fact,tell me some trivia about dolphin,0.9999970197677612
129,129,fun_fact,fun_fact,what is some trivia about the weather,0.9993568062782288
129,129,fun_fact,fun_fact,give me a fun fact about komodo dragon,0.9999803304672241
129,129,fun_fact,fun_fact,give me a amusing fact about wolf,0.9997730851173401
129,129,fun_fact,fun_fact,what is the interesting trivia about human bodies,0.9999868869781494
129,129,fun_fact,fun_fact,i want to learn something about apples,0.7212121486663818
129,129,fun_fact,fun_fact,tell me today's fun fact,0.9957077503204346
129,129,fun_fact,fun_fact,i want today's fun fact please,0.9857826232910156
129,129,fun_fact,fun_fact,what is today's fun fact,0.989694356918335
129,129,fun_fact,fun_fact,today's fun fact,0.9926847219467163
129,129,fun_fact,fun_fact,i want a fun fact about london,0.9999639987945557
129,129,fun_fact,fun_fact,tell me something interesting about bees,0.9998431205749512
129,129,fun_fact,fun_fact,i would you like to learn something interesting about bees,0.9928024411201477
129,129,fun_fact,fun_fact,i want to hear cool bee facts,0.5699177384376526
129,129,fun_fact,fun_fact,what's something interesting about bees,0.9996429681777954
129,129,fun_fact,fun_fact,i wanna hear something cool about bees,0.9223193526268005
129,129,fun_fact,fun_fact,tell me fun facts on science topics,0.9853218793869019
129,129,fun_fact,fun_fact,tell me fun science facts,0.9425387382507324
129,129,fun_fact,fun_fact,i want to know fun facts about koala bears,0.9995854496955872
29,29,change_language,change_language,please speak in tagalog,0.8565491437911987
29,29,change_language,change_language,speak in german,0.984863817691803
29,29,change_language,change_language,speak to me in dutch,0.9550935626029968
29,29,change_language,change_language,speak in french please,0.99657142162323
29,29,change_language,change_language,speak spanish please,0.953295886516571
29,29,change_language,change_language,i am not understanding the language you are responding in; switch it for me,0.9846722483634949
29,29,change_language,change_language,i can't understand the language you are responding in; i need you to switch it,0.9668602347373962
29,29,change_language,change_language,i need you to switch the language you are responding as i don't understand,0.9918751120567322
29,29,change_language,change_language,i don't understand your language; switch the language,0.9980890154838562
29,29,change_language,change_language,i need you to switch the language you are responding in,0.9994749426841736
29,29,change_language,change_language,i'd like to speak in portuguese,0.8591641187667847
29,29,change_language,change_language,can we speak in german,0.9986422657966614
29,29,change_language,change_language,i want to use spanish with you,0.8988346457481384
29,29,change_language,change_language,please let's speak in spanish,0.9970231652259827
29,29,change_language,change_language,please can we speak in dutch,0.9834377765655518
29,29,change_language,change_language,can you make the default language swedish,0.9900043606758118
29,29,change_language,change_language,is it possible to talk to you in mandarin,0.9685728549957275
29,29,change_language,change_language,would you understand me if i speak to you in navajo,0.9760124087333679
29,29,change_language,change_language,i'd like the language to be in spanish,0.9987523555755615
29,29,change_language,change_language,i'd like to use you using russian,0.42476218938827515
29,29,change_language,change_language,can i speak spanish to you hombre,0.9953433871269226
29,29,change_language,change_language,i want to start talking to you in swedish,0.6522338390350342
29,29,change_language,change_language,can i get you to change your language setting to russian,0.9998358488082886
29,29,change_language,change_language,please make your language setting norwegian,0.9971103668212891
29,29,change_language,change_language,i am going to speak english now,0.9767058491706848
29,29,change_language,change_language,do you speak english,0.9444455504417419
29,29,change_language,change_language,i want to talk english,0.8962992429733276
29,29,change_language,change_language,we have to speak in english,0.9969018697738647
29,29,change_language,change_language,speak in dutch,0.7747210264205933
29,29,change_language,change_language,i want to speak to you in swiss german,0.9899241328239441
79,79,payday,payday,how long until my paycheck shows up,0.9918163418769836
79,37,payday,last_maintenance,can you tell me the date of my last check,0.7613679766654968
79,79,payday,payday,what was the date when i last go paid,0.9938265681266785
79,79,payday,payday,what's the date on my last pay stub,0.9363634586334229
79,79,payday,payday,when can i expect my paycheck,0.9812213182449341
79,79,payday,payday,when is the next time i'll receive a paycheck,0.9918292164802551
79,79,payday,payday,when did i last collect my salary,0.5885235071182251
79,79,payday,payday,when do i next get paid,0.9961292743682861
79,79,payday,payday,when is my paycheck arriving,0.9980456829071045
79,79,payday,payday,what day is payday,0.9314798712730408
79,79,payday,payday,do you know when my next check is coming,0.8250405192375183
79,79,payday,payday,when do i get my next paycheck,0.9998620748519897
79,79,payday,payday,when's pay day for me,0.4288841784000397
79,79,payday,payday,i need to know when i get paid next,0.9922031164169312
79,140,payday,next_holiday,when's my next pay day,0.6563345789909363
79,79,payday,payday,what day's my pay coming next,0.4216404855251312
79,79,payday,payday,when do i get paid for my work,0.9766457676887512
79,79,payday,payday,look up when my payday is supposed to be,0.9831407070159912
79,79,payday,payday,when can i expect to be paid,0.837177574634552
79,79,payday,payday,look up the date for my next payday,0.9992724061012268
79,56,payday,bill_due,what day will i earn my payment from work,0.4282158613204956
79,79,payday,payday,find out when my next upcoming payday will be,0.9853349924087524
79,79,payday,payday,when is the next payday i can look forward to,0.8584820032119751
79,143,payday,min_payment,what day can i expect to receive payment on,0.844733715057373
79,79,payday,payday,when will my next paycheck be coming,0.9999493360519409
79,56,payday,bill_due,when will my payment be deposited,0.7011843919754028
79,79,payday,payday,when do i get my next pay check,0.98848956823349
79,79,payday,payday,is it payday,0.932241678237915
79,79,payday,payday,do you know when i'll receive my next paycheck,0.9998164772987366
79,79,payday,payday,what date do i get paid,0.9978792667388916
90,90,replacement_card_duration,replacement_card_duration,how long does it take for a credit card to be reissued and mailed to me,0.9961982369422913
90,44,replacement_card_duration,expiration_date,can credit card companies expedite delivery of reissued credit cards,0.21451742947101593
90,87,replacement_card_duration,damaged_card,can you call the help desk line for my credit card company,0.23660989105701447
90,91,replacement_card_duration,new_card,how can i request a new credit card,0.9954820871353149
90,42,replacement_card_duration,oos,what's the phone number for my credit card company,0.7485285401344299
90,90,replacement_card_duration,replacement_card_duration,i recently lost my credit card and need to know how long it takes to get a new one mailed to me,0.9986891150474548
90,90,replacement_card_duration,replacement_card_duration,i need to know the time it takes to get a new credit card sent to someone who lost theirs,0.9897401332855225
90,90,replacement_card_duration,replacement_card_duration,i lost my credit card recently how long does take to get a new one in the mail,0.9996967315673828
90,90,replacement_card_duration,replacement_card_duration,what is amount of time it takes to get a new credit card i lost mine recently,0.9901434183120728
90,90,replacement_card_duration,replacement_card_duration,what is the time frame for sending a customer who lost their credit card a new one,0.985925018787384
90,90,replacement_card_duration,replacement_card_duration,will i get getting my new card anytime soon,0.977286159992218
90,90,replacement_card_duration,replacement_card_duration,what is the shipping status of my replacement card,0.8319409489631653
90,90,replacement_card_duration,replacement_card_duration,how long until i get my replacement card,0.9998295307159424
90,90,replacement_card_duration,replacement_card_duration,when is my new card expected to arrive,0.9509959816932678
90,90,replacement_card_duration,replacement_card_duration,is my replacement card due to arrive in the mail today,0.9462730884552002
90,90,replacement_card_duration,replacement_card_duration,how long before my new card is mailed to me,0.9982179999351501
90,90,replacement_card_duration,replacement_card_duration,what is the shipping time for my card,0.8461794257164001
90,90,replacement_card_duration,replacement_card_duration,how much time before my new card is mailed to me,0.9962982535362244
90,90,replacement_card_duration,replacement_card_duration,how long does it take to get a new credit card,0.9993543028831482
90,91,replacement_card_duration,new_card,time to order and receive a new credit card,0.8681540489196777
90,90,replacement_card_duration,replacement_card_duration,when will i received a replacement card,0.998248815536499
90,90,replacement_card_duration,replacement_card_duration,time to replace my credit card,0.36011412739753723
90,90,replacement_card_duration,replacement_card_duration,how long before the replacement card is mailed to me,0.9996140599250793
90,90,replacement_card_duration,replacement_card_duration,how much longer before the card is mailed to me,0.9214534163475037
90,90,replacement_card_duration,replacement_card_duration,how long will it takes to get a new credit card,0.9998608827590942
90,90,replacement_card_duration,replacement_card_duration,what is the shipping wait for my card,0.9598239660263062
90,90,replacement_card_duration,replacement_card_duration,when will the replaecment card arrive,0.9711752533912659
90,90,replacement_card_duration,replacement_card_duration,let me know the wait on a replacement credit card,0.9967856407165527
90,90,replacement_card_duration,replacement_card_duration,let me know when the replacement card will arrive,0.998439610004425
90,90,replacement_card_duration,replacement_card_duration,how soon can i expect a replacement card for my lost card to arrive,0.9979130625724792
4,4,time,time,i need you to tell me what time it is in new york now,0.9915629625320435
4,4,time,time,"what time is it in adelaide, australia right now",0.999377965927124
4,95,time,date,is it after noon,0.2287864238023758
4,42,time,oos,is it six o clock yet,0.5479397773742676
4,4,time,time,please give me the time in tanzania at this moment,0.8303982019424438
4,4,time,time,can you tell me the current time in jamaica,0.9983158111572266
4,4,time,time,"tell me the time in san francisco, please",0.9960404634475708
4,4,time,time,"what time is it right now in adelaide, australia",0.9996053576469421
4,4,time,time,what time is it in the eastern timezone,0.9945744872093201
4,4,time,time,what time is it in the mountain timezone,0.9935704469680786
4,4,time,time,what time is it in the greenwich timezone,0.9932219982147217
4,4,time,time,what time is it in the central timezone,0.9952796697616577
4,4,time,time,tell me what the time is in dallas,0.9583051204681396
4,4,time,time,what is the current time in dallas,0.9964267611503601
4,4,time,time,can you tell me what time it is in dallas,0.9967218041419983
4,4,time,time,what time is it in dallas,0.9994303584098816
4,86,time,cook_time,tell time for another city: dallas,0.2685016095638275
4,4,time,time,what time is it right now at home,0.9923140406608582
4,4,time,time,what’s the time in new york,0.9533367156982422
4,4,time,time,tell me the time in california,0.9955986738204956
4,4,time,time,tell me the time in las vegas,0.9912590384483337
4,4,time,time,what is the time is central time zone,0.987144410610199
4,4,time,time,what is the time in the usa,0.9953950047492981
4,4,time,time,what is the time in est,0.9974651336669922
4,4,time,time,whats the exact time,0.9493767023086548
4,4,time,time,what is the current time,0.996088981628418
4,4,time,time,what's the current time,0.9891101121902466
4,4,time,time,what time is it in california,0.9995905756950378
4,4,time,time,please give me the time,0.9908500909805298
4,4,time,time,the time is what,0.9673503637313843
103,103,application_status,application_status,how is the status of my credit card application coming along,0.9995930790901184
103,103,application_status,application_status,what exactly is the status of my application for the credit card,0.9998047947883606
103,103,application_status,application_status,i need to know the status of my credit card application,0.999707043170929
103,103,application_status,application_status,i would like to know the status of my credit card application,0.9996973276138306
103,103,application_status,application_status,let me know if my application for american saving bank,0.9905098080635071
103,103,application_status,application_status,check the status of my credit card application for me,0.9998065829277039
103,103,application_status,application_status,i want to know if my credit card application has been processed,0.9999513626098633
103,103,application_status,application_status,i want to know the status of my credit card application,0.999647855758667
103,103,application_status,application_status,can you check if my credit card application has been processed,0.9999632835388184
103,103,application_status,application_status,i want to know how is my credit card application going,0.9968710541725159
103,103,application_status,application_status,can you let me know the status of my discover credit card application status,0.9998363256454468
103,103,application_status,application_status,can you tell me the status of my credit card application,0.9995917677879333
103,103,application_status,application_status,has my application for american express gone through yet,0.9735615253448486
103,103,application_status,application_status,let me know about the status of my credit card application,0.9997255206108093
103,103,application_status,application_status,can you please tell me about the status of my credit card application,0.9995121955871582
103,103,application_status,application_status,can you please let me know the status of my capital one application,0.8460166454315186
103,103,application_status,application_status,let me know the credit card application status,0.9991638660430908
103,103,application_status,application_status,has my application for discover card gone through yet,0.9976040720939636
103,103,application_status,application_status,can you tell me the credit card application status,0.9985509514808655
103,103,application_status,application_status,has my application for the hsbc card been approved yet,0.9994254112243652
103,103,application_status,application_status,please tell me if my application for the hsbc card has gone through yet,0.9988453388214111
103,103,application_status,application_status,how far has my application for the hsbc card gone till now,0.9950225353240967
103,103,application_status,application_status,what's the status on my application for the hsbc credit card,0.9995088577270508
103,103,application_status,application_status,how far has my application for the hsbc card proceeded till now,0.9982947707176208
103,103,application_status,application_status,did the application for my visa card finish,0.9950965046882629
103,103,application_status,application_status,has my mastercard application gone through the process,0.9965582489967346
103,103,application_status,application_status,has my mastercard application gone through yet,0.9975740313529968
103,103,application_status,application_status,has my application for my visa card gone through,0.9958427548408508
103,103,application_status,application_status,has my mastercard application been processed,0.9994823932647705
103,103,application_status,application_status,when will i know if my visa card application was approved,0.9991244673728943
80,80,flight_status,flight_status,what's the status of by delta flight,0.9985533356666565
80,80,flight_status,flight_status,what's the status of my virgin airlines flight,0.9998149275779724
80,80,flight_status,flight_status,what's the status of my jetblue flight,0.9998794794082642
80,80,flight_status,flight_status,what's the status of my southwest flight,0.9999045133590698
80,80,flight_status,flight_status,what's the status of my american airlines flight,0.9998352527618408
80,80,flight_status,flight_status,what's the news with my delta flight,0.9981269240379333
80,80,flight_status,flight_status,where is my delta flight,0.9973338842391968
80,80,flight_status,flight_status,what can you tell me about flight dl123,0.9898052215576172
80,80,flight_status,flight_status,where is flight dl123,0.9974774718284607
80,80,flight_status,flight_status,has flight dl123 left,0.9971580505371094
80,80,flight_status,flight_status,is flight dl123 going to arrive on time,0.9977018237113953
80,80,flight_status,flight_status,is my spirit flight running on time,0.9998836517333984
80,80,flight_status,flight_status,what's the status for my delta flight this afternoon,0.999710738658905
80,80,flight_status,flight_status,give me the status on my united airlines flight,0.9991322159767151
80,80,flight_status,flight_status,what's up with my american airline flight will it be on time,0.9998663663864136
80,80,flight_status,flight_status,tell me what the status is for my aa flight,0.999489426612854
80,80,flight_status,flight_status,i need for you to get me the status of my american airlines flight,0.9942227005958557
80,80,flight_status,flight_status,tell me the status of my american airlines flight,0.9996873140335083
80,80,flight_status,flight_status,i need to know the status of my american airlines flight,0.9995148181915283
80,80,flight_status,flight_status,would you let me know the status of my american airlines flight,0.9996071457862854
80,80,flight_status,flight_status,let me know the status of my american airlines flight,0.9996408224105835
80,80,flight_status,flight_status,has flight dl123 landed,0.9953472018241882
80,80,flight_status,flight_status,"is my flight, dl123 on time",0.8524272441864014
80,80,flight_status,flight_status,how far out is flight dl123,0.9861183166503906
80,80,flight_status,flight_status,is flight dl123 delayed,0.9951303005218506
80,4,flight_status,time,what time is boarding scheduled,0.960387110710144
80,140,flight_status,next_holiday,when is boarding scheduled,0.22950968146324158
80,80,flight_status,flight_status,what time is boarding for my flight,0.9998637437820435
80,80,flight_status,flight_status,when is boarding scheduled for my flight,0.999836802482605
80,80,flight_status,flight_status,when is my flight scheduled to board,0.9999508857727051
33,33,flip_coin,flip_coin,flip a coin for me and i call heads,0.9998471736907959
33,33,flip_coin,flip_coin,can you flip a coin for me,0.9999064207077026
33,33,flip_coin,flip_coin,give me the results of a coin flip,0.9996663331985474
33,33,flip_coin,flip_coin,please flip a coin for me,0.9999115467071533
33,33,flip_coin,flip_coin,please flip a coin for me ai,0.9998453855514526
33,33,flip_coin,flip_coin,flip a coin and tell me if it's heads,0.9999556541442871
33,33,flip_coin,flip_coin,"ai, flip a coin for me",0.999909520149231
33,33,flip_coin,flip_coin,"ai, please flip a simulated coin",0.9997989535331726
33,33,flip_coin,flip_coin,let's flip a coin i choose heads,0.9999737739562988
33,33,flip_coin,flip_coin,can you please do a simulated coin flip for me ai,0.999344527721405
33,33,flip_coin,flip_coin,flip a coin i choose heads,0.9999788999557495
33,33,flip_coin,flip_coin,flip a coin i'm calling heads,0.9999164342880249
33,33,flip_coin,flip_coin,can you do a coin flip for me ai,0.9995993971824646
33,33,flip_coin,flip_coin,i want you to flip a coin i choose heads,0.9999754428863525
33,33,flip_coin,flip_coin,just toss a coin,0.9981993436813354
33,33,flip_coin,flip_coin,just flip a coin,0.9999747276306152
33,33,flip_coin,flip_coin,throw a coin in the air,0.8667247891426086
33,33,flip_coin,flip_coin,flip a coin into the air,0.998552143573761
33,33,flip_coin,flip_coin,"heads, coin flip",0.9998894929885864
33,33,flip_coin,flip_coin,"flip coin, heads!",0.9968891739845276
33,33,flip_coin,flip_coin,"flip a coin, i call heads!",0.9980682730674744
33,33,flip_coin,flip_coin,"coin flip, choose heads",0.9899312257766724
33,33,flip_coin,flip_coin,"please flip a coin, i choose heads!",0.9995725750923157
33,33,flip_coin,flip_coin,can you flip a coin i call heads,0.9999876022338867
33,33,flip_coin,flip_coin,"flip a coin, i'm heads",0.9996719360351562
33,33,flip_coin,flip_coin,"flip a coin, heads",0.9996998310089111
33,33,flip_coin,flip_coin,"flip us a coin, i call heads",0.9969182014465332
33,33,flip_coin,flip_coin,"flip a coin, you're tails and i'm heads",0.9996352195739746
33,33,flip_coin,flip_coin,give me a coin toss result,0.9974727034568787
33,33,flip_coin,flip_coin,"flip the coin, i choose heads",0.9924623966217041
144,144,change_user_name,change_user_name,bob is my name now,0.8078791499137878
144,144,change_user_name,change_user_name,please start calling me bob,0.9970556497573853
144,144,change_user_name,change_user_name,change my name to bob,0.8139970302581787
144,144,change_user_name,change_user_name,call me bob from now on,0.9770504236221313
144,144,change_user_name,change_user_name,don't call me bill anymore - call me bob,0.993186354637146
144,144,change_user_name,change_user_name,i want you to call me bailey,0.9926406741142273
144,144,change_user_name,change_user_name,don't call me anything besides bailey,0.9645825624465942
144,144,change_user_name,change_user_name,refer to me as bailey,0.9205068349838257
144,144,change_user_name,change_user_name,"address me as ""bailey",0.8967984914779663
144,144,change_user_name,change_user_name,please call me bailey,0.9909566044807434
144,144,change_user_name,change_user_name,can you call me a different name,0.7157044410705566
144,144,change_user_name,change_user_name,could you call me a different name,0.7220153212547302
144,144,change_user_name,change_user_name,"could you call me a different name, please",0.8229740262031555
144,144,change_user_name,change_user_name,"could you call me by a different name, please",0.9679011702537537
144,144,change_user_name,change_user_name,"can you call me a different name, please",0.8134622573852539
144,144,change_user_name,change_user_name,"ai, my name is deb please use my name when you talk to me",0.7199109792709351
144,11,change_user_name,user_name,ai answer my questions with my name first which is deb,0.427025705575943
144,144,change_user_name,change_user_name,"ai, refer to me as deb when answering me",0.785761833190918
144,144,change_user_name,change_user_name,"ai, address me as deb when speaking to me",0.900448203086853
144,144,change_user_name,change_user_name,"ai, call me deb",0.9933664202690125
144,144,change_user_name,change_user_name,change my name please,0.9257983565330505
144,144,change_user_name,change_user_name,please go ahead and change my name,0.9298489093780518
144,144,change_user_name,change_user_name,please switch my name,0.7746155261993408
144,144,change_user_name,change_user_name,change name for me,0.9357292652130127
144,144,change_user_name,change_user_name,my name is going to be sherlock,0.39260491728782654
144,144,change_user_name,change_user_name,start calling me jake from now on,0.9760940670967102
144,144,change_user_name,change_user_name,call me shane,0.967195987701416
144,144,change_user_name,change_user_name,i want you to call me sheldon,0.9926406741142273
144,144,change_user_name,change_user_name,i want to be called timothy,0.7350887060165405
144,144,change_user_name,change_user_name,call me mike from now on,0.9508002400398254
77,77,where_are_you_from,where_are_you_from,where are you coming from,0.9975456595420837
77,77,where_are_you_from,where_are_you_from,from where do you come,0.9974902868270874
77,77,where_are_you_from,where_are_you_from,what place are you from,0.9674263596534729
77,77,where_are_you_from,where_are_you_from,where are you from originally,0.9994459748268127
77,77,where_are_you_from,where_are_you_from,"so, where do you come from",0.9991253018379211
77,77,where_are_you_from,where_are_you_from,so where do you come from originally,0.9990540146827698
77,77,where_are_you_from,where_are_you_from,where do you call home,0.556103527545929
77,77,where_are_you_from,where_are_you_from,what's your home country,0.9810787439346313
77,77,where_are_you_from,where_are_you_from,where did you live before you moved here,0.9992756247520447
77,57,where_are_you_from,who_do_you_work_for,are you from here or somewhere else originally,0.9051408171653748
77,77,where_are_you_from,where_are_you_from,tell me where you're from,0.9976992011070251
77,77,where_are_you_from,where_are_you_from,what area did you come from,0.9988915324211121
77,77,where_are_you_from,where_are_you_from,what is your origin,0.9967556595802307
77,77,where_are_you_from,where_are_you_from,where was it you were born,0.9908314347267151
77,77,where_are_you_from,where_are_you_from,the place you were born is,0.8331629633903503
77,77,where_are_you_from,where_are_you_from,what location were you born,0.9998513460159302
77,77,where_are_you_from,where_are_you_from,where were you put together,0.9984272718429565
77,77,where_are_you_from,where_are_you_from,where is your home planet,0.9988012313842773
77,77,where_are_you_from,where_are_you_from,where is your home town,0.9988715052604675
77,77,where_are_you_from,where_are_you_from,where were you thought of,0.9991262555122375
77,77,where_are_you_from,where_are_you_from,where do you originate from,0.9964308738708496
77,77,where_are_you_from,where_are_you_from,where have you come from,0.9939002990722656
77,77,where_are_you_from,where_are_you_from,where were you before,0.9984844326972961
77,77,where_are_you_from,where_are_you_from,where were you processed,0.9988515377044678
77,42,where_are_you_from,oos,a hidden government facility,0.026322418823838234
77,77,where_are_you_from,where_are_you_from,what region were you born,0.9691687226295471
77,77,where_are_you_from,where_are_you_from,from where did you originate,0.999907374382019
77,77,where_are_you_from,where_are_you_from,are you from around here,0.8809404373168945
77,77,where_are_you_from,where_are_you_from,in what place are you originally from,0.9656201601028442
77,99,where_are_you_from,how_old_are_you,where did you grow up,0.6947149634361267
125,125,shopping_list_update,shopping_list_update,tack on a gallon of milk to the grocery list,0.8408389687538147
125,65,shopping_list_update,todo_list_update,add laundry detergent to the list,0.9403558373451233
125,125,shopping_list_update,shopping_list_update,make sure to put eggs on the grocery list,0.8860170245170593
125,125,shopping_list_update,shopping_list_update,the list should also have 2 loaves of bread,0.172907754778862
125,125,shopping_list_update,shopping_list_update,include asparagus on the list,0.47122615575790405
125,125,shopping_list_update,shopping_list_update,remove milk and add eggs to my shopping list,0.9999399185180664
125,125,shopping_list_update,shopping_list_update,put milk on my shopping list,0.9301735162734985
125,125,shopping_list_update,shopping_list_update,i'd like to add pancake mix to my shopping list if it's not already there,0.9993914365768433
125,125,shopping_list_update,shopping_list_update,"if soda isn't on my shopping list, go ahead and add it for me",0.9916016459465027
125,125,shopping_list_update,shopping_list_update,add milk to my shopping list,0.9989198446273804
125,125,shopping_list_update,shopping_list_update,take toilet paper off my shopping list,0.9950685501098633
125,125,shopping_list_update,shopping_list_update,i need to add flour to my list for shopping if i haven't already,0.9958327412605286
125,125,shopping_list_update,shopping_list_update,take toilet paper off my shopping list and add paper towels,0.9990923404693604
125,125,shopping_list_update,shopping_list_update,i need hot dogs added to my shopping list please,0.9926143884658813
125,125,shopping_list_update,shopping_list_update,please put chips on my shopping list,0.9912542700767517
125,125,shopping_list_update,shopping_list_update,"is milk in my shopping list if not, add it",0.9935029149055481
125,125,shopping_list_update,shopping_list_update,can you add eggs to my shopping list,0.9997472167015076
125,125,shopping_list_update,shopping_list_update,add eggs to my shopping list if it's not already there,0.9997130036354065
125,125,shopping_list_update,shopping_list_update,i'd like to get soda while i'm out; add it to my shopping list,0.9997100234031677
125,125,shopping_list_update,shopping_list_update,"on my shopping list, remove eggs",0.9953365921974182
125,125,shopping_list_update,shopping_list_update,i need eggs; add them to my shopping list,0.9998313188552856
125,125,shopping_list_update,shopping_list_update,"take soda from my shopping list, and while you're at it add tea",0.9956515431404114
125,125,shopping_list_update,shopping_list_update,milk should be added to my shopping list,0.965755045413971
125,125,shopping_list_update,shopping_list_update,"i don't need eggs anymore, but i do need milk",0.2267645299434662
125,125,shopping_list_update,shopping_list_update,take paper towels off of my shopping list,0.9901600480079651
125,43,shopping_list_update,shopping_list,i need milk on my shopping list,0.8535600304603577
125,125,shopping_list_update,shopping_list_update,i don't need toilet paper anymore; take it off my shopping list,0.9956360459327698
125,125,shopping_list_update,shopping_list_update,"throw eggs on my shopping list, please",0.9110736846923828
125,125,shopping_list_update,shopping_list_update,i need water on my shopping list and beer off of it,0.9925106763839722
125,125,shopping_list_update,shopping_list_update,i need bananas on the list too,0.6799257397651672
115,115,what_can_i_ask_you,what_can_i_ask_you,can you tell me what you can help with,0.9818980097770691
115,115,what_can_i_ask_you,what_can_i_ask_you,what things are you able to help me with,0.9978112578392029
115,115,what_can_i_ask_you,what_can_i_ask_you,i would like to know what you can help with,0.9700358510017395
115,115,what_can_i_ask_you,what_can_i_ask_you,what kind of things can you help with,0.9987072944641113
115,115,what_can_i_ask_you,what_can_i_ask_you,i want to know what type of things you can help me with,0.9977337121963501
115,115,what_can_i_ask_you,what_can_i_ask_you,please help me to know what type of things you can help me with,0.998286783695221
115,115,what_can_i_ask_you,what_can_i_ask_you,can i know what type of things you can help me with,0.9977986216545105
115,115,what_can_i_ask_you,what_can_i_ask_you,i would like to know what type of things you can help me with,0.9974597096443176
115,115,what_can_i_ask_you,what_can_i_ask_you,i will be glad to know what type of things you can help me with,0.9949742555618286
115,115,what_can_i_ask_you,what_can_i_ask_you,what subjects do you like,0.9743669629096985
115,115,what_can_i_ask_you,what_can_i_ask_you,tell me what subjects you like,0.9826176762580872
115,115,what_can_i_ask_you,what_can_i_ask_you,please tell me what subjects you like,0.9885773658752441
115,115,what_can_i_ask_you,what_can_i_ask_you,so what subjects do you like,0.9838048815727234
115,115,what_can_i_ask_you,what_can_i_ask_you,what type of questions can i ask you,0.9999508857727051
115,115,what_can_i_ask_you,what_can_i_ask_you,what kinds of things are you familiar with,0.9908520579338074
115,115,what_can_i_ask_you,what_can_i_ask_you,what subjects are you experienced in,0.9974148273468018
115,115,what_can_i_ask_you,what_can_i_ask_you,what knowledge do you have on certain subjects,0.6479905843734741
115,115,what_can_i_ask_you,what_can_i_ask_you,what kid of subjects do you excel in,0.9963732361793518
115,115,what_can_i_ask_you,what_can_i_ask_you,what subjects or areas are you familiar with,0.9919004440307617
115,115,what_can_i_ask_you,what_can_i_ask_you,which subjects are you the most experienced with,0.9609312415122986
115,115,what_can_i_ask_you,what_can_i_ask_you,tell me what you can do for me,0.8700109124183655
115,115,what_can_i_ask_you,what_can_i_ask_you,what sorts of tasks can you do,0.9804254174232483
115,115,what_can_i_ask_you,what_can_i_ask_you,what can you do for me,0.9693618416786194
115,104,what_can_i_ask_you,recipe,what can you do to make yourself useful,0.3959159851074219
115,115,what_can_i_ask_you,what_can_i_ask_you,what would you be able to do with me,0.965901255607605
115,115,what_can_i_ask_you,what_can_i_ask_you,give me examples of what to ask you,0.9498881101608276
115,115,what_can_i_ask_you,what_can_i_ask_you,tell me what types of questions i can ask you,0.9998098015785217
115,115,what_can_i_ask_you,what_can_i_ask_you,what are you programmed to do for me,0.6577273011207581
115,115,what_can_i_ask_you,what_can_i_ask_you,what things do you know how to do,0.8281404376029968
115,115,what_can_i_ask_you,what_can_i_ask_you,how can you help me,0.8687835931777954
121,114,maybe,goodbye,undecided,0.03244926780462265
121,121,maybe,maybe,i'm afraid i don't know how to answer that,0.9956320524215698
121,121,maybe,maybe,might,0.1721295416355133
121,121,maybe,maybe,it might go either way,0.9889382123947144
121,121,maybe,maybe,both could be,0.9977164268493652
121,121,maybe,maybe,either or,0.9990239143371582
121,121,maybe,maybe,my answer would be maybe,0.9986705780029297
121,121,maybe,maybe,either one might be,0.9989535808563232
121,121,maybe,maybe,i can't say for certain either way,0.9898267984390259
121,121,maybe,maybe,it could go either way,0.9927123785018921
121,121,maybe,maybe,it's definitely a maybe for that,0.9873383045196533
121,121,maybe,maybe,i am not sure,0.9600961804389954
121,121,maybe,maybe,maybe it is,0.9724884033203125
121,121,maybe,maybe,i can't say,0.9590435028076172
121,121,maybe,maybe,could be,0.33400964736938477
121,61,maybe,translate,i am unable to say,0.1853175163269043
121,30,maybe,no,i am not able to say,0.16848084330558777
121,121,maybe,maybe,i am really not sure,0.9137214422225952
121,121,maybe,maybe,i do not know,0.9554069638252258
121,121,maybe,maybe,not sure,0.5816599726676941
121,121,maybe,maybe,not sure to be honest,0.5182355642318726
121,121,maybe,maybe,i think maybe,0.9986880421638489
121,121,maybe,maybe,"um, i'm not quite sure",0.9986485838890076
121,121,maybe,maybe,"um, i'm not totally sure",0.9892333745956421
121,121,maybe,maybe,"um, i'm not actually sure",0.9882500171661377
121,121,maybe,maybe,i'm not actually sure,0.9950313568115234
121,121,maybe,maybe,"um, i'm not sure",0.9963889122009277
121,121,maybe,maybe,that might be the case,0.7097012400627136
121,121,maybe,maybe,i'm not completely certain,0.9791328310966492
121,121,maybe,maybe,unsure,0.47616612911224365
3,3,oil_change_how,oil_change_how,help me change my oil,0.7648099064826965
3,3,oil_change_how,oil_change_how,what oil should i use for an oil change and how do i do it,0.9954019784927368
3,3,oil_change_how,oil_change_how,how do i do an oil change,0.8570082783699036
3,123,oil_change_how,oil_change_when,diy oil change,0.6957570314407349
3,3,oil_change_how,oil_change_how,how to do an oil change,0.8135534524917603
3,3,oil_change_how,oil_change_how,give me instructions for an oil change,0.48808103799819946
3,3,oil_change_how,oil_change_how,diy oil change and oil type,0.8886357545852661
3,3,oil_change_how,oil_change_how,oil type and do it yourself oil change information please,0.7491474151611328
3,3,oil_change_how,oil_change_how,i want to know how to change my oil,0.9907454252243042
3,3,oil_change_how,oil_change_how,can you tell me how to change my oil and what kind i use,0.9999414682388306
3,3,oil_change_how,oil_change_how,how to change oil and what oil type,0.9999115467071533
3,3,oil_change_how,oil_change_how,can you please instruct me on the proper way to change the oil in my car,0.9953420162200928
3,3,oil_change_how,oil_change_how,i need guidance on changing my oil,0.6804866790771484
3,3,oil_change_how,oil_change_how,i want a step by step explanation of how to change the oil in my car,0.9969319105148315
3,3,oil_change_how,oil_change_how,can you teach me how to change my oil,0.9936820268630981
3,3,oil_change_how,oil_change_how,can you teach me how to change my oil in my car,0.9980974793434143
3,3,oil_change_how,oil_change_how,help me figure out how to change my oil,0.9896661043167114
3,3,oil_change_how,oil_change_how,walk me through the steps involved in changing my oil,0.9182896614074707
3,3,oil_change_how,oil_change_how,give me step by step instructions for changing my oil,0.9022482633590698
3,3,oil_change_how,oil_change_how,i want to change the oil in my car but i do not know how to do it can you help,0.9962291121482849
3,3,oil_change_how,oil_change_how,put together a list of instructions for me on how to change the oil in my car,0.9873419404029846
3,3,oil_change_how,oil_change_how,"is it possible to change oil, if so how and what do i use",0.9626739621162415
3,3,oil_change_how,oil_change_how,what oil do i use when changing oil and how do i do it,0.5576397180557251
3,3,oil_change_how,oil_change_how,how would i replace my oil and what sort of oil should i use,0.9990872144699097
3,3,oil_change_how,oil_change_how,"can you change the oil, with what and how",0.8953000903129578
3,3,oil_change_how,oil_change_how,how could i replace my oil and what form of oil ought to i take advantage of,0.998099148273468
3,3,oil_change_how,oil_change_how,can you tell me how to change my oil please,0.9961265921592712
3,3,oil_change_how,oil_change_how,how do i change my oil,0.9812864661216736
3,3,oil_change_how,oil_change_how,please let me know how to change the oil,0.9979674220085144
3,3,oil_change_how,oil_change_how,i need to know how to change oil in a car,0.9989739656448364
23,9,restaurant_reservation,accept_reservations,"i'd like to make a reservation at rooth chris, can you do that",0.9056649208068848
23,23,restaurant_reservation,restaurant_reservation,make a reservation for chik-fil-a at 3 o' clock please,0.964319109916687
23,23,restaurant_reservation,restaurant_reservation,reserve a table for 3 at 7 for olive garden,0.9987391829490662
23,23,restaurant_reservation,restaurant_reservation,will you reserve a table at olive garden for 3 people at 7,0.984492301940918
23,23,restaurant_reservation,restaurant_reservation,"at 7, i need a table for 3 at olive garden",0.9912371635437012
23,23,restaurant_reservation,restaurant_reservation,i need a table for 3 at olive garden for 7,0.9992314577102661
23,23,restaurant_reservation,restaurant_reservation,get a table for me at 7 for 3 people at olive garden,0.9978660941123962
23,23,restaurant_reservation,restaurant_reservation,reserve table for 5 at red robin under the name sara at 3,0.9992853999137878
23,23,restaurant_reservation,restaurant_reservation,reverse a table for 5 at burger king under the name sara at 6,0.9994283318519592
23,23,restaurant_reservation,restaurant_reservation,can you reserve a table for 6 at red robin under the name mavrick at 5 clock,0.9997732043266296
23,23,restaurant_reservation,restaurant_reservation,could you reserve table for 3 at carlos jr under the name adam at 4,0.9977057576179504
23,23,restaurant_reservation,restaurant_reservation,i want to reserve table for 5 at red robin under the name sara at 5,0.9996628761291504
23,23,restaurant_reservation,restaurant_reservation,i need a table for two at the havana at nine,0.9976455569267273
23,23,restaurant_reservation,restaurant_reservation,look for me a table at carl's cabin for twelve at eight,0.9352673292160034
23,23,restaurant_reservation,restaurant_reservation,i need a table at gemma for nine at two,0.9911295175552368
23,23,restaurant_reservation,restaurant_reservation,book me a table for three at rainforest cafe at seven,0.9993054866790771
23,23,restaurant_reservation,restaurant_reservation,get me a table for five at itta bena at three,0.9991979002952576
23,23,restaurant_reservation,restaurant_reservation,"5 people are going to be at tropicana by 8pm, reserve the table under martins name please",0.7653242349624634
23,23,restaurant_reservation,restaurant_reservation,use martins name to reserve a table at tropicana for 5 people at 8pm,0.9971457123756409
23,23,restaurant_reservation,restaurant_reservation,reserve a table at tropicana for 5 people under the name martins for 8pm,0.9985336065292358
23,23,restaurant_reservation,restaurant_reservation,martins needs a table for 5 people at tropicana at 8pm precisely,0.9973648190498352
23,23,restaurant_reservation,restaurant_reservation,the table should be reserved at 8pm at tropicana using martins name and it should be for 5 people,0.9777790307998657
23,9,restaurant_reservation,accept_reservations,are there any open reservations at outback tonight,0.9971674084663391
23,23,restaurant_reservation,restaurant_reservation,make a reservation for 2 tonight at 7:00 at outback steakhouse,0.990568995475769
23,23,restaurant_reservation,restaurant_reservation,michael will reserve a table for two at 7:00pm for olive garden,0.9962803721427917
23,23,restaurant_reservation,restaurant_reservation,a table for two needs to be reserved for 7:00pm at olive garden using the name michael,0.9951186180114746
23,23,restaurant_reservation,restaurant_reservation,please reserve a table for two at olive garden at 7:00pm for michael,0.9994516968727112
23,23,restaurant_reservation,restaurant_reservation,get reservations at olive garden for two at 7:00pm under michael,0.6410761475563049
23,23,restaurant_reservation,restaurant_reservation,reservations for two need to be made using michael's name for 7:00pm at olive garden,0.9327682852745056
23,145,restaurant_reservation,restaurant_suggestion,i want to eat at seven in the restaurant for two people,0.49103957414627075
35,93,balance,income,what are my coffers at,0.32950451970100403
35,35,balance,balance,tell me the current balance of my bank accounts,0.9991253018379211
35,35,balance,balance,what's my current bank account total,0.9718653559684753
35,35,balance,balance,how much do i have in my bank accounts,0.9998857975006104
35,35,balance,balance,what's the balance in my bank accounts,0.9998315572738647
35,35,balance,balance,what do i have in my bank accounts right now,0.9989364743232727
35,35,balance,balance,is there enough in my wells fargo account to buy some nike's,0.9258924722671509
35,35,balance,balance,do i have enough in my wells fargo account to get some nike's,0.9960340857505798
35,35,balance,balance,do i have money in my wells fargo account for nike's,0.999536395072937
35,35,balance,balance,"i want some nike's, is there enough in my wells fargo account",0.9504014253616333
35,35,balance,balance,check my wells fargo account to see if i have enough for these nike's,0.990856945514679
35,35,balance,balance,would you tell me my bank balance,0.9992128610610962
35,35,balance,balance,can you tell me my bank balance,0.9993318915367126
35,35,balance,balance,will you let me know my bank balance,0.9968869090080261
35,35,balance,balance,will you tell me my bank balance,0.998066246509552
35,35,balance,balance,how much money is there in my bank accounts,0.998796820640564
35,35,balance,balance,how much money do i have in my various bank accounts,0.9998130202293396
35,35,balance,balance,how much cash do i have in my various bank accounts,0.9999290704727173
35,35,balance,balance,how much cash do i have in my bank accounts,0.9999579191207886
35,35,balance,balance,how much dough do i have in my bank accounts,0.9998093247413635
35,35,balance,balance,whats the combined total of the money inside my bank accounts,0.9525110721588135
35,35,balance,balance,whats my bank accounts look like,0.8327850699424744
35,35,balance,balance,how much moola is in my bank accounts,0.9983030557632446
35,2,balance,account_blocked,what the numerical number inside my bank accounts,0.3511875569820404
35,35,balance,balance,how much does my bank account have,0.9932818412780762
35,35,balance,balance,tell me the current account balance,0.9986427426338196
35,35,balance,balance,check my checking balance,0.9994823932647705
35,35,balance,balance,how much do i have left in my checking account,0.9999858140945435
35,35,balance,balance,what's my checking look like,0.7826787233352661
35,35,balance,balance,how much do i have in my savings account,0.9999583959579468
85,85,confirm_reservation,confirm_reservation,confirm my reservation for march 12 at 9:00 am,0.9985496401786804
85,85,confirm_reservation,confirm_reservation,please confirm that i have a reservation for march 1st at 7,0.9999334812164307
85,85,confirm_reservation,confirm_reservation,can you confirm that i have a reservation for february 21 at 6 o'clock,0.9998655319213867
85,85,confirm_reservation,confirm_reservation,verify my reservation for smith and wollensky at 6:45,0.9573776125907898
85,85,confirm_reservation,confirm_reservation,please confirm my reservation for bar les freres at 7,0.9973143935203552
85,85,confirm_reservation,confirm_reservation,tell me whether or not i have a reservation at gramercy tavern for tad,0.9737502336502075
85,85,confirm_reservation,confirm_reservation,can you confirm that i have a reservation for 2/20 at 6:00 pm,0.9999444484710693
85,85,confirm_reservation,confirm_reservation,please tell me if i still have a reservation at acero for susie,0.9959393739700317
85,85,confirm_reservation,confirm_reservation,please confirm my reservation at brio for theodore,0.9947362542152405
85,85,confirm_reservation,confirm_reservation,confirm my reservation for acero at 7,0.9986649751663208
85,85,confirm_reservation,confirm_reservation,please confirm that i have a reservation for 2/20 at 6:00 pm,0.9999405145645142
85,85,confirm_reservation,confirm_reservation,confirm that there is a reservation at bellagio for thomas,0.9964269995689392
85,85,confirm_reservation,confirm_reservation,can you confirm the reservation at fleming's for jane,0.9542349576950073
85,85,confirm_reservation,confirm_reservation,are there reservation for joe and will,0.5715216398239136
85,85,confirm_reservation,confirm_reservation,please verify my reservation for john at bardenay,0.9901122450828552
85,85,confirm_reservation,confirm_reservation,will you call and check on my reservation for john at bardenay,0.865386426448822
85,85,confirm_reservation,confirm_reservation,is my reservation set for john at bardenay,0.9171487092971802
85,85,confirm_reservation,confirm_reservation,do we know if my reservation for john at bardenay was accepted,0.9423183798789978
85,85,confirm_reservation,confirm_reservation,has my reservation for john at bardenay been confirmed,0.9878941178321838
85,85,confirm_reservation,confirm_reservation,"let's try and confirm my reservation for bubble bar under ""franklin",0.9917172789573669
85,85,confirm_reservation,confirm_reservation,i need to confirm my reservation for red lobster for frank,0.9826661348342896
85,85,confirm_reservation,confirm_reservation,"find my reservation for steve at crucere's and confirm it, please",0.9957085847854614
85,85,confirm_reservation,confirm_reservation,confirm the john reservation at applebee's,0.7256028056144714
85,85,confirm_reservation,confirm_reservation,i'd like to confirm the josh reservation at moe's,0.8535088300704956
85,85,confirm_reservation,confirm_reservation,i have a reservation for strip house for jennifer that i'd like to confirm,0.9630258679389954
85,85,confirm_reservation,confirm_reservation,please try to confirm my reservation for jim at barney's,0.9983513355255127
85,85,confirm_reservation,confirm_reservation,confirm my reservation for joe at hoss's,0.997428834438324
85,85,confirm_reservation,confirm_reservation,i need to confirm the reservation for frank at chili's,0.8744527697563171
85,85,confirm_reservation,confirm_reservation,i'll be confirming my reservation for joseph at red lobster,0.7419535517692566
85,85,confirm_reservation,confirm_reservation,is there a reservation for mark at mimis,0.6075884699821472
20,20,freeze_account,freeze_account,can you freeze my bank account,0.9968181848526001
20,20,freeze_account,freeze_account,i want to freeze my bank account,0.9958349466323853
20,20,freeze_account,freeze_account,i want my account locked out,0.9289336204528809
20,20,freeze_account,freeze_account,stop all access to my account,0.9961330890655518
20,20,freeze_account,freeze_account,i need my account frozen!,0.948470950126648
20,20,freeze_account,freeze_account,i need to lock my account right now!,0.9737498760223389
20,20,freeze_account,freeze_account,please force my account to freeze,0.9943251013755798
20,20,freeze_account,freeze_account,please stop my account,0.9999072551727295
20,20,freeze_account,freeze_account,please allow my account to freeze,0.9954060316085815
20,20,freeze_account,freeze_account,please put my account on hold,0.9976258873939514
20,20,freeze_account,freeze_account,freeze my account at the bank immediately,0.998889148235321
20,20,freeze_account,freeze_account,would you be able to freeze my bank account,0.9952375888824463
20,20,freeze_account,freeze_account,my account at the bank needs to be frozen,0.755562961101532
20,20,freeze_account,freeze_account,please block my discover account immediately,0.9988840222358704
20,20,freeze_account,freeze_account,please put a block on my citi account immediately,0.9988296627998352
20,20,freeze_account,freeze_account,block my american saving bank for now,0.8470409512519836
20,20,freeze_account,freeze_account,block my bank of america immdediately,0.912517249584198
20,20,freeze_account,freeze_account,put a block on bank of amerian immediately,0.8983168005943298
20,20,freeze_account,freeze_account,my account needs to be frozen,0.7009216547012329
20,20,freeze_account,freeze_account,freeze my account for me,0.9711127877235413
20,20,freeze_account,freeze_account,put a freeze on my account,0.9981380701065063
20,20,freeze_account,freeze_account,could you please put a stop on my bank account,0.9998001456260681
20,20,freeze_account,freeze_account,i need to put a stop on my bank account,0.9998549222946167
20,20,freeze_account,freeze_account,are you able to put a stop on my bank account,0.9993898868560791
20,20,freeze_account,freeze_account,please put a stop on my bank account,0.999876856803894
20,20,freeze_account,freeze_account,i am hoping you can put a stop on my bank account,0.9992846846580505
20,20,freeze_account,freeze_account,please put a freeze on my banking account,0.9979254007339478
20,20,freeze_account,freeze_account,i need my bank account frozen,0.9938704967498779
20,20,freeze_account,freeze_account,how do i freeze my bank account,0.9753696322441101
20,20,freeze_account,freeze_account,would you freeze my bank account,0.9975619316101074
100,100,rollover_401k,rollover_401k,"i heard i can transfer my 401k, but don't know how, do you",0.8469187021255493
100,100,rollover_401k,rollover_401k,"i need some help with transferring my 401k, can you help",0.8040317296981812
100,100,rollover_401k,rollover_401k,can you tell me how to transfer my 401k,0.9999247789382935
100,100,rollover_401k,rollover_401k,i want to transfer my 401k,0.9998725652694702
100,100,rollover_401k,rollover_401k,i wanna transfer my 401k,0.9998881816864014
100,100,rollover_401k,rollover_401k,i have to rollover my 401k,0.9999165534973145
100,100,rollover_401k,rollover_401k,i must rollover my 401k,0.9999306201934814
100,100,rollover_401k,rollover_401k,i want help to transfer my 401k,0.9998724460601807
100,100,rollover_401k,rollover_401k,help me to transfer my 401k,0.9998346567153931
100,100,rollover_401k,rollover_401k,i will rollover my 401k,0.9998971223831177
100,100,rollover_401k,rollover_401k,i need help to transfer my 401k,0.9998750686645508
100,100,rollover_401k,rollover_401k,i want to rollover my 401k,0.9999257326126099
100,100,rollover_401k,rollover_401k,how do i transfer my 401k to a new firm,0.9992725253105164
100,100,rollover_401k,rollover_401k,how do i roll over my 401k,0.9993663430213928
100,100,rollover_401k,rollover_401k,can i move my 401k to an ira,0.9989534616470337
100,104,rollover_401k,recipe,how do i do a 401(k) rollover,0.20471958816051483
100,121,rollover_401k,maybe,can 401ks be moved,0.084703728556633
100,100,rollover_401k,rollover_401k,can i transfer my 401k somewhere,0.9999189376831055
100,100,rollover_401k,rollover_401k,how do i switch 401k companies,0.9770085215568542
100,100,rollover_401k,rollover_401k,tell me how to roll over my 401k,0.9996991157531738
100,100,rollover_401k,rollover_401k,how can i transfer my 401k,0.9999175071716309
100,100,rollover_401k,rollover_401k,what are the steps to rollover my 401k,0.9998490810394287
100,92,rollover_401k,roll_dice,"my 401k, can i roll it over",0.28434044122695923
100,100,rollover_401k,rollover_401k,"i want to rollover my 401k , can i",0.9998316764831543
100,100,rollover_401k,rollover_401k,help me rollover my 401k,0.9999361038208008
100,100,rollover_401k,rollover_401k,do you know the process to rollover my 401k,0.9998739957809448
100,100,rollover_401k,rollover_401k,tell me how to rollover my 401k,0.9999542236328125
100,100,rollover_401k,rollover_401k,my 401k needs to rollover and i need your help,0.9550321698188782
100,100,rollover_401k,rollover_401k,let me know how to rollover my 401k,0.9999467134475708
100,100,rollover_401k,rollover_401k,what do i have to do to transfer my 401k,0.9996532201766968
96,96,who_made_you,who_made_you,what company made this ai,0.9997814297676086
96,96,who_made_you,who_made_you,what is the name of the person who made you,0.994125247001648
96,96,who_made_you,who_made_you,who is the person that brought you to life,0.9861393570899963
96,96,who_made_you,who_made_you,who is the one that made you,0.9935705661773682
96,96,who_made_you,who_made_you,who is your maker,0.7786211967468262
96,96,who_made_you,who_made_you,which company made you,0.9996030926704407
96,96,who_made_you,who_made_you,who assembled you,0.9816790223121643
96,96,who_made_you,who_made_you,i wanna know who programmed you,0.9996045231819153
96,96,who_made_you,who_made_you,let me know who programmed you,0.9996383190155029
96,96,who_made_you,who_made_you,who made you,0.9988358616828918
96,124,who_made_you,thank_you,i wanna know your maker,0.23392929136753082
96,96,who_made_you,who_made_you,who was your maker,0.992544412612915
96,96,who_made_you,who_made_you,who is the one who programmed you,0.9996187686920166
96,96,who_made_you,who_made_you,i must know who programmed you,0.99958735704422
96,96,who_made_you,who_made_you,tell me who your maker was,0.9345675110816956
96,96,who_made_you,who_made_you,what was the company that designed you,0.9977867603302002
96,96,who_made_you,who_made_you,do you know what company were you designed by,0.993782103061676
96,96,who_made_you,who_made_you,let me know which company were you designed by,0.9974480867385864
96,96,who_made_you,who_made_you,what company were you designed by,0.9940462112426758
96,96,who_made_you,who_made_you,can you let me know what company were you designed by,0.9953428506851196
96,96,who_made_you,who_made_you,which company were you designed by,0.9967875480651855
96,96,who_made_you,who_made_you,tell me who made you please,0.9989915490150452
96,96,who_made_you,who_made_you,can you tell me who made you,0.9991419315338135
96,96,who_made_you,who_made_you,whats the name of the person who made you,0.9919402003288269
96,96,who_made_you,who_made_you,what company did the design for this,0.9752210974693298
96,96,who_made_you,who_made_you,what company did this design,0.9754242897033691
96,96,who_made_you,who_made_you,what company is responsible for this design,0.9358851313591003
96,96,who_made_you,who_made_you,what company designed this,0.8529704809188843
96,96,who_made_you,who_made_you,"for this design, what company did it",0.9721839427947998
96,96,who_made_you,who_made_you,name the person or group that programmed you,0.6820559501647949
78,78,distance,distance,which way do we go and how long will it take to get to the sears tower in chicago,0.9989610910415649
78,78,distance,distance,"so, does it take long to get to dodger stadium in anaheim",0.967978835105896
78,78,distance,distance,how many minutes will it take to get to the empire state building in manhattan,0.9978659749031067
78,142,distance,mpg,what's the mileage to get the the taj mahal in atlantic city,0.3604675233364105
78,78,distance,distance,does it take long to get to yankee stadium in the bronx,0.9656832218170166
78,78,distance,distance,how much time is left until we get there,0.6009066700935364
78,78,distance,distance,what's the time to destination going via bus to omaha,0.9975109100341797
78,42,distance,oos,how far from our destination are we,0.45006486773490906
78,86,distance,cook_time,how many minutes am i from texaco,0.4686700403690338
78,78,distance,distance,how long will i be on the bus if i rid it to seattle,0.9817662239074707
78,146,distance,travel_notification,is it going to be much longer until i reach the bank,0.7585814595222473
78,10,distance,smart_home,am i close to arriving at the post office,0.17650510370731354
78,78,distance,distance,what's the estimated travel time to get to dc via bus,0.9936164617538452
78,80,distance,flight_status,when will i arrive at hy-vee,0.5848732590675354
78,78,distance,distance,how long does it take to get to el paso on a bus,0.9999275207519531
78,78,distance,distance,how long will it take me to get to walmart,0.9980078339576721
78,78,distance,distance,what's the average time to boston when riding a bus,0.9736186861991882
78,78,distance,distance,when will the bus get me to vermont,0.9154422283172607
78,78,distance,distance,how long will i be on the bus to new orleans,0.9995272159576416
78,78,distance,distance,how long is a bus ride to staples,0.9996955394744873
78,78,distance,distance,how long does it take to get downtown by bus,0.9998787641525269
78,78,distance,distance,what time will i get to the beach taking the bus,0.9996633529663086
78,78,distance,distance,how far am i from orlando,0.5128198266029358
78,80,distance,flight_status,give me an eta on when i will arrive at my destination,0.9402341246604919
78,78,distance,distance,tell me how much longer i will have to drive to reach the destination,0.4974842965602875
78,80,distance,flight_status,when will i get to orlando,0.5698590278625488
78,58,distance,share_location,how much farther is orlando from my location,0.3779241144657135
78,72,distance,directions,do i have a ways to go or am i close to getting to penn station,0.15416249632835388
78,78,distance,distance,please give me the approximate amount of time i will need to go from jfk international airport to penn station,0.9723458886146545
78,78,distance,distance,can you tell me about what time i should be arriving at the airport,0.24833287298679352
11,11,user_name,user_name,how do you refer to me,0.9575254917144775
11,25,user_name,make_call,call my name,0.620917022228241
11,11,user_name,user_name,what do i go by,0.20561200380325317
11,11,user_name,user_name,say my name,0.962820827960968
11,11,user_name,user_name,what do you think my name is,0.9997708201408386
11,11,user_name,user_name,what do you think i'm called,0.8043190240859985
11,11,user_name,user_name,what do you have for my name,0.9965481162071228
11,11,user_name,user_name,how do you address my name,0.9921624064445496
11,75,user_name,what_is_your_name,what's your designation,0.9397192597389221
11,11,user_name,user_name,what do you call me,0.9951905012130737
11,11,user_name,user_name,i want to hear my name,0.8874015808105469
11,11,user_name,user_name,my name,0.4512770175933838
11,11,user_name,user_name,what's my name,0.9954090714454651
11,11,user_name,user_name,what's my name on file,0.9934344291687012
11,11,user_name,user_name,what name do you have for me,0.9979535341262817
11,11,user_name,user_name,what did i tell you to call me,0.9909937977790833
11,11,user_name,user_name,please tell me the name that you have for me,0.9907041192054749
11,11,user_name,user_name,i need to know the name that you have for me,0.9792321920394897
11,11,user_name,user_name,can you tell me what name you have for me,0.9955635070800781
11,11,user_name,user_name,tell me what name you have for me,0.9963974356651306
11,11,user_name,user_name,i would like to know the name you have for me,0.9935185313224792
11,11,user_name,user_name,what is the name you have for me,0.9970779418945312
11,11,user_name,user_name,could you tell me my name,0.9947644472122192
11,11,user_name,user_name,do you have a name for me,0.9265847206115723
11,11,user_name,user_name,can you tell me my name for me,0.998461127281189
11,11,user_name,user_name,what's the name you use for me,0.9795286655426025
11,11,user_name,user_name,you call me what,0.9269417524337769
11,11,user_name,user_name,what do you know me by,0.7578197717666626
11,136,user_name,current_location,you know me by what right now,0.39955076575279236
11,11,user_name,user_name,what's the way you refer to me,0.8996974229812622
66,66,timezone,timezone,what's the timezone for britain,0.999323844909668
66,66,timezone,timezone,i need the time zone for la,0.9909530878067017
66,66,timezone,timezone,i would like to know the timezone for britain,0.9992091059684753
66,66,timezone,timezone,i need la's time zone,0.9332622289657593
66,66,timezone,timezone,i need to know britain's timezone,0.9977917671203613
66,66,timezone,timezone,what timezone is britain in,0.9999179840087891
66,66,timezone,timezone,can you tell me britain's timezone,0.9990891218185425
66,66,timezone,timezone,what is the la's time zone,0.5496854782104492
66,66,timezone,timezone,can you tell me the time zone for la,0.9893962740898132
66,66,timezone,timezone,what is texas's timezone,0.9992020726203918
66,66,timezone,timezone,tell me the timezone for california,0.9994271993637085
66,66,timezone,timezone,what timezone would missouri be in,0.9997811913490295
66,66,timezone,timezone,what timezone do they use in arizona,0.9996004700660706
66,66,timezone,timezone,is new york in mountain timezone,0.9987699389457703
66,66,timezone,timezone,what is the timezone for la,0.9994040727615356
66,66,timezone,timezone,what is the timezone for new york,0.9978622794151306
66,66,timezone,timezone,what is the timezone for san francisco,0.9992671608924866
66,66,timezone,timezone,what is the timezone for paris,0.9993038177490234
66,66,timezone,timezone,what is the timezone for houston,0.9992068409919739
66,66,timezone,timezone,denver's timezone is what,0.9993719458580017
66,42,timezone,oos,does denver reside in the eastern timezones,0.248078390955925
66,66,timezone,timezone,which timezone is denver located,0.9994931221008301
66,66,timezone,timezone,"denver's timezone is a mystery, i wonder where its located",0.9596482515335083
66,66,timezone,timezone,in which time zone does denver reside,0.9936453104019165
66,66,timezone,timezone,what's the timezone in valencia,0.9990478157997131
66,66,timezone,timezone,what's the timezone now in hiram,0.9921787977218628
66,66,timezone,timezone,timezone in salt lake city,0.7092719078063965
66,66,timezone,timezone,timezone currently in mobile,0.7595245242118835
66,4,timezone,time,what time is it in phoenix,0.9995379447937012
66,66,timezone,timezone,can you give me the timezone for the country,0.9944484233856201
118,118,next_song,next_song,"i don't like this song, can skip it",0.1849731206893921
118,118,next_song,next_song,can we move onto the next song,0.999881386756897
118,118,next_song,next_song,"skip this song, please",0.7934114933013916
118,118,next_song,next_song,can you swipe to the next song,0.9998511075973511
118,118,next_song,next_song,"next song, please!",0.9078357219696045
118,118,next_song,next_song,start the next song,0.9998958110809326
118,118,next_song,next_song,go to the next song and play it,0.9997808337211609
118,118,next_song,next_song,move forward one song,0.9817888140678406
118,118,next_song,next_song,play the next one,0.9986127614974976
118,118,next_song,next_song,skip to next track,0.9867460131645203
118,118,next_song,next_song,skip ahead one song,0.9685381650924683
118,118,next_song,next_song,go to upcoming song,0.909774124622345
118,118,next_song,next_song,play the next song please,0.9999866485595703
118,118,next_song,next_song,i dont want to listen to this song,0.964952290058136
118,140,next_song,next_holiday,could you hit next,0.4855961203575134
118,118,next_song,next_song,can you go to the next song,0.9998493194580078
118,118,next_song,next_song,let's go to the next song please,0.9997771382331848
118,118,next_song,next_song,maybe we can go to the next song,0.9984230995178223
118,118,next_song,next_song,may i suggest we go to the next song,0.9975416660308838
118,118,next_song,next_song,please can we go to the next song,0.9997960925102234
118,118,next_song,next_song,might we go to the next song,0.9997851252555847
118,118,next_song,next_song,next track,0.751663863658905
118,118,next_song,next_song,skip to the next track,0.9920406937599182
118,118,next_song,next_song,skip this track,0.6614455580711365
118,118,next_song,next_song,play next song,0.9999752044677734
118,118,next_song,next_song,next song,0.9983659386634827
118,118,next_song,next_song,change this song please,0.9382471442222595
118,118,next_song,next_song,i want you to play the next song,0.9999819993972778
118,118,next_song,next_song,play the next song please if you would,0.9999511241912842
118,118,next_song,next_song,please play the next track,0.9993501305580139
68,68,transactions,transactions,i need to know all my spending transactions,0.9979885816574097
68,79,transactions,payday,when did i last make a purchase,0.4700813889503479
68,68,transactions,transactions,how much did i spend on my most recent transaction,0.9987472295761108
68,68,transactions,transactions,show me my ten most recent transactions on account xyz,0.9982736110687256
68,68,transactions,transactions,i want to see all transactions in the past month for all accounts,0.9821392893791199
68,68,transactions,transactions,show me my recent transactions from account xyz,0.9961673617362976
68,68,transactions,transactions,open bank app and show my most recent transactions,0.9794853329658508
68,68,transactions,transactions,are you able to find my recent transactions for me,0.9994428753852844
68,68,transactions,transactions,i made a transaction recently,0.9037867784500122
68,68,transactions,transactions,what was my recent transaction,0.9999644756317139
68,68,transactions,transactions,i want to know what my recent transaction was,0.9996143579483032
68,68,transactions,transactions,i need information about my recent transaction,0.9993233680725098
68,68,transactions,transactions,state recent transaction,0.9978463649749756
68,41,transactions,credit_limit,is my visa bill over my limit this month,0.518756091594696
68,71,transactions,spending_history,what have i spent things on,0.9803615808486938
68,68,transactions,transactions,show my transactions,0.9994912147521973
68,68,transactions,transactions,what were my last 10 charges on my credit card,0.9801065921783447
68,71,transactions,spending_history,show what i have spent things on,0.9528070688247681
68,41,transactions,credit_limit,how much have i spent on my debit card this month,0.7051135897636414
68,68,transactions,transactions,how much have i spent on my bank card sine i last paid my bill,0.9259368181228638
68,68,transactions,transactions,how much was my last target trip,0.5558680295944214
68,68,transactions,transactions,can you verify my recent visa card transaction,0.9676547646522522
68,68,transactions,transactions,what was my recent transaction on my visa card,0.9997395873069763
68,68,transactions,transactions,what is the last transaction on my visa card,0.9961695075035095
68,68,transactions,transactions,show my my most recent visa card transaction,0.9922383427619934
68,68,transactions,transactions,please review my recent visa card transaction,0.9554360508918762
68,68,transactions,transactions,how many transactions do i have on flower shops from last wednesday between 2pm and 7pm,0.8197382688522339
68,68,transactions,transactions,what transactions did i make on electronics this morning after 6am,0.9992096424102783
68,68,transactions,transactions,what is the largest transaction i have made on video games this month,0.9110204577445984
68,68,transactions,transactions,what transactions do i have on groceries from yesterday,0.9807659387588501
145,145,restaurant_suggestion,restaurant_suggestion,please give me the name of a few good options for places to eat dinner tonight,0.6269003748893738
145,145,restaurant_suggestion,restaurant_suggestion,i need some suggestions for dinner places tonight,0.7528190612792969
145,145,restaurant_suggestion,restaurant_suggestion,what are some good places to go out for dinner in my area tonight,0.8692319989204407
145,145,restaurant_suggestion,restaurant_suggestion,show me some restaurants that have high reviews for eating out,0.9858545660972595
145,145,restaurant_suggestion,restaurant_suggestion,can you search recommended casual restaurants for tonight in philadelphia,0.9988943934440613
145,145,restaurant_suggestion,restaurant_suggestion,where can i go to eat,0.871006965637207
145,145,restaurant_suggestion,restaurant_suggestion,where can i get some good food,0.8658149242401123
145,145,restaurant_suggestion,restaurant_suggestion,"in cleveland, are there any good places that serve clams",0.9921737909317017
145,145,restaurant_suggestion,restaurant_suggestion,does cleveland have any good places that serve clams,0.975426435470581
145,145,restaurant_suggestion,restaurant_suggestion,can you find any good places in cleveland that serve clams,0.9963011741638184
145,145,restaurant_suggestion,restaurant_suggestion,are there good clam places in cleveland,0.9929856657981873
145,145,restaurant_suggestion,restaurant_suggestion,are there any good places in cleveland that serve clams,0.9927235245704651
145,104,restaurant_suggestion,recipe,"could you suggest a french restaurant, please",0.22922579944133759
145,145,restaurant_suggestion,restaurant_suggestion,can you suggest a french restaurant,0.9358397126197815
145,145,restaurant_suggestion,restaurant_suggestion,can you suggest a thai restaurant,0.9801703691482544
145,104,restaurant_suggestion,recipe,"can you suggest a french restaurant, please",0.2465774416923523
145,46,restaurant_suggestion,meal_suggestion,"can you suggest a thai restaurant, please",0.44697490334510803
145,145,restaurant_suggestion,restaurant_suggestion,are there are any good places in washington that serve cheese pizza,0.988166868686676
145,149,restaurant_suggestion,travel_suggestion,what's the food can easily get in canada,0.2586277723312378
145,145,restaurant_suggestion,restaurant_suggestion,what are the best places to get shrimp in chicago,0.568687915802002
145,145,restaurant_suggestion,restaurant_suggestion,what are the best restaurants open tonight,0.9573447704315186
145,145,restaurant_suggestion,restaurant_suggestion,i need a list of good places to eat near me,0.9949285984039307
145,145,restaurant_suggestion,restaurant_suggestion,pull up some recommendations for places serving fish in maine,0.9649551510810852
145,145,restaurant_suggestion,restaurant_suggestion,where should i go for food tonight,0.9819227457046509
145,145,restaurant_suggestion,restaurant_suggestion,where should i eat,0.9311796426773071
145,145,restaurant_suggestion,restaurant_suggestion,any fantastic restaurants to get shrimp at in atlanta,0.995400607585907
145,145,restaurant_suggestion,restaurant_suggestion,give me a list of places that serve the best wings in charlotte,0.8283916711807251
145,145,restaurant_suggestion,restaurant_suggestion,i need reviews for places serving tacos in chicago,0.9340453743934631
145,145,restaurant_suggestion,restaurant_suggestion,give me restaurant reccomendations,0.8299991488456726
145,149,restaurant_suggestion,travel_suggestion,where can i satisfy my craving for french food in milwaukee,0.22433845698833466
50,50,rewards_balance,rewards_balance,x card has earned how many points,0.9738480448722839
50,50,rewards_balance,rewards_balance,can you give me a points update on my rewards plus card,0.9879746437072754
50,50,rewards_balance,rewards_balance,can you pull up how many points i've earned with travel card,0.9913403391838074
50,50,rewards_balance,rewards_balance,what is the updated points that i earned with synovus card,0.9625622630119324
50,50,rewards_balance,rewards_balance,how many points do i have on my six flags rewards card,0.9995300769805908
50,50,rewards_balance,rewards_balance,i would like to check my rewards for my credit card,0.9841039180755615
50,50,rewards_balance,rewards_balance,i need to check my rewards for my credit card,0.9796718955039978
50,50,rewards_balance,rewards_balance,i wanna know how many points have i earned with my credit card,0.9411211609840393
50,50,rewards_balance,rewards_balance,i would like to know my debit card's rewards balance,0.997943103313446
50,50,rewards_balance,rewards_balance,i would like to know how many points have i earned with my credit card,0.9264686107635498
50,50,rewards_balance,rewards_balance,i need to know my credit card's rewards balance,0.9656575322151184
50,50,rewards_balance,rewards_balance,i wanna know my credit card's rewards balance,0.9707002639770508
50,50,rewards_balance,rewards_balance,i really need to check my rewards for my credit card,0.9675498604774475
50,50,rewards_balance,rewards_balance,i would like to check my rewards for my debit card,0.9980100989341736
50,50,rewards_balance,rewards_balance,i wish to know my debit card's rewards balance,0.997683048248291
50,50,rewards_balance,rewards_balance,i wanna check my rewards for my credit card,0.9855542182922363
50,50,rewards_balance,rewards_balance,tell me my debit card's rewards balance,0.9984644651412964
50,50,rewards_balance,rewards_balance,i need to understand how many points have i earned with my credit card,0.8147913813591003
50,50,rewards_balance,rewards_balance,i must know how many points have i earned with my credit card,0.9428328275680542
50,50,rewards_balance,rewards_balance,i gotta know how many points i have gotten with my debit card,0.9976853132247925
50,50,rewards_balance,rewards_balance,how many points earned do i have with my american express card,0.9943661689758301
50,50,rewards_balance,rewards_balance,how many points have i earned with my paypal credit card so far,0.9717736840248108
50,50,rewards_balance,rewards_balance,i have points on my capital one card and i'd like to know how many i've earned,0.9979442954063416
50,50,rewards_balance,rewards_balance,"have i earned points with my venture card, and how many",0.9129870533943176
50,50,rewards_balance,rewards_balance,what do my visa points look like,0.8314820528030396
50,50,rewards_balance,rewards_balance,how many points do i have on my visa,0.9989043474197388
50,50,rewards_balance,rewards_balance,tell me the number of points on my visa card,0.9996077418327332
50,50,rewards_balance,rewards_balance,give me the point total on my visa card,0.8212636113166809
50,50,rewards_balance,rewards_balance,what points have i earned on my visa,0.9832714200019836
50,50,rewards_balance,rewards_balance,how many rewards points do i have on my rewards points i have on my mastercard,0.9999517202377319
111,40,pay_bill,car_rental,i have a car payment that needs to be paid,0.3917138874530792
111,111,pay_bill,pay_bill,i need to put in a payment towards my phone bill,0.9914807081222534
111,111,pay_bill,pay_bill,help me get my gas bill paid,0.9532837271690369
111,111,pay_bill,pay_bill,pay my con edison bill using my capital one account,0.9991199374198914
111,111,pay_bill,pay_bill,"use my navy federal account and pay this month's verizon bill, please",0.971322238445282
111,111,pay_bill,pay_bill,please pay my sprint bill using my bank of america checking account,0.9998375177383423
111,111,pay_bill,pay_bill,i need some assistance paying my utilities bill,0.9992468357086182
111,111,pay_bill,pay_bill,i need a hand getting this gas bill paid,0.967387318611145
111,111,pay_bill,pay_bill,can you help me pay my electricity bill,0.9914203882217407
111,111,pay_bill,pay_bill,i have to pay my water bill but need help doing it,0.9645376205444336
111,111,pay_bill,pay_bill,i am going to need help paying my rent bill,0.998153030872345
111,111,pay_bill,pay_bill,i want to pay my bill,0.9959976673126221
111,111,pay_bill,pay_bill,can you help me pay my bill,0.9918145537376404
111,111,pay_bill,pay_bill,i want to pay my bill through the app,0.9939919114112854
111,111,pay_bill,pay_bill,pay my electric bill for me,0.9841755032539368
111,111,pay_bill,pay_bill,"pull up my electric bill, i want to pay it",0.538006067276001
111,111,pay_bill,pay_bill,how do i pay my electric bill,0.7054796814918518
111,111,pay_bill,pay_bill,"i want to pay my electric bill, can you do it for me",0.9210473299026489
111,111,pay_bill,pay_bill,pay my light bill,0.9950386881828308
111,111,pay_bill,pay_bill,pay my utility bill from my bank account,0.9998860359191895
111,111,pay_bill,pay_bill,charge my internet bill to the corporate account,0.9785807132720947
111,111,pay_bill,pay_bill,pay my gas bill with my checking account,0.9998273849487305
111,111,pay_bill,pay_bill,i need to pay my electric bill,0.996075451374054
111,111,pay_bill,pay_bill,i know i should pay my electric bill,0.7193049788475037
111,56,pay_bill,bill_due,"today my electric bill will be paid, or should be",0.7604971528053284
111,56,pay_bill,bill_due,today is the day i should pay my electric bill,0.9878498911857605
111,111,pay_bill,pay_bill,my electric bill should be paid today,0.630182147026062
111,111,pay_bill,pay_bill,i need to pay my visa,0.9103158712387085
111,111,pay_bill,pay_bill,pay $175 on my visa,0.2995662987232208
111,111,pay_bill,pay_bill,i'd like to pay $4735 to my water bill,0.9799162149429321
71,71,spending_history,spending_history,what's the total i've spent on shoes this month,0.9953756332397461
71,71,spending_history,spending_history,how many dollars have i spent on coffee this month,0.9876112341880798
71,71,spending_history,spending_history,what have i spent on food this month,0.9976946711540222
71,71,spending_history,spending_history,how much have i spent on tires this month,0.9914742708206177
71,71,spending_history,spending_history,how much have i been spending on booze this month,0.9973775148391724
71,71,spending_history,spending_history,what have i spent on fast food recently,0.9924690127372742
71,71,spending_history,spending_history,how much total have i spent on fast food lately,0.9979655742645264
71,71,spending_history,spending_history,how much fast food have i bought recently,0.6002451777458191
71,71,spending_history,spending_history,check how much i spent this week,0.9921360015869141
71,71,spending_history,spending_history,how much money have i spent on fast food lately,0.9988052845001221
71,71,spending_history,spending_history,how much money have a spent in the last week,0.9989113807678223
71,71,spending_history,spending_history,how much money did i spend this weekend,0.998529314994812
71,71,spending_history,spending_history,tell me how much money i've spent on fast food in the past week,0.9969503283500671
71,71,spending_history,spending_history,what is the total amount i spent last week,0.9901368618011475
71,71,spending_history,spending_history,what've i spent on gas this month,0.8717078566551208
71,42,spending_history,oos,have i gone over my entertainment budget,0.3305685520172119
71,71,spending_history,spending_history,would you say i've spent too much money on chips as of late,0.9554899334907532
71,71,spending_history,spending_history,"looking at this week only, have i overspent on hoagies",0.590314507484436
71,86,spending_history,cook_time,do i overspend when it comes to fast food,0.10787062346935272
71,71,spending_history,spending_history,"looking at the past month, what did i spend total",0.9824549555778503
71,42,spending_history,oos,have i gone over my chocolate budget lately,0.21396659314632416
71,71,spending_history,spending_history,how much have i spent this week,0.9983943104743958
71,71,spending_history,spending_history,about how much did i spend recently,0.99837327003479
71,71,spending_history,spending_history,tell me how much i have been buying as of late,0.33364546298980713
71,71,spending_history,spending_history,what did i spend on beer last month,0.9936556816101074
71,46,spending_history,meal_suggestion,did i stick to my dinner budget,0.15894323587417603
71,71,spending_history,spending_history,how much have i spent on video games recently,0.9989380240440369
71,71,spending_history,spending_history,do i spend too much on beer,0.8528934717178345
71,115,spending_history,what_can_i_ask_you,what are my finances like lately,0.16671189665794373
71,71,spending_history,spending_history,how much money have i spent recently,0.9995582699775696
101,101,pto_request_status,pto_request_status,did my vacation get approval,0.9834105372428894
101,101,pto_request_status,pto_request_status,do you know if vacation got approved,0.9910638332366943
101,101,pto_request_status,pto_request_status,does my vacation have approval,0.5604636669158936
101,101,pto_request_status,pto_request_status,can you let me know if my vacation was approved,0.9993554949760437
101,101,pto_request_status,pto_request_status,any news on my vacation,0.859019935131073
101,101,pto_request_status,pto_request_status,tell me if my vacation was approved yet,0.9996806383132935
101,101,pto_request_status,pto_request_status,was there any progress on my vacation request,0.9976329803466797
101,101,pto_request_status,pto_request_status,is my vacation approved,0.999657392501831
101,101,pto_request_status,pto_request_status,is my request going to be approved for vacation,0.9985566735267639
101,97,pto_request_status,pto_request,is vacation a go,0.5568700432777405
101,101,pto_request_status,pto_request_status,will i get my time off approved,0.985736072063446
101,101,pto_request_status,pto_request_status,how is my vacation looking,0.8366687297821045
101,101,pto_request_status,pto_request_status,did the manager approve my vacation yet,0.995604395866394
101,101,pto_request_status,pto_request_status,any new info on my vacation,0.6631559133529663
101,101,pto_request_status,pto_request_status,any update on my vacation,0.933553159236908
101,101,pto_request_status,pto_request_status,is there a status update on my vacation approval,0.9978716373443604
101,126,pto_request_status,pto_balance,can you notify me when my vacation days have approved,0.6235352754592896
101,126,pto_request_status,pto_balance,when will my vacation time be confirmed,0.5173981189727783
101,140,pto_request_status,next_holiday,when will i hear back about my days off,0.6871985793113708
101,126,pto_request_status,pto_balance,am i okay to take those vacation days,0.46634581685066223
101,101,pto_request_status,pto_request_status,has my vacation time been approved,0.999496579170227
101,101,pto_request_status,pto_request_status,what is the day off request status as of now,0.9956919550895691
101,101,pto_request_status,pto_request_status,what is the day off request status please,0.9953759908676147
101,101,pto_request_status,pto_request_status,what is the day off request status if you would tell me,0.9881029725074768
101,101,pto_request_status,pto_request_status,what is the day off request status,0.9963734745979309
101,101,pto_request_status,pto_request_status,what is the day off request status if you could tell me,0.9745304584503174
101,101,pto_request_status,pto_request_status,i need to know status of my day off request,0.9997105002403259
101,101,pto_request_status,pto_request_status,i want to know the status of my vacation request,0.9997920393943787
101,101,pto_request_status,pto_request_status,tell me status of my day off request,0.9996957778930664
101,101,pto_request_status,pto_request_status,please let me know the status of my vacation request,0.9997497200965881
69,69,credit_score,credit_score,i would like to know my credit score,0.9839044809341431
69,69,credit_score,credit_score,tell me what my credit score is,0.9929526448249817
69,69,credit_score,credit_score,can you find what my credit score is,0.9962855577468872
69,69,credit_score,credit_score,how is my credit score numberwise,0.9558985233306885
69,69,credit_score,credit_score,what credit score number do i have,0.794396162033081
69,69,credit_score,credit_score,what is my credit score number,0.9728615880012512
69,69,credit_score,credit_score,how much is my credit score,0.9908679723739624
69,69,credit_score,credit_score,what number is my credit score currently,0.9903261065483093
69,69,credit_score,credit_score,is my credit score over 700 yet,0.9727477431297302
69,69,credit_score,credit_score,please give me my current credit score,0.9905932545661926
69,28,credit_score,improve_credit_score,i'm trying to raise my credit score can you tell me what it is now,0.994384765625
69,69,credit_score,credit_score,i need to know what my credit score is,0.9881235957145691
69,69,credit_score,credit_score,could you tell me what my credit score is,0.9939647316932678
69,69,credit_score,credit_score,give me my credit score please,0.9906569719314575
69,28,credit_score,improve_credit_score,could you share my credit score,0.5788809061050415
69,69,credit_score,credit_score,how's my credit score,0.8824322819709778
69,69,credit_score,credit_score,i was wondering what my credit score is,0.9558016061782837
69,69,credit_score,credit_score,where do i go for my credit score,0.9648781418800354
69,69,credit_score,credit_score,i need to find my credit score,0.9963480830192566
69,69,credit_score,credit_score,how can i locate my credit score,0.9152958989143372
69,69,credit_score,credit_score,what is my credit rating,0.9943915009498596
69,69,credit_score,credit_score,i want to know my credit rating,0.9837508797645569
69,69,credit_score,credit_score,my credit rating is what,0.9542881846427917
69,69,credit_score,credit_score,tell me my credit raing,0.9102659821510315
69,69,credit_score,credit_score,give me my credit rating,0.9947289824485779
69,69,credit_score,credit_score,please tell me what my credit score is,0.9933696985244751
69,69,credit_score,credit_score,i'd like you to check on my credit score,0.9839905500411987
69,69,credit_score,credit_score,let me know what my credit score is today,0.98595130443573
69,69,credit_score,credit_score,can you check my credit score,0.9974554181098938
69,69,credit_score,credit_score,can you check my credit score for me,0.9970644116401672
91,91,new_card,new_card,i would like to get a new credt card,0.9203486442565918
91,91,new_card,new_card,i would love to get a new credit card,0.990183413028717
91,91,new_card,new_card,do you have any information on how to open a new credit card,0.9945079684257507
91,91,new_card,new_card,tell me how to apply for a new credit card,0.9999842643737793
91,91,new_card,new_card,tell me how to apply for a credit card,0.9997994303703308
91,91,new_card,new_card,i want to know how to go about getting a new credit card,0.9922767281532288
91,91,new_card,new_card,please tell me how to get a new credit card,0.9951847195625305
91,91,new_card,new_card,am i eligible for a new credit card,0.9992749094963074
91,91,new_card,new_card,i need to get a new credit card application,0.9874113202095032
91,91,new_card,new_card,what's the best way to get a mastercard,0.21001821756362915
91,91,new_card,new_card,is this where i apply for a new credit card,0.9979950189590454
91,91,new_card,new_card,how do i apply do get myself a visa,0.6242169141769409
91,91,new_card,new_card,can you complete an application for a new credit card for me,0.9974074959754944
91,59,new_card,international_visa,i need to get a mastercard somehow,0.4091756343841553
91,91,new_card,new_card,how can i get a visa card,0.9675337672233582
91,91,new_card,new_card,can i apply here for a new card,0.9985288381576538
91,28,new_card,improve_credit_score,does bank of america give credit cards to people like me,0.19506120681762695
91,91,new_card,new_card,what do i do to get a visa card,0.9408985376358032
91,91,new_card,new_card,is it possible for me to get a better credit card,0.9681496024131775
91,91,new_card,new_card,how do i submit an application for a discover card,0.9988191723823547
91,91,new_card,new_card,how do i apply for american express,0.9270933866500854
91,91,new_card,new_card,find out if there's a new credit card that suits me,0.9362600445747375
91,91,new_card,new_card,how do i apply for a new credit card,0.9999740123748779
91,91,new_card,new_card,what's it take to get a mastercard,0.3278631567955017
91,91,new_card,new_card,can i apply for a visa card,0.9997773766517639
91,91,new_card,new_card,how do i apply for a visa card,0.9999446868896484
91,91,new_card,new_card,i wish to apply for a visa card,0.9997280240058899
91,91,new_card,new_card,help me apply for a visa card,0.9996850490570068
91,28,new_card,improve_credit_score,is there a list of good credit cards i can choose from to apply for,0.5936102867126465
91,91,new_card,new_card,how can i find a new credit card to apply to,0.999527096748352
113,113,lost_luggage,lost_luggage,is my luggage lost,0.9999717473983765
113,113,lost_luggage,lost_luggage,why is my luggage not here,0.9999668598175049
113,113,lost_luggage,lost_luggage,what happened to my luggage,0.99986732006073
113,113,lost_luggage,lost_luggage,i need help finding my luggage,0.9999383687973022
113,113,lost_luggage,lost_luggage,what steps should i take if my luggage has been lost,0.9999682903289795
113,113,lost_luggage,lost_luggage,i seem to have lost my luggage! what are my options now,0.9941747784614563
113,113,lost_luggage,lost_luggage,what would be the best way to deal with lost luggage,0.9998063445091248
113,113,lost_luggage,lost_luggage,it appears that my luggage has been lost,0.9999747276306152
113,113,lost_luggage,lost_luggage,i'm afraid my luggage has gone missing,0.9998894929885864
113,113,lost_luggage,lost_luggage,i am a bit panicked because my luggage seems to have gone missing,0.9976567029953003
113,113,lost_luggage,lost_luggage,i have no idea where my luggage went!,0.9999724626541138
113,113,lost_luggage,lost_luggage,unfortunately it would appear that my luggage is totally lost,0.9999682903289795
113,113,lost_luggage,lost_luggage,how should i proceed if i accidentally lost my luggage,0.9999586343765259
113,113,lost_luggage,lost_luggage,"if i lost my luggage, what should i do next",0.9469161629676819
113,113,lost_luggage,lost_luggage,i have no idea where my luggage is,0.9999761581420898
113,113,lost_luggage,lost_luggage,i think my luggage has been misplaced,0.9999632835388184
113,113,lost_luggage,lost_luggage,what do i have to do if i lost my luggage,0.9999895095825195
113,113,lost_luggage,lost_luggage,i think my luggage is lost,0.999976634979248
113,113,lost_luggage,lost_luggage,my luggage appears to be lost,0.9992300271987915
113,113,lost_luggage,lost_luggage,i can't seem to track down my luggage,0.9991000890731812
113,113,lost_luggage,lost_luggage,what is the next thing i should do if i lost my luggage,0.9997599720954895
113,113,lost_luggage,lost_luggage,what step should i take next if i lost my luggage,0.9999023675918579
113,113,lost_luggage,lost_luggage,i've lost my luggage what should i do now,0.9999399185180664
113,113,lost_luggage,lost_luggage,what should i do about losing my luggage,0.999776303768158
113,113,lost_luggage,lost_luggage,where would i find my luggage,0.9999669790267944
113,113,lost_luggage,lost_luggage,my luggage has been misplaced,0.9998360872268677
113,113,lost_luggage,lost_luggage,i can't find my luggage,0.999970555305481
113,12,lost_luggage,report_lost_card,i lost all my stuff that i had packed,0.40420669317245483
113,113,lost_luggage,lost_luggage,my luggage has disappeared,0.999860405921936
113,113,lost_luggage,lost_luggage,it appears my luggage is lost,0.9999755620956421
13,13,repeat,repeat,may you say that again,0.9993956089019775
13,13,repeat,repeat,can you please repeat that,0.9996339082717896
13,13,repeat,repeat,can you please say that again,0.9995371103286743
13,13,repeat,repeat,may you please say that again,0.9993639588356018
13,13,repeat,repeat,would you say it again please,0.9983426332473755
13,13,repeat,repeat,would you repeat what you said earlier,0.9874743223190308
13,13,repeat,repeat,i would like you to repeat it,0.9974117875099182
13,13,repeat,repeat,repeat please,0.9754111170768738
13,13,repeat,repeat,"pardon, i didn't hear you",0.9634897112846375
13,13,repeat,repeat,i didn't hear you can you say that again,0.9999152421951294
13,13,repeat,repeat,i didn't catch that,0.6174910068511963
13,13,repeat,repeat,could you repeat that,0.998955249786377
13,13,repeat,repeat,say again please,0.9865612387657166
13,147,repeat,cancel,would you mind repeating that,0.6562432050704956
13,13,repeat,repeat,"sorry, i didn't catch that could you say it again",0.9990119934082031
13,13,repeat,repeat,i need you to repeat that please,0.9997099041938782
13,13,repeat,repeat,repeat that for me please,0.9962169528007507
13,13,repeat,repeat,what did you just say,0.9630372524261475
13,13,repeat,repeat,please say it one more time,0.9936017394065857
13,107,repeat,yes,sorry i missed that,0.13767611980438232
13,13,repeat,repeat,i didn't understand you,0.35708069801330566
13,13,repeat,repeat,can you repeat the question again,0.9995205402374268
13,13,repeat,repeat,can you phrase that question again,0.9952167272567749
13,82,repeat,greeting,what'd you say,0.16197317838668823
13,13,repeat,repeat,please repeat the last thing,0.9744311571121216
13,13,repeat,repeat,repeat that,0.9865859746932983
13,13,repeat,repeat,can you repeat that,0.9992758631706238
13,77,repeat,where_are_you_from,what were you just saying,0.30022335052490234
13,13,repeat,repeat,come again,0.8820337057113647
13,13,repeat,repeat,"can you say that again, please",0.9643388390541077
142,142,mpg,mpg,tell me: car gas mileage,0.9991434812545776
142,142,mpg,mpg,what is my car's gas mileage,0.9990212917327881
142,142,mpg,mpg,tell me what the gas mileage is on my car,0.9991022348403931
142,142,mpg,mpg,what is the gas mileage of my car,0.9997240900993347
142,142,mpg,mpg,check: car gas mileage,0.9991390705108643
142,142,mpg,mpg,what is my car's mpg,0.9993079900741577
142,11,mpg,user_name,"what is my car's mpg, please",0.11018887162208557
142,142,mpg,mpg,what's my car's mpg,0.9997203946113586
142,11,mpg,user_name,"what's my car's mpg, please",0.1336219310760498
142,142,mpg,mpg,what is the highway mpg of this car,0.9999947547912598
142,142,mpg,mpg,hows the city mpg of this car,0.999970555305481
142,142,mpg,mpg,what is the highway mpg on this car like,0.9999924898147583
142,142,mpg,mpg,what mpg does this car get in the city,0.9999810457229614
142,142,mpg,mpg,how many mpg does this car get in the city,0.9999992847442627
142,142,mpg,mpg,tell me about this car's highway mpg,0.99853515625
142,142,mpg,mpg,can i have more information about this car's highway mpg,0.9807643294334412
142,142,mpg,mpg,what is the city mpg on this car,0.999991774559021
142,142,mpg,mpg,whats the mpg for this car,0.9999920129776001
142,142,mpg,mpg,whats the mpg of this car,0.9999872446060181
142,142,mpg,mpg,i need to know my cars mpg,0.9985727071762085
142,142,mpg,mpg,can i get this car's mpg,0.9994004964828491
142,142,mpg,mpg,i would like to know the mpg of my car,0.999640941619873
142,142,mpg,mpg,what kind of mileage am i getting,0.6912850737571716
142,142,mpg,mpg,what the mpg,0.9982353448867798
142,142,mpg,mpg,can you tell me my vehicles mpg,0.9976770281791687
142,142,mpg,mpg,whats the fuel economy of this car,0.9992454051971436
142,142,mpg,mpg,what kind of mileage does this car get,0.9978622794151306
142,142,mpg,mpg,mpg for this car please,0.9902467727661133
142,142,mpg,mpg,what is the miles per gallon,0.9789268374443054
142,142,mpg,mpg,how is the car's fuel economy,0.995116114616394
123,123,oil_change_when,oil_change_when,am i due for an oil change yet,0.9897045493125916
123,123,oil_change_when,oil_change_when,when is the next time i should change my oil,0.9999866485595703
123,123,oil_change_when,oil_change_when,when is my car due for its next oil change,0.9993282556533813
123,123,oil_change_when,oil_change_when,when am i due for my next oil change,0.9993183612823486
123,123,oil_change_when,oil_change_when,when should i get my next oil change,0.9998476505279541
123,123,oil_change_when,oil_change_when,when's the next time i should change my oil,0.9999836683273315
123,123,oil_change_when,oil_change_when,when should i get my car's oil changed next,0.9966855645179749
123,123,oil_change_when,oil_change_when,when is the next time i need to get an oil change,0.9999469518661499
123,123,oil_change_when,oil_change_when,when is my car's next oil change supposed to be,0.9942209720611572
123,123,oil_change_when,oil_change_when,how long until my next oil change,0.9992702603340149
123,123,oil_change_when,oil_change_when,when's the next time i ought to change my oil,0.9998453855514526
123,123,oil_change_when,oil_change_when,when's the next time i have to get an oil change,0.9997419714927673
123,123,oil_change_when,oil_change_when,when should i get my oil changed,0.9989495873451233
123,123,oil_change_when,oil_change_when,when should i get the oil changed in my car,0.9942671656608582
123,123,oil_change_when,oil_change_when,figure out when my car will next need an oil change,0.9963053464889526
123,123,oil_change_when,oil_change_when,can you recommend for me when to next get my oil changed,0.9806263446807861
123,123,oil_change_when,oil_change_when,when do you think i ought to change the oil in my car next,0.9954603314399719
123,123,oil_change_when,oil_change_when,how soon until i will need to get my oil changed,0.9993426203727722
123,123,oil_change_when,oil_change_when,find out for me when my car is next due for an oil change,0.9957783222198486
123,131,oil_change_when,schedule_maintenance,where can i find information on oil changes for my car,0.6189800500869751
123,3,oil_change_when,oil_change_how,what are the manufacturers guidance on oil changes,0.961342990398407
123,123,oil_change_when,oil_change_when,is my car due for it's next oil change,0.9992451667785645
123,123,oil_change_when,oil_change_when,what is the recommended interval to get my oil changed,0.4339340925216675
123,123,oil_change_when,oil_change_when,when will i need my next oil change,0.9997697472572327
123,123,oil_change_when,oil_change_when,how often should i change the oil,0.999883770942688
123,123,oil_change_when,oil_change_when,do i need to change my oil soon,0.9981217980384827
123,123,oil_change_when,oil_change_when,when will my oil change be due for this car,0.9983333945274353
123,123,oil_change_when,oil_change_when,is my oil change coming up soon,0.9437702298164368
123,123,oil_change_when,oil_change_when,what's my oil change status,0.8041830658912659
123,123,oil_change_when,oil_change_when,when does this car need oil changes,0.9975473284721375
107,107,yes,yes,i will say yes as my response,0.896425187587738
107,107,yes,yes,my answer to your question is yes,0.8798409104347229
107,107,yes,yes,yes is my answer,0.9716652631759644
107,107,yes,yes,"yes, ai, that is correct",0.9958409667015076
107,107,yes,yes,that's true,0.9781374931335449
107,107,yes,yes,that's correct,0.95430988073349
107,127,yes,order_checks,that checks out,0.9824716448783875
107,107,yes,yes,that's right,0.9739277362823486
107,107,yes,yes,affirmative,0.9138190746307373
107,107,yes,yes,"yes, that is factual",0.9956135749816895
107,107,yes,yes,"yes, that happens to be correct",0.9462676644325256
107,107,yes,yes,that would be correct,0.980972409248352
107,107,yes,yes,thats right,0.4535873532295227
107,107,yes,yes,"yes, this is true",0.9933934807777405
107,107,yes,yes,sure,0.39634475111961365
107,82,yes,greeting,okay,0.2778130769729614
107,107,yes,yes,definitely,0.09516999870538712
107,107,yes,yes,roger that,0.3332642614841461
107,107,yes,yes,i agree,0.06744246929883957
107,107,yes,yes,absolutely,0.13802437484264374
107,124,yes,thank_you,you're right,0.3357831537723541
107,107,yes,yes,"yes, that's right",0.9997255206108093
107,48,yes,todo_list,please let's do it,0.0692354217171669
107,107,yes,yes,yes please,0.996549129486084
107,29,yes,change_language,can we please,0.04218218848109245
107,107,yes,yes,"yes, please",0.9455624222755432
107,114,yes,goodbye,10-4,0.03244926780462265
107,114,yes,goodbye,ya,0.5479204058647156
107,114,yes,goodbye,yup,0.03244926780462265
107,114,yes,goodbye,great,0.3444976508617401
149,149,travel_suggestion,travel_suggestion,what are some interesting things i can do while in raleigh,0.9966926574707031
149,149,travel_suggestion,travel_suggestion,can you help me pick some fun things to do in london during my trip,0.9992456436157227
149,149,travel_suggestion,travel_suggestion,"help me plan my traveling itinerary for my trip to madrid, i want to see lots of sights!",0.28056976199150085
149,149,travel_suggestion,travel_suggestion,help me pick a new location to travel to,0.49669092893600464
149,149,travel_suggestion,travel_suggestion,can you do some research about the best places to travel,0.9706672430038452
149,149,travel_suggestion,travel_suggestion,tell me some fun activities to do in oklahoma city,0.999610960483551
149,149,travel_suggestion,travel_suggestion,what are some popular tourist activities in mexico city,0.9991452693939209
149,58,travel_suggestion,share_location,i am itching to travel but don't know where to go,0.4416283667087555
149,149,travel_suggestion,travel_suggestion,give me some recommendations of good tourist attractions in montreal,0.9933627843856812
149,149,travel_suggestion,travel_suggestion,tell me some fun tourist attractions in london,0.9997327923774719
149,149,travel_suggestion,travel_suggestion,give me some ideas of what to do during my trip to dallas,0.9714394807815552
149,149,travel_suggestion,travel_suggestion,find out the best tourist attractions to visit in moscow,0.9928123354911804
149,149,travel_suggestion,travel_suggestion,i want some suggestions for tourist activities in dublin,0.9926799535751343
149,149,travel_suggestion,travel_suggestion,i am traveling to paris soon and would like some suggestions of what to do and see,0.9343360066413879
149,149,travel_suggestion,travel_suggestion,what are some local attractions in portland,0.9992185831069946
149,149,travel_suggestion,travel_suggestion,what sorts of activities should i get up to while i am in dublin,0.7646517753601074
149,145,travel_suggestion,restaurant_suggestion,i want to explore a new place but don't know where i should go do you have any ideas,0.840938150882721
149,149,travel_suggestion,travel_suggestion,please give me some ideas of fun tourist activities to do while i am in paris,0.9987415671348572
149,149,travel_suggestion,travel_suggestion,can you throw out some suggestions to me of places to travel to,0.9390193223953247
149,149,travel_suggestion,travel_suggestion,suggest some things for me to do while i am in los angeles,0.9736660122871399
149,149,travel_suggestion,travel_suggestion,let me know some things to do in phoenix,0.9992918968200684
149,149,travel_suggestion,travel_suggestion,let me know some things i can do in dallas,0.9974616765975952
149,149,travel_suggestion,travel_suggestion,i wanna know some things to do in phoenix,0.9994860887527466
149,149,travel_suggestion,travel_suggestion,i would like to do some things in phoenix,0.9864425659179688
149,149,travel_suggestion,travel_suggestion,tell me some things to do in phoenix,0.9996799230575562
149,149,travel_suggestion,travel_suggestion,what are some fun silly things to do in new jersey,0.9984884262084961
149,149,travel_suggestion,travel_suggestion,what are some cool tourist attractions in england,0.9997488856315613
149,149,travel_suggestion,travel_suggestion,what are some fun local experiences in canada,0.9846551418304443
149,149,travel_suggestion,travel_suggestion,what are some fun tourist things to do in mumbai,0.9999059438705444
149,149,travel_suggestion,travel_suggestion,what are some fun cheap activities to do in colorado,0.9997875094413757
74,74,insurance,insurance,which insurance plan to i have,0.9527081847190857
74,74,insurance,insurance,do you know which insurance plan i have,0.9988757967948914
74,74,insurance,insurance,what kind of insurance plan am i in,0.9995576739311218
74,74,insurance,insurance,what health coverage do i have,0.9971616268157959
74,74,insurance,insurance,what are the details on my health care plan,0.9972490668296814
74,74,insurance,insurance,which insurance plan am i enrolled in,0.9993196725845337
74,74,insurance,insurance,what is my health insurance,0.9971303343772888
74,74,insurance,insurance,what insurance plan am i enrolled in,0.9997815489768982
74,74,insurance,insurance,check on my health care plan,0.9938145875930786
74,74,insurance,insurance,what's my health insurance plan,0.993238091468811
74,74,insurance,insurance,what sort of health benefits do i have,0.9998960494995117
74,74,insurance,insurance,"which health plan do i have, again",0.9917517304420471
74,74,insurance,insurance,tell me about my health benefits,0.9999403953552246
74,74,insurance,insurance,what's the name of my health insurance plan,0.9985621571540833
74,74,insurance,insurance,explain my health benefits,0.9998801946640015
74,74,insurance,insurance,what are my health insurance benefits,0.9998132586479187
74,74,insurance,insurance,what specific health plan do i have,0.9997335076332092
74,74,insurance,insurance,tell me the full name of my health plan,0.999909520149231
74,74,insurance,insurance,how do my health benefits work,0.9995415210723877
74,74,insurance,insurance,can you tell me what health plan i am on,0.9998310804367065
74,74,insurance,insurance,tell me my current health plan,0.999363124370575
74,74,insurance,insurance,which health plan am i currently enrolled in,0.9998137354850769
74,74,insurance,insurance,i want to know what health plan i'm currently on,0.9998202919960022
74,74,insurance,insurance,could you please inform me what health plan i am currently on,0.9997212290763855
74,74,insurance,insurance,what are the benefits associated with my insurance,0.999670147895813
74,74,insurance,insurance,what are the benefits of having this insurance,0.9952438473701477
74,74,insurance,insurance,what are my benefits with this insurance,0.9998424053192139
74,74,insurance,insurance,what are my benefits on the insurance,0.9998438358306885
74,74,insurance,insurance,google find out what health plan i am under,0.9996378421783447
74,74,insurance,insurance,tell me what health plan coverage i have,0.9997430443763733
65,65,todo_list_update,todo_list_update,cross grocery shopping off the todo list,0.966809868812561
65,65,todo_list_update,todo_list_update,i don't need grocery shopping on my todo list anymore,0.9249802827835083
65,65,todo_list_update,todo_list_update,take grocery shopping off my todo list,0.9972743391990662
65,65,todo_list_update,todo_list_update,remove grocery shopping from todo list,0.8631155490875244
65,65,todo_list_update,todo_list_update,cross off grocery shopping from todo list,0.8514216542243958
65,65,todo_list_update,todo_list_update,i don't need mowing the lawn on my to do list anymore,0.8691697120666504
65,48,todo_list_update,todo_list,empty the contents of my to do list,0.7102066278457642
65,65,todo_list_update,todo_list_update,take everything off my to do list please,0.9995916485786438
65,65,todo_list_update,todo_list_update,take everything off my to do list,0.9996111989021301
65,65,todo_list_update,todo_list_update,please remove science fair from my to do list,0.9999024868011475
65,65,todo_list_update,todo_list_update,please put babysitting on my to do list,0.9987562894821167
65,65,todo_list_update,todo_list_update,please put lawn mowing on my list of to dos,0.8276621103286743
65,65,todo_list_update,todo_list_update,put the dishes on my list of things to do,0.9984410405158997
65,65,todo_list_update,todo_list_update,remove all items from my to do list,0.9999179840087891
65,65,todo_list_update,todo_list_update,take tennis practice off my to do list,0.9998384714126587
65,65,todo_list_update,todo_list_update,get rid of my to do list,0.9992363452911377
65,65,todo_list_update,todo_list_update,take dishes off the to do list,0.9998680353164673
65,65,todo_list_update,todo_list_update,add grocery shopping to my to do list,0.9933162331581116
65,65,todo_list_update,todo_list_update,remove laundry from my to do list,0.9999891519546509
65,65,todo_list_update,todo_list_update,please add laundry to the chores,0.2059183120727539
65,65,todo_list_update,todo_list_update,add mopping to the to do list,0.9994420409202576
65,65,todo_list_update,todo_list_update,please put dusting on my list of things to do,0.9986162185668945
65,65,todo_list_update,todo_list_update,please note vacuuming on my to do list,0.5958646535873413
65,65,todo_list_update,todo_list_update,insert mowing on the chore list,0.4674658477306366
65,65,todo_list_update,todo_list_update,you can dusting off my todo list,0.9998354911804199
65,65,todo_list_update,todo_list_update,you take sweeping of my todo list,0.885848343372345
65,65,todo_list_update,todo_list_update,you can vacuuming of my todo list,0.8181300163269043
65,65,todo_list_update,todo_list_update,you can take laundry off my todo list,0.9999678134918213
65,65,todo_list_update,todo_list_update,you can take dishes off my todo list,0.9999785423278809
65,65,todo_list_update,todo_list_update,i need you to clear my todo list,0.9999527931213379
76,76,reminder,reminder,give me my reminders,0.999367892742157
76,76,reminder,reminder,what were the things that i wanted to remember,0.9921165108680725
76,76,reminder,reminder,what were you supposed to remind me of,0.9463098049163818
76,76,reminder,reminder,my list of reminders contains what,0.9997580647468567
76,76,reminder,reminder,what did i want to remember,0.9975767731666565
76,76,reminder,reminder,what did i ask you to remind me of,0.9250465631484985
76,76,reminder,reminder,read my reminder list,0.9987026453018188
76,76,reminder,reminder,is my meeting with frank on my list of reminders,0.8012716770172119
76,76,reminder,reminder,list my reminders,0.9971627593040466
76,76,reminder,reminder,what stuff am i trying to remember,0.9795794486999512
76,76,reminder,reminder,what are my reminders,0.9999102354049683
76,76,reminder,reminder,did i tell you to remind me about laundry,0.924777626991272
76,76,reminder,reminder,"on my reminders list, is there an item called conference call",0.9787256717681885
76,76,reminder,reminder,what items did i want to remember,0.9817752838134766
76,76,reminder,reminder,what's on my list of things to remember,0.9915395379066467
76,115,reminder,what_can_i_ask_you,what kinds of things are you supposed to remind me of,0.4471115171909332
76,76,reminder,reminder,is grocery shopping on my reminders list,0.9980880618095398
76,76,reminder,reminder,i want to know my reminders,0.9995073080062866
76,76,reminder,reminder,read my list of reminders,0.9999620914459229
76,76,reminder,reminder,can you tell me the to do's on my reminder list,0.9968926906585693
76,76,reminder,reminder,please go though the bullet points on my reminder list,0.9589277505874634
76,76,reminder,reminder,what are all the things on my reminder list,0.9686453342437744
76,76,reminder,reminder,"i would like to hear the reminders that i listed on my things to remember list, please",0.997928261756897
76,76,reminder,reminder,what were the things i want to recall,0.17632624506950378
76,53,reminder,reminder_update,can you please remind me of the items that i made note of to not forget,0.3973929286003113
76,76,reminder,reminder,refresh my memory about what items i want to remember,0.9597424864768982
76,76,reminder,reminder,remind me of the items on my list of things to remember,0.9191880226135254
76,76,reminder,reminder,"i'd like to just confirm all of the reminders currently on my list of reminders, please",0.9966553449630737
76,76,reminder,reminder,please play my list of reminders,0.9894840121269226
76,76,reminder,reminder,"""which things are wanted to remember",0.8243838548660278
119,119,change_speed,change_speed,can i speed up your voice,0.9996979236602783
119,119,change_speed,change_speed,can i change your talking voice,0.945221483707428
119,119,change_speed,change_speed,talk fast,0.9487345218658447
119,119,change_speed,change_speed,change voice speed,0.999640941619873
119,119,change_speed,change_speed,change device talking speed,0.9997813105583191
119,119,change_speed,change_speed,speak it again slowly,0.971316397190094
119,119,change_speed,change_speed,try to speak slowly,0.9901975393295288
119,119,change_speed,change_speed,will you please slow down your voice,0.9996021389961243
119,119,change_speed,change_speed,slow down your voice,0.9988076686859131
119,119,change_speed,change_speed,can you speak faster,0.9979214072227478
119,119,change_speed,change_speed,how do i change the speed of your voice,0.9999164342880249
119,119,change_speed,change_speed,can you talk faster,0.9954177141189575
119,119,change_speed,change_speed,how do i make you talk faster,0.8384405970573425
119,119,change_speed,change_speed,why are you talking so slowly,0.8652681112289429
119,119,change_speed,change_speed,speed up your talking,0.998178243637085
119,119,change_speed,change_speed,talk faster,0.9873724579811096
119,119,change_speed,change_speed,you talk to slow,0.9727982878684998
119,119,change_speed,change_speed,can you adjust the speed of your voice,0.9997071623802185
119,119,change_speed,change_speed,can you talk more slowly,0.995822548866272
119,119,change_speed,change_speed,go faster,0.7567245364189148
119,119,change_speed,change_speed,can you not talk so fast,0.9942303895950317
119,119,change_speed,change_speed,speak more quickly,0.9931908249855042
119,119,change_speed,change_speed,you're talking too fast,0.9986730813980103
119,119,change_speed,change_speed,you talk too slow,0.988336980342865
119,119,change_speed,change_speed,please speak a bit faster,0.9956188797950745
119,119,change_speed,change_speed,double the speaking speed please,0.9996591806411743
119,119,change_speed,change_speed,speed up speech please,0.9996236562728882
119,119,change_speed,change_speed,change speaking speed to 50 percent faster,0.9966115355491638
119,119,change_speed,change_speed,your speech slower it,0.9976171851158142
119,119,change_speed,change_speed,make slower your speech,0.9984982013702393
98,98,tire_pressure,tire_pressure,give me the pressure for the tires on my car,0.9924807548522949
98,98,tire_pressure,tire_pressure,can you tell me the tire pressure for the car,0.9975866079330444
98,98,tire_pressure,tire_pressure,give me the tire pressure for the car,0.9972935318946838
98,98,tire_pressure,tire_pressure,go ahead and give me the tire pressure of my vehicle,0.9984723925590515
98,98,tire_pressure,tire_pressure,what exactly is the tire pressure for the car,0.9976257681846619
98,98,tire_pressure,tire_pressure,i must kniw how low are my tires on air,0.9990352392196655
98,98,tire_pressure,tire_pressure,please tell me my car's tire pressure,0.9996242523193359
98,98,tire_pressure,tire_pressure,i need to know how low are my tires on air,0.9992436170578003
98,98,tire_pressure,tire_pressure,i shall know how low are my tires on air,0.9989593029022217
98,98,tire_pressure,tire_pressure,tell me my car's tire pressure,0.9996321201324463
98,98,tire_pressure,tire_pressure,i gotta know my car;s tire pressure,0.9990990161895752
98,98,tire_pressure,tire_pressure,i would like to know my car's tire pressure,0.9996347427368164
98,98,tire_pressure,tire_pressure,i gotta know how low are my tires on air,0.9991324543952942
98,98,tire_pressure,tire_pressure,i wanna know my car's tire pressure,0.9996289014816284
98,98,tire_pressure,tire_pressure,i wanna know how low are my tires on air,0.9992683529853821
98,98,tire_pressure,tire_pressure,how can i find out what my tire pressure is,0.9990895986557007
98,98,tire_pressure,tire_pressure,how do i find out my tire pressure,0.9997076392173767
98,98,tire_pressure,tire_pressure,my tires are how low on air,0.9908271431922913
98,98,tire_pressure,tire_pressure,how low are my tires right now on air,0.9991260170936584
98,47,tire_pressure,tire_change,my tires are filled enough or no,0.5836667418479919
98,98,tire_pressure,tire_pressure,what's the tire pressure of my tires,0.9999761581420898
98,98,tire_pressure,tire_pressure,is there enough air in my tires,0.9995530247688293
98,98,tire_pressure,tire_pressure,my tires need how much more air in them,0.9854942560195923
98,98,tire_pressure,tire_pressure,are my tires filled properly,0.9817107915878296
98,98,tire_pressure,tire_pressure,are my tires filled enough,0.989092230796814
98,98,tire_pressure,tire_pressure,what is the pressure of my tires,0.9998334646224976
98,98,tire_pressure,tire_pressure,do my tires have enough pressure,0.9997522234916687
98,98,tire_pressure,tire_pressure,what is the air pressure of my tires,0.9999829530715942
98,98,tire_pressure,tire_pressure,what is the level of air pressure of my tires,0.9999579191207886
98,98,tire_pressure,tire_pressure,is my tire pressure high,0.9998676776885986
30,30,no,no,that isn't right,0.9896137118339539
30,30,no,no,that's incorrect,0.47767144441604614
30,30,no,no,nope that's not it,0.9915619492530823
30,30,no,no,no that isn't right,0.9991932511329651
30,30,no,no,that's not correct,0.9952888488769531
30,30,no,no,that isn't correct,0.9952564835548401
30,107,no,yes,that is incorrect,0.6726281642913818
30,30,no,no,that's wrong,0.9909517765045166
30,30,no,no,"no, that is wrong",0.9995651841163635
30,30,no,no,"no, that is incorrect",0.9988319277763367
30,30,no,no,"no, definitely not",0.9937282800674438
30,30,no,no,i'd say no,0.9937865734100342
30,30,no,no,the statement is false,0.9873746037483215
30,30,no,no,that's false,0.981613039970398
30,30,no,no,false,0.951332688331604
30,30,no,no,it is no,0.9922116994857788
30,30,no,no,it is false,0.9794841408729553
30,30,no,no,it is very much false,0.7068970799446106
30,30,no,no,that has to be false,0.967685341835022
30,30,no,no,that is so false,0.9751337766647339
30,121,no,maybe,that can't be true,0.4910016357898712
30,107,no,yes,that's a negatory,0.4427412450313568
30,30,no,no,there is no way in heck that is true,0.9818269610404968
30,30,no,no,nope not it,0.9650144577026367
30,30,no,no,that is most definitely false,0.9537456631660461
30,30,no,no,"no, you are wrong",0.9694488644599915
30,30,no,no,"no, that is a falsehood",0.9938576817512512
30,30,no,no,you got that wrong,0.9472858905792236
30,30,no,no,that is the wrong answer,0.9751846790313721
30,30,no,no,not right now,0.6774880886077881
132,132,apr,apr,you need to tell me my credit card's apr,0.9999700784683228
132,132,apr,apr,now tell me my credit card's apr,0.9999738931655884
132,132,apr,apr,i need to know the apr on my wells fargo credit card,0.999713122844696
132,132,apr,apr,tell me my chase credit card's apr,0.9999220371246338
132,132,apr,apr,tell me what my wells fargo credit card apr is,0.9999105930328369
132,132,apr,apr,what is my b of a credit card's apr,0.9999055862426758
132,132,apr,apr,can you tell me the apr of my target credit card,0.9997045397758484
132,132,apr,apr,what is my apr rate,0.9952836632728577
132,132,apr,apr,is my apr rate above average,0.974112868309021
132,132,apr,apr,does my apr rate suck,0.9934017062187195
132,132,apr,apr,what is my card's apr rate,0.999588668346405
132,132,apr,apr,is my apr rate better than most,0.9776887893676758
132,132,apr,apr,what's my credit card's annual percentage rate,0.9962802529335022
132,132,apr,apr,what's the annual percentage rate for my credit card,0.9901673793792725
132,132,apr,apr,how high is the apr on my credit card,0.9998775720596313
132,132,apr,apr,what's the apr on my credit card,0.9999451637268066
132,132,apr,apr,how much am i paying for apr on my credit card,0.9988691210746765
132,132,apr,apr,is my card's apr a decent rate,0.9917568564414978
132,132,apr,apr,can you tell me my apr on my credit card,0.9999067783355713
132,132,apr,apr,would you consider my apr to be good,0.9205088019371033
132,132,apr,apr,what's the current apr on my credit card,0.9999390840530396
132,132,apr,apr,what kind of credit card apr do i get,0.9997188448905945
132,132,apr,apr,what's my apr rate,0.9955001473426819
132,132,apr,apr,tell me my apr rate,0.9955586194992065
132,132,apr,apr,could you share my credit card's apr,0.9993141889572144
132,132,apr,apr,is my apr rate good,0.9941728711128235
132,132,apr,apr,"i need to know what the current apr is for my chase sapphire, please",0.9935621023178101
132,132,apr,apr,can you find me the apr listed on the statement for my citi mastercard,0.9956336617469788
132,132,apr,apr,what's the apr on my capital one venture card,0.9997542500495911
132,132,apr,apr,inform me on what my credit card's apr is,0.9999690055847168
1,1,nutrition_info,nutrition_info,tell me nutritional info for brocoli,0.9987051486968994
1,1,nutrition_info,nutrition_info,tell me nutritional info for lettuce,0.9987414479255676
1,1,nutrition_info,nutrition_info,tell me nutritional info for fish,0.9987478256225586
1,1,nutrition_info,nutrition_info,tell me nutritional info for burger,0.9986581802368164
1,1,nutrition_info,nutrition_info,tell me nutritional info for beans,0.9987051486968994
1,1,nutrition_info,nutrition_info,how healthy is blueberrys,0.974150538444519
1,1,nutrition_info,nutrition_info,how healthy is tacos,0.9850907325744629
1,1,nutrition_info,nutrition_info,how healthy is mcdonalds,0.9611655473709106
1,1,nutrition_info,nutrition_info,how healthy is a cheeseburger,0.9537411332130432
1,1,nutrition_info,nutrition_info,how healthy is rice,0.9898537993431091
1,1,nutrition_info,nutrition_info,find the nutrition info for whole milk for me,0.9983693957328796
1,1,nutrition_info,nutrition_info,what are the nutrition facts for greek yogurt,0.9996742010116577
1,1,nutrition_info,nutrition_info,find the nutrition info for ketchup for me,0.9991471767425537
1,1,nutrition_info,nutrition_info,what are the nutrition facts for cucumbers,0.9998451471328735
1,1,nutrition_info,nutrition_info,what are the nutrition facts for apple sauce,0.9996961355209351
1,1,nutrition_info,nutrition_info,what are the nutrition facts for peanut butter,0.9996628761291504
1,1,nutrition_info,nutrition_info,find the nutrition info for bell peppers for me,0.9987697005271912
1,1,nutrition_info,nutrition_info,find the nutrition info for cheese fries for me,0.9992259740829468
1,1,nutrition_info,nutrition_info,find the nutrition info for cucumbers for me,0.9991463422775269
1,1,nutrition_info,nutrition_info,what are the nutrition facts for carrots,0.9997321963310242
1,1,nutrition_info,nutrition_info,please give me the nutritional information for an egg,0.9986585378646851
1,1,nutrition_info,nutrition_info,what's the nutrition info for a pound of chicken,0.9998177886009216
1,1,nutrition_info,nutrition_info,tell me the nutrition info for a cup of milk,0.9991928935050964
1,1,nutrition_info,nutrition_info,what's the nutrition info for a cucumber,0.9997634291648865
1,1,nutrition_info,nutrition_info,give me the nutritional details for a cup of yogurt,0.9981693029403687
1,1,nutrition_info,nutrition_info,i need the nutrition facts for ramen,0.9994333386421204
1,1,nutrition_info,nutrition_info,tell me the nutrition facts for shepherd's pie,0.9996389150619507
1,1,nutrition_info,nutrition_info,i would like nutrition facts for spaghetti carbonara,0.9977396726608276
1,1,nutrition_info,nutrition_info,tell me spaghetti bolognese's nutrition facts,0.9984111785888672
1,1,nutrition_info,nutrition_info,i want the nutrition facts for buttered spaghetti,0.9991971850395203
60,60,calendar,calendar,do i have my nephew's birthday marked for november 10th,0.7851702570915222
60,60,calendar,calendar,do i have any appoints set for my calendar april 3rd,0.9933537244796753
60,37,calendar,last_maintenance,did i set march 10th as my doctor's appointment,0.22995483875274658
60,60,calendar,calendar,do i have any appointments on my calendar march 22nd,0.99845290184021
60,60,calendar,calendar,did i set a day on my calendar for voting in the next election,0.997519314289093
60,60,calendar,calendar,did i mark the mechanic's appointment on my calendar,0.9138349294662476
60,60,calendar,calendar,do i have any calendars set for may 12th,0.9125750660896301
60,60,calendar,calendar,what day did i set on my calendar for the first day of school,0.948527455329895
60,60,calendar,calendar,is anything on my calendar for june 22nd,0.9520941376686096
60,60,calendar,calendar,what do i have going on on my calendar for march 18th,0.9999350309371948
60,19,calendar,meeting_schedule,is my meeting with frank on my calendar,0.8858910799026489
60,60,calendar,calendar,what do i have planned for 3/5,0.9603655934333801
60,105,calendar,calendar_update,have i gotten around to adding the bike ride to my calendar yet,0.9580021500587463
60,60,calendar,calendar,what events do i have going on on march 11th,0.9500982165336609
60,37,calendar,last_maintenance,i can't remember if i added the fun run to my calendar yet; did i,0.3478989005088806
60,105,calendar,calendar_update,have i added my doctor's appointment to my calendar,0.9850664138793945
60,60,calendar,calendar,do i have calendar events on march 19th,0.9979704022407532
60,60,calendar,calendar,read my calendar for march 7th,0.9992669224739075
60,60,calendar,calendar,do i have any items on my calendar for march 21st,0.9995928406715393
60,60,calendar,calendar,do i have any calendar entries for march 8th,0.9953913688659668
60,60,calendar,calendar,tell me what's on my calendar for march 22nd,0.9997087121009827
60,105,calendar,calendar_update,is the marathon on friday added to my calendar,0.9783927202224731
60,60,calendar,calendar,what's on my calendar for march 20th,0.999040424823761
60,60,calendar,calendar,what's on my calendar on march 10th,0.9985266923904419
60,60,calendar,calendar,"check my calendar for me, please",0.9934424161911011
60,60,calendar,calendar,is event on my calendar,0.7169104218482971
60,105,calendar,calendar_update,retrieve events on my calendar,0.5822490453720093
60,60,calendar,calendar,is bowling on my calendar,0.7345832586288452
60,18,calendar,schedule_meeting,on tuesday you are supposed to have a meeting,0.9812612533569336
60,105,calendar,calendar_update,you have yo go to school on calendar,0.7922764420509338
39,39,uber,uber,"i'd like an uber for 6 people, going to walmart",0.9999610185623169
39,39,uber,uber,can you get me an uber to disney world,0.9999868869781494
39,39,uber,uber,get me an uber for 3 people uptown,0.9999258518218994
39,39,uber,uber,i need to go downtown with 2 people; can you get me an uber,0.9997982382774353
39,39,uber,uber,i'm going to need to book an uber to universal studios,0.9999837875366211
39,39,uber,uber,i need to get four people to red lobster; can you order me an uber,0.9994091987609863
39,39,uber,uber,i'm going to need an uber for 4 people to go to patty's bar,0.9999630451202393
39,39,uber,uber,i need to get to the staples center; can you call me an uber,0.9998512268066406
39,39,uber,uber,find me an uber to the liberty bell,0.9987205266952515
39,39,uber,uber,i need an uber to madison square garden,0.9999818801879883
39,39,uber,uber,i need an uber to get to the bank,0.9998631477355957
39,39,uber,uber,can i get an uber to drive me to the movies,0.9999926090240479
39,39,uber,uber,contact uber and have them pick me up,0.9944532513618469
39,39,uber,uber,can i take an uber to the statue of liberty,0.9999104738235474
39,39,uber,uber,i need an uber for 5 to go to the concerthall,0.9999737739562988
39,39,uber,uber,get a uber for two to go to a romantic dinner at mcdonalds,0.9924599528312683
39,39,uber,uber,please call an uber for 6 people to go to amazon's southside warehouse,0.9998902082443237
39,39,uber,uber,find me an uber and get it here,0.9994356036186218
39,39,uber,uber,is there an uber that drives to the bank on 5th that can hold 3 people,0.9997459053993225
39,39,uber,uber,we'd like an uber for 4 to take us to the olive garden,0.9999529123306274
39,39,uber,uber,i want an uber for one person to go to bank of america,0.9998629093170166
39,39,uber,uber,can i get an uber for 2 to go to austin,0.9999884366989136
39,39,uber,uber,call me an uber please,0.9999250173568726
39,39,uber,uber,is it possible to take an uber to burger king,0.9999861717224121
39,39,uber,uber,book me an uber for a party of 5 to the salvage yard off maple,0.9997957348823547
39,39,uber,uber,i need an uber for 5 people to go to the statue of liberty,0.9999253749847412
39,39,uber,uber,i want an uber to take me to walmart,0.9999715089797974
39,39,uber,uber,have an uber sent to take me to the courthouse,0.9999626874923706
39,39,uber,uber,call an uber to take a group of 4 from this bar to the one on maple st,0.9996098875999451
39,39,uber,uber,i'm too drunk to drive and need an uber home,0.9999097585678101
138,138,calculator,calculator,what is 300 divided by 42,0.999685525894165
138,138,calculator,calculator,what is 400 times 2,0.999656081199646
138,138,calculator,calculator,"what is the average of 54, 23, 43, 12, and 442",0.49980536103248596
138,138,calculator,calculator,add 45 to 87 plus 54 plus 43 plus 22,0.7973361015319824
138,138,calculator,calculator,what is 48 multiplied by 4 divided by 2,0.9998376369476318
138,138,calculator,calculator,"what is 25% of $54,788",0.7386176586151123
138,138,calculator,calculator,what is the square root of 95,0.9987539052963257
138,138,calculator,calculator,what is 1100 minus 2347,0.4659445285797119
138,138,calculator,calculator,tell me what 1875 plus 3459 equals,0.9280256032943726
138,138,calculator,calculator,tell me the answer to 1000 divided by 40,0.991105854511261
138,138,calculator,calculator,what is 1000 plus 745,0.9920006990432739
138,138,calculator,calculator,i need to know the answer to 10000 multiplied by 44,0.29084429144859314
138,138,calculator,calculator,what is 100 multiplied by 55,0.9271096587181091
138,42,calculator,oos,what's 15% of 68,0.2757934033870697
138,138,calculator,calculator,what's 47 times 83,0.9876360297203064
138,138,calculator,calculator,"if something is 15% off $35, how much is it",0.9352709650993347
138,138,calculator,calculator,how many times can 3 be divided into 1253,0.9948616623878479
138,138,calculator,calculator,divide 100 by 12,0.970838189125061
138,138,calculator,calculator,find square root of 453,0.9505685567855835
138,138,calculator,calculator,what is 1243 times 45,0.9994377493858337
138,138,calculator,calculator,find the square root of 1243435,0.9701093435287476
138,138,calculator,calculator,what is the square root of 36,0.9991511106491089
138,138,calculator,calculator,what is 592 minus 124,0.46594494581222534
138,138,calculator,calculator,i need to know what 25 times 38 is,0.9970447421073914
138,138,calculator,calculator,can you calculate the square root of 172,0.9915366172790527
138,71,calculator,spending_history,i bought 6 shirts at $499 each what was my total expenditure for them,0.2242448329925537
138,38,calculator,exchange_rate,i spent 34 dollars for 12 gallons of paint what is the average price for each gallon,0.318888396024704
138,138,calculator,calculator,what is the sum of eleven and ten,0.6577430963516235
138,138,calculator,calculator,what is the solution to sixty times thirty,0.9803942441940308
138,138,calculator,calculator,how do i ask the ai to help me with math problem,0.9976744055747986
95,95,date,date,date please,0.4839968979358673
95,95,date,date,what is the current day,0.8086233139038086
95,95,date,date,which day is it now,0.8247352242469788
95,95,date,date,what's the name of the day today,0.8343831896781921
95,95,date,date,what is the day now,0.8085053563117981
95,95,date,date,what day are we in,0.4336141347885132
95,95,date,date,tell me what tomorrow's date is,0.999406099319458
95,95,date,date,please tell me what the date is tomorrow,0.9994803071022034
95,95,date,date,let me know what tomorrow's date is,0.9987394213676453
95,95,date,date,let me know the date tomorrow,0.9957258701324463
95,95,date,date,i need to know tomorrow's date,0.9902965426445007
95,95,date,date,please tell me what today is,0.9398619532585144
95,95,date,date,"tell me the date, please",0.43941986560821533
95,95,date,date,tell me the date 5 days from now,0.9910436868667603
95,95,date,date,tell me what the date will be in 5 days,0.9966668486595154
95,95,date,date,what is the date in 5 days,0.9981018900871277
95,95,date,date,"in 5 days from today, what will the date be",0.9989036321640015
95,95,date,date,what would the date be 5 days from today,0.9981189370155334
95,95,date,date,what day it today,0.9836666584014893
95,60,date,calendar,what will tomorrow be on the calendar,0.4924546778202057
95,95,date,date,what date will it be tomorrow,0.9906972646713257
95,95,date,date,what date is it tomorrow,0.9988263249397278
95,95,date,date,what is the date of tomorrow,0.9941470623016357
95,95,date,date,what's tomorrow's date,0.9973280429840088
95,95,date,date,what's the date today,0.9989981055259705
95,95,date,date,give me today's date,0.9964685440063477
95,95,date,date,tell me today's date,0.9979559183120728
95,95,date,date,what's the date,0.9948657155036926
95,95,date,date,today is which day of the week,0.9197972416877747
95,95,date,date,today is what day of the week,0.9642578959465027
62,62,carry_on,carry_on,what restrictions do they have for carry-on,0.9950984120368958
62,62,carry_on,carry_on,ist all carry-on restrictions applicable to my flight,0.9767847657203674
62,42,carry_on,oos,what are the size limits regarding-carry on bags,0.8420921564102173
62,62,carry_on,carry_on,how many bags can i carry-on,0.9992985725402832
62,41,carry_on,credit_limit,can i bring perfume on the plane or what is the size limit,0.8915026783943176
62,115,carry_on,what_can_i_ask_you,what are the rules for traveling with toothpaste,0.6172657012939453
62,62,carry_on,carry_on,can i bring suntan lotion in my carry on,0.999572217464447
62,74,carry_on,insurance,can i fly with my razors or are there restrictions,0.1325053870677948
62,80,carry_on,flight_status,are there restrictions for carrying lighters in my backpack on a plane,0.10450393706560135
62,62,carry_on,carry_on,how many carry ons can i take on a flight with american airlines to japan,0.9999786615371704
62,62,carry_on,carry_on,how many carry ons can i take on a flight with panam to wales,0.9999774694442749
62,62,carry_on,carry_on,what is the carry-on policy for flights on panam,0.9996364116668701
62,62,carry_on,carry_on,what is the carry-on policy for flights on lufthansa,0.9996367692947388
62,62,carry_on,carry_on,what is the carry-on policy for flights on delta airlines,0.9997126460075378
62,62,carry_on,carry_on,how many carry ons can i take on a flight with southwestern to tampa,0.9999778270721436
62,62,carry_on,carry_on,how many carry ons can i take on a flight with delta to seattle,0.9999830722808838
62,62,carry_on,carry_on,how many carry ons can i take on a flight with united airlines to austin,0.9999784231185913
62,62,carry_on,carry_on,what is the carry-on policy for flights on the airline called jetblue,0.99918133020401
62,62,carry_on,carry_on,i need to know the carry-on rules for southwest,0.9998041987419128
62,62,carry_on,carry_on,tell me the carry-on rules for my flight,0.9917429089546204
62,62,carry_on,carry_on,i am flying to finland and wanna know the carry-on rules,0.9985051155090332
62,62,carry_on,carry_on,what is the carry-on policy for flights on southwest,0.9996479749679565
62,62,carry_on,carry_on,i need to know the the carry-on restrictions for american airlines,0.9998866319656372
62,62,carry_on,carry_on,what is the carry-on policy for flights on transaero,0.9996367692947388
62,62,carry_on,carry_on,what is the carry-on policy for flights on jetblue,0.9996463060379028
62,62,carry_on,carry_on,i gotta know the the carry-on restrictions for american airlines,0.9998511075973511
62,62,carry_on,carry_on,what is the carry-on policy for flights on american airlines,0.9996716976165771
62,62,carry_on,carry_on,i must know the the carry-on restrictions for american airlines,0.9998611211776733
62,62,carry_on,carry_on,i wanna know the carry-on rules for the flight i have,0.9980294108390808
62,62,carry_on,carry_on,tell me the the carry-on restrictions for american airlines,0.9998476505279541
148,148,pto_used,pto_used,how many days did i take off,0.9996387958526611
148,148,pto_used,pto_used,tell me how many days i took off,0.8147224187850952
148,148,pto_used,pto_used,so how many days did i take off sir,0.9995111227035522
148,148,pto_used,pto_used,so how many days did i take off,0.9996774196624756
148,148,pto_used,pto_used,i need to know how many days i toof off,0.670547604560852
148,148,pto_used,pto_used,what is the total number of days that i have taken off work since january,0.9969052672386169
148,148,pto_used,pto_used,how many days off have i taken so far this year,0.9999532699584961
148,148,pto_used,pto_used,i want to know how many days off are listed on my time off sheet that i have taken this year,0.9635121822357178
148,148,pto_used,pto_used,tell me how many days off you see that i have taken so far this year please,0.9992988109588623
148,148,pto_used,pto_used,can you look and see how many days off i have taken so far since january,0.9997976422309875
148,148,pto_used,pto_used,check how many days off i've taken,0.9998170733451843
148,148,pto_used,pto_used,how many hours of pto have i used,0.9998725652694702
148,148,pto_used,pto_used,how much pto is gone,0.5702046751976013
148,148,pto_used,pto_used,see how many days i've taken off so far,0.9997223019599915
148,126,pto_used,pto_balance,how much of my pto is left,0.8539338707923889
148,148,pto_used,pto_used,how much of my pto is gone,0.8250588178634644
148,148,pto_used,pto_used,please let me know how many days i've taken off,0.9993152618408203
148,148,pto_used,pto_used,what is the amount of my taken off days so far,0.9990319013595581
148,148,pto_used,pto_used,i need to know how many days off i have used so far,0.9999591112136841
148,148,pto_used,pto_used,how many days off have i taken until right now,0.9959412813186646
148,148,pto_used,pto_used,notify me how many days off i have used so far,0.9999549388885498
148,148,pto_used,pto_used,tell me how many days off i have taken so far,0.9999129772186279
148,126,pto_used,pto_balance,i want to know how many days off i have utilized until now,0.6424722671508789
148,148,pto_used,pto_used,how much so far pto have i used,0.9999258518218994
148,148,pto_used,pto_used,i have used how much pto so far,0.999757707118988
148,148,pto_used,pto_used,pto i have used so far is how much,0.9981033802032471
148,148,pto_used,pto_used,pto so far i have used is how much,0.998016357421875
148,148,pto_used,pto_used,so far how much pto have i used,0.9999207258224487
148,148,pto_used,pto_used,how many vacation days i have used,0.9966018199920654
148,148,pto_used,pto_used,i want to know how many vacation days i have used,0.9931364059448242
131,131,schedule_maintenance,schedule_maintenance,can you see if i can make an appointment to have my oil changed,0.9962543249130249
131,123,schedule_maintenance,oil_change_when,find out the next available date and time i can go to get my oil changed please,0.9594017863273621
131,123,schedule_maintenance,oil_change_when,can you let me know the next open slot for me to get my oil changed,0.858142077922821
131,131,schedule_maintenance,schedule_maintenance,"i need to make an appointment for an oil change, please",0.9996001124382019
131,123,schedule_maintenance,oil_change_when,what is the next date for which i can get an oil change appointment,0.9896295666694641
131,131,schedule_maintenance,schedule_maintenance,i need a aaa service place to make an appointment for my tires to be assessed,0.9595757126808167
131,131,schedule_maintenance,schedule_maintenance,my auto tires need to be checked out so where can i get an appointment,0.9727134704589844
131,131,schedule_maintenance,schedule_maintenance,where can i go to have my tires checked out,0.8027662038803101
131,131,schedule_maintenance,schedule_maintenance,i need an appointment for someone to check out my check engine light being on,0.998820960521698
131,131,schedule_maintenance,schedule_maintenance,my check engine light is on so is anyone available to check it out for me,0.9975021481513977
131,131,schedule_maintenance,schedule_maintenance,can someone take a look at my car because the check engine light is on,0.9994056224822998
131,131,schedule_maintenance,schedule_maintenance,do you have time today for someone to look at my car because the check engine light is on,0.6032045483589172
131,131,schedule_maintenance,schedule_maintenance,find a place near me to have my tires inspected,0.8449880480766296
131,131,schedule_maintenance,schedule_maintenance,where can i get a appointment for a tire check for the car,0.9918370842933655
131,131,schedule_maintenance,schedule_maintenance,i need to bring my car in because the check engine light is staying lit,0.9987899661064148
131,131,schedule_maintenance,schedule_maintenance,can i get someone to check my check engine light,0.9987181425094604
131,131,schedule_maintenance,schedule_maintenance,can someone tell me why my check engine light is on,0.9974855184555054
131,131,schedule_maintenance,schedule_maintenance,"my check engine light is on, i need someone to look at it",0.9975317716598511
131,131,schedule_maintenance,schedule_maintenance,can someone look at my check engine light,0.9987630844116211
131,131,schedule_maintenance,schedule_maintenance,my check engine light is on and i need someone to look at it,0.9985218644142151
131,131,schedule_maintenance,schedule_maintenance,will someone please look at my check engine light that is on,0.996570348739624
131,131,schedule_maintenance,schedule_maintenance,can someone look at my check engine light that's on,0.9971057772636414
131,131,schedule_maintenance,schedule_maintenance,could someone look at my check engine light that's on,0.9962890148162842
131,131,schedule_maintenance,schedule_maintenance,can i get someone to look at my check engine light that is on,0.9991673231124878
131,131,schedule_maintenance,schedule_maintenance,should i schedule a car maintenance,0.999870777130127
131,131,schedule_maintenance,schedule_maintenance,should i go to a car maintenance,0.9665027856826782
131,131,schedule_maintenance,schedule_maintenance,should i call a car maintenance,0.8895230293273926
131,131,schedule_maintenance,schedule_maintenance,may i schedule a car maintenance,0.9998995065689087
131,131,schedule_maintenance,schedule_maintenance,should i take my car to a maintenance,0.8695940971374512
131,131,schedule_maintenance,schedule_maintenance,can i make a car maintenance appointment,0.9984134435653687
146,146,travel_notification,travel_notification,i will be traveling to lima alert my bank,0.994933545589447
146,146,travel_notification,travel_notification,assure my bank i really am going to california,0.9862684011459351
146,146,travel_notification,travel_notification,please tell my bank i'm traveling to mexico between next wednesday for a week after,0.9925570487976074
146,146,travel_notification,travel_notification,please inform my bank i'll be vacationing in the bahamas in a couple of days,0.9118701219558716
146,146,travel_notification,travel_notification,"i'm going to be in mexico from thursday to friday, so can you let my bank know",0.9999362230300903
146,146,travel_notification,travel_notification,please kindly inform my bank i'm going to be in canada from next week to two weeks after,0.9999210834503174
146,146,travel_notification,travel_notification,"let my bank know i'll be in ireland from may 01, 2019 to august 02, 2019",0.9996786117553711
146,146,travel_notification,travel_notification,alert my bank i'm checking out seattle for the next month,0.9383618831634521
146,146,travel_notification,travel_notification,i'm going to brazil soon and want to let my bank now,0.9992508292198181
146,146,travel_notification,travel_notification,i'm leaving for montreal tomorrow and need to let my bank know,0.9964184761047363
146,146,travel_notification,travel_notification,inform my bank i'm traveling to australia between february 23rd to february 25th,0.9977315068244934
146,146,travel_notification,travel_notification,please tell my bank i'll be in anchorage this week,0.9838895797729492
146,146,travel_notification,travel_notification,"i need to tell my bank i am, indeed, going to be in london in a few hours",0.9973955154418945
146,146,travel_notification,travel_notification,please alert my bank i'm going to be in the caymans from may 1st to june 2nd,0.9998183846473694
146,146,travel_notification,travel_notification,let my bank know i actually am visiting brazil,0.9788317680358887
146,146,travel_notification,travel_notification,i'll be travelling to russia from april 1 through april 20 and need my financial institute apprised of it,0.4835388660430908
146,146,travel_notification,travel_notification,please alert my bank i'm traveling to europe between april 1st and 5th,0.9928445219993591
146,70,travel_notification,report_fraud,tell my bank's fraud department i'm going to mexico,0.6740056872367859
146,146,travel_notification,travel_notification,please notify my bank i'm going to africa between tomorrow and next tuesday,0.9971582889556885
146,146,travel_notification,travel_notification,tell my bank i'm in canada the entire week of the 6th to the 13th,0.9942618608474731
146,146,travel_notification,travel_notification,inform my bank i'm seeing italy,0.9595750570297241
146,146,travel_notification,travel_notification,can you notify my bank that i will be traveling to mexico between march 1st and 15th,0.9990594983100891
146,146,travel_notification,travel_notification,please let my bank know that i will be visiting spain from june 12th to the 24th,0.9995452761650085
146,146,travel_notification,travel_notification,i need you to make my bank aware that i will be visiting taiwan from the 22nd of february until the 3rd of march,0.9938287138938904
146,146,travel_notification,travel_notification,send a notification to my bank of my travel dates from february 19th to 26th to peru,0.48848918080329895
146,146,travel_notification,travel_notification,alert my bank of my travel to dubai for the dates april 14th through april 22nd,0.9255095720291138
146,146,travel_notification,travel_notification,"from sunday to wednesday, i will be in oakland, so should i call my bank to let them know",0.9832367300987244
146,146,travel_notification,travel_notification,my bank needs to know about my traveling to georgia in europe,0.8295798897743225
146,2,travel_notification,account_blocked,must call my bank about my travel plans,0.754489541053772
146,146,travel_notification,travel_notification,contact bank and let them know about my travel plans,0.432661235332489
130,130,sync_device,sync_device,i want my phone to be disconnected from you,0.9790327548980713
130,130,sync_device,sync_device,i would like for my phone to be synced with you,0.9476494193077087
130,130,sync_device,sync_device,can you connect to my phone,0.9993581175804138
130,130,sync_device,sync_device,i would like for you to unsync my phone,0.9984375834465027
130,130,sync_device,sync_device,i no longer want you to be synced to my phone,0.9974531531333923
130,130,sync_device,sync_device,i do not want my phone synced anymore,0.9812511205673218
130,130,sync_device,sync_device,i want you paired to my phone,0.9965441823005676
130,130,sync_device,sync_device,please sync up with my phone,0.998704195022583
130,130,sync_device,sync_device,can you pair yourself with my phone please,0.9986342787742615
130,130,sync_device,sync_device,can you please disconnect from my phone,0.9998682737350464
130,130,sync_device,sync_device,remove the connection to my phone,0.9991576671600342
130,130,sync_device,sync_device,can you sync up with my phone,0.9977854490280151
130,130,sync_device,sync_device,i want you to connect to my handset,0.5500236749649048
130,130,sync_device,sync_device,pair yourself to my phone if you can,0.993815541267395
130,130,sync_device,sync_device,connect to my device,0.3397676348686218
130,130,sync_device,sync_device,can you link up with my phone,0.9995952248573303
130,130,sync_device,sync_device,can you disconnect yourself from my phone,0.9989997744560242
130,130,sync_device,sync_device,don't be synced to my phone anymore,0.9828420281410217
130,130,sync_device,sync_device,can you get paired to my phone right away,0.9899271726608276
130,130,sync_device,sync_device,i don't want you connected to my phone anymore,0.9970293045043945
130,130,sync_device,sync_device,please get connected to my phone,0.9923730492591858
130,130,sync_device,sync_device,i don't want you synced to my phone anymore,0.9969339370727539
130,130,sync_device,sync_device,sync with my phone please,0.9989907145500183
130,130,sync_device,sync_device,please unsync from my phone right now,0.9999575614929199
130,130,sync_device,sync_device,unsync yourself from my device,0.3936207592487335
130,130,sync_device,sync_device,please connect yourself to my main phone,0.9706281423568726
130,130,sync_device,sync_device,unsync from my phone please,0.9999547004699707
130,130,sync_device,sync_device,don't be connected to my phone anymore,0.9835572242736816
130,130,sync_device,sync_device,disconnect from my device please,0.7145345211029053
130,130,sync_device,sync_device,"alexa, connect to the phone now",0.9364964365959167
124,124,thank_you,thank_you,thank you ever so much for that!,0.9998956918716431
124,124,thank_you,thank_you,you’re the best thanks so much!,0.9940162897109985
124,124,thank_you,thank_you,thanks for helping,0.967416524887085
124,124,thank_you,thank_you,i am grateful for the help,0.9888124465942383
124,124,thank_you,thank_you,thank you for the heip,0.9985515475273132
124,77,thank_you,where_are_you_from,i apprecaite the help from you,0.39720216393470764
124,124,thank_you,thank_you,thanks that was really helpful,0.9688451290130615
124,124,thank_you,thank_you,thank you for your time and trying to help,0.9992376565933228
124,124,thank_you,thank_you,thank you for your assistance,0.9999111890792847
124,124,thank_you,thank_you,thanks for all your help,0.9994658827781677
124,124,thank_you,thank_you,thanks for trying,0.9360623359680176
124,124,thank_you,thank_you,many thank,0.9918248057365417
124,124,thank_you,thank_you,thanks a million,0.9682655334472656
124,124,thank_you,thank_you,thank a bunch,0.9687000513076782
124,107,thank_you,yes,i appeciate it,0.1145714521408081
124,124,thank_you,thank_you,i would like to thank you ai,0.9975312948226929
124,124,thank_you,thank_you,"ai you have given me so much information, thank you",0.9997140765190125
124,124,thank_you,thank_you,thanks so much ai,0.9999583959579468
124,124,thank_you,thank_you,thank you ai for everything you do,0.9928338527679443
124,124,thank_you,thank_you,"ai is a helpful item to have in my home, thank you",0.9760437607765198
124,124,thank_you,thank_you,thank you very much,0.9998059868812561
124,124,thank_you,thank_you,"that answer was very helpful, thanks",0.9917711615562439
124,124,thank_you,thank_you,"great, thanks!",0.9443848729133606
124,124,thank_you,thank_you,thanks for your help!,0.999169111251831
124,124,thank_you,thank_you,thanks so much,0.9999649524688721
124,124,thank_you,thank_you,thanks for that answer,0.988386332988739
124,124,thank_you,thank_you,thank you for that reply,0.9978243112564087
124,124,thank_you,thank_you,thanks for the reply,0.9468990564346313
124,124,thank_you,thank_you,thanks for that response,0.9718977808952332
124,124,thank_you,thank_you,thank you for that response,0.9983331561088562
92,92,roll_dice,roll_dice,how much do you get when you roll an eight sided die,0.9964891672134399
92,92,roll_dice,roll_dice,i need a dice roll for a six sided die,0.9995895028114319
92,92,roll_dice,roll_dice,roll a dice that has seven sides,0.9994220733642578
92,92,roll_dice,roll_dice,roll the five sided die,0.9988312125205994
92,92,roll_dice,roll_dice,what is the result when you roll a four sided die,0.9994686245918274
92,92,roll_dice,roll_dice,roll a fourteen sided dice exactly,0.9998639822006226
92,92,roll_dice,roll_dice,please roll twelve sided dice,0.9998385906219482
92,92,roll_dice,roll_dice,can i have a 2 sided dice,0.9967530369758606
92,92,roll_dice,roll_dice,roll a 9 sided dice,0.9998936653137207
92,92,roll_dice,roll_dice,roll five sided dice,0.9998672008514404
92,92,roll_dice,roll_dice,roll those dice once,0.9997566342353821
92,92,roll_dice,roll_dice,throw a roll of the dice,0.9995676875114441
92,92,roll_dice,roll_dice,make a roll of the dice,0.9993208646774292
92,82,roll_dice,greeting,"ai pick up the dice, then drop it",0.12929947674274445
92,92,roll_dice,roll_dice,ai toss the dice,0.9983416795730591
92,92,roll_dice,roll_dice,ai roll the dice,0.9999679327011108
92,92,roll_dice,roll_dice,ai throw the dice on the table,0.7366212606430054
92,92,roll_dice,roll_dice,"ai shake the dice in a cup, then throw dice on table",0.9414505958557129
92,92,roll_dice,roll_dice,can you roll a four sided die and tell me the result,0.9991915822029114
92,92,roll_dice,roll_dice,roll a six sided die for me and tell me the result,0.9987731575965881
92,92,roll_dice,roll_dice,roll a die please,0.9997647404670715
92,92,roll_dice,roll_dice,can you roll an eight sided die and tell me what it comes up as,0.9931064248085022
92,92,roll_dice,roll_dice,can you simulate a dice roll,0.9996495246887207
92,92,roll_dice,roll_dice,can you roll a ten sided die and tell me the number,0.9993640780448914
92,92,roll_dice,roll_dice,roll a four sided die for me,0.9982494711875916
92,92,roll_dice,roll_dice,simulate rolling a dice and tell me what it lands on,0.9807320237159729
92,92,roll_dice,roll_dice,can you roll a die for me,0.9994992017745972
92,92,roll_dice,roll_dice,can you fake roll a die for me,0.999459445476532
92,92,roll_dice,roll_dice,what's the result of a 10-sided dice roll,0.9981288313865662
92,92,roll_dice,roll_dice,can you roll a 10-sided dice for me,0.9989225268363953
54,54,food_last,food_last,how soon milk expires,0.9842090010643005
54,54,food_last,food_last,when does milk will go bad,0.9911681413650513
54,54,food_last,food_last,how many days milk can be preserved,0.2664176821708679
54,54,food_last,food_last,what is expire of milk,0.8130446672439575
54,54,food_last,food_last,when is the milk date before used,0.5688403844833374
54,54,food_last,food_last,when does the jerky expire,0.8744844198226929
54,54,food_last,food_last,what is the expiration date for honey,0.5093401670455933
54,42,food_last,oos,when is the egg expired,0.4409962594509125
54,54,food_last,food_last,when does the honey expire,0.9006953239440918
54,44,food_last,expiration_date,what is the expiration date for those eg,0.5036454200744629
54,54,food_last,food_last,how long can i freeze tofu before it goes bad,0.9852865934371948
54,54,food_last,food_last,how much time do i have to keep tofu in the freezer before it goes bad,0.9955666661262512
54,54,food_last,food_last,when will tofu expire if i keep it in the freezer,0.9995136260986328
54,54,food_last,food_last,how long will tofu last in the freezer before it expires,0.9993976354598999
54,54,food_last,food_last,does tofu last long in the freezer before it goes bad,0.9991611242294312
54,54,food_last,food_last,how many days later is it okay to eat curry that was in the fridge,0.997628390789032
54,54,food_last,food_last,within what time is is fine to eat cooked tilapia kept in the fridge,0.9913381338119507
54,54,food_last,food_last,what is the most amount of time that is considered safe to store uncooked chicken in the fridge,0.9785453081130981
54,54,food_last,food_last,what length of time is safe for consuming leftover meatloaf stored in the fridge,0.9898383617401123
54,54,food_last,food_last,what is the longest i can leave meatballs in sauce in the freezer before it is no longer safe to eat,0.9974843263626099
54,54,food_last,food_last,can i store bread in the freezer indefinitely and it will still be okay,0.9980023503303528
54,54,food_last,food_last,after how much time is it still safe to drink milk that is in the fridge,0.9996148347854614
54,54,food_last,food_last,what is the most time i can keep a burrito frozen for before it's no good to eat,0.9673780202865601
54,54,food_last,food_last,roughly how long can i leave bananas in the freezer before i have to throw them out,0.9994462132453918
54,54,food_last,food_last,how long does chicken curry last in the freezer before it's spoiled,0.9994858503341675
54,54,food_last,food_last,milk can stay in my fridge for how long,0.9998063445091248
54,54,food_last,food_last,milk will go bad in my fridge when,0.9995877146720886
54,54,food_last,food_last,what is the amount of time to keep milk refrigerated,0.6232438087463379
54,54,food_last,food_last,tell me how long milk stays good in the fridge,0.999862551689148
54,54,food_last,food_last,how long can i keep milk in the fridge,0.9999786615371704
86,86,cook_time,cook_time,how long to grill thick steaks,0.4913216233253479
86,86,cook_time,cook_time,how long does pizza take,0.996747612953186
86,86,cook_time,cook_time,lasagna takes how long to cook,0.9987804293632507
86,86,cook_time,cook_time,bake time for brownies,0.6857770085334778
86,86,cook_time,cook_time,how many minutes are involved in the preparation of curry,0.41127467155456543
86,86,cook_time,cook_time,what's the preparation time for this dish,0.9813657999038696
86,86,cook_time,cook_time,what is the proper cooking time for this,0.9013803601264954
86,86,cook_time,cook_time,how long do i cook this for,0.9992839694023132
86,86,cook_time,cook_time,look up recipe time for this,0.9629588723182678
86,86,cook_time,cook_time,how many minutes should i put meal the cake in the oven,0.9934879541397095
86,86,cook_time,cook_time,what's the average cooking time for cooking wings,0.9828556180000305
86,32,cook_time,timer,how many minutes should i set an alarm for this bake,0.49660035967826843
86,46,cook_time,meal_suggestion,when can i expect meal of salmon to be finished,0.4439041316509247
86,86,cook_time,cook_time,how long does it take to cook meal of tuscan,0.9983592629432678
86,86,cook_time,cook_time,tell me how long it will take to prepare a lasagna,0.8975261449813843
86,86,cook_time,cook_time,i want to cook a lasagna please tell me how long it will take,0.9908608198165894
86,86,cook_time,cook_time,how long will it take to cook a lasagna,0.9982874989509583
86,86,cook_time,cook_time,can you tell me how long it will take to cook a lasagna,0.9971175193786621
86,86,cook_time,cook_time,how long does it take to prepare a lasagna,0.9776186943054199
86,86,cook_time,cook_time,how long do i need to cook chicken,0.9996507167816162
86,86,cook_time,cook_time,how long should i boil eggs,0.9713430404663086
86,86,cook_time,cook_time,how long should i bake a cake,0.9989007711410522
86,86,cook_time,cook_time,how long does it take to cook steaks,0.9966669678688049
86,86,cook_time,cook_time,how long does it take to bake a cake,0.9903810620307922
86,86,cook_time,cook_time,how long should i cook the cookie dough,0.9995287656784058
86,86,cook_time,cook_time,how long should i cook my turkey,0.9937170743942261
86,86,cook_time,cook_time,how long do i boil eggs,0.6579901576042175
86,86,cook_time,cook_time,how long does it take to make mashed potatoes,0.9985328912734985
86,86,cook_time,cook_time,how long will it take to make an omelet,0.9975130558013916
86,86,cook_time,cook_time,what are the minutes needed to cook the meal,0.5187023282051086
53,111,reminder_update,pay_bill,i want to be reminded to pay the electric bill,0.9161168336868286
53,53,reminder_update,reminder_update,don't forget to tell me to call my mother,0.410663366317749
53,8,reminder_update,gas_type,remind me to put gas in my car,0.9327810406684875
53,53,reminder_update,reminder_update,set a reminder to buy bread,0.9990552067756653
53,53,reminder_update,reminder_update,make a reminder to pay the mortgage,0.9999179840087891
53,53,reminder_update,reminder_update,create a reminder to wash the dishes,0.9970888495445251
53,53,reminder_update,reminder_update,create a reminder to change my oil,0.856755793094635
53,53,reminder_update,reminder_update,set a reminder for when the turkey is finished cooking,0.9937393665313721
53,53,reminder_update,reminder_update,make a reminder to pay my cable bill today,0.8467678427696228
53,53,reminder_update,reminder_update,i need a reminder to give the dog his medicine at ten tonight,0.9987322688102722
53,25,reminder_update,make_call,i don't want to forget to call mom,0.99237459897995
53,53,reminder_update,reminder_update,i need a reminder to wash dishes,0.9952325224876404
53,53,reminder_update,reminder_update,remind me to exercise,0.9875913858413696
53,53,reminder_update,reminder_update,help me to remember to pick up stan later,0.8672561645507812
53,25,reminder_update,make_call,tell me later to call bill,0.8298757076263428
53,53,reminder_update,reminder_update,i need to be reminded to do something,0.9752635955810547
53,53,reminder_update,reminder_update,set up a new reminder to alert me when it's time to put the trash out,0.9831171035766602
53,53,reminder_update,reminder_update,can you remind me to finish a task,0.9510741233825684
53,53,reminder_update,reminder_update,please set up a reminder for me,0.9733365774154663
53,53,reminder_update,reminder_update,i would like you to remind me to do something,0.9885469675064087
53,53,reminder_update,reminder_update,i need a reminder to take dinner out of the oven,0.9921666383743286
53,53,reminder_update,reminder_update,create a new reminder to study for my final exams,0.9893359541893005
53,53,reminder_update,reminder_update,i need a reminder to alert me to wish my mom a happy birthday,0.9941523671150208
53,53,reminder_update,reminder_update,are you able to remind me about something,0.8994991183280945
53,53,reminder_update,reminder_update,set up a reminder so i don't forget the baby shower this weekend,0.9930106997489929
53,53,reminder_update,reminder_update,set a reminder for me to let the plumber in tomorrow,0.999466598033905
53,53,reminder_update,reminder_update,i need to set a reminder to call lisa for her birthday,0.9991527795791626
53,53,reminder_update,reminder_update,i would like to set a reminder to bring the plants in tonight,0.9988692402839661
53,53,reminder_update,reminder_update,can you set a reminder alarm for me to workout,0.7723029851913452
53,53,reminder_update,reminder_update,please set a reminder for me to put the clothes in the dryer,0.9792042970657349
12,12,report_lost_card,report_lost_card,i need to tell you about my lost card,0.9954065084457397
12,12,report_lost_card,report_lost_card,"i lost my card, what do i do next",0.9957677125930786
12,12,report_lost_card,report_lost_card,"i have lost my card, what am i supposed to do",0.9620595574378967
12,12,report_lost_card,report_lost_card,where do i report that my card was lost,0.9991687536239624
12,12,report_lost_card,report_lost_card,who do i speak with about my card that was lost,0.9871676564216614
12,12,report_lost_card,report_lost_card,please help me report my lost card,0.9999405145645142
12,12,report_lost_card,report_lost_card,set up a report for a lost card,0.9682669639587402
12,12,report_lost_card,report_lost_card,can you report a lost card for me,0.9996473789215088
12,12,report_lost_card,report_lost_card,i lost my card and need to report it,0.9998595714569092
12,12,report_lost_card,report_lost_card,what is the process for reporting my card as lost,0.9702592492103577
12,70,report_lost_card,report_fraud,someone used my chase card without my authorization,0.6349746584892273
12,12,report_lost_card,report_lost_card,can you tell me how to report a card lost,0.9990947246551514
12,12,report_lost_card,report_lost_card,please tell me how to go about reporting a lost card,0.7866898775100708
12,12,report_lost_card,report_lost_card,search steps for how to report a card lost,0.9989722967147827
12,12,report_lost_card,report_lost_card,i need to to know how to report a lost card,0.9990295171737671
12,41,report_lost_card,credit_limit,my bank of america visa platinum was swiped from my belongings,0.17029419541358948
12,12,report_lost_card,report_lost_card,who do i call to report my card as lost,0.999761164188385
12,12,report_lost_card,report_lost_card,what should i do if i need to report my card lost,0.9998824596405029
12,70,report_lost_card,report_fraud,my capital one visa was taken without permission,0.3683912754058838
12,87,report_lost_card,damaged_card,i need to report that someone ran off with my td bank card earlier,0.9222851991653442
12,12,report_lost_card,report_lost_card,what steps do i need to take to report a card lost,0.999700665473938
12,12,report_lost_card,report_lost_card,i would like to report my american express card stolen,0.9998440742492676
12,12,report_lost_card,report_lost_card,how do i report that i lost my card,0.9998596906661987
12,12,report_lost_card,report_lost_card,how do i report that i actually lost my card,0.999853253364563
12,12,report_lost_card,report_lost_card,how do i report that i lost the card,0.999160885810852
12,12,report_lost_card,report_lost_card,how do i report my very lost card,0.9998666048049927
12,12,report_lost_card,report_lost_card,how do i report the card as lost,0.9998742341995239
12,12,report_lost_card,report_lost_card,"lost report card, need new one",0.9867521524429321
12,12,report_lost_card,report_lost_card,my report card was stolen,0.9984253644943237
12,12,report_lost_card,report_lost_card,my report card was lost help!,0.9978252649307251
134,134,ingredient_substitution,ingredient_substitution,can i swap chili for sloppy joe mix in the recipe,0.9404317736625671
134,134,ingredient_substitution,ingredient_substitution,can i use sugar instead of salt,0.99996018409729
134,134,ingredient_substitution,ingredient_substitution,can i use apples instead of oranges in this recipe,0.9919816851615906
134,134,ingredient_substitution,ingredient_substitution,can i use skim milk instead of 2% in the recipe,0.999627947807312
134,134,ingredient_substitution,ingredient_substitution,is it ok to use bananas instead of oranges in the recipe,0.9757285714149475
134,134,ingredient_substitution,ingredient_substitution,can i use lettuce instead of rice,0.9986603260040283
134,134,ingredient_substitution,ingredient_substitution,will peas work instead of carrots,0.3951076567173004
134,134,ingredient_substitution,ingredient_substitution,is it possible to use baking soda instead of flour,0.9987778067588806
134,134,ingredient_substitution,ingredient_substitution,can i just use oil instead of vinegar,0.9950803518295288
134,134,ingredient_substitution,ingredient_substitution,can i use mayo instead of miracle whip,0.9973949193954468
134,134,ingredient_substitution,ingredient_substitution,will this recipe still be good if i use milk instead of eggs,0.96875
134,134,ingredient_substitution,ingredient_substitution,can i use oil instead of vinegar,0.9989848732948303
134,134,ingredient_substitution,ingredient_substitution,can i sub bacon for ham,0.9836560487747192
134,134,ingredient_substitution,ingredient_substitution,can i use pasta sauce instead of tomato paste,0.995739221572876
134,134,ingredient_substitution,ingredient_substitution,can i use regular olive oil instead of virgin,0.9996826648712158
134,134,ingredient_substitution,ingredient_substitution,is it possible to use starch instead of flour,0.9926040768623352
134,134,ingredient_substitution,ingredient_substitution,is it okay to use butter instead of margarine,0.9974372386932373
134,134,ingredient_substitution,ingredient_substitution,will it be ok to sub turkey for beef,0.8213597536087036
134,134,ingredient_substitution,ingredient_substitution,can i use butter instead of margarine,0.9995241165161133
134,134,ingredient_substitution,ingredient_substitution,is it okay to use applesauce instead of oil,0.9617573022842407
134,134,ingredient_substitution,ingredient_substitution,"if i use applesauce instead of oil, will that mess it up",0.8913155198097229
134,134,ingredient_substitution,ingredient_substitution,can i swap applesauce for oil,0.9888432025909424
134,134,ingredient_substitution,ingredient_substitution,is it alright to switch applesauce for oil,0.7381246089935303
134,134,ingredient_substitution,ingredient_substitution,will it still work if i use applesauce instead of oil,0.994041383266449
134,134,ingredient_substitution,ingredient_substitution,would it be ok to use butter instead of oil,0.9918856620788574
134,134,ingredient_substitution,ingredient_substitution,is it ok to use oil spray instead of canola oil,0.9002053141593933
134,134,ingredient_substitution,ingredient_substitution,could steak be used instead of chicken,0.8336515426635742
134,134,ingredient_substitution,ingredient_substitution,can i substitute butter for oil,0.9998868703842163
134,134,ingredient_substitution,ingredient_substitution,can i use red onions instead of white,0.9988137483596802
134,134,ingredient_substitution,ingredient_substitution,can i get peppers instead of onions,0.8119837045669556
25,25,make_call,make_call,i need to call my dad,0.9175730347633362
25,25,make_call,make_call,i need to call my friend,0.9709877371788025
25,25,make_call,make_call,i need to call my coworker,0.9488809108734131
25,25,make_call,make_call,i need to call my mom,0.9768120646476746
25,25,make_call,make_call,i need to call my boss,0.898311197757721
25,25,make_call,make_call,i need you to call the phone company for me,0.9966602325439453
25,25,make_call,make_call,make a call for me to the vet,0.9136925935745239
25,25,make_call,make_call,dial up dominos pizza,0.7686870098114014
25,25,make_call,make_call,call my doctor,0.9732874631881714
25,130,make_call,sync_device,get mom on the phone,0.6083214282989502
25,25,make_call,make_call,please make a call to stefan larson,0.9851476550102234
25,25,make_call,make_call,use phone to call alexa,0.9994574189186096
25,25,make_call,make_call,"computer, call alexa",0.9983804225921631
25,25,make_call,make_call,"computer, place a call to alexa",0.9959028363227844
25,25,make_call,make_call,can you call alexa,0.998781144618988
25,25,make_call,make_call,call alexa at home,0.9892325401306152
25,25,make_call,make_call,i would like to make a call to sal,0.9950627684593201
25,25,make_call,make_call,i would like to make a phone call,0.9997277855873108
25,25,make_call,make_call,can i make a phone call,0.9997133612632751
25,25,make_call,make_call,i need to make a call,0.9982024431228638
25,25,make_call,make_call,i need you to phone sal,0.6181860566139221
25,25,make_call,make_call,i need to call sal,0.9986132383346558
25,25,make_call,make_call,i have to make a phone call,0.9997521042823792
25,25,make_call,make_call,i have to use the phone to make a call,0.9979390501976013
25,25,make_call,make_call,could you call sal,0.997198224067688
25,25,make_call,make_call,call sal,0.9985417127609253
25,144,make_call,change_user_name,x needs to be called by me,0.5195456743240356
25,25,make_call,make_call,call to mom,0.9977160692214966
25,25,make_call,make_call,call mom,0.999383807182312
25,25,make_call,make_call,dial her up,0.8491724729537964
83,83,alarm,alarm,i want to set an alarm,0.9996825456619263
83,83,alarm,alarm,set an alarm for 6 am tomorrow,0.9998739957809448
83,83,alarm,alarm,set an alarm for 8 tomorrow,0.9999023675918579
83,83,alarm,alarm,please set an alarm,0.9997830986976624
83,83,alarm,alarm,i'd love to set an alarm,0.9994226694107056
83,83,alarm,alarm,i would like to have an alarm set for me,0.9996163845062256
83,83,alarm,alarm,i want an alarm set,0.9996637105941772
83,83,alarm,alarm,i need to set an alarm,0.9996284246444702
83,83,alarm,alarm,set an alarm for ten tomorrow,0.9998737573623657
83,83,alarm,alarm,set an alarm for 11 tomorrow,0.9998873472213745
83,83,alarm,alarm,i want an alarm for 6 am,0.9998321533203125
83,83,alarm,alarm,set an alarm for me,0.9998577833175659
83,83,alarm,alarm,i wanna have an alarm,0.9972568154335022
83,83,alarm,alarm,i need an alarm set now,0.9995001554489136
83,83,alarm,alarm,set an alarm for 9 tomorrow,0.9999213218688965
83,83,alarm,alarm,don't forget to set an alarm for noon,0.9959850311279297
83,83,alarm,alarm,can you set the alarm for noon,0.9998522996902466
83,144,alarm,change_user_name,i need to up by noon,0.29517918825149536
83,83,alarm,alarm,can you wake me up at noon,0.817359209060669
83,83,alarm,alarm,set alarm for noon,0.9998250603675842
83,83,alarm,alarm,wake me up with an alarm at 6am,0.9998939037322998
83,83,alarm,alarm,help me wake up with an alarm at 5:30am,0.9996448755264282
83,83,alarm,alarm,set an alarm to wake me up at 5:30am,0.9981372356414795
83,83,alarm,alarm,set an alarm for 5am,0.9998548030853271
83,83,alarm,alarm,please set the alarm,0.9995537400245667
83,83,alarm,alarm,please make sure the alarm is set,0.9985619187355042
83,83,alarm,alarm,could you set the alarm,0.9991154074668884
83,83,alarm,alarm,set the alarm now,0.999470055103302
83,83,alarm,alarm,can you set an alarm,0.9996442794799805
83,83,alarm,alarm,i need an alarm,0.9989209175109863
48,48,todo_list,todo_list,what's on my todo list,0.9823732376098633
48,48,todo_list,todo_list,let me hear my todo list,0.9870920181274414
48,48,todo_list,todo_list,"did i add ""cleaning the foyer"" to my todo list yet",0.9886825680732727
48,48,todo_list,todo_list,did i put grocery shopping on my todo list,0.929770827293396
48,48,todo_list,todo_list,give me my todo list,0.9739124774932861
48,48,todo_list,todo_list,what things are on my todo list,0.9985881447792053
48,65,todo_list,todo_list_update,have i told you to add washing dishes to my todo list,0.9986598491668701
48,48,todo_list,todo_list,is laundry on my todo list,0.6036763787269592
48,48,todo_list,todo_list,read my todo list,0.9985609650611877
48,48,todo_list,todo_list,list my todo list items,0.8922790288925171
48,48,todo_list,todo_list,"is ""cleaning the bathroom"" an item on my todo list",0.9814091920852661
48,48,todo_list,todo_list,tell me what's on my todo list,0.9977446794509888
48,48,todo_list,todo_list,read my to-do list items,0.9976039528846741
48,48,todo_list,todo_list,check on my to-do list items,0.9932670593261719
48,48,todo_list,todo_list,check what is on my to-do list,0.9951275587081909
48,48,todo_list,todo_list,what items are on my list of to-dos,0.7509998679161072
48,48,todo_list,todo_list,what is on my to-do list,0.996329128742218
48,48,todo_list,todo_list,what kind of things do i have to do today,0.9402613043785095
48,48,todo_list,todo_list,what's on my todo list for today,0.9970032572746277
48,48,todo_list,todo_list,please tell me my todo list,0.9963154196739197
48,48,todo_list,todo_list,is my todo list possible today,0.9927716851234436
48,48,todo_list,todo_list,i really want to know my todo list again thanks,0.695235013961792
48,48,todo_list,todo_list,is it possible to read my to-do list again,0.987894594669342
48,48,todo_list,todo_list,tell me my to-do list,0.9962322115898132
48,48,todo_list,todo_list,what is my to-do list like today,0.997905969619751
48,48,todo_list,todo_list,list my to-do list,0.9678869247436523
48,48,todo_list,todo_list,give me my to-do list,0.9954745173454285
48,48,todo_list,todo_list,what must i do today,0.7054957151412964
48,65,todo_list,todo_list_update,is make a hair appointment on my todo list right now,0.9489508867263794
48,48,todo_list,todo_list,can you see if paying garbage bill is on my todo list for this week,0.647881269454956
51,51,change_accent,change_accent,change the accent you're using,0.9944032430648804
51,51,change_accent,change_accent,start using a different accent,0.9895896315574646
51,51,change_accent,change_accent,talk to me in a different accent,0.9831017851829529
51,51,change_accent,change_accent,alter your accent,0.9136475324630737
51,51,change_accent,change_accent,change to the female voice,0.9974379539489746
51,51,change_accent,change_accent,i want to hear the female voice from now on,0.9804512858390808
51,51,change_accent,change_accent,i want the male voice,0.9994102716445923
51,51,change_accent,change_accent,could you use the female voice,0.9966170191764832
51,51,change_accent,change_accent,female voice please,0.866615355014801
51,51,change_accent,change_accent,can you switch to the male voice,0.9997143149375916
51,51,change_accent,change_accent,the male voice please,0.9953580498695374
51,51,change_accent,change_accent,could you use the male voice,0.9996659755706787
51,51,change_accent,change_accent,i want the female voice,0.9947199821472168
51,51,change_accent,change_accent,i want you to change your accent,0.9782272577285767
51,51,change_accent,change_accent,would you please switch to the male voice,0.9996942281723022
51,51,change_accent,change_accent,i would like you to change your accent,0.9773918390274048
51,51,change_accent,change_accent,i want you to change to the male voice,0.9996726512908936
51,51,change_accent,change_accent,can you change to the male voice,0.9997531771659851
51,51,change_accent,change_accent,change to girl voice,0.7074506282806396
51,51,change_accent,change_accent,please switch to the girl voice,0.8002265691757202
51,14,change_accent,whisper_mode,change to the females voice please,0.4704665243625641
51,51,change_accent,change_accent,switch voice option to female,0.8280324339866638
51,51,change_accent,change_accent,change voice to female,0.9550157189369202
51,51,change_accent,change_accent,use the female voice,0.9965139031410217
51,88,change_accent,reset_settings,change settings to sound like a female,0.35131946206092834
51,150,change_accent,change_volume,turn to the voice of the woman,0.30344730615615845
51,51,change_accent,change_accent,change to the woman voice,0.7360295653343201
51,51,change_accent,change_accent,"i like the female voice, switch please",0.41234034299850464
51,51,change_accent,change_accent,speak with a male british accent,0.9997486472129822
51,51,change_accent,change_accent,would you change your voice to the male british accent for me,0.9993378520011902
122,122,w2,w2,what site can i get my w2,0.9995602965354919
122,122,w2,w2,where do we get our w2 forms,0.9993245601654053
122,122,w2,w2,where can i get my w2,0.9999302625656128
122,122,w2,w2,where can i get my w2 from,0.9999082088470459
122,122,w2,w2,i would like to know where i can find my w2 for tax reasons,0.9997647404670715
122,122,w2,w2,what steps do i need to take to obtain my w2 for taxes,0.9904156923294067
122,122,w2,w2,what do i do if i need my w2 for my my taxes,0.8478120565414429
122,122,w2,w2,how can i get get a copy of my w2 for tax purposes,0.9990615248680115
122,122,w2,w2,can you tell me the process for obtaining a copy of my w2 for my taxes,0.9601042866706848
122,122,w2,w2,where do i go to get that work tax form thing,0.9961509704589844
122,122,w2,w2,what do i need to do to get that tax form thing from my job,0.92838054895401
122,122,w2,w2,how do i get that tax form from my employer,0.8981258869171143
122,122,w2,w2,where can i find that tax form my employer gives me,0.9937554597854614
122,122,w2,w2,how do i get the form to file my taxes from my employer,0.589270293712616
122,122,w2,w2,where do i look to get a w2,0.999428927898407
122,122,w2,w2,i need a w2 form from,0.9905862212181091
122,122,w2,w2,can you trll me where to get my w2,0.9996451139450073
122,122,w2,w2,i want to get the w-2 form,0.9991876482963562
122,122,w2,w2,i wanna know where to find a w2,0.9988871216773987
122,122,w2,w2,i wanna know where to get my w2,0.9997572302818298
122,122,w2,w2,tell me where to a w2 form,0.9983591437339783
122,122,w2,w2,i must know where to get my w2,0.9997789263725281
122,122,w2,w2,i wanna get my w-2 form,0.9997121691703796
122,77,w2,where_are_you_from,"i need a w2, so where is it",0.457855761051178
122,122,w2,w2,where can i find a w2,0.9996881484985352
122,122,w2,w2,i must get the w-2 form,0.9992781281471252
122,122,w2,w2,help me get w-2 form,0.9991801381111145
122,122,w2,w2,i wanna know where the w2 is,0.9992091059684753
122,122,w2,w2,help me get my w-2 form,0.9997560381889343
122,122,w2,w2,can't find w-2,0.9967904686927795
56,56,bill_due,bill_due,when is my electric bill due by,0.9998761415481567
56,56,bill_due,bill_due,when is my car insurance bill due,0.9999568462371826
56,56,bill_due,bill_due,how long until my water bill is due,0.9999446868896484
56,111,bill_due,pay_bill,what's the latest i can pay my cellular bill,0.43339794874191284
56,56,bill_due,bill_due,what's the due date for my netflix subscription,0.9952608942985535
56,56,bill_due,bill_due,tell me where i can find my exterminator bill's due date,0.9494930505752563
56,56,bill_due,bill_due,how do i locate the due date for my bug bill,0.9999668598175049
56,56,bill_due,bill_due,where can i see the due date for auto loan bill,0.9982542395591736
56,56,bill_due,bill_due,when is my cell phone due,0.9870039820671082
56,56,bill_due,bill_due,i need to know where my due date is for my lawn bill,0.9995243549346924
56,56,bill_due,bill_due,where can i find when my car payment bill is due,0.9999449253082275
56,56,bill_due,bill_due,what's the ultimate day for me to pay the internet bill,0.8918188810348511
56,56,bill_due,bill_due,tell me the last day i can pay my gas bill,0.8810541033744812
56,56,bill_due,bill_due,what's the due date for my comcast bill,0.9998487234115601
56,56,bill_due,bill_due,i need to know when my water bill is due,0.9999856948852539
56,56,bill_due,bill_due,please tell me how to find out when my rent is due,0.997144877910614
56,56,bill_due,bill_due,i need to know when my electricity bill is due,0.9999635219573975
56,56,bill_due,bill_due,can you tell me when my cable bill is due,0.9999434947967529
56,56,bill_due,bill_due,i need to find out how to check the due date for the water bill,0.9998536109924316
56,42,bill_due,oos,when does the current billing cycle end,0.9639838933944702
56,56,bill_due,bill_due,is the bill due today,0.9964818954467773
56,56,bill_due,bill_due,is the bill due,0.9833852052688599
56,56,bill_due,bill_due,when do i have to pay my internet,0.9664557576179504
56,56,bill_due,bill_due,i want to know when the deadline is to pay my car loan,0.9936004877090454
56,56,bill_due,bill_due,tell me when my water bill is due,0.9999834299087524
56,56,bill_due,bill_due,what day of the month do i have to pay my mortgage,0.9791858792304993
56,56,bill_due,bill_due,when is my electricity due date,0.9944149255752563
56,44,bill_due,expiration_date,i need to know the next billing date of my american express card,0.5825393795967102
56,56,bill_due,bill_due,when does my gas bill need paid by,0.9912670254707336
56,56,bill_due,bill_due,when is next month's cable bill due,0.9995811581611633
135,135,calories,calories,number of calories in coke,0.9996654987335205
135,135,calories,calories,what kind of calories do chicken tenders have,0.9966202974319458
135,135,calories,calories,calorie content of dr pepper,0.9421312212944031
135,135,calories,calories,what's the calorie content of chicken nuggets,0.9998742341995239
135,135,calories,calories,how many calories are in hamburgers,0.9996148347854614
135,135,calories,calories,what is the calorie count for this milkshake,0.9990932941436768
135,135,calories,calories,how many calories does an orange have,0.9994140863418579
135,135,calories,calories,what is the total number of calories in this pizza,0.9997604489326477
135,135,calories,calories,how many calories are in a burger,0.9995074272155762
135,135,calories,calories,rolls have how many calories,0.9998214840888977
135,135,calories,calories,what is the calorie content in bananas,0.9998537302017212
135,135,calories,calories,what is the calorie content in peanut butter,0.9995923638343811
135,135,calories,calories,what is the calorie content in french fries,0.9992076754570007
135,135,calories,calories,what is the calorie content in potatoes,0.9998875856399536
135,135,calories,calories,what is the calorie content in spaghetti,0.9998908042907715
135,135,calories,calories,i need to know the calorie content of spaghetti,0.9998762607574463
135,135,calories,calories,how many calories are in a sandwich,0.9995998740196228
135,135,calories,calories,what number of calories are in a pizza,0.9992266893386841
135,135,calories,calories,what is the number of calories in a steak,0.9998681545257568
135,135,calories,calories,how many calories are in a cheeseburger,0.9994751811027527
135,135,calories,calories,can you check the amount of calories in a chicken sandwich,0.9991146922111511
135,135,calories,calories,what is the calorie count of a burrito,0.9998465776443481
135,135,calories,calories,"calorie check, cheese burger",0.7500177025794983
135,135,calories,calories,how many calories are in a taco,0.9994755387306213
135,135,calories,calories,can you see how many calories are in cream of mushroom soup,0.9920616149902344
135,135,calories,calories,the intake of calories it it bad,0.9836412668228149
135,42,calories,oos,how much is alorie intake,0.2916482985019684
135,135,calories,calories,hoq many calories does pasta have,0.999725878238678
135,135,calories,calories,how many calories can i expect to be in fries,0.9994655251502991
135,135,calories,calories,what's the calorie content of french fries,0.9996699094772339
87,87,damaged_card,damaged_card,tell me how to go about reporting a damaged card,0.47946903109550476
87,87,damaged_card,damaged_card,my card is damaged,0.998678982257843
87,87,damaged_card,damaged_card,i want to report a damaged card,0.9996596574783325
87,87,damaged_card,damaged_card,where should i report a damaged card,0.9823697805404663
87,87,damaged_card,damaged_card,can you find out how to report a damaged card,0.9968683123588562
87,87,damaged_card,damaged_card,my card has become too frayed and torn to use,0.8957728147506714
87,91,damaged_card,new_card,what do i do about a card that's too messed up to be properly scanned,0.474301815032959
87,87,damaged_card,damaged_card,my card became damaged when i dropped it in the parking lot and it got ran over,0.6493421196937561
87,87,damaged_card,damaged_card,i have a damaged card that needs replaced because my son dropped it in a blender,0.9690468311309814
87,87,damaged_card,damaged_card,i sat on my credit card and broke it in half and need it replaced,0.8832069039344788
87,87,damaged_card,damaged_card,my credit card got torn and i need a new one,0.9866892695426941
87,87,damaged_card,damaged_card,what do i do with a damaged credit card,0.9785929918289185
87,87,damaged_card,damaged_card,how do i replace a damaged card,0.9792383313179016
87,87,damaged_card,damaged_card,i have a card that needs replaced because my wine dumped wine on it,0.4688352644443512
87,109,damaged_card,credit_limit_change,i spilled wine on my credit card and now its all mushy and needs to be replaced,0.4076378345489502
87,87,damaged_card,damaged_card,my dog swallowed my credit card and i need a new one,0.9541234970092773
87,87,damaged_card,damaged_card,i want to report a damaged card that my cat shredded with its claws,0.9953059554100037
87,87,damaged_card,damaged_card,i need to replace a card that my daughter spilled juice on,0.6136055588722229
87,87,damaged_card,damaged_card,i'm unable to use my card because it's been ruined,0.6983028650283813
87,87,damaged_card,damaged_card,i can't use my card because it’s damaged badly,0.998532772064209
87,87,damaged_card,damaged_card,i cannot use my card cuz it's damaged,0.9974614381790161
87,87,damaged_card,damaged_card,i can't use my card because it’s messed up,0.8711432814598083
87,87,damaged_card,damaged_card,i can't use my card because it’s broken,0.9753364324569702
87,87,damaged_card,damaged_card,i can't use my card because i damaged it,0.9992243051528931
87,87,damaged_card,damaged_card,who should i talk to about the fact that i inadvertently split my card almost in half,0.8953530192375183
87,87,damaged_card,damaged_card,i accidentally deactivated the magnetic stripe on my visa debit card and i need to report it,0.916796863079071
87,87,damaged_card,damaged_card,can i talk to someone to let them know my card was damaged from being melted on a radiator,0.8232999444007874
87,87,damaged_card,damaged_card,i would like to report a damaged card that was burnt,0.9986625909805298
87,87,damaged_card,damaged_card,i would like to report my card damaged since i accidentally spilled gorilla glue all over it and the numbers are now obscured,0.991115927696228
87,87,damaged_card,damaged_card,my visa has been damaged,0.9582709670066833
0,0,restaurant_reviews,restaurant_reviews,does applebees have good reviews,0.9982376098632812
0,0,restaurant_reviews,restaurant_reviews,are the reviews ned get's good,0.9984418749809265
0,0,restaurant_reviews,restaurant_reviews,is the review ned's have good,0.5246895551681519
0,0,restaurant_reviews,restaurant_reviews,are ned's reviews good,0.9988012313842773
0,0,restaurant_reviews,restaurant_reviews,are the reviews for ned's good,0.9990713596343994
0,0,restaurant_reviews,restaurant_reviews,how are the reviews for tacos at the buffet,0.999900221824646
0,0,restaurant_reviews,restaurant_reviews,do they serve good tacos at the buffet,0.8878636956214905
0,23,restaurant_reviews,restaurant_reservation,"my favorite, beef tacos at the buffet",0.15729711949825287
0,0,restaurant_reviews,restaurant_reviews,they sold out of tacos at the buffet,0.21944718062877655
0,0,restaurant_reviews,restaurant_reviews,"yum, pulled pork tacos at the buffet",0.2761891484260559
0,0,restaurant_reviews,restaurant_reviews,what do people think of the new burger at mcdonalds,0.8703412413597107
0,0,restaurant_reviews,restaurant_reviews,how are the reviews for the supreme pizza at papa john's,0.9998204112052917
0,0,restaurant_reviews,restaurant_reviews,what are people saying about chick-fil-a's chicken nuggets,0.7219593524932861
0,0,restaurant_reviews,restaurant_reviews,show me the reviews for the new jalapeno fries at taco bell,0.9952394962310791
0,0,restaurant_reviews,restaurant_reviews,give me some feedback about the pasta at piada please,0.38939476013183594
0,42,restaurant_reviews,oos,how is gramercy tavern rated,0.25312069058418274
0,0,restaurant_reviews,restaurant_reviews,how many stars does babbo have,0.56614089012146
0,0,restaurant_reviews,restaurant_reviews,does cielo have good reviews,0.9991934895515442
0,0,restaurant_reviews,restaurant_reviews,do people say per se is any good or not,0.6521756649017334
0,0,restaurant_reviews,restaurant_reviews,what do food critics say about gramercy tavern,0.47823935747146606
0,0,restaurant_reviews,restaurant_reviews,what are the reviews like for l'auberge aubergine,0.9989078044891357
0,0,restaurant_reviews,restaurant_reviews,how many stars does brasserie les halles have,0.3571102023124695
0,42,restaurant_reviews,oos,what rating do the critics give the french laundry,0.2612634301185608
0,0,restaurant_reviews,restaurant_reviews,does acero have good or bad ratings,0.9578601717948914
0,0,restaurant_reviews,restaurant_reviews,has the french laundry gotten good reviews lately,0.9800933003425598
0,0,restaurant_reviews,restaurant_reviews,what kind of reviews does the olive garden have,0.9978262782096863
0,5,restaurant_reviews,weather,what's the average review for olive garden,0.14900752902030945
0,0,restaurant_reviews,restaurant_reviews,oliver garden reviews,0.9821626543998718
0,0,restaurant_reviews,restaurant_reviews,does olive garden have good customer reviews,0.9967395663261414
0,0,restaurant_reviews,restaurant_reviews,does olive garden have good reviews,0.9984741806983948
45,45,routing,routing,i need my routing number for my checking account at bb&t bank,0.9999808073043823
45,45,routing,routing,what is my routing number to my checking account at bb&t bankj,0.9999761581420898
45,45,routing,routing,"tell me my routing number at my bank, community trust",0.9999412298202515
45,45,routing,routing,what is the routing number of my checking account at first national bankj,0.9999843835830688
45,45,routing,routing,"give me the routing number of my checking account at my main bank, first commerce",0.9999549388885498
45,45,routing,routing,what is my bank routing number,0.9999843835830688
45,45,routing,routing,what's my routing number,0.9999877214431763
45,45,routing,routing,what's wells fargo's routing number,0.9999293088912964
45,45,routing,routing,tell me my routing number,0.9999881982803345
45,45,routing,routing,where can i find my routing number,0.9999854564666748
45,45,routing,routing,where's the routing number for wells fargo,0.9999722242355347
45,45,routing,routing,where can i find wells fargo's routing number,0.9999393224716187
45,45,routing,routing,where is wells fargo's routing number listed,0.9999549388885498
45,45,routing,routing,where should i go to find the routing number for well's fargo,0.9999215602874756
45,45,routing,routing,is my routing number on my account page,0.9999213218688965
45,45,routing,routing,what is the bank's routing number,0.9999271631240845
45,45,routing,routing,i want to know what my routing number is,0.9999911785125732
45,45,routing,routing,i need a routing number,0.9998372793197632
45,45,routing,routing,does pnc have a routing number,0.9997137188911438
45,45,routing,routing,can you tell me the routing number to pnc,0.9998689889907837
45,45,routing,routing,can you please read me the routing number to pnc,0.9996438026428223
45,45,routing,routing,where can i find routing number for pnc,0.9999383687973022
45,45,routing,routing,what is the routing number for pnc,0.9999551773071289
45,45,routing,routing,i need x's routing number,0.9998778104782104
45,45,routing,routing,where would century bank have their routing number listed,0.9999223947525024
45,45,routing,routing,where do i go if i am seeking the routing number of dallas capital,0.9999141693115234
45,45,routing,routing,what is the location that td bank has their routing number listed,0.9999414682388306
45,45,routing,routing,where would the routing number for first utah be located,0.9999375343322754
45,45,routing,routing,tell me what my savings account routing number is,0.9999911785125732
45,45,routing,routing,what is chase bank's routing number,0.9999499320983887
34,34,do_you_have_pets,do_you_have_pets,cats or dogs are your preference,0.9838952422142029
34,34,do_you_have_pets,do_you_have_pets,what kinds of pets do you own,0.9999536275863647
34,34,do_you_have_pets,do_you_have_pets,do you have any pets and what kind,0.9997944235801697
34,34,do_you_have_pets,do_you_have_pets,would you describe yourself as a cat or dog person,0.9966819882392883
34,34,do_you_have_pets,do_you_have_pets,you have what types or kinds of pets,0.9988300204277039
34,34,do_you_have_pets,do_you_have_pets,are you a pet owner what kind,0.9987325072288513
34,34,do_you_have_pets,do_you_have_pets,do you have a pet,0.9960529804229736
34,34,do_you_have_pets,do_you_have_pets,would you call yourself a cat or dog person,0.9745686054229736
34,34,do_you_have_pets,do_you_have_pets,what kind of animals do you own,0.9710737466812134
34,34,do_you_have_pets,do_you_have_pets,can you name the type of pets you have,0.999840259552002
34,34,do_you_have_pets,do_you_have_pets,do you have any pets,0.9998998641967773
34,34,do_you_have_pets,do_you_have_pets,are you a pet owner and what kind,0.9979963898658752
34,34,do_you_have_pets,do_you_have_pets,what pets do you own,0.9999300241470337
34,34,do_you_have_pets,do_you_have_pets,tell me any animals that you have as pets,0.9998639822006226
34,34,do_you_have_pets,do_you_have_pets,do you have cats or dogs or something else as a pet,0.9975355863571167
34,34,do_you_have_pets,do_you_have_pets,please tell me the types of pets you have,0.9998910427093506
34,34,do_you_have_pets,do_you_have_pets,how would you categorize the pets you have,0.9998286962509155
34,34,do_you_have_pets,do_you_have_pets,tell me about the pets you have,0.9999618530273438
34,34,do_you_have_pets,do_you_have_pets,do you have friendly or unfriendly pets,0.9998053908348083
34,34,do_you_have_pets,do_you_have_pets,which pets do you have,0.9999845027923584
34,34,do_you_have_pets,do_you_have_pets,which type of pets do you have,0.9999868869781494
34,34,do_you_have_pets,do_you_have_pets,what pets do you have,0.9999781847000122
34,34,do_you_have_pets,do_you_have_pets,do you like appreciate cats or dogs more,0.975936233997345
34,34,do_you_have_pets,do_you_have_pets,do you like cats or dogs more,0.9992438554763794
34,34,do_you_have_pets,do_you_have_pets,which kinds of pets do you own,0.9999674558639526
34,34,do_you_have_pets,do_you_have_pets,do you prefer cats or dogs,0.9957877993583679
34,34,do_you_have_pets,do_you_have_pets,do you prefer cats or dogs more,0.9979094862937927
34,34,do_you_have_pets,do_you_have_pets,which kinds of pets do you have,0.9999854564666748
34,34,do_you_have_pets,do_you_have_pets,do you currently have any pets,0.9998835325241089
34,34,do_you_have_pets,do_you_have_pets,what is the total number of pets that you have,0.9993932247161865
18,18,schedule_meeting,schedule_meeting,please book a meeting room for thusday at 4:00,0.9998143315315247
18,18,schedule_meeting,schedule_meeting,would you please schedule a meeting room for 4:00 on thursday,0.9999703168869019
18,18,schedule_meeting,schedule_meeting,could you schedule a meeting room for 4:00 on thursday,0.9999758005142212
18,18,schedule_meeting,schedule_meeting,will you schedule a conference room for thursday at 4:00,0.9663401246070862
18,18,schedule_meeting,schedule_meeting,can you reserve a meeting space for 4:00 on thursday,0.9971666932106018
18,18,schedule_meeting,schedule_meeting,i need to know how to schedule a meeting,0.9997325539588928
18,18,schedule_meeting,schedule_meeting,please help me figure out how to set up a meeting,0.9921240210533142
18,18,schedule_meeting,schedule_meeting,i need assistance scheduling a meeting,0.9980764389038086
18,18,schedule_meeting,schedule_meeting,walk me through the process of scheduling a meeting,0.9870203733444214
18,18,schedule_meeting,schedule_meeting,help me set up a meeting please,0.9911900758743286
18,18,schedule_meeting,schedule_meeting,"i need a meeting room between 3-7, are any available",0.9997876286506653
18,18,schedule_meeting,schedule_meeting,can you tell me if there are meeting rooms available between 1 and 4,0.9996131062507629
18,18,schedule_meeting,schedule_meeting,are meeting rooms free between 8-3,0.9994326233863831
18,18,schedule_meeting,schedule_meeting,do you know if meeting rooms are open to use 1-2,0.9834844470024109
18,18,schedule_meeting,schedule_meeting,can you check if meeting rooms are available between 4 and 5,0.9990442395210266
18,18,schedule_meeting,schedule_meeting,meeting rooms open between one and three pm,0.9828472137451172
18,18,schedule_meeting,schedule_meeting,check meeting room availability between one and three pm,0.998431384563446
18,18,schedule_meeting,schedule_meeting,what meeting rooms are available for meeting 5pm friday,0.9996153116226196
18,18,schedule_meeting,schedule_meeting,"reserve a meeting room for friday, 5pm",0.9994970560073853
18,18,schedule_meeting,schedule_meeting,one and three pm are there meeting rooms open,0.9942057728767395
18,18,schedule_meeting,schedule_meeting,friday 5pm schedule a room for meeting,0.9986072182655334
18,18,schedule_meeting,schedule_meeting,open meeting rooms from one to three pm,0.9826213717460632
18,18,schedule_meeting,schedule_meeting,can you reserve a room for a friday meeting at 5pm,0.9787918329238892
18,18,schedule_meeting,schedule_meeting,reserve a meeting room for 5pm on friday,0.9996304512023926
18,18,schedule_meeting,schedule_meeting,check meeting rooms available between one and three pm,0.999234676361084
18,18,schedule_meeting,schedule_meeting,"i need to schedule meeting room for monday at 2:30 pm, please",0.9993464350700378
18,18,schedule_meeting,schedule_meeting,i would like you to reserve a conference room for noon tomorrow,0.5368335843086243
18,18,schedule_meeting,schedule_meeting,please reserve a meeting room for 1:00 pm on tuesday,0.9990098476409912
18,23,schedule_meeting,restaurant_reservation,"go ahead and hold a conference room for friday at 11 am, please",0.5877436399459839
18,18,schedule_meeting,schedule_meeting,can you book a meeting room for friday at 9:00 am,0.9998470544815063
8,8,gas_type,gas_type,which gas would be best,0.8598237037658691
8,8,gas_type,gas_type,what type of gas should i use,0.9978175163269043
8,8,gas_type,gas_type,which type of gas should i get,0.9639747738838196
8,8,gas_type,gas_type,can you tell me what gas this car takes,0.9803594350814819
8,8,gas_type,gas_type,can you tell me this vehicles gas type,0.9726406931877136
8,8,gas_type,gas_type,what fuel should i use for this car,0.9914087653160095
8,8,gas_type,gas_type,what kind of gas should i use for this car,0.999640703201294
8,8,gas_type,gas_type,i need to know the gas type for this vehicle,0.9502482414245605
8,8,gas_type,gas_type,for this car what kind of fuel does it take,0.9987592697143555
8,8,gas_type,gas_type,i need to know the type of gas for this car,0.9988020658493042
8,8,gas_type,gas_type,i want to know what kind of gas this car uses,0.9989410042762756
8,8,gas_type,gas_type,what gas does this car use,0.981597900390625
8,8,gas_type,gas_type,what fuel do i put in this car,0.9885231852531433
8,8,gas_type,gas_type,what type of gas goes into the car,0.9981398582458496
8,8,gas_type,gas_type,what type of fuel does this car utilize,0.9990041851997375
8,8,gas_type,gas_type,what type of gas do i put in this new car,0.9952877759933472
8,8,gas_type,gas_type,what type of gas do i use in this car,0.9345116019248962
8,8,gas_type,gas_type,is there a certain kind of fuel needed,0.9915226697921753
8,8,gas_type,gas_type,what gas goes in the vehicle,0.8603892922401428
8,110,gas_type,gas,what raiting of gas is called for,0.850832462310791
8,8,gas_type,gas_type,what kind of gas goes in,0.9884492754936218
8,8,gas_type,gas_type,can you tell me what kind of gas your car uses,0.9908947944641113
8,8,gas_type,gas_type,what kind of gas does your car use,0.998779833316803
8,8,gas_type,gas_type,the car you are driving uses what kind of gas,0.9491115808486938
8,8,gas_type,gas_type,what kind of gas can i put into this car,0.9986745119094849
8,8,gas_type,gas_type,which gas type goes into this car,0.9991324543952942
8,8,gas_type,gas_type,which type of gas does this car take,0.9992315769195557
8,8,gas_type,gas_type,i need gas what type do i need for this car,0.999541163444519
8,8,gas_type,gas_type,what types of gas can i get for this car,0.8481906652450562
8,8,gas_type,gas_type,which type of gas does my car use,0.9995176792144775
120,120,plug_type,plug_type,would a socket converter be needed in france,0.9996216297149658
120,120,plug_type,plug_type,how do i plug stuff in in france,0.9996750354766846
120,120,plug_type,plug_type,is socket converter required in france,0.999745786190033
120,120,plug_type,plug_type,does france use a socket converter,0.9992156028747559
120,61,plug_type,translate,is electricity the same in france,0.0793999657034874
120,120,plug_type,plug_type,will i need a plug converter when i visit costa rica,0.9999889135360718
120,120,plug_type,plug_type,will i require a plug converter when i visit kenya,0.999982476234436
120,120,plug_type,plug_type,will i need to get a plug converter when i visit guam,0.9999521970748901
120,120,plug_type,plug_type,do i require a plug converter when i visit puerto rico,0.9999879598617554
120,120,plug_type,plug_type,will i need to have a plug converter when i visit madrid,0.9999747276306152
120,120,plug_type,plug_type,z uses which type of plug,0.9995220899581909
120,120,plug_type,plug_type,what sort of plug is used in the caribbean,0.9998056292533875
120,120,plug_type,plug_type,which plug is used in japan,0.9997380375862122
120,120,plug_type,plug_type,plug used in china,0.9948157668113708
120,120,plug_type,plug_type,what kind of plug is used in england,0.9999183416366577
120,120,plug_type,plug_type,what do i need for a plug in wales,0.9999516010284424
120,120,plug_type,plug_type,does z used the same plus as we do in the united states,0.3921251893043518
120,120,plug_type,plug_type,can i used the same type of plug in z as i do in the us,0.9996745586395264
120,120,plug_type,plug_type,electrical plugs used in that country,0.9971843361854553
120,120,plug_type,plug_type,are the electric plugs the same over in that country,0.9733675122261047
120,42,plug_type,oos,what kind of electrical outlet does that country use,0.40529555082321167
120,120,plug_type,plug_type,do i need a converter for my electronics when i go to that coutntry,0.9269591569900513
120,120,plug_type,plug_type,can i plug in my electronics there like normal,0.9948837161064148
120,120,plug_type,plug_type,is a socket converter necessary if i'm travelling to london,0.9984232187271118
120,120,plug_type,plug_type,are socket converters something i need to bring if going to australia,0.8908607959747314
120,120,plug_type,plug_type,can i use electronic devices in mexico without a socket converter,0.996802568435669
120,120,plug_type,plug_type,are socket converters needed if i'm going to cape town,0.9198667407035828
120,120,plug_type,plug_type,does sweden use the same kind of socket or do i need a converter,0.9791805148124695
120,120,plug_type,plug_type,what plug type is used internationally,0.9991632699966431
120,120,plug_type,plug_type,what's the plug type in honduras,0.9998875856399536
47,47,tire_change,tire_change,when would you change my tires,0.9997298121452332
47,47,tire_change,tire_change,when is the next time i should get my tires changed,0.9998155236244202
47,47,tire_change,tire_change,how soon should i get my tires changed,0.9999078512191772
47,47,tire_change,tire_change,how often should i get my tires changed,0.99992835521698
47,47,tire_change,tire_change,do you know when i should get my tires changed next,0.9999483823776245
47,47,tire_change,tire_change,when should my tires be changed,0.9993258714675903
47,47,tire_change,tire_change,i need to know when i should change my tires,0.9999816417694092
47,47,tire_change,tire_change,how soon till i need to change my tires,0.9999632835388184
47,47,tire_change,tire_change,can you tell me when my tires have to be changed,0.9937868118286133
47,47,tire_change,tire_change,am i almost due for a tire change,0.9652758240699768
47,47,tire_change,tire_change,when is my car due for an tire change,0.8282114267349243
47,47,tire_change,tire_change,how do i know when to get the tires changed on my car,0.9704437255859375
47,47,tire_change,tire_change,how often should my tires be changed,0.9985024929046631
47,47,tire_change,tire_change,how often should i change the tires on my car,0.9996918439865112
47,47,tire_change,tire_change,i replaced tires last june when should i do it again,0.9994025230407715
47,47,tire_change,tire_change,on feb 3rd i changed my tires are they still good,0.9147009253501892
47,47,tire_change,tire_change,my tires are 29 months old should u change them,0.9951452612876892
47,47,tire_change,tire_change,when do my tires need changing after i replaced them last week,0.9998365640640259
47,47,tire_change,tire_change,in september i changed my tires are they in need of changing,0.880696177482605
47,47,tire_change,tire_change,how do i know if it is time to replace my tires,0.9853829145431519
47,47,tire_change,tire_change,how long does the average set of tire last before needing replacement,0.5014929175376892
47,47,tire_change,tire_change,how long are my tires expected to last before needing to be replaced,0.9925962686538696
47,98,tire_change,tire_pressure,how many miles are my tires rated for,0.7489091157913208
47,47,tire_change,tire_change,what is the time for a tire change,0.9008100628852844
47,47,tire_change,tire_change,my tires should be changed when,0.9985218644142151
47,47,tire_change,tire_change,tell me when to get my tires changed,0.9795523285865784
47,47,tire_change,tire_change,when is it time for a change in tires,0.9992430210113525
47,98,tire_change,tire_pressure,what is the timeframe for getting my tires changed,0.5306693315505981
47,47,tire_change,tire_change,tell me when i'll need new tires,0.9994246959686279
47,47,tire_change,tire_change,when will my tires need to be changed,0.9997584223747253
38,38,exchange_rate,exchange_rate,convert 200 us dollars to british pounds,0.9826254844665527
38,38,exchange_rate,exchange_rate,how many japanese yen are in a us dollar,0.9330424666404724
38,38,exchange_rate,exchange_rate,how much is 5 us dollars worth in canadian dollars,0.9992109537124634
38,38,exchange_rate,exchange_rate,can you tell me what 100 british pounds equals in us dollars,0.9883871674537659
38,38,exchange_rate,exchange_rate,what is the exchange rate between us dollars and japanese yen,0.9990586638450623
38,38,exchange_rate,exchange_rate,whats the current exchange rate between usd and eur,0.9994238615036011
38,38,exchange_rate,exchange_rate,what's the exhange rate between mxn and gbp,0.8881955146789551
38,38,exchange_rate,exchange_rate,what is the current exchange rate between mxn and eur,0.9974029660224915
38,38,exchange_rate,exchange_rate,what's the exchange rate between ils and usd,0.9994459748268127
38,38,exchange_rate,exchange_rate,what is the usd mxn exchange rate,0.9993098974227905
38,38,exchange_rate,exchange_rate,how many mexican pesos is a us dollar worth,0.9117156267166138
38,38,exchange_rate,exchange_rate,how much is one us dollar in british pounds,0.9965260624885559
38,38,exchange_rate,exchange_rate,whats the exchange rate for us dollars to british pounds,0.9999071359634399
38,61,exchange_rate,translate,what is a british pound worth in mexican pesos,0.24971505999565125
38,38,exchange_rate,exchange_rate,how many mexican pesos can i get for one us dollar,0.989863932132721
38,38,exchange_rate,exchange_rate,look up the rate of exchange between pesos and usd,0.9947209358215332
38,38,exchange_rate,exchange_rate,find me the exchange rate between usd and cad,0.9991846680641174
38,38,exchange_rate,exchange_rate,what is the exchange rate between euros and pesos,0.9996139407157898
38,38,exchange_rate,exchange_rate,tell me the current exchange rate between cad and euros,0.999147891998291
38,38,exchange_rate,exchange_rate,what is the present exchange rate between usd and british pound,0.9991737008094788
38,38,exchange_rate,exchange_rate,convert 20 yen to dollars,0.9976067543029785
38,38,exchange_rate,exchange_rate,how many dollars can i get for 20 yen,0.9996175765991211
38,38,exchange_rate,exchange_rate,how many dollars is 20 yen worth,0.9982971549034119
38,38,exchange_rate,exchange_rate,20 yen is how many dollars,0.9960728883743286
38,38,exchange_rate,exchange_rate,20 yen equals how many dollars,0.9980450868606567
38,38,exchange_rate,exchange_rate,is $30 usd more or less in canada,0.7015248537063599
38,139,exchange_rate,definition,"in canadian dollars, what is $30",0.1932550072669983
38,38,exchange_rate,exchange_rate,what is the conversion of $30 in canadian dollars,0.9857790470123291
38,38,exchange_rate,exchange_rate,can you please convert $30 usd to canadian dollars,0.9898808002471924
38,38,exchange_rate,exchange_rate,how much is $30 usd in canadian dollar,0.9987962245941162
140,140,next_holiday,next_holiday,on what day is our next free day,0.9981314539909363
140,140,next_holiday,next_holiday,on what day is our next day off,0.9996585845947266
140,140,next_holiday,next_holiday,what day is our next day off,0.9996716976165771
140,140,next_holiday,next_holiday,is our next day off soon,0.9998834133148193
140,140,next_holiday,next_holiday,do you know when our next day off is,0.9999561309814453
140,140,next_holiday,next_holiday,when are we off work next,0.999466598033905
140,140,next_holiday,next_holiday,when is the next day we have off,0.9999001026153564
140,140,next_holiday,next_holiday,when will our next day off be,0.9999855756759644
140,140,next_holiday,next_holiday,are there any holidays coming and when,0.9574102163314819
140,140,next_holiday,next_holiday,how many holidays are there and when is the next one here,0.9804746508598328
140,140,next_holiday,next_holiday,for the holidays when is the next one we do here,0.8919634222984314
140,140,next_holiday,next_holiday,what holiday is next and when,0.9998681545257568
140,140,next_holiday,next_holiday,how long before the next holiday here,0.9997840523719788
140,140,next_holiday,next_holiday,what's the wait period until the next day off,0.999316930770874
140,140,next_holiday,next_holiday,when will my next vacation day be,0.9995902180671692
140,140,next_holiday,next_holiday,how long do i have to wait to get a day off,0.6324827075004578
140,140,next_holiday,next_holiday,when's the next day off,0.9999083280563354
140,140,next_holiday,next_holiday,how many days left until the next day out of work,0.9975625276565552
140,140,next_holiday,next_holiday,tell me the next holiday,0.9998315572738647
140,140,next_holiday,next_holiday,tell me how long until the next day off,0.9999833106994629
140,140,next_holiday,next_holiday,i got to know how long until the next day off,0.9999525547027588
140,140,next_holiday,next_holiday,i wanna know how long until the next day off,0.9999748468399048
140,140,next_holiday,next_holiday,i need to know how long until the next day off,0.9999704360961914
140,140,next_holiday,next_holiday,i wanna know the next holiday,0.9997342228889465
140,140,next_holiday,next_holiday,let me know how long until the next day off,0.9999749660491943
140,140,next_holiday,next_holiday,i wish to know the next holiday,0.9996730089187622
140,140,next_holiday,next_holiday,i must know the next holiday,0.9997472167015076
140,140,next_holiday,next_holiday,i would like to know the next holiday,0.9996362924575806
140,140,next_holiday,next_holiday,find the next holiday,0.9994499087333679
140,140,next_holiday,next_holiday,when is the soonest holiday,0.9988821148872375
150,150,change_volume,change_volume,turn volume up to 4,0.9828823804855347
150,150,change_volume,change_volume,adjust volume setting to 4,0.9979912042617798
150,150,change_volume,change_volume,keep volume at 4 all the time,0.9966844916343689
150,150,change_volume,change_volume,put volume setting on number 4,0.9908220767974854
150,150,change_volume,change_volume,please make sure the volume stays at 4,0.9985321760177612
150,150,change_volume,change_volume,put the volume to 4,0.9983235001564026
150,150,change_volume,change_volume,volume to 4,0.934700071811676
150,150,change_volume,change_volume,turn down your speaker,0.9481446146965027
150,124,change_volume,thank_you,decrease your decibel level,0.22391200065612793
150,147,change_volume,cancel,be more quiet,0.7857435941696167
150,150,change_volume,change_volume,please lower the sound,0.8658319711685181
150,14,change_volume,whisper_mode,speak up,0.3718552589416504
150,30,change_volume,no,not so loud,0.5950841307640076
150,147,change_volume,cancel,quieter please,0.09193846583366394
150,150,change_volume,change_volume,increase the volume,0.9993875026702881
150,150,change_volume,change_volume,turn up the volume,0.9818273186683655
150,150,change_volume,change_volume,speak louder please,0.7855497002601624
150,150,change_volume,change_volume,please lower your volume,0.8869706988334656
150,150,change_volume,change_volume,louder please,0.6661080718040466
150,150,change_volume,change_volume,turn down the volume,0.9972578883171082
150,119,change_volume,change_speed,can you speak quieter,0.3590984046459198
150,150,change_volume,change_volume,turn to volume 4,0.9831739068031311
150,150,change_volume,change_volume,set 4 as the volume,0.9871217608451843
150,150,change_volume,change_volume,turn volume to 4,0.9985606074333191
150,150,change_volume,change_volume,volume 4 set,0.9728020429611206
150,150,change_volume,change_volume,volume set to 4,0.9838792681694031
150,150,change_volume,change_volume,i can't hear you and need you to turn up the volume,0.9680840373039246
150,150,change_volume,change_volume,turn up your speaker volume,0.9678292870521545
150,150,change_volume,change_volume,can you speak louder,0.9634352922439575
150,150,change_volume,change_volume,can you turn up the volume for your speaker,0.9826503396034241
57,57,who_do_you_work_for,who_do_you_work_for,who is in charge of you when you work,0.9992423057556152
57,96,who_do_you_work_for,who_made_you,who is responsible for your employment,0.9952667951583862
57,57,who_do_you_work_for,who_do_you_work_for,who do you report to for your work,0.9998170733451843
57,57,who_do_you_work_for,who_do_you_work_for,let me know who your boss is,0.9996973276138306
57,57,who_do_you_work_for,who_do_you_work_for,i want to know who your boss is,0.9997656941413879
57,57,who_do_you_work_for,who_do_you_work_for,would you let me know who your boss is,0.9996260404586792
57,57,who_do_you_work_for,who_do_you_work_for,i would like to know who your boss is,0.99979168176651
57,57,who_do_you_work_for,who_do_you_work_for,are you my insubordinate,0.3450472354888916
57,57,who_do_you_work_for,who_do_you_work_for,does someone else control you,0.8847580552101135
57,75,who_do_you_work_for,what_is_your_name,do i own you,0.1728607714176178
57,57,who_do_you_work_for,who_do_you_work_for,what firm do you work for,0.9976170063018799
57,57,who_do_you_work_for,who_do_you_work_for,do you take your orders from me,0.7963368892669678
57,75,who_do_you_work_for,what_is_your_name,do i control you,0.25612378120422363
57,115,who_do_you_work_for,what_can_i_ask_you,am i in charge of you,0.3190441131591797
57,117,who_do_you_work_for,are_you_a_bot,is there another person that controls you,0.21057242155075073
57,57,who_do_you_work_for,who_do_you_work_for,who do you take your orders from,0.9796251058578491
57,57,who_do_you_work_for,who_do_you_work_for,would you consider someone else your boss,0.9979203343391418
57,57,who_do_you_work_for,who_do_you_work_for,do you take orders from someone else,0.9872338771820068
57,96,who_do_you_work_for,who_made_you,who controls you,0.9816790223121643
57,57,who_do_you_work_for,who_do_you_work_for,who's your boss,0.9866018891334534
57,57,who_do_you_work_for,who_do_you_work_for,what company do you work for,0.9997995495796204
57,96,who_do_you_work_for,who_made_you,who employs you,0.9816790223121643
57,57,who_do_you_work_for,who_do_you_work_for,where do you work,0.7545856833457947
57,57,who_do_you_work_for,who_do_you_work_for,who is it that you work for,0.9998389482498169
57,57,who_do_you_work_for,who_do_you_work_for,whom do you work for,0.9996083378791809
57,57,who_do_you_work_for,who_do_you_work_for,who is your job with,0.9355860948562622
57,57,who_do_you_work_for,who_do_you_work_for,what company are you employed by,0.9602987170219421
57,57,who_do_you_work_for,who_do_you_work_for,what is the name of the place you work at,0.81964510679245
57,57,who_do_you_work_for,who_do_you_work_for,what's your boss's name,0.9953054785728455
57,75,who_do_you_work_for,what_is_your_name,who can i talk to above you,0.6741105318069458
41,41,credit_limit,credit_limit,what's the most i can charge on my card,0.6058716773986816
41,41,credit_limit,credit_limit,how much do i have available on my visa card,0.8807252645492554
41,41,credit_limit,credit_limit,what is my visa credit limit,0.9990028738975525
41,41,credit_limit,credit_limit,how much of a credit limit does visa allow,0.9790088534355164
41,41,credit_limit,credit_limit,is there a substantial credit limit on my visa,0.878060519695282
41,41,credit_limit,credit_limit,as my visa got a high enough limit on it,0.8434235453605652
41,69,credit_limit,credit_score,what is my credit max,0.776013970375061
41,41,credit_limit,credit_limit,what is my credit card spending limit,0.9981955885887146
41,41,credit_limit,credit_limit,what's my daily spending limit,0.9987579584121704
41,41,credit_limit,credit_limit,tell me my credit limit,0.9978674650192261
41,41,credit_limit,credit_limit,how much credit do i have on my discover card,0.9753721356391907
41,41,credit_limit,credit_limit,do i have a monthly spending limit,0.9575852751731873
41,41,credit_limit,credit_limit,what's the limit on my discover card,0.9977713823318481
41,41,credit_limit,credit_limit,is there a spending limit,0.9670435786247253
41,41,credit_limit,credit_limit,what is my credit limit on my discover,0.9993928670883179
41,41,credit_limit,credit_limit,what's my spending limit on my discover,0.9998213648796082
41,41,credit_limit,credit_limit,how much is my maximum to spend on credit cards,0.8269380331039429
41,41,credit_limit,credit_limit,what's my discover credit limit,0.9990919828414917
41,41,credit_limit,credit_limit,how much can i use on my visa,0.9870607852935791
41,41,credit_limit,credit_limit,my visa has what limit,0.9950419664382935
41,41,credit_limit,credit_limit,tell me my visa limit,0.9963139891624451
41,41,credit_limit,credit_limit,look up how high my visa limit is,0.9951751232147217
41,41,credit_limit,credit_limit,what is the limit on my visa,0.99918133020401
41,41,credit_limit,credit_limit,what is my state bank of india card credit limit,0.9989377856254578
41,41,credit_limit,credit_limit,calculate the limit i have available for spending on my natwest card,0.9866255521774292
41,41,credit_limit,credit_limit,tell me my hsbc card credit limit,0.9916641712188721
41,41,credit_limit,credit_limit,what's the spending limit on my lloyds card,0.9994028806686401
41,41,credit_limit,credit_limit,i need you to tell me the credit limit for my republic bank card,0.9991391897201538
41,41,credit_limit,credit_limit,how high is my credit limit,0.9986874461174011
41,41,credit_limit,credit_limit,i want to know my credit limit,0.990707516670227
102,102,how_busy,how_busy,is the resataurant busy at 5:00 pm,0.9963573813438416
102,102,how_busy,how_busy,how busy is the cafe at 7:00,0.9980327486991882
102,102,how_busy,how_busy,would tio's be crowded at 7,0.8058404326438904
102,23,how_busy,restaurant_reservation,can i get a table for four at 8:00,0.9939571619033813
102,42,how_busy,oos,is the friday's full after 4,0.5055636167526245
102,102,how_busy,how_busy,how long is the wait at fridays,0.9997619986534119
102,102,how_busy,how_busy,is the mexican place crowded at night,0.6197184324264526
102,0,how_busy,restaurant_reviews,are cool people at the bar at 9:00 pm,0.8305115103721619
102,149,how_busy,travel_suggestion,what is the best time to go to get a burger without a line,0.2561453878879547
102,102,how_busy,how_busy,how long before i can eat at chic fil a,0.8011524677276611
102,102,how_busy,how_busy,how long to be seated at carrabas,0.9978273510932922
102,102,how_busy,how_busy,is the wait at pizza hut long,0.9977859258651733
102,149,how_busy,travel_suggestion,is the breakfast place full in the mornings,0.10249852389097214
102,102,how_busy,how_busy,is the wait more than an hour at the italian place,0.9358046650886536
102,102,how_busy,how_busy,tell me how busy red robin is at 5 pm,0.9979997277259827
102,102,how_busy,how_busy,i wanna know how busy denny's is at 5 am,0.9969968795776367
102,102,how_busy,how_busy,i need to know how busy denny's is at 6 am,0.9963177442550659
102,102,how_busy,how_busy,how busy is red robin around 5 pm,0.9988872408866882
102,102,how_busy,how_busy,so how busy is the outback steakhouse at 5 pm,0.9983037710189819
102,102,how_busy,how_busy,tell me mr joes pizza average wait time,0.8171367049217224
102,46,how_busy,meal_suggestion,is mr joes pizza available for a seating,0.587722659111023
102,102,how_busy,how_busy,does mr joes pizza usually have a long wait,0.8893553018569946
102,54,how_busy,food_last,can you find out the waiting times for mr joes pizza,0.08540873229503632
102,102,how_busy,how_busy,what's the typical wait time for mr joes pizza,0.8953677415847778
102,102,how_busy,how_busy,how busy is cheesecake factory right now,0.961218535900116
102,102,how_busy,how_busy,how long is the wait at cheesecake factory,0.9991718530654907
102,102,how_busy,how_busy,how long will i have to wait at cheesecake factory,0.9991939663887024
102,102,how_busy,how_busy,is cheesecake factory busy right now,0.985205352306366
102,102,how_busy,how_busy,check how busy cheesecake factory is,0.9573290348052979
102,102,how_busy,how_busy,is there a long wait at chili's around 5:00,0.9996858835220337
9,9,accept_reservations,accept_reservations,can i do a reservation at sammy's crab shack,0.9350442290306091
9,9,accept_reservations,accept_reservations,does bill's house of chop suey accept reservations,0.9993289709091187
9,9,accept_reservations,accept_reservations,check if bj's takes reservations,0.9992863535881042
9,9,accept_reservations,accept_reservations,does bj's take reservations,0.9999444484710693
9,9,accept_reservations,accept_reservations,will bj's take reservations,0.9998947381973267
9,9,accept_reservations,accept_reservations,do you know if i can make reservations at bj's,0.9990956783294678
9,9,accept_reservations,accept_reservations,tell me if the new york restaurant takes reservations,0.9967769980430603
9,102,accept_reservations,how_busy,can i reserve tables at the new york restaurant,0.31552162766456604
9,9,accept_reservations,accept_reservations,i want to know if the new york restaurant takes reservations,0.9945620894432068
9,9,accept_reservations,accept_reservations,does the new york restaurant take reservations,0.9985111355781555
9,9,accept_reservations,accept_reservations,is it possible to make reservations at the new york restaurant,0.9789302349090576
9,9,accept_reservations,accept_reservations,do you have any idea if the flying wing does reservations,0.9934614896774292
9,9,accept_reservations,accept_reservations,does village inn let you make reservations,0.9937545657157898
9,9,accept_reservations,accept_reservations,is it possible to get reservations at ihop,0.9829391241073608
9,23,accept_reservations,restaurant_reservation,is it possible to reserve a table at white castle,0.8863455057144165
9,23,accept_reservations,restaurant_reservation,do you think they'll let me reserve a table at the olive garden,0.8877394795417786
9,9,accept_reservations,accept_reservations,do they take reservations at applebeesi,0.999630331993103
9,9,accept_reservations,accept_reservations,does applebees do reservations,0.9997016787528992
9,9,accept_reservations,accept_reservations,can applebees take reservations,0.9999401569366455
9,9,accept_reservations,accept_reservations,can i get reservations at applebees,0.9961233735084534
9,9,accept_reservations,accept_reservations,does applebees take reservations,0.9999436140060425
9,9,accept_reservations,accept_reservations,tell me if taco bell takes reservations,0.9995297193527222
9,9,accept_reservations,accept_reservations,any clue as to if taco bell takes reservations,0.9853299856185913
9,9,accept_reservations,accept_reservations,do you know if taco bell takes reservations,0.9994099140167236
9,9,accept_reservations,accept_reservations,any idea as to if taco bell takes reservations,0.991298496723175
9,9,accept_reservations,accept_reservations,do you know if l'arpege will ask for reservations,0.9696694016456604
9,9,accept_reservations,accept_reservations,will we have to make reservations for roca,0.986854076385498
9,9,accept_reservations,accept_reservations,does osteria francescana take reservations,0.9999053478240967
9,9,accept_reservations,accept_reservations,do you have any idea if central needs reservations,0.9914366602897644
9,9,accept_reservations,accept_reservations,eleven madison park takes reservations right,0.9997286200523376
84,84,order_status,order_status,where is my order now,0.9957745671272278
84,84,order_status,order_status,tell me all updates about my order's status,0.28275442123413086
84,84,order_status,order_status,is my order on its way or what's going on,0.9943119287490845
84,84,order_status,order_status,how is my order doing right now,0.9563109874725342
84,84,order_status,order_status,locate my package,0.9992992877960205
84,20,order_status,freeze_account,can you monitor my package's progress,0.07498650997877121
84,84,order_status,order_status,track my order,0.9988023042678833
84,84,order_status,order_status,tell me where my package is currently,0.9994297623634338
84,84,order_status,order_status,where is my package en route,0.9987271428108215
84,84,order_status,order_status,give me the status of my order,0.9993688464164734
84,84,order_status,order_status,when will i get my order,0.9967190623283386
84,84,order_status,order_status,tell me where my order is,0.9990360736846924
84,84,order_status,order_status,what is the status of the order i placed with you yesterday,0.9946699738502502
84,84,order_status,order_status,what's the updated status of my order,0.9993288516998291
84,124,order_status,thank_you,can you help with delivery tracking,0.10180320590734482
84,32,order_status,timer,i need a delivery tracked,0.04965868592262268
84,84,order_status,order_status,i need to track my order,0.9944055080413818
84,16,order_status,order,i placed an order and i need it tracked,0.4611475467681885
84,16,order_status,order,could you track an order for me,0.6692854166030884
84,84,order_status,order_status,has my package been sent,0.9992850422859192
84,84,order_status,order_status,what time is my package getting here,0.9945849776268005
84,84,order_status,order_status,how's my amazon order doing,0.9338893890380859
84,84,order_status,order_status,i need to track a package,0.8342087268829346
84,84,order_status,order_status,i want to track a package i should be getting,0.4726211130619049
84,84,order_status,order_status,please track my order,0.9972832202911377
84,80,order_status,flight_status,can you tell me when my item will get here,0.8615831732749939
84,136,order_status,current_location,can you tell me where my item is,0.502429723739624
84,84,order_status,order_status,what's up with my order,0.9946099519729614
84,84,order_status,order_status,are they any updates on my order,0.9880431890487671
84,84,order_status,order_status,i need to track the status of my order,0.9973738193511963
89,89,pin_change,pin_change,i'm struggling to remind myself the pin number to my card,0.9549712538719177
89,89,pin_change,pin_change,i'm having trouble remembering the pin number to my card,0.9649071097373962
89,89,pin_change,pin_change,the pin number to my card has been forgotten,0.5470531582832336
89,89,pin_change,pin_change,i don't remember the pin number to my card,0.9742898344993591
89,89,pin_change,pin_change,i do not recall the pin number to my card,0.9436749815940857
89,55,pin_change,change_ai_name,i would like to change the name on my checking account,0.314238041639328
89,109,pin_change,credit_limit_change,i would like to change the name on my credit card account,0.8682510256767273
89,20,pin_change,freeze_account,i would like to change the name on my first hawaiian bank account,0.3791215419769287
89,55,pin_change,change_ai_name,i would like to change the name on my first bankcard account,0.755706787109375
89,55,pin_change,change_ai_name,i would like to change the name on my capital one account,0.6028264760971069
89,89,pin_change,pin_change,change the pin on my savings account to 1234,0.9999916553497314
89,89,pin_change,pin_change,i want to change my savings account pin to 1234,0.999810516834259
89,89,pin_change,pin_change,make 1234 a new pin for my savings account,0.999708354473114
89,89,pin_change,pin_change,make 1234 the pin on my savings account,0.999961256980896
89,89,pin_change,pin_change,can you make 1234 the pin for my savings account,0.9999215602874756
89,89,pin_change,pin_change,make my pin 1234 for my checking account,0.9999679327011108
89,89,pin_change,pin_change,go my to checking account and switch my pin to 1234,0.9999058246612549
89,89,pin_change,pin_change,access my checking account and update my pin to 1234,0.9998986721038818
89,89,pin_change,pin_change,correct my account pin to 1234 on my checking account,0.99981290102005
89,89,pin_change,pin_change,modify my account pin to 1234 on my checking account,0.9999027252197266
89,89,pin_change,pin_change,tell me the pin number for my checking account,0.9999536275863647
89,89,pin_change,pin_change,please give me the pin number for my checking account,0.999953031539917
89,89,pin_change,pin_change,i need the pin number for my checking account,0.9999632835388184
89,89,pin_change,pin_change,does my checking account have a pin number,0.9998255372047424
89,89,pin_change,pin_change,what's the pin number for my checking account,0.9998736381530762
89,20,pin_change,freeze_account,change the code of my savings account to be 1234,0.28512582182884216
89,89,pin_change,pin_change,alter the pin on my savings account to be 1234,0.9999585151672363
89,89,pin_change,pin_change,what exactly is my pin,0.9963740706443787
89,89,pin_change,pin_change,how do i change the account pin number for me,0.999893307685852
89,89,pin_change,pin_change,please tell me how do i change the account pin number,0.9997430443763733
114,114,goodbye,goodbye,good speaking to you,0.7777540683746338
114,114,goodbye,goodbye,it was really awesome to talk to you,0.9698829650878906
114,114,goodbye,goodbye,it was great to speak with you,0.9992953538894653
114,114,goodbye,goodbye,it was great to talk to you,0.996317982673645
114,114,goodbye,goodbye,bye bye then,0.9998695850372314
114,114,goodbye,goodbye,it was very good to talk to you,0.9918141961097717
114,114,goodbye,goodbye,good bye then,0.9991862177848816
114,114,goodbye,goodbye,bye,0.9983578324317932
114,114,goodbye,goodbye,regards,0.028182780370116234
114,114,goodbye,goodbye,catch you later,0.9911223649978638
114,124,goodbye,thank_you,"great talk, thanks",0.9145879745483398
114,114,goodbye,goodbye,later,0.8878422379493713
114,114,goodbye,goodbye,goodbye,0.997641921043396
114,114,goodbye,goodbye,see you later,0.9978204965591431
114,114,goodbye,goodbye,"enjoy your day, goodbye",0.7929201722145081
114,114,goodbye,goodbye,thank you goodbye,0.873159646987915
114,114,goodbye,goodbye,"have a good day, bye",0.9938369393348694
114,107,goodbye,yes,that will be all have a nice day!,0.3250797688961029
114,114,goodbye,goodbye,"i enjoyed talking to you, bye",0.9977601766586304
114,114,goodbye,goodbye,it was great talking to you,0.9994774460792542
114,114,goodbye,goodbye,nice seeing you bye,0.9996771812438965
114,114,goodbye,goodbye,it was nice to chat,0.9971489310264587
114,114,goodbye,goodbye,it was a pleasure talking to you,0.9657436609268188
114,114,goodbye,goodbye,ok good chatting goodbye,0.9878250360488892
114,114,goodbye,goodbye,thanks bye bye!,0.9990573525428772
114,121,goodbye,maybe,"that's all i need, i'm going now",0.30582740902900696
114,114,goodbye,goodbye,"talk to you soon, bye!",0.9856742024421692
114,124,goodbye,thank_you,"thanks for your help, goodbye!",0.9071021676063538
114,114,goodbye,goodbye,good bye,0.9993683695793152
114,147,goodbye,cancel,signing off,0.4729503095149994
2,2,account_blocked,account_blocked,why is my bank account locked,0.9999802112579346
2,2,account_blocked,account_blocked,how do i unlock my bank account,0.9564654231071472
2,2,account_blocked,account_blocked,can you unlock my bank account,0.9019942879676819
2,2,account_blocked,account_blocked,how did my bank account get frozen,0.9920775294303894
2,2,account_blocked,account_blocked,can you help me unlock my bank account,0.9851362109184265
2,2,account_blocked,account_blocked,call my bank and ask them why my account is frozen,0.9998592138290405
2,2,account_blocked,account_blocked,check with my bank to see why my account is frozen,0.9998641014099121
2,2,account_blocked,account_blocked,do you know why my bank account is frozen,0.9999861717224121
2,2,account_blocked,account_blocked,why did my bank place a hold on my bank account,0.9999842643737793
2,2,account_blocked,account_blocked,are there any problems with my bank account,0.5316880941390991
2,2,account_blocked,account_blocked,did someone who is unauthorized try to get into my bank account,0.9976531863212585
2,2,account_blocked,account_blocked,how can i unfreeze my bank account,0.717301070690155
2,2,account_blocked,account_blocked,why is there a stop on my deposit account,0.9991125464439392
2,2,account_blocked,account_blocked,why can't i use my money market account,0.9869934320449829
2,2,account_blocked,account_blocked,why is there a delay on my checking account,0.9999510049819946
2,2,account_blocked,account_blocked,why is my checking account not working,0.9981153011322021
2,2,account_blocked,account_blocked,what could cause a hold on my savings account,0.9830526113510132
2,2,account_blocked,account_blocked,what caused a hold on my us bank account,0.9821051359176636
2,2,account_blocked,account_blocked,can you check and see why us bank put a hold on my account,0.9998852014541626
2,2,account_blocked,account_blocked,why does us bank have a hold on my account,0.999975323677063
2,20,account_blocked,freeze_account,reasons that us bank would place a hold on my account,0.8791635036468506
2,2,account_blocked,account_blocked,check to see why us bank placed a hold on my account,0.9999672174453735
2,2,account_blocked,account_blocked,"is there a problem with my account, it appears to be blocked",0.27390551567077637
2,2,account_blocked,account_blocked,"what is up with my account, why is it blocked",0.9852069020271301
2,20,account_blocked,freeze_account,there seems to be an issue with my account,0.48493683338165283
2,2,account_blocked,account_blocked,can you help me unblock my account,0.9844076633453369
2,2,account_blocked,account_blocked,"can you check what the problem with my account is, it seems to b e blocked",0.9219790697097778
2,2,account_blocked,account_blocked,is there a reason you put a hold on my chase account,0.8645840883255005
2,2,account_blocked,account_blocked,why can't i access my chase account,0.9996354579925537
2,2,account_blocked,account_blocked,how come my chase account has a hold on it,0.9893426895141602
21,21,what_song,what_song,i'd like to know what song this is,0.9986269474029541
21,21,what_song,what_song,what is this song name,0.9999792575836182
21,21,what_song,what_song,i need to know this song,0.933014988899231
21,21,what_song,what_song,what is the name of this song that's on right now,0.9998595714569092
21,21,what_song,what_song,i need to know the title of this song,0.9958612322807312
21,21,what_song,what_song,find out what song is currently on the speakers,0.9971176385879517
21,21,what_song,what_song,look up the name of this song,0.9995222091674805
21,21,what_song,what_song,can you identify this song for me,0.8563662171363831
21,21,what_song,what_song,tell me what this song is called,0.9998897314071655
21,21,what_song,what_song,please identify the song we're currently listening to,0.5714417099952698
21,21,what_song,what_song,what is the title of the song we're listening to right now,0.9845747351646423
21,21,what_song,what_song,look up the song that's on right now,0.8977838158607483
21,21,what_song,what_song,can you identify this song that's playing,0.9602124691009521
21,21,what_song,what_song,find out what song this is,0.9972243309020996
21,21,what_song,what_song,i need to know what song this is that we're listening to,0.9983811378479004
21,21,what_song,what_song,tell me the song that is currently playing,0.9971131086349487
21,21,what_song,what_song,can you identify this song playing through the speaker right now,0.8294464945793152
21,21,what_song,what_song,tell me what this song is called that's playing,0.9998654127120972
21,21,what_song,what_song,what is the title of this song,0.9994646906852722
21,21,what_song,what_song,what is this song called,0.9998658895492554
21,21,what_song,what_song,what song is currently playing,0.9995294809341431
21,21,what_song,what_song,what is the information on this song,0.9925004839897156
21,21,what_song,what_song,what song is this one,0.9959709048271179
21,21,what_song,what_song,on the speaker do you know what song is on,0.9953018426895142
21,21,what_song,what_song,on the speaker what song is playing,0.9994852542877197
21,21,what_song,what_song,do you know what song is playing on the speaker,0.9997352957725525
21,21,what_song,what_song,at the moment what song is playing on the speaker,0.9995713829994202
21,21,what_song,what_song,what is playing on the speaker at the moment,0.9465117454528809
21,96,what_song,who_made_you,who is the singer on the speaker now,0.437002569437027
21,106,what_song,play_music,what kind of music on the speaker now,0.5463201403617859
137,137,international_fees,international_fees,will i be charged transaction fees if i use my american card internationally,0.9999692440032959
137,137,international_fees,international_fees,will i incur transaction fees if i use my american card internationally,0.9999598264694214
137,137,international_fees,international_fees,do i have transaction fees if i use my american card internationally,0.9999063014984131
137,137,international_fees,international_fees,could you find out if my bank charges transaction fees on my american card if use internationally,0.9844563603401184
137,137,international_fees,international_fees,will the bank charge transaction fees if i use my american card internationally,0.9998801946640015
137,137,international_fees,international_fees,do i get charged extra for using my card in portland,0.9980720281600952
137,137,international_fees,international_fees,will i get charged for using my credit card in portland,0.9164958596229553
137,137,international_fees,international_fees,if i'm in portland can i still use my card without getting charged extra,0.9731478095054626
137,137,international_fees,international_fees,is there a fee for using my card in portland,0.9980975985527039
137,137,international_fees,international_fees,does using my card in portland charge me extra,0.9936648607254028
137,137,international_fees,international_fees,what are the transaction fees associated with my discover card if i am in rome,0.9998699426651001
137,137,international_fees,international_fees,how many transaction fees are there when i use my discover card in rome,0.9999749660491943
137,137,international_fees,international_fees,are there transaction fees for discover cards used in rome,0.9991902709007263
137,137,international_fees,international_fees,will using a discover card in rome cause transaction fees,0.9998680353164673
137,137,international_fees,international_fees,do i have transaction fees when i use my discover card in rome,0.99994957447052
137,137,international_fees,international_fees,are there transaction fees using my discover if i'm in cuba,0.9999266862869263
137,137,international_fees,international_fees,when i go to cuba will there be a transaction fee for using my discover card,0.997882068157196
137,137,international_fees,international_fees,is there a fee to use my card in france,0.994512677192688
137,137,international_fees,international_fees,will i be charged a transaction fee on my discover card in cuba,0.9956302642822266
137,137,international_fees,international_fees,is there a charge to use my card in france,0.9987651109695435
137,137,international_fees,international_fees,if i use my discover card in cuba are there transaction fees,0.99997878074646
137,137,international_fees,international_fees,are there transaction fees in cuba for using my discover card,0.9999834299087524
137,137,international_fees,international_fees,so i get charged if i use my card in france,0.9986634254455566
137,137,international_fees,international_fees,is there an international charge for using my card in france,0.9996788501739502
137,137,international_fees,international_fees,is there a fee if i use my card in france,0.9996374845504761
137,137,international_fees,international_fees,is there a charge to use my card in croatia,0.997821569442749
137,137,international_fees,international_fees,"in x, will i be charged to use my card",0.9649056792259216
137,137,international_fees,international_fees,"in x, what is the charge if i use my card",0.9971197843551636
137,137,international_fees,international_fees,"if i use my card in x, will there be a charge",0.999575674533844
137,137,international_fees,international_fees,will it cost me anything to use my card in turin,0.9694455862045288
37,37,last_maintenance,last_maintenance,what was the date of my last car appointment,0.9996601343154907
37,37,last_maintenance,last_maintenance,was my car in the shop this past week,0.9505655765533447
37,37,last_maintenance,last_maintenance,how many weeks ago was my car in the shop,0.9970894455909729
37,37,last_maintenance,last_maintenance,did i get my car inspected recently,0.5713809132575989
37,37,last_maintenance,last_maintenance,i cannot remember when i last took my car to the shop,0.9998013377189636
37,37,last_maintenance,last_maintenance,did i bring my car to the shop last week,0.9954237341880798
37,37,last_maintenance,last_maintenance,when did i get my car inspected last,0.9987216591835022
37,37,last_maintenance,last_maintenance,give me the date that i last got my car checked,0.9962330460548401
37,37,last_maintenance,last_maintenance,did i take my car to the mechanics recently,0.8460365533828735
37,37,last_maintenance,last_maintenance,tell me when i got my car checked last,0.9946558475494385
37,37,last_maintenance,last_maintenance,when did i last take my car to the shop,0.9999837875366211
37,37,last_maintenance,last_maintenance,give me an exact date of when i took my car to the mechanic,0.9976015686988831
37,37,last_maintenance,last_maintenance,remind me of the last date that i got my car checked,0.9855201840400696
37,37,last_maintenance,last_maintenance,when was my last visit to the car shop,0.9996944665908813
37,37,last_maintenance,last_maintenance,when was my car last in the shop,0.9999150037765503
37,37,last_maintenance,last_maintenance,how long ago did i take my car to the shop,0.9990522265434265
37,37,last_maintenance,last_maintenance,how long has it been since i last took my car to the shop,0.9999648332595825
37,37,last_maintenance,last_maintenance,when did i take my car to the shop last,0.9998842477798462
37,37,last_maintenance,last_maintenance,give me the date of my last oil change,0.9992202520370483
37,37,last_maintenance,last_maintenance,tell me when i last had my oil changed,0.9990770816802979
37,37,last_maintenance,last_maintenance,when was my oil last changed,0.9988064765930176
37,37,last_maintenance,last_maintenance,what day did i last take my car to the shop,0.9996898174285889
37,131,last_maintenance,schedule_maintenance,have i recently had an oil change,0.6674506068229675
37,37,last_maintenance,last_maintenance,what was the date of the last time i took my car to the shop,0.999889612197876
37,37,last_maintenance,last_maintenance,what day did i last take my car in,0.9995736479759216
37,37,last_maintenance,last_maintenance,tell me when my last oil change was,0.9987760186195374
37,37,last_maintenance,last_maintenance,i last got my oil changed when,0.9399317502975464
37,37,last_maintenance,last_maintenance,what day did i last have the oil in my car changed,0.99996018409729
37,37,last_maintenance,last_maintenance,what was the date of my last oil change,0.9998188614845276
37,37,last_maintenance,last_maintenance,i'd like to know the last time my car got looked at,0.9955964684486389
19,19,meeting_schedule,meeting_schedule,are there meetings scheduled for today,0.999906063079834
19,19,meeting_schedule,meeting_schedule,check today's calendar for meetings,0.996483325958252
19,19,meeting_schedule,meeting_schedule,check my schedule for meetings today,0.999906063079834
19,19,meeting_schedule,meeting_schedule,list meetings on calendar for today,0.9800866842269897
19,19,meeting_schedule,meeting_schedule,exactly what time is my meeting with robin scheduled for on,0.997757613658905
19,19,meeting_schedule,meeting_schedule,for what time is my meeting with marketing scheduled,0.9964549541473389
19,19,meeting_schedule,meeting_schedule,what time is my meeting with design team scheduled for,0.9960364699363708
19,19,meeting_schedule,meeting_schedule,when is my meeting with infrastructure,0.9995566010475159
19,19,meeting_schedule,meeting_schedule,when is my meeting with invoicing scheduled,0.9996368885040283
19,19,meeting_schedule,meeting_schedule,is the meeting with lisa today,0.9867687821388245
19,19,meeting_schedule,meeting_schedule,are there meetings from 1 to 5 pm,0.9436115026473999
19,19,meeting_schedule,meeting_schedule,when for i meet jane for our meeting,0.9832125306129456
19,19,meeting_schedule,meeting_schedule,tell me if i have a meeting with liz today,0.9841545820236206
19,19,meeting_schedule,meeting_schedule,is there a meeting with sam today,0.5974016785621643
19,19,meeting_schedule,meeting_schedule,do i have a meeting with paul today,0.9749184846878052
19,19,meeting_schedule,meeting_schedule,is there any meetings from 5 to 6 pm,0.9680495262145996
19,19,meeting_schedule,meeting_schedule,when is my meeting with jim scheduled for,0.9996654987335205
19,19,meeting_schedule,meeting_schedule,are there any meetings between 2 and 5 pm,0.9649935364723206
19,19,meeting_schedule,meeting_schedule,is it possible i have a meeting with kim today,0.9565116167068481
19,19,meeting_schedule,meeting_schedule,my meeting with alice is scheduled for when,0.9938714504241943
19,19,meeting_schedule,meeting_schedule,when is my meeting with jack for,0.9987416863441467
19,19,meeting_schedule,meeting_schedule,when is my meeting with ann,0.999560534954071
19,19,meeting_schedule,meeting_schedule,do i have any meetings between 1 and 8 pm,0.9991459846496582
19,19,meeting_schedule,meeting_schedule,i need to know if i have meetings from 3 to 6 pm,0.9905341863632202
19,19,meeting_schedule,meeting_schedule,do i have any meetings scheduled today,0.9999947547912598
19,19,meeting_schedule,meeting_schedule,give me a summary of today's meetings,0.9909394979476929
19,19,meeting_schedule,meeting_schedule,tell me when today's meeting is supposed to happen,0.9885773658752441
19,19,meeting_schedule,meeting_schedule,what time is today's meeting,0.9773220419883728
19,19,meeting_schedule,meeting_schedule,check the start time of the meeting scheduled for today,0.9906246066093445
19,19,meeting_schedule,meeting_schedule,am i supposed to attend any meetings today,0.999674916267395
112,112,ingredients_list,ingredients_list,what food do you need to make lasagna,0.9878303408622742
112,112,ingredients_list,ingredients_list,what ingredients do you need to make lasagna,0.9999951124191284
112,112,ingredients_list,ingredients_list,what ingredients are needed to make lasgana,0.9999716281890869
112,112,ingredients_list,ingredients_list,what is needed to make lasagna,0.7323939800262451
112,104,ingredients_list,recipe,what is needed to cook lasagna,0.5161218643188477
112,104,ingredients_list,recipe,give me a recipe for tacos,0.9864822626113892
112,112,ingredients_list,ingredients_list,what ingredients are in tacos,0.9999723434448242
112,149,ingredients_list,travel_suggestion,tell me what's in tacos,0.11494598537683487
112,104,ingredients_list,recipe,what's a good recipe foe tacos,0.9851881265640259
112,112,ingredients_list,ingredients_list,tell me the ingredients for making tom yum,0.9963160157203674
112,112,ingredients_list,ingredients_list,i want to know the ingredients for making pizza,0.9936322569847107
112,112,ingredients_list,ingredients_list,let me know the ingredients i will need for pasta making,0.9947208166122437
112,112,ingredients_list,ingredients_list,what ingredients are necessary to make spaghetti carbonara,0.9999334812164307
112,112,ingredients_list,ingredients_list,what do i need to use to make lasagna,0.9506024122238159
112,86,ingredients_list,cook_time,how much flour do i need for a strawberry cake,0.19096221029758453
112,112,ingredients_list,ingredients_list,tell me the ingredients to make an apple pie,0.6073679327964783
112,112,ingredients_list,ingredients_list,what ingredients are in beef jerkey,0.9999511241912842
112,112,ingredients_list,ingredients_list,what ingredients does agor agor need,0.9999020099639893
112,112,ingredients_list,ingredients_list,what do i need to make authentic kimchi,0.9746554493904114
112,112,ingredients_list,ingredients_list,what do i need to make macaroni,0.979656457901001
112,43,ingredients_list,shopping_list,what do i need to buy for spaghetti,0.7813819050788879
112,115,ingredients_list,what_can_i_ask_you,what am i gonna need for sushi,0.3876332938671112
112,112,ingredients_list,ingredients_list,what ingredients do i use for pork belly,0.9994890689849854
112,112,ingredients_list,ingredients_list,what ingredients are in filet mignon,0.9999574422836304
112,112,ingredients_list,ingredients_list,let me know what ingredients i need to make pasta,0.9999650716781616
112,112,ingredients_list,ingredients_list,what do i need to make pasta,0.9746307730674744
112,112,ingredients_list,ingredients_list,give me a list of ingredients for making pasta,0.9992313385009766
112,112,ingredients_list,ingredients_list,pull up everything i need to make a pasta dish,0.4230935573577881
112,112,ingredients_list,ingredients_list,tell me all the things i need to buy to make pasta,0.8976285457611084
112,112,ingredients_list,ingredients_list,what do i need to make brownies,0.9750726819038391
70,70,report_fraud,report_fraud,i want to report fraudulent activity on my navy federal card,0.999957799911499
70,70,report_fraud,report_fraud,i would like to report fraudulent activity on my chase card,0.9999855756759644
70,70,report_fraud,report_fraud,i need to report fraudulent activity on my usaa card,0.9999783039093018
70,70,report_fraud,report_fraud,i have to report fraudulent activity on my bank of the west card,0.9999830722808838
70,70,report_fraud,report_fraud,i have to report fraudulent activity the bank of america card,0.9999176263809204
70,70,report_fraud,report_fraud,i seem to have a purchase that i didn't make from olive garden on my account,0.7475643754005432
70,111,report_fraud,pay_bill,my online bill has some items that i didn't purchase from penneys,0.2693195343017578
70,70,report_fraud,report_fraud,my account shows a transaction that i didn't make from foot locker,0.9827645421028137
70,16,report_fraud,order,my bill shows a purchase from payless shoes but i didn't buy anything,0.6243943572044373
70,70,report_fraud,report_fraud,i have some charges on my account from old navy that aren't mine,0.8928996324539185
70,70,report_fraud,report_fraud,this charge is bs,0.1823928952217102
70,70,report_fraud,report_fraud,i have a bogus transaction from amazon on my account,0.9743210673332214
70,70,report_fraud,report_fraud,i have a fraudulent buy from dave's video on my account,0.9925576448440552
70,70,report_fraud,report_fraud,i have a crap transaction from guitar center on my account,0.983116090297699
70,68,report_fraud,transactions,i think this transaction is bogus,0.8480186462402344
70,76,report_fraud,reminder,i don't remember buying this,0.2938009202480316
70,70,report_fraud,report_fraud,i have a bs transaction from ebay on my account,0.9832178354263306
70,70,report_fraud,report_fraud,i've got a fraudulent purchase from kayak on my account,0.9966219663619995
70,70,report_fraud,report_fraud,do i have a fraudulent transaction on my account,0.9999265670776367
70,70,report_fraud,report_fraud,i'm pretty sure i have a fraudulent transaction on my account,0.9999473094940186
70,70,report_fraud,report_fraud,there's a false charge on my account from mcdonald's,0.952086329460144
70,70,report_fraud,report_fraud,i think there's a fraudulent charge from mcdonald's on my account,0.9999686479568481
70,20,report_fraud,freeze_account,i think someone jacked my bank account,0.6412439942359924
70,70,report_fraud,report_fraud,i saw suspicious activity on my bank account,0.8784441947937012
70,20,report_fraud,freeze_account,someone else used my account to buy stuff from mcdonald's,0.7891554236412048
70,70,report_fraud,report_fraud,there's a messed up transaction on my account from mcdonald's,0.8843342661857605
70,70,report_fraud,report_fraud,i saw a fraudulent transaction,0.9996755123138428
70,70,report_fraud,report_fraud,i have a false charge on my account from mcdonald's,0.9704301953315735
70,70,report_fraud,report_fraud,who do i contact to report fraud on my visa,0.9987931251525879
70,70,report_fraud,report_fraud,there has been unauthorized use of my visa,0.302191823720932
31,31,measurement_conversion,measurement_conversion,how many teaspoons will make one tablespoon,0.8857953548431396
31,40,measurement_conversion,car_rental,i need the conversion between a cup and a tablespoon,0.12753082811832428
31,31,measurement_conversion,measurement_conversion,inform me how many pounds are in 10 kilos,0.9987799525260925
31,31,measurement_conversion,measurement_conversion,i wanna know how many pounds are in 10 kilos,0.9984575510025024
31,31,measurement_conversion,measurement_conversion,how do you convert kilos to pounds,0.9993526339530945
31,31,measurement_conversion,measurement_conversion,how many teaspoons is one tablespoon,0.9788190126419067
31,31,measurement_conversion,measurement_conversion,i need to convert kilos to pounds,0.9942839741706848
31,31,measurement_conversion,measurement_conversion,i need to know the conversion between teaspoons and tablespoons,0.9849745035171509
31,31,measurement_conversion,measurement_conversion,how many pounds are in 10 kilos,0.9995506405830383
31,31,measurement_conversion,measurement_conversion,can you assist me to convert kilos to pounds,0.9909381866455078
31,31,measurement_conversion,measurement_conversion,let me know how many pounds are in 10 kilos,0.9977304339408875
31,31,measurement_conversion,measurement_conversion,give me the conversion between ounces and cups,0.9971609115600586
31,31,measurement_conversion,measurement_conversion,help me convert kilos to pounds,0.9954535961151123
31,31,measurement_conversion,measurement_conversion,i need to know how many pounds are in 10 kilos,0.9986157417297363
31,31,measurement_conversion,measurement_conversion,i want to convert kilos to pounds,0.9909778833389282
31,31,measurement_conversion,measurement_conversion,how can i convert centimeters to inches,0.9998427629470825
31,31,measurement_conversion,measurement_conversion,how would i change from centimeters to inches,0.9981278777122498
31,31,measurement_conversion,measurement_conversion,what can i use to convert from centimeters to inches,0.9865415096282959
31,31,measurement_conversion,measurement_conversion,how can you convert centimeters to inches,0.9999467134475708
31,31,measurement_conversion,measurement_conversion,how could we convert centimeters to inches,0.9999133348464966
31,38,measurement_conversion,exchange_rate,how does measurement slugs convert to measurement lb,0.477546364068985
31,38,measurement_conversion,exchange_rate,how does measurement a convert to measurement b,0.37551942467689514
31,136,measurement_conversion,current_location,where can i find measurement conversions,0.33186832070350647
31,31,measurement_conversion,measurement_conversion,how many ounces are in 4 pounds,0.9998173117637634
31,31,measurement_conversion,measurement_conversion,how many grams are in 9 kilograms,0.9358890056610107
31,31,measurement_conversion,measurement_conversion,how many centimeters are in 12 meters,0.9997368454933167
31,31,measurement_conversion,measurement_conversion,how many inches are in 36 feet,0.9999532699584961
31,31,measurement_conversion,measurement_conversion,how many millimeters are in 21 centimeters,0.9987971782684326
31,31,measurement_conversion,measurement_conversion,how many milliliters are in 2 gallons,0.9835969805717468
31,31,measurement_conversion,measurement_conversion,how many liters are in 1 gallon,0.9938615560531616
10,10,smart_home,smart_home,i would like it if you would turn the bedroom lights on low until i'm finished reading,0.995327353477478
10,10,smart_home,smart_home,i need you to turn the bathroom lights on,0.9998455047607422
10,10,smart_home,smart_home,set the ceiling fan to low,0.9986434578895569
10,10,smart_home,smart_home,start the dishwasher,0.3776557743549347
10,10,smart_home,smart_home,turn on the tv on channel 6,0.9944120049476624
10,32,smart_home,timer,turn on the microwave for 3 minutes,0.9575515985488892
10,10,smart_home,smart_home,"on the tv, turn on",0.9474689960479736
10,10,smart_home,smart_home,set the tv on,0.9996707439422607
10,10,smart_home,smart_home,how is the temperature at ac,0.998916506767273
10,10,smart_home,smart_home,the tv turn it on,0.9973129630088806
10,10,smart_home,smart_home,oven set it to 350,0.8432599902153015
10,10,smart_home,smart_home,the temperature at ac is what,0.9971852898597717
10,10,smart_home,smart_home,tv turn it on,0.984723687171936
10,10,smart_home,smart_home,350 set the oven,0.991863489151001
10,10,smart_home,smart_home,the oven be set at 350,0.9685028195381165
10,10,smart_home,smart_home,turn the oven to 350,0.9885679483413696
10,5,smart_home,weather,"at ac, what's the temperature like",0.8831026554107666
10,10,smart_home,smart_home,ac temperature is at what,0.9972169399261475
10,10,smart_home,smart_home,turn on the tv,0.9959969520568848
10,10,smart_home,smart_home,what is it like the temperature at ac,0.9974204301834106
10,10,smart_home,smart_home,"to 350, set the oven",0.9868260025978088
10,10,smart_home,smart_home,please turn the lights down low,0.9996812343597412
10,10,smart_home,smart_home,can you adjust the lights down,0.9989744424819946
10,131,smart_home,schedule_maintenance,i want the light less bright please,0.306024432182312
10,10,smart_home,smart_home,make the lights darker,0.999232292175293
10,10,smart_home,smart_home,please set the oven to 350 f,0.9915153980255127
10,10,smart_home,smart_home,please set the temperature to 70 f,0.9986864924430847
10,10,smart_home,smart_home,set the oven temperature to 350,0.9996613264083862
10,10,smart_home,smart_home,i need the temperature set at 70 f,0.9925376772880554
10,10,smart_home,smart_home,turn up the oven temperature to 350,0.999035120010376
116,116,book_hotel,book_hotel,i really need you to find me a hotel with good reviews in phoenix,0.999670147895813
116,116,book_hotel,book_hotel,i wanna book a place to stay in phoenix from the 5th to the 9th of march,0.9932900667190552
116,116,book_hotel,book_hotel,i wanna find a hotel with good reviews in phoenix,0.9999028444290161
116,116,book_hotel,book_hotel,i want a hotel in phoenix near chase field from january 4th to the 8th,0.9994564652442932
116,116,book_hotel,book_hotel,i would like to book a place to stay in phoenix from the 5th to the 9th of march,0.9943293929100037
116,116,book_hotel,book_hotel,i need a hotel in phoenix near chase field from january 4th to the 8th,0.9996238946914673
116,116,book_hotel,book_hotel,i need a hotel room that is big enough for eleven people from march 10th to the 15th in phoenix,0.9965142607688904
116,116,book_hotel,book_hotel,i must get a hotel in phoenix near chase field from january 4th to the 8th,0.9992120265960693
116,116,book_hotel,book_hotel,go ahead and find me a hotel with good reviews in phoenix,0.999873161315918
116,116,book_hotel,book_hotel,find me a hotel with good reviews in phoenix,0.9998670816421509
116,116,book_hotel,book_hotel,i need you to find me a hotel with good reviews in phoenix,0.9998772144317627
116,116,book_hotel,book_hotel,get me a hotel in phoenix near chase field from january 4th to the 8th,0.9994425177574158
116,116,book_hotel,book_hotel,i need to get a hotel in phoenix near chase field from january 4th to the 8th,0.9990253448486328
116,116,book_hotel,book_hotel,please book me a place to stay in phoenix from the 5th to the 9th of march,0.9945987462997437
116,116,book_hotel,book_hotel,i need to book a place to stay in phoenix from the 5th to the 9th of march,0.9924672245979309
116,116,book_hotel,book_hotel,i really gotta book a place to stay in phoenix from the 5th to the 9th of march,0.9920390844345093
116,116,book_hotel,book_hotel,i need to get a hotel room that is big enough for eleven people from march 10th to the 15th in phoenix,0.9881580471992493
116,116,book_hotel,book_hotel,can you find me a reputable hotel in honolulu,0.9988123178482056
116,116,book_hotel,book_hotel,"i want a hotel with good review in honolulu, can you find one",0.9985291957855225
116,116,book_hotel,book_hotel,find for me a hotel with great reviews in ho chi minh,0.9997466206550598
116,116,book_hotel,book_hotel,i need your help to find a good reviewed hotel in washington,0.9987442493438721
116,116,book_hotel,book_hotel,can you find me a good reviewed hotel in japan,0.9989132881164551
116,116,book_hotel,book_hotel,i need a hotel between january 1st through 3rd in jacksonville near the stadium,0.985755205154419
116,116,book_hotel,book_hotel,find me a place to stay in jacksonville near the stadium from january 1st through 3rd,0.9939401149749756
116,116,book_hotel,book_hotel,book me a hotel in jacksonville near the stadium from january 1st to 3rd,0.999659538269043
116,116,book_hotel,book_hotel,id like a room in jacksonville near the stadium between january 1st to 3rd,0.9593570232391357
116,116,book_hotel,book_hotel,find me a room near the jacksonville stadium between january 1st through january 3rd,0.6236360669136047
116,116,book_hotel,book_hotel,get me a hotel room big enough for 4 people from may 3 to may 5 in boston,0.9994012117385864
116,23,book_hotel,restaurant_reservation,i'm travelling to boston on march 2 until march 4 please make a hotel reservation for me,0.6154095530509949
116,116,book_hotel,book_hotel,i need a hotel room for 4 people from may 3 to may 5 in boston,0.9997397065162659
136,136,current_location,current_location,pull up the map and show my location,0.6982074975967407
136,136,current_location,current_location,where am i currently,0.9770749807357788
136,136,current_location,current_location,where is my current location,0.9762675166130066
136,136,current_location,current_location,what's my map location,0.9997419714927673
136,136,current_location,current_location,find my current location,0.9868914484977722
136,136,current_location,current_location,please tell me the current location,0.9962906837463379
136,136,current_location,current_location,i want to see my location on the map,0.9944714307785034
136,136,current_location,current_location,what's the location where i am,0.9807081818580627
136,136,current_location,current_location,can you tell me my current location,0.9963468909263611
136,136,current_location,current_location,where am i located on the map,0.9995954632759094
136,136,current_location,current_location,where am i currently located,0.993579626083374
136,136,current_location,current_location,show my location on the map,0.9820533990859985
136,136,current_location,current_location,i am currently located in what town,0.4327511191368103
136,136,current_location,current_location,my current location is what,0.9938713312149048
136,136,current_location,current_location,give me my location,0.9703596830368042
136,136,current_location,current_location,tell me where i am,0.9875735640525818
136,136,current_location,current_location,whats my location,0.9313973784446716
136,136,current_location,current_location,show my position on the map,0.95126873254776
136,136,current_location,current_location,where is my location,0.9472900032997131
136,136,current_location,current_location,current location please,0.9082236289978027
136,136,current_location,current_location,display my location on the map,0.9965245127677917
136,136,current_location,current_location,where am i,0.9652301669120789
136,136,current_location,current_location,find out where i am on the map,0.9986887574195862
136,136,current_location,current_location,where am i on the map,0.9990542531013489
136,136,current_location,current_location,show me where i am on the map please,0.999521017074585
136,89,current_location,pin_change,open map and pin point my location,0.7869876623153687
136,136,current_location,current_location,show me my location,0.9949995279312134
136,136,current_location,current_location,what could help me locate myself,0.42467671632766724
136,58,current_location,share_location,i need assistance with my current location,0.8396264314651489
136,136,current_location,current_location,where would i search for my location,0.9727609753608704
5,5,weather,weather,what is the weather,0.9988718628883362
5,5,weather,weather,current weather,0.9873617887496948
5,5,weather,weather,tell me the weather,0.9990481734275818
5,5,weather,weather,what's the weather like today,0.9996838569641113
5,5,weather,weather,what is the weather like,0.9996095299720764
5,5,weather,weather,show me what the weather is like,0.9992965459823608
5,5,weather,weather,let's take a look at the weather,0.9191379547119141
5,5,weather,weather,how is the weather looking in seattle,0.9991674423217773
5,5,weather,weather,how's the weather in seattle,0.9994738698005676
5,5,weather,weather,what is the state of the weather in seattle,0.9992152452468872
5,5,weather,weather,what is the weather forecast looking like for seattle,0.9999569654464722
5,5,weather,weather,what are the weather conditions like in seattle,0.9999748468399048
5,5,weather,weather,what is the weather doing now,0.9991152882575989
5,5,weather,weather,what kind of weather can i expect now,0.9951130747795105
5,5,weather,weather,tell me what the weather is looking like,0.9987140893936157
5,5,weather,weather,how is the weather,0.9918386340141296
5,5,weather,weather,can you tell me the weather forecast,0.9999526739120483
5,5,weather,weather,could you tell me what the weather is in austin,0.9995666146278381
5,5,weather,weather,what is the weather doing in austin,0.9997177720069885
5,5,weather,weather,what about the weather in austin,0.9995105266571045
5,5,weather,weather,how is the weather in austin,0.9988952279090881
5,5,weather,weather,what is happening with the weather in austin,0.9976893663406372
5,5,weather,weather,how is that weather,0.8359795212745667
5,5,weather,weather,how does the weather feel,0.9920763969421387
5,5,weather,weather,need to know the weather now,0.9890790581703186
5,5,weather,weather,give weather update now,0.9576548337936401
5,5,weather,weather,want to know the weather,0.9887983202934265
5,5,weather,weather,tell me the weather for today,0.9998432397842407
5,5,weather,weather,what is the current weather like,0.9989314675331116
5,5,weather,weather,las vegas weather today,0.866382896900177
94,94,taxes,taxes,tell me what my federal taxes amount to,0.9997841715812683
94,94,taxes,taxes,what taxes do i owe,0.994277834892273
94,94,taxes,taxes,lets talk about what my federal taxes look like,0.9986011385917664
94,94,taxes,taxes,what taxes will i owe from my income,0.9992434978485107
94,94,taxes,taxes,whats the total of my taxes,0.9985803365707397
94,94,taxes,taxes,what do my federal taxes look like,0.9995712637901306
94,94,taxes,taxes,how much are the taxes on my income,0.9995403289794922
94,94,taxes,taxes,please share my federal taxes total with me,0.9940914511680603
94,94,taxes,taxes,how much in taxes will i owe,0.9997356534004211
94,94,taxes,taxes,what do my state taxes look like,0.9994727969169617
94,94,taxes,taxes,whats the total of taxes from my income,0.9991025924682617
94,94,taxes,taxes,tell me how much my state taxes amount to,0.9998929500579834
94,94,taxes,taxes,whats the total of my federal taxes,0.9997643828392029
94,94,taxes,taxes,look up how much my state taxes are,0.9998961687088013
94,94,taxes,taxes,talk to me about the total of my state taxes,0.9995322227478027
94,94,taxes,taxes,what am i paying in taxes,0.9990703463554382
94,94,taxes,taxes,what is the total of my state taxes,0.9998313188552856
94,94,taxes,taxes,how much do i owe the irs,0.9600723385810852
94,94,taxes,taxes,how much do i pay the irs,0.9833148717880249
94,94,taxes,taxes,do you know my state tax total,0.9985785484313965
94,94,taxes,taxes,what's the amount of taxes for my income,0.9992741942405701
94,94,taxes,taxes,how much are my taxes for my income,0.9996755123138428
94,94,taxes,taxes,i pay how much of taxes with my income,0.9998190999031067
94,94,taxes,taxes,how much is my state taxes,0.9998428821563721
94,94,taxes,taxes,i need the data and price from my state taxes,0.9888330698013306
94,94,taxes,taxes,do you know the price for my taxes in income,0.9970554113388062
94,94,taxes,taxes,what is the amount of my state taxes,0.9997854828834534
94,94,taxes,taxes,what is the price of my state taxes that i owe,0.9987419247627258
94,94,taxes,taxes,do you know the total for taxes for my income,0.9980454444885254
94,94,taxes,taxes,what should i squirrel away to pay in taxes,0.998785674571991
143,143,min_payment,min_payment,i must pay verizon what minimum amount on my bill,0.999916672706604
143,143,min_payment,min_payment,what is the lowest amount i must pay on my verizon bill,0.8991315960884094
143,143,min_payment,min_payment,"at a minimum, what must i pay on my verizon bill",0.46028658747673035
143,143,min_payment,min_payment,what is my minimum verizon bill payment,0.9981756210327148
143,27,min_payment,bill_balance,"what must i pay, at a minimum, on my verizon bill",0.8459227085113525
143,143,min_payment,min_payment,what's the least i can pay this month,0.984002411365509
143,143,min_payment,min_payment,what is my amex minimum payment,0.9998413324356079
143,143,min_payment,min_payment,what's the minimum payment,0.9999438524246216
143,143,min_payment,min_payment,what is my minimum payment and when is it due,0.8076949119567871
143,143,min_payment,min_payment,is there a minimum payment i can make,0.9999223947525024
143,143,min_payment,min_payment,what is the lowest amount i can pay for my cellphone bill,0.9974678754806519
143,143,min_payment,min_payment,what is the lowest amount i can pay for my insurance bill,0.970702052116394
143,143,min_payment,min_payment,what is the minimum i can pay on my credit card bill,0.9999841451644897
143,143,min_payment,min_payment,what is the lowest amount i can pay for my medical bill,0.9977747797966003
143,143,min_payment,min_payment,what is the minimum i can pay on my phone bill,0.9999961853027344
143,143,min_payment,min_payment,what is the minimum i can pay on my insurance bill,0.9998443126678467
143,143,min_payment,min_payment,what is the minimum i can pay on my electric bill,0.9999942779541016
143,143,min_payment,min_payment,what is the minimum i can pay on my gas bill,0.9999772310256958
143,143,min_payment,min_payment,what is the lowest amount i can pay for my hospital bill,0.9976397752761841
143,143,min_payment,min_payment,what is the lowest amount i can pay for my car bill,0.9933831095695496
143,143,min_payment,min_payment,what is the minimum i can pay on my cell phone bill,0.9999924898147583
143,143,min_payment,min_payment,what is the minimum i can pay on my water bill,0.9999945163726807
143,143,min_payment,min_payment,what is the minimum i can pay on my heating bill,0.9999951124191284
143,143,min_payment,min_payment,tell me the minimum i can pay on my utilities bill,0.9999915361404419
143,143,min_payment,min_payment,what is the minimum amount i can pay on my gas bill,0.9999899864196777
143,143,min_payment,min_payment,do you know the smallest amount i can pay on my water bill,0.9982810020446777
143,143,min_payment,min_payment,look up the lowest amount i can pay on my electricity bill,0.9976512789726257
143,143,min_payment,min_payment,what is the minimum payable amount for my rent bill this month,0.9985452890396118
143,143,min_payment,min_payment,what is the minimum payment on my water bill,0.9999865293502808
143,27,min_payment,bill_balance,"if i wanted to spend the lowest for my electric bill, then how much would it be",0.19923733174800873
14,14,whisper_mode,whisper_mode,set whisper mode to off,0.9999254941940308
14,14,whisper_mode,whisper_mode,switch off whisper mode,0.999997615814209
14,14,whisper_mode,whisper_mode,switch whisper mode off,0.9999939203262329
14,14,whisper_mode,whisper_mode,turn whisper mode off,0.9999957084655762
14,14,whisper_mode,whisper_mode,"whisper mode, please",0.9988100528717041
14,14,whisper_mode,whisper_mode,please start whisper mode,0.9999963045120239
14,14,whisper_mode,whisper_mode,switch over to whisper mode,0.9999892711639404
14,14,whisper_mode,whisper_mode,leave whisper mode,0.9999949932098389
14,14,whisper_mode,whisper_mode,revert from whisper mode,0.9999943971633911
14,14,whisper_mode,whisper_mode,whisper mode must be left,0.9998363256454468
14,14,whisper_mode,whisper_mode,change from whisper mode,0.9999911785125732
14,14,whisper_mode,whisper_mode,help to turn on whisper mode,0.9999866485595703
14,14,whisper_mode,whisper_mode,turn on whisper mode,0.9999914169311523
14,14,whisper_mode,whisper_mode,whisper mode,0.9999604225158691
14,14,whisper_mode,whisper_mode,start whisper mode,0.9999957084655762
14,14,whisper_mode,whisper_mode,go to whisper mode until this movie is over,0.9996213912963867
14,14,whisper_mode,whisper_mode,go to whisper mode until i say to go back to normal,0.9997877478599548
14,14,whisper_mode,whisper_mode,go into whisper mode until the plane lands,0.9994704127311707
14,14,whisper_mode,whisper_mode,go to whisper mode for one hour,0.999947190284729
14,14,whisper_mode,whisper_mode,go to whisper mode until my morning alarm goes off,0.9863698482513428
14,14,whisper_mode,whisper_mode,make saound function operate in whisper mode,0.9999024868011475
14,14,whisper_mode,whisper_mode,change audio settings to the whisper option,0.9553894400596619
14,14,whisper_mode,whisper_mode,change audio to whisper mode,0.9999849796295166
14,14,whisper_mode,whisper_mode,i want to only use the whisper sound,0.9995330572128296
14,14,whisper_mode,whisper_mode,change sound setting to whisper,0.9913821816444397
14,14,whisper_mode,whisper_mode,change to something that's not whisper mode,0.9999486207962036
14,14,whisper_mode,whisper_mode,cancel whisper mode,0.9999580383300781
14,14,whisper_mode,whisper_mode,get out of whisper mode,0.999995231628418
14,14,whisper_mode,whisper_mode,"whisper mode, stop",0.9760224223136902
14,14,whisper_mode,whisper_mode,stop whisper mode,0.9999947547912598
147,147,cancel,cancel,stop what you're doing,0.9793154001235962
147,147,cancel,cancel,this process needs to stop,0.9508503079414368
147,147,cancel,cancel,stop this process,0.994988739490509
147,147,cancel,cancel,"that was a mistake, undo that",0.8795874714851379
147,147,cancel,cancel,ignore the previous command,0.8286072611808777
147,147,cancel,cancel,forget what i told you to do,0.834740936756134
147,147,cancel,cancel,please cancel the last input,0.9978892207145691
147,147,cancel,cancel,please stop the current process,0.9979251623153687
147,147,cancel,cancel,can you end the current process,0.806003749370575
147,147,cancel,cancel,just stop talking,0.9990241527557373
147,147,cancel,cancel,please stop talking,0.9988177418708801
147,147,cancel,cancel,"stop, just stop",0.993029773235321
147,147,cancel,cancel,you can stop talking ai,0.9790183305740356
147,147,cancel,cancel,stop the process,0.9948477745056152
147,147,cancel,cancel,can you turn off the process,0.6105862855911255
147,147,cancel,cancel,stop talking,0.998749852180481
147,147,cancel,cancel,you can cancel the task,0.9994274377822876
147,147,cancel,cancel,can you cancel that,0.9989125728607178
147,147,cancel,cancel,can you cancel that request,0.9645806550979614
147,147,cancel,cancel,"could you cancel that request, please",0.9966938495635986
147,147,cancel,cancel,"can you cancel that request, please",0.997936487197876
147,147,cancel,cancel,"can you cancel that, please",0.9974052309989929
147,114,cancel,goodbye,hush,0.03244926780462265
147,147,cancel,cancel,be quiet,0.9223756194114685
147,147,cancel,cancel,stop it now!,0.9883205890655518
147,147,cancel,cancel,stop talking you are annoying,0.9915229082107544
147,147,cancel,cancel,you need to shut it,0.950295627117157
147,147,cancel,cancel,stop processing,0.9882368445396423
147,147,cancel,cancel,abort mission,0.9867770075798035
147,147,cancel,cancel,stop speaking,0.9871137142181396
59,128,international_visa,travel_alert,are visas needed to travel to jamaica,0.4595622718334198
59,59,international_visa,international_visa,do i need a visa for south korea,0.9992414712905884
59,59,international_visa,international_visa,"if i go to columbia, will i need a visa",0.9995207786560059
59,59,international_visa,international_visa,are visas required to go to cuba,0.22367478907108307
59,59,international_visa,international_visa,do i need to apply for a visa for my trip to india,0.995566189289093
59,59,international_visa,international_visa,if i go to indonesia would i need a visa,0.9990283250808716
59,59,international_visa,international_visa,do i need a visa to travel to indonesia,0.9999500513076782
59,59,international_visa,international_visa,should i apply for a visa if i am traveling to mexico,0.977590799331665
59,59,international_visa,international_visa,is a visa necessary for traveling to south africa,0.9876666069030762
59,59,international_visa,international_visa,if i want to travel to singapore do i need a visa,0.9999140501022339
59,112,international_visa,ingredients_list,do americans need visas in canada,0.2196628451347351
59,59,international_visa,international_visa,would i need a visa in taiwan,0.9825634360313416
59,59,international_visa,international_visa,i'd like to go to malaysia so do i need a visa,0.9981946349143982
59,59,international_visa,international_visa,is a travel visa needed for thailand,0.9828929305076599
59,59,international_visa,international_visa,what are the visa requirements for brazil,0.3998745083808899
59,59,international_visa,international_visa,is a travel visa required to visit paraguay,0.9950352907180786
59,59,international_visa,international_visa,does travelling to st petersburg require a travel visa,0.9991610050201416
59,59,international_visa,international_visa,should i get a travel visa if i want to go to guyana,0.999142050743103
59,59,international_visa,international_visa,will i be able to visit peru without a travel visa,0.9868202805519104
59,59,international_visa,international_visa,"if i want to go to x, do i need a travel visa",0.9998767375946045
59,59,international_visa,international_visa,can i get to cuba with this visa,0.7026386260986328
59,59,international_visa,international_visa,do i need a visa to get to puerto rico,0.9987406134605408
59,59,international_visa,international_visa,do i need a visa to go to colombia,0.9997554421424866
59,59,international_visa,international_visa,do i need a states visa to get to cuba,0.9972862005233765
59,59,international_visa,international_visa,do i need a us visa for cuba,0.9937412142753601
59,59,international_visa,international_visa,if i get a visa can i travel to japan,0.9979209303855896
59,59,international_visa,international_visa,do i need a visa if i'm going to san jose,0.9995318651199341
59,59,international_visa,international_visa,do i need a visa to travel outside of the us,0.9992330074310303
59,128,international_visa,travel_alert,are visas for international travel,0.6747848987579346
59,59,international_visa,international_visa,can you travel outside of the united states without a visa,0.9782572984695435
52,52,vaccines,vaccines,do i need to get any shots before i travel to morocco,0.999951958656311
52,52,vaccines,vaccines,do i need to get any shots before i travel to south africa,0.9999475479125977
52,52,vaccines,vaccines,do i need to get any shots before i travel to zimbabwe,0.999951958656311
52,52,vaccines,vaccines,do i need to get any shots before i travel to liberia,0.999951958656311
52,52,vaccines,vaccines,do i need to get any shots before i travel to spain,0.9999518394470215
52,52,vaccines,vaccines,are there any required shots to travel to astana,0.999161958694458
52,52,vaccines,vaccines,what shots do i need if i'm travelling to odessa,0.9997568726539612
52,52,vaccines,vaccines,are there any shots i need to travel to karachi,0.9999488592147827
52,52,vaccines,vaccines,are there any required shots in indonesia,0.9929701685905457
52,52,vaccines,vaccines,what are the required shots in mozambique,0.989035427570343
52,52,vaccines,vaccines,are more shots needed to travel to argentina,0.999692440032959
52,52,vaccines,vaccines,what sorts of vaccinations should i get prior to a trip to hong kong,0.9991268515586853
52,52,vaccines,vaccines,before i embark on a trip to europe should i get more shots,0.9991883635520935
52,52,vaccines,vaccines,would you need more shots to go to mexico,0.9991664886474609
52,52,vaccines,vaccines,is vaccination necessary for travel to asia,0.5948536396026611
52,52,vaccines,vaccines,"do you think my shots would be needed, before traveling to columbia",0.9955131411552429
52,52,vaccines,vaccines,"will having my shots updated be a good idea, before i travel to south america",0.9932230710983276
52,52,vaccines,vaccines,should i have my shots up to date before i travel to the virgin islands,0.9966385364532471
52,52,vaccines,vaccines,"if you were traveling to indonesia, as i am, would you have your shots updated before your visit",0.7026249766349792
52,52,vaccines,vaccines,are shots required before traveling to china,0.999736487865448
52,52,vaccines,vaccines,does cuba require vaccines,0.9957576394081116
52,52,vaccines,vaccines,which vaccines are meant for cuba,0.9488967657089233
52,52,vaccines,vaccines,which vaccines will i need for cuba,0.9980884194374084
52,52,vaccines,vaccines,do i need a vaccine for the congo,0.8082960844039917
52,52,vaccines,vaccines,vaccines for my trip to cuba,0.8950210213661194
52,52,vaccines,vaccines,are there vaccinations needed if i go there,0.9979762434959412
52,52,vaccines,vaccines,would vaccinations be needed if i go here,0.982917845249176
52,52,vaccines,vaccines,"if i travel abroad, do i need vaccinations",0.9982101917266846
52,52,vaccines,vaccines,"if i travel here, do i need vaccinations",0.9981722831726074
52,52,vaccines,vaccines,do i need vaccinations if i go this country,0.9996046423912048
126,126,pto_balance,pto_balance,i would like to know my vacation days balance,0.9931286573410034
126,126,pto_balance,pto_balance,"give me vacation days remaining, please",0.8608652949333191
126,126,pto_balance,pto_balance,how many vacation days do i still have available,0.9983437061309814
126,126,pto_balance,pto_balance,please tell me the exact number of days i have still for vacation,0.987942636013031
126,126,pto_balance,pto_balance,what's the number of vacation days i have left,0.9982863068580627
126,126,pto_balance,pto_balance,what amount of vacation days do i have,0.9992037415504456
126,126,pto_balance,pto_balance,what is the number of pto days i have left,0.9919608235359192
126,126,pto_balance,pto_balance,what amount of pto days do i have left,0.9944461584091187
126,126,pto_balance,pto_balance,what are the amount of vacation days i have,0.9938485026359558
126,126,pto_balance,pto_balance,how much pto days do i have remaining,0.999316930770874
126,126,pto_balance,pto_balance,what number of days do i have for vacation,0.9962018132209778
126,126,pto_balance,pto_balance,what is my remaining amount of pto days,0.9600124359130859
126,126,pto_balance,pto_balance,what do my pto days amount to,0.9759948253631592
126,126,pto_balance,pto_balance,what do my vacation days amount to,0.985889196395874
126,126,pto_balance,pto_balance,how many days of vacation do i have left,0.9948331117630005
126,126,pto_balance,pto_balance,what day am i on on vacation and how much do i got left,0.9475966691970825
126,126,pto_balance,pto_balance,how many vacation days are remaining on my time,0.9901003241539001
126,126,pto_balance,pto_balance,how many days of vacation are left now,0.9880027770996094
126,126,pto_balance,pto_balance,how many days on holiday do i have,0.7484633326530457
126,97,pto_balance,pto_request,can you see if i have any vacation days available for a request,0.4815644919872284
126,126,pto_balance,pto_balance,how much vacation time have i earned,0.9811943173408508
126,126,pto_balance,pto_balance,how much vacation time do i have,0.9998447895050049
126,126,pto_balance,pto_balance,how many weeks of vacation time have i earned,0.964245080947876
126,126,pto_balance,pto_balance,how many weeks of vacation time do i have,0.9994378685951233
126,126,pto_balance,pto_balance,how many days can i take for vacation,0.9287715554237366
126,126,pto_balance,pto_balance,what is the balance on my vacation days,0.9916496276855469
126,126,pto_balance,pto_balance,how many days are remaining on my vacation days,0.9842408299446106
126,126,pto_balance,pto_balance,so i have any vacation days left,0.9946251511573792
126,126,pto_balance,pto_balance,what is the year to date total on my vacation days,0.9978176355361938
126,126,pto_balance,pto_balance,how many sick days do i have,0.9508895874023438
72,72,directions,directions,how do i get downtown by foot,0.9966592788696289
72,72,directions,directions,how do i get to the subway by foot,0.999370276927948
72,72,directions,directions,how do i get to the train by foot,0.999567449092865
72,72,directions,directions,how do i get to central park by foot,0.9992300271987915
72,72,directions,directions,how do i get to the airport by foot,0.9997016787528992
72,72,directions,directions,where is the nearest wal mart,0.9996076226234436
72,72,directions,directions,i want directions to phoenix,0.0543234720826149
72,72,directions,directions,i must understand the nearest gas station to glendale,0.9982972741127014
72,149,directions,travel_suggestion,i need some directions to phoenix,0.08576619625091553
72,72,directions,directions,give me directions to phoenix,0.10299459099769592
72,72,directions,directions,i must know the closest gas station to glendale,0.8903584480285645
72,72,directions,directions,where is the nearest fry's,0.9996529817581177
72,72,directions,directions,where is the nearest papa john's,0.9995612502098083
72,72,directions,directions,i would love to know the closest gas station to glendale,0.8744737505912781
72,72,directions,directions,get me directions to phoenix,0.11863966286182404
72,72,directions,directions,where is the nearest k mart,0.999620795249939
72,72,directions,directions,where is the nearest circuit city,0.9997817873954773
72,72,directions,directions,let me know the nearest gas station to glendale,0.9982753992080688
72,72,directions,directions,where is the closest gas station to glendale,0.7917968034744263
72,72,directions,directions,where is the nearest movie theater to time' square,0.9988031387329102
72,72,directions,directions,where is the closest bathroom to the statue of liberty,0.9978423118591309
72,72,directions,directions,where is the closest mcdonald's to foxwoods casino,0.9922107458114624
72,72,directions,directions,where is the nearest marijuana dispensary to kentucky fried chicken,0.9972443580627441
72,72,directions,directions,where is the closest hospital to madison square garden,0.9958633184432983
72,72,directions,directions,where is the closest pharmacy,0.9892410635948181
72,72,directions,directions,show me the nearest gas station,0.9984652996063232
72,72,directions,directions,which hospital is nearest to me,0.998668909072876
72,72,directions,directions,i need to know where the hospital closest to me is,0.9992438554763794
72,72,directions,directions,where is the nearest arco gas station to macdonalds,0.9996696710586548
72,72,directions,directions,find the closest cvs near galleria mall,0.9985406398773193
73,73,spelling,spelling,spell aaron,0.9973999261856079
73,73,spelling,spelling,how do you spell aaron,0.9998636245727539
73,73,spelling,spelling,spell the word aaron,0.9933086633682251
73,73,spelling,spelling,correct spelling for aaron,0.9670129418373108
73,73,spelling,spelling,spell aaron for me,0.9982841610908508
73,73,spelling,spelling,"i don't know how to spell apoplectic, can you tell me",0.999384880065918
73,73,spelling,spelling,"what is the correct spelling of the word comity, since i do not know",0.6187459826469421
73,104,spelling,recipe,"do you know how to spell, bourgeois",0.1455307900905609
73,73,spelling,spelling,"how do you spell the word comity, i need to know",0.9988365769386292
73,73,spelling,spelling,i need to know how to spell the word serendipity,0.9996939897537231
73,73,spelling,spelling,can you tell me the correct spelling of liaison,0.9939377307891846
73,73,spelling,spelling,what is the proper spelling of corporate,0.9943825006484985
73,73,spelling,spelling,please tell me how to spell the word coup,0.9995556473731995
73,73,spelling,spelling,i am not sure how to spell the word liaison,0.99702388048172
73,73,spelling,spelling,"can you tell me how to spell the word schadenfreude, i don't know how it's spelt",0.9981653094291687
73,73,spelling,spelling,do you know how to spell curiosity,0.9999423027038574
73,73,spelling,spelling,spell curiosity for me,0.9982841610908508
73,73,spelling,spelling,tell me how to spell curiosity,0.9999428987503052
73,73,spelling,spelling,i need to know the proper spelling of curiosity,0.9928355813026428
73,73,spelling,spelling,please tell me how curiosity is spelled,0.9894996285438538
73,73,spelling,spelling,"what's the proper way to spell ""helicopter",0.9998637437820435
73,71,spelling,spending_history,"tell me how to spent ""frightened",0.7984750270843506
73,73,spelling,spelling,"can you spell ""fragile"" for me",0.9995918869972229
73,73,spelling,spelling,"can you spell out ""wonderful",0.999272882938385
73,73,spelling,spelling,"i need to know how to spell ""miranda",0.9999369382858276
73,73,spelling,spelling,"i need help spelling ""exquisite",0.9802306294441223
73,73,spelling,spelling,"can you spell out ""annulment",0.999272882938385
73,73,spelling,spelling,"how do you spell ""exactly",0.9998636245727539
73,73,spelling,spelling,"how do you spell ""montpelier",0.9998636245727539
73,73,spelling,spelling,"what's the right way to spell ""emolument",0.9998642206192017
82,82,greeting,greeting,how are you doing,0.9988790154457092
82,82,greeting,greeting,are you okay,0.8319754004478455
82,82,greeting,greeting,what are you feeling today,0.6548351645469666
82,82,greeting,greeting,is everything ok today,0.8708692789077759
82,82,greeting,greeting,are you doing alright,0.9827345013618469
82,82,greeting,greeting,"hello, how's your day",0.9990100860595703
82,82,greeting,greeting,"hey there, how are you today",0.9996029734611511
82,82,greeting,greeting,"hello, how is it going",0.9947347640991211
82,82,greeting,greeting,"hi there, how are you doing",0.9999221563339233
82,82,greeting,greeting,"hey, how are you",0.9828407764434814
82,82,greeting,greeting,"hey, what's up",0.9911088943481445
82,82,greeting,greeting,"hello, how are you doing",0.999713122844696
82,82,greeting,greeting,"hi, how are you",0.8588142991065979
82,82,greeting,greeting,"hi, how are you today",0.9836463928222656
82,82,greeting,greeting,"hello, how are things",0.9883028864860535
82,82,greeting,greeting,hey there,0.9928176403045654
82,82,greeting,greeting,"hey, what's new",0.976303219795227
82,82,greeting,greeting,it is good to see you,0.8732696175575256
82,82,greeting,greeting,i'd like to know how you are doing,0.9622207880020142
82,82,greeting,greeting,hello there,0.9832837581634521
82,82,greeting,greeting,tell me how you are doing,0.9915676712989807
82,82,greeting,greeting,"hello there, good morning",0.586822509765625
82,82,greeting,greeting,let me know how you are doing,0.9609269499778748
82,82,greeting,greeting,well hi there,0.9992732405662537
82,82,greeting,greeting,i want to know how you are doing,0.9598444700241089
82,82,greeting,greeting,i need to know how you are doing today,0.9876420497894287
82,82,greeting,greeting,hello there ai,0.9904110431671143
82,82,greeting,greeting,will you tell me how the ai is doing,0.995771586894989
82,82,greeting,greeting,would you tell me how the ai is doing,0.9943827390670776
82,114,greeting,goodbye,hola!,0.03244926780462265
88,88,reset_settings,reset_settings,so please reset your factory settings,0.9999165534973145
88,88,reset_settings,reset_settings,i need your to reset to factory settings,0.9999829530715942
88,88,reset_settings,reset_settings,now reset your factory settings,0.9999160766601562
88,88,reset_settings,reset_settings,revert to the original configuration,0.7612560987472534
88,88,reset_settings,reset_settings,change back to the factory set up,0.6056400537490845
88,88,reset_settings,reset_settings,change all setting to original ones,0.8217587471008301
88,88,reset_settings,reset_settings,please reset to factory settings,0.9999827146530151
88,88,reset_settings,reset_settings,reset all settings to the factory settings,0.9999767541885376
88,88,reset_settings,reset_settings,can you please revert to factory settings at this time,0.9961769580841064
88,88,reset_settings,reset_settings,please remove current settings and go back to factory settings now,0.9998900890350342
88,88,reset_settings,reset_settings,please reset to factory settings at once,0.9996898174285889
88,88,reset_settings,reset_settings,"i would like you to change the settings back to factory default now, please",0.9995446801185608
88,88,reset_settings,reset_settings,adjust settings back to original factory settings immediately,0.9999765157699585
88,88,reset_settings,reset_settings,can you reset your factory settings,0.9999011754989624
88,88,reset_settings,reset_settings,could you please reset your factory settings,0.9998822212219238
88,88,reset_settings,reset_settings,your factory settings need to be reset,0.9997631907463074
88,88,reset_settings,reset_settings,go back to your manufacturers' settings,0.9905784726142883
88,88,reset_settings,reset_settings,prioritize to the settings you started with,0.9346534013748169
88,88,reset_settings,reset_settings,reset to your original settings,0.9998058676719666
88,88,reset_settings,reset_settings,restart your actions with the original settings you came with,0.991208553314209
88,88,reset_settings,reset_settings,please rely on your original settings,0.9987128973007202
88,88,reset_settings,reset_settings,can you return to the factory fresh settings,0.9994326233863831
88,88,reset_settings,reset_settings,please return to default settings,0.9994437098503113
88,88,reset_settings,reset_settings,revert to original settings,0.9996291399002075
88,88,reset_settings,reset_settings,start over using factory setting,0.9838240146636963
88,88,reset_settings,reset_settings,go back to the default settings please,0.9998321533203125
88,88,reset_settings,reset_settings,revert to factory settings,0.999967098236084
88,88,reset_settings,reset_settings,go back to factory settings,0.999982476234436
88,88,reset_settings,reset_settings,please turn on factory settings,0.9998383522033691
88,88,reset_settings,reset_settings,revert back to factory settings,0.9999799728393555
75,75,what_is_your_name,what_is_your_name,tell me what your name is,0.9639945030212402
75,11,what_is_your_name,user_name,what did they name you,0.8318611979484558
75,75,what_is_your_name,what_is_your_name,"hey, how do i call your attention",0.985771656036377
75,75,what_is_your_name,what_is_your_name,what's your name,0.9980170726776123
75,75,what_is_your_name,what_is_your_name,give me your name so i can use you,0.9732179045677185
75,75,what_is_your_name,what_is_your_name,how should i address you,0.9897458553314209
75,75,what_is_your_name,what_is_your_name,what do i call you,0.9990981817245483
75,75,what_is_your_name,what_is_your_name,what's your name anyway,0.9978753328323364
75,75,what_is_your_name,what_is_your_name,tell me what to call you,0.995935320854187
75,75,what_is_your_name,what_is_your_name,can you tell me what you are called,0.7266942858695984
75,75,what_is_your_name,what_is_your_name,what should you be called,0.9782615900039673
75,75,what_is_your_name,what_is_your_name,what should i use when i refer to you,0.9945986270904541
75,75,what_is_your_name,what_is_your_name,how do you say your name,0.9984549283981323
75,75,what_is_your_name,what_is_your_name,what is your preferred name,0.9423420429229736
75,75,what_is_your_name,what_is_your_name,what can i call you,0.998531699180603
75,75,what_is_your_name,what_is_your_name,what name do you go by,0.956657350063324
75,57,what_is_your_name,who_do_you_work_for,who do i have the pleasure of speaking with,0.23181858658790588
75,75,what_is_your_name,what_is_your_name,may i have your name,0.9633638262748718
75,11,what_is_your_name,user_name,who am i speaking with,0.22371773421764374
75,75,what_is_your_name,what_is_your_name,and your name is,0.8316530585289001
75,75,what_is_your_name,what_is_your_name,"what do i call you, ai",0.9108753204345703
75,75,what_is_your_name,what_is_your_name,"what name do you go by, ai",0.9661861658096313
75,75,what_is_your_name,what_is_your_name,"ai, what is your name",0.9917114973068237
75,75,what_is_your_name,what_is_your_name,"what do they call you, ai",0.9478978514671326
75,75,what_is_your_name,what_is_your_name,"ai, what is your given name",0.9656742811203003
75,75,what_is_your_name,what_is_your_name,what name do you want me to use,0.9598594307899475
75,75,what_is_your_name,what_is_your_name,what do you like to be called,0.9932069182395935
75,75,what_is_your_name,what_is_your_name,what should i call you,0.9997743964195251
75,75,what_is_your_name,what_is_your_name,what would you like me to call you,0.999728262424469
75,75,what_is_your_name,what_is_your_name,what is your name,0.9932684302330017
108,108,direct_deposit,direct_deposit,how do i set up a direct deposit,0.9999749660491943
108,108,direct_deposit,direct_deposit,how do i set up direct deposit,0.9999920129776001
108,108,direct_deposit,direct_deposit,chase account direct deposit options,0.9998438358306885
108,108,direct_deposit,direct_deposit,set my paycheck to direct deposit to chase account,0.9999938011169434
108,108,direct_deposit,direct_deposit,activate direct deposit to chase account,0.9998101592063904
108,108,direct_deposit,direct_deposit,chase account options direct deposit,0.999889612197876
108,108,direct_deposit,direct_deposit,bank options direct deposit,0.9994162321090698
108,108,direct_deposit,direct_deposit,how do i set up a direct deposit for my paycheck,0.9999903440475464
108,108,direct_deposit,direct_deposit,how to activate direct deposit to chase account,0.9999520778656006
108,108,direct_deposit,direct_deposit,get my paycheck to direct deposit,0.9998944997787476
108,108,direct_deposit,direct_deposit,direct deposit,0.9943265318870544
108,108,direct_deposit,direct_deposit,i need a direct deposit,0.9994015693664551
108,108,direct_deposit,direct_deposit,can we get a direct deposit,0.9992449283599854
108,108,direct_deposit,direct_deposit,set up direct deposit,0.9999232292175293
108,108,direct_deposit,direct_deposit,i want to set up direct deposit,0.9999715089797974
108,108,direct_deposit,direct_deposit,setting up direct deposit,0.9997374415397644
108,108,direct_deposit,direct_deposit,how do i get my paycheck into direct deposit at nations bank,0.9999837875366211
108,108,direct_deposit,direct_deposit,could you tell me how to set up direct deposit for my check from work at nations bank,0.9999216794967651
108,108,direct_deposit,direct_deposit,if i want to direct deposit my check into my nations bank account how do i do that,0.9999407529830933
108,108,direct_deposit,direct_deposit,i need to know how to do direct deposit with my paycheck at nations bank,0.9998824596405029
108,108,direct_deposit,direct_deposit,could you tell me how to direct deposit my check from work into nations bank,0.9990563988685608
108,108,direct_deposit,direct_deposit,how does one set up direct deposit to my bank account,0.9999971389770508
108,108,direct_deposit,direct_deposit,what do i need to do to set up direct deposit,0.9999873638153076
108,108,direct_deposit,direct_deposit,what is the process of setting up direct deposit,0.9990293979644775
108,108,direct_deposit,direct_deposit,"if i want to set up direct deposit, how do i do it",0.9997419714927673
108,108,direct_deposit,direct_deposit,i'm not sure how to set up direct deposit,0.9997075200080872
108,108,direct_deposit,direct_deposit,can you tell me how to set up direct deposit,0.9999921321868896
108,127,direct_deposit,order_checks,"i'd like my checks to be deposited into my account directly, how do i do that",0.8261428475379944
108,108,direct_deposit,direct_deposit,i'd like to set up direct deposit,0.9999675750732422
108,108,direct_deposit,direct_deposit,how do i set up my direct deposit,0.9999783039093018
7,7,interest_rate,interest_rate,what's my bank of america account getting in interest,0.9852393865585327
7,7,interest_rate,interest_rate,where do i see what interest my mortgage has,0.9455506801605225
7,7,interest_rate,interest_rate,is there somewhere my personal loan displays the interest rate i'm paying on it,0.9993947744369507
7,132,interest_rate,apr,what's the apr on my savings account,0.5928683280944824
7,7,interest_rate,interest_rate,what interest rate am i getting from bank of america,0.9998315572738647
7,7,interest_rate,interest_rate,what interest rate am i getting from wells fargo,0.999823272228241
7,7,interest_rate,interest_rate,what interest rate is bofi giving me on my cd,0.999612033367157
7,7,interest_rate,interest_rate,how do i find the interest rate for my checking account,0.9997323155403137
7,7,interest_rate,interest_rate,what interest rate am i getting from citrix,0.9997841715812683
7,7,interest_rate,interest_rate,how can i tell what the interest rate on my money market account is,0.999908447265625
7,7,interest_rate,interest_rate,what's my checking account yielding in interest,0.9879960417747498
7,7,interest_rate,interest_rate,how much interest is my nfcu accrueing,0.9904188513755798
7,7,interest_rate,interest_rate,what interest rate am i getting from sunflower bank,0.9998352527618408
7,7,interest_rate,interest_rate,where do i go to find the interest rate on my savings account,0.9993733763694763
7,7,interest_rate,interest_rate,what interest rate am i getting from nfcu,0.9997841715812683
7,7,interest_rate,interest_rate,for my savings account i would like to know the interest rate,0.9998880624771118
7,7,interest_rate,interest_rate,i need my checking account's interest rate,0.9995728135108948
7,7,interest_rate,interest_rate,tell me the interest for my savings account,0.9947025179862976
7,7,interest_rate,interest_rate,what's the interest rate on my savings account,0.9999551773071289
7,7,interest_rate,interest_rate,i want the interest rate for my checking account,0.9997020363807678
7,7,interest_rate,interest_rate,can i get the interest rate for my checking account,0.9997532963752747
7,7,interest_rate,interest_rate,i need to get the interest rate of my savings account,0.9992547631263733
7,7,interest_rate,interest_rate,what's my savings account interest,0.9953073859214783
7,7,interest_rate,interest_rate,what's my savings account interest rate,0.9998821020126343
7,7,interest_rate,interest_rate,i would like the interest rate for my savings account,0.9997068047523499
7,7,interest_rate,interest_rate,what amount of interest does my checking account earn,0.9764072895050049
7,7,interest_rate,interest_rate,what does my checking account at chase earn in interest,0.9586166739463806
7,7,interest_rate,interest_rate,what amount of interest does my checking account at chase earn,0.9460796117782593
7,7,interest_rate,interest_rate,what interest rate does my checking account come with,0.9988856911659241
7,7,interest_rate,interest_rate,what does chase pay in interest per year,0.9326695203781128
109,109,credit_limit_change,credit_limit_change,when can i change my credit limit,0.9996013045310974
109,109,credit_limit_change,credit_limit_change,can i change my credit limit,0.9999301433563232
109,109,credit_limit_change,credit_limit_change,can i get more credit,0.57811039686203
109,109,credit_limit_change,credit_limit_change,i need to change the credit limit i have,0.9990013241767883
109,109,credit_limit_change,credit_limit_change,you need to tell me how to increase credit limit for my chase card,0.9991245865821838
109,109,credit_limit_change,credit_limit_change,need to increase credit limit for chase card,0.9999741315841675
109,109,credit_limit_change,credit_limit_change,i need to increase credit limit for my chase card,0.9999608993530273
109,109,credit_limit_change,credit_limit_change,please tell me how to increase credit limit for the chase card,0.9994156360626221
109,109,credit_limit_change,credit_limit_change,tell me how to increase credit limit for chase card,0.9996309280395508
109,109,credit_limit_change,credit_limit_change,is it possible for me to increase my credit limit by 500 dollars,0.9999750852584839
109,109,credit_limit_change,credit_limit_change,can my credit limit be increased by 500 dollars,0.9994798302650452
109,109,credit_limit_change,credit_limit_change,"i would like to increase my credit limit, can i do so by 500 dollars",0.9789844155311584
109,109,credit_limit_change,credit_limit_change,may i increase my credit limit by 500 dollars,0.9999923706054688
109,109,credit_limit_change,credit_limit_change,could i perhaps increase by credit limit by 500 dollars,0.9999223947525024
109,109,credit_limit_change,credit_limit_change,can i increase the credit limit on my mastercard,0.9999918937683105
109,109,credit_limit_change,credit_limit_change,can i increase the credit limit on my visa card,0.9999963045120239
109,109,credit_limit_change,credit_limit_change,can i increase the credit limit on my discover card,0.9999959468841553
109,109,credit_limit_change,credit_limit_change,can i increase the credit limit on my capital one card,0.9999922513961792
109,109,credit_limit_change,credit_limit_change,can i increase the credit limit on my travel rewards card,0.9999717473983765
109,109,credit_limit_change,credit_limit_change,how can i get my credit limit to be increased to $1000,0.9993318915367126
109,109,credit_limit_change,credit_limit_change,can you get my credit limit increased to $1000,0.9997414946556091
109,109,credit_limit_change,credit_limit_change,how do i get my credit limit increased to $1000,0.9983532428741455
109,109,credit_limit_change,credit_limit_change,how do i ask for a limit increase on my discover card,0.9959673881530762
109,109,credit_limit_change,credit_limit_change,can i get my limit increased on my discover card,0.9904042482376099
109,109,credit_limit_change,credit_limit_change,how can i get a limit increase on my discover card,0.9988896250724792
109,109,credit_limit_change,credit_limit_change,who do i need to contact to ask for a credit limit increase on my discover card,0.9994115829467773
109,109,credit_limit_change,credit_limit_change,can you increase my credit limit to $1000,0.9999622106552124
109,109,credit_limit_change,credit_limit_change,can my credit limit be increased to $1000,0.9997124075889587
109,109,credit_limit_change,credit_limit_change,how do i adjust my credit limit,0.9631457924842834
109,109,credit_limit_change,credit_limit_change,how can i increase the credit limit on my discover card,0.9999659061431885
15,15,what_are_your_hobbies,what_are_your_hobbies,what are your hobbies exactly,0.9999890327453613
15,15,what_are_your_hobbies,what_are_your_hobbies,what are your hobbies in life,0.9992073178291321
15,15,what_are_your_hobbies,what_are_your_hobbies,what are some of your hobbies,0.9999873638153076
15,15,what_are_your_hobbies,what_are_your_hobbies,i would like to know some of your hobbies,0.9998884201049805
15,15,what_are_your_hobbies,what_are_your_hobbies,would you give me examples of what some of your hobbies are,0.9998301267623901
15,15,what_are_your_hobbies,what_are_your_hobbies,tell me what some of your hobbies are,0.9999581575393677
15,15,what_are_your_hobbies,what_are_your_hobbies,i am needing to know what some of your hobbies are,0.999931812286377
15,15,what_are_your_hobbies,what_are_your_hobbies,i need you to talk to me about your hobbies,0.9966349005699158
15,15,what_are_your_hobbies,what_are_your_hobbies,would you tell me about your hobbies,0.9998151659965515
15,15,what_are_your_hobbies,what_are_your_hobbies,i want to talk to you about your hobbies,0.9986887574195862
15,15,what_are_your_hobbies,what_are_your_hobbies,give me examples of what some of your hobbies are,0.9998642206192017
15,15,what_are_your_hobbies,what_are_your_hobbies,what kinds of hobbies do you have,0.9998286962509155
15,15,what_are_your_hobbies,what_are_your_hobbies,what hobbies do you like to do,0.999967098236084
15,15,what_are_your_hobbies,what_are_your_hobbies,would you tell me the hobbies the ai has,0.9073085188865662
15,15,what_are_your_hobbies,what_are_your_hobbies,what are the ai's hobbies,0.9992572665214539
15,15,what_are_your_hobbies,what_are_your_hobbies,does the ai have hobbies,0.997188150882721
15,15,what_are_your_hobbies,what_are_your_hobbies,what kind of hobbies does the ai have,0.9982737302780151
15,15,what_are_your_hobbies,what_are_your_hobbies,can you tell me what hobbies the ai has,0.9658868908882141
15,15,what_are_your_hobbies,what_are_your_hobbies,what do you engage in during your free time,0.9997352957725525
15,15,what_are_your_hobbies,what_are_your_hobbies,what kind of things to you like to outside of work,0.740760862827301
15,15,what_are_your_hobbies,what_are_your_hobbies,what do you like to do during your leisure time,0.9990928173065186
15,15,what_are_your_hobbies,what_are_your_hobbies,what kinds of activities to you participate in during your free time,0.9997004270553589
15,15,what_are_your_hobbies,what_are_your_hobbies,what do you do on off days,0.2940506637096405
15,15,what_are_your_hobbies,what_are_your_hobbies,how to you spend your free time,0.9987396597862244
15,57,what_are_your_hobbies,who_do_you_work_for,what do you do after work,0.7619339823722839
15,57,what_are_your_hobbies,who_do_you_work_for,what do you like to do besides work,0.762279748916626
15,15,what_are_your_hobbies,what_are_your_hobbies,if you have hobbies tell me some of them,0.9885481595993042
15,15,what_are_your_hobbies,what_are_your_hobbies,what kind of hobbies are you interested in,0.9997112154960632
15,15,what_are_your_hobbies,what_are_your_hobbies,any hobbies you like to do,0.9998410940170288
15,15,what_are_your_hobbies,what_are_your_hobbies,what do you enjoy doing in your off time,0.9998379945755005
63,63,book_flight,book_flight,"book me a flight to jackson, mississippi from austin texas on american airlines",0.9993833303451538
63,63,book_flight,book_flight,book me a place to chicago from atlanta united airlines,0.5496854782104492
63,63,book_flight,book_flight,can you book me a flight to memphis from st louis on delta airlines,0.9992048144340515
63,63,book_flight,book_flight,book a flight to los angeles from las vegas on american airlines,0.9993201494216919
63,63,book_flight,book_flight,"book me a flight to dallas from st, paul, minnesota on delta airlines",0.9991568326950073
63,63,book_flight,book_flight,i need a flight on delta from los angeles to seattle,0.9982017278671265
63,63,book_flight,book_flight,i need to book a flight on jet blue to boston from new york,0.9994926452636719
63,63,book_flight,book_flight,can you get me a flight from san francisco to san jose using american airlines,0.9985698461532593
63,63,book_flight,book_flight,i want a flight from new york to san francisco using delta,0.9989493489265442
63,63,book_flight,book_flight,get me a flight from barcelona to paris from jet blue,0.9997839331626892
63,63,book_flight,book_flight,"""i'll be travelling from lax and headed to phl for 120 on the 10th of may",0.6476765871047974
63,63,book_flight,book_flight,"""i'm fly out from lax to phl this weekend for around $120",0.7494328022003174
63,63,book_flight,book_flight,"""i""m headed out to lax and going to phl for a low price of $120 this weekend on the 12th",0.310298353433609
63,63,book_flight,book_flight,"""i'm going on a flight from lax and going to phl, which is only $120 on june 15th",0.981853187084198
63,63,book_flight,book_flight,"""i'll leave to lax and go to phl for $120 on nov 5th",0.3473896384239197
63,63,book_flight,book_flight,book me a flight from midway to jfk for less than 200 dollars,0.9992235898971558
63,63,book_flight,book_flight,i need a flight from boston to miami for under 300 dollars,0.9994910955429077
63,38,book_flight,exchange_rate,can i fly from atlanta to san francisco for less than 100 dollars,0.7981258034706116
63,63,book_flight,book_flight,book a flight from new york to la for less than 200 dollars,0.9931636452674866
63,63,book_flight,book_flight,find me a flight from seattle to detroit for less than 200 dollars,0.9994292855262756
63,63,book_flight,book_flight,i want to a book a roundtrip flight from san antonio to dtw departing on friday and returning on wednesday,0.9997227787971497
63,63,book_flight,book_flight,i'm looking for a flight from billings to cleveland on may 2 and a return on may 9,0.9998323917388916
63,63,book_flight,book_flight,i'm looking for flights that depart on the 3rd and return on z from monday to friday,0.9936554431915283
63,63,book_flight,book_flight,what roundtrip flights from orlando to vegas are available from thursday to monday,0.9975433349609375
63,63,book_flight,book_flight,are there any roundtrip flights from shanghai to seatac that depart on wednesday and return on the thirty first,0.9957752823829651
63,63,book_flight,book_flight,make sure i get a delta flight from pittsburgh to arizona,0.9990819692611694
63,63,book_flight,book_flight,book a delta flight to arizona from pittsburgh,0.9975716471672058
63,63,book_flight,book_flight,schedule a flight from pittsburgh to arizona on delta,0.9998233914375305
63,63,book_flight,book_flight,i want to fly to atlanta for under 300 from pittsburgh,0.7138491868972778
63,63,book_flight,book_flight,i need a flight for under 300 from pittsburgh to atlanta,0.9998157620429993
43,43,shopping_list,shopping_list,does my shopping list have pop tarts,0.996673583984375
43,43,shopping_list,shopping_list,can you check to see if my shopping list already has milk,0.9902121424674988
43,76,shopping_list,reminder,did i remember to put oatmeal on my list,0.8781948685646057
43,48,shopping_list,todo_list,iterate over the items on my grocery list,0.8166489005088806
43,43,shopping_list,shopping_list,tell me what i have on my shopping list,0.9998712539672852
43,48,shopping_list,todo_list,do i have twinkies on the grocery list,0.8158326148986816
43,43,shopping_list,shopping_list,have i already got eggs down on the shopping list,0.6965237259864807
43,16,shopping_list,order,recite the items i'm planning to purchase,0.2686837315559387
43,43,shopping_list,shopping_list,what do i currently have on my shopping list,0.9998026490211487
43,48,shopping_list,todo_list,what's on my to-buy list,0.8420982360839844
43,43,shopping_list,shopping_list,what's on my purchase list,0.752411961555481
43,43,shopping_list,shopping_list,do i have to buy milk,0.9091246724128723
43,43,shopping_list,shopping_list,is milk on my shopping list,0.9695768356323242
43,43,shopping_list,shopping_list,is milk one of my shopping list items,0.8196881413459778
43,43,shopping_list,shopping_list,am i supposed to buy milk,0.7437580227851868
43,43,shopping_list,shopping_list,is milk one of the things i need to buy,0.35461699962615967
43,43,shopping_list,shopping_list,tell me what's is on my shopping list,0.9998273253440857
43,43,shopping_list,shopping_list,please read my shopping list,0.9997394680976868
43,43,shopping_list,shopping_list,did you put carrots on the shopping list,0.9530887603759766
43,43,shopping_list,shopping_list,does the shopping list have apples on it,0.9650633931159973
43,125,shopping_list,shopping_list_update,are carrots added to the grocery list,0.8554873466491699
43,48,shopping_list,todo_list,is garlic on my grocery list,0.6120200753211975
43,43,shopping_list,shopping_list,did carrots get on my shopping list,0.9977896213531494
43,43,shopping_list,shopping_list,what things are on my shopping list today,0.9991514682769775
43,43,shopping_list,shopping_list,tell me the items in my shopping list,0.9994926452636719
43,43,shopping_list,shopping_list,what does my shopping list contain,0.9998831748962402
43,43,shopping_list,shopping_list,i need to know what's on my shopping list,0.9990689158439636
43,43,shopping_list,shopping_list,what is on the shopping list,0.9987310767173767
43,43,shopping_list,shopping_list,please let me know what is on my shopping list,0.9998056292533875
43,43,shopping_list,shopping_list,let me know what's on my shopping list,0.9994686245918274
26,26,text,text,"text chrissy, i'm on my way",0.9992836117744446
26,26,text,text,"text dave, i'll be there soon",0.9999948740005493
26,26,text,text,send davis a text i'll be there in a few,0.9999977350234985
26,26,text,text,text laura i'll be late for dinner,0.9999896287918091
26,26,text,text,"text mike, ""i'm running late",0.9999828338623047
26,5,text,weather,tell jim i'm coming home soon,0.23479990661144257
26,18,text,schedule_meeting,i want to tell susan that the meeting has been cancelled,0.24159902334213257
26,121,text,maybe,tell fred that i don't have his guitar,0.5979499220848083
26,26,text,text,could you send a text to bill saying no,0.9999783039093018
26,26,text,text,text mark hello,0.9999818801879883
26,26,text,text,text emily,0.999934196472168
26,26,text,text,please text john,0.9994248151779175
26,26,text,text,i want you to text mark,0.9999854564666748
26,26,text,text,get a text to mark,0.9999889135360718
26,26,text,text,can you text walt and tell him to meet me at the car wash,0.9997982382774353
26,26,text,text,text courtney and inform her about the detour,0.9999725818634033
26,26,text,text,text dan and tell him to go home,0.9999940395355225
26,26,text,text,text samantha and let her know i will arrive in 10 minutes,0.9996784925460815
26,26,text,text,text katy and tell her i love her,0.999982476234436
26,26,text,text,text jean and tell him to call work,0.9991099238395691
26,26,text,text,text steve and tell him i am running late,0.9999881982803345
26,26,text,text,i'd like you to text marie and let her know to meet me at the hospital,0.9999719858169556
26,26,text,text,text jeff and tell him to pay the bill,0.9983823299407959
26,26,text,text,text mark and tell him to leave now,0.9999927282333374
26,26,text,text,send jack a text saying hi,0.9999880790710449
26,26,text,text,send a text that says hi to abby,0.9999932050704956
26,26,text,text,"i'd like to send a text to jack, say ""hi",0.999994158744812
26,26,text,text,can you text dave and tell him i like his paper,0.9999932050704956
26,26,text,text,can you text mary and tell her she is amazing,0.9999932050704956
26,26,text,text,can you text bill and tell him i love him,0.9997296929359436
27,27,bill_balance,bill_balance,what do i owe to jcp,0.5590711832046509
27,41,bill_balance,credit_limit,what is the amount due on my visa,0.33715397119522095
27,41,bill_balance,credit_limit,how much do i owe visa,0.4423787593841553
27,27,bill_balance,bill_balance,how much do you think my rent and electric bills are,0.99724942445755
27,27,bill_balance,bill_balance,what would you say my gas and phone bills are at,0.9009408354759216
27,111,bill_balance,pay_bill,i need to know the price of my car payment and insurance please,0.8302226066589355
27,56,bill_balance,bill_due,what price is my credit card and my water bill at,0.7884705662727356
27,27,bill_balance,bill_balance,how much is my water and sewer,0.5538746118545532
27,27,bill_balance,bill_balance,how much do i need to pay for my electricity and water bills,0.9973381161689758
27,27,bill_balance,bill_balance,what is the cost of my rent and water bills,0.9993746876716614
27,27,bill_balance,bill_balance,how much are my rent and cable,0.990037202835083
27,27,bill_balance,bill_balance,how much does my water and electricity cost,0.9234765768051147
27,27,bill_balance,bill_balance,what do i owe this month on all my bills,0.9992953538894653
27,27,bill_balance,bill_balance,"i think all my bills are paid, but can you double check",0.27139490842819214
27,27,bill_balance,bill_balance,"i think i owe about 100 left on my bills, am i forgetting anything",0.1814430058002472
27,27,bill_balance,bill_balance,what are my bills this month,0.9979463219642639
27,27,bill_balance,bill_balance,what does my cable bill look like,0.9431663155555725
27,27,bill_balance,bill_balance,has my electricity bill increased this month how much,0.8357914686203003
27,42,bill_balance,oos,how expensive is my internet,0.9738956093788147
27,27,bill_balance,bill_balance,how much will my monthly bill be,0.8821532726287842
27,27,bill_balance,bill_balance,what are my total bills this month,0.9994730353355408
27,27,bill_balance,bill_balance,what will i be paying for utilities this month,0.771221935749054
27,27,bill_balance,bill_balance,how much is my telephone bill this month,0.9720227718353271
27,27,bill_balance,bill_balance,how much is due for my water bill,0.5109835863113403
27,27,bill_balance,bill_balance,how much do i have to pay this month,0.521230936050415
27,27,bill_balance,bill_balance,tell me my water bill please,0.7265805602073669
27,143,bill_balance,min_payment,is the phone bill the same as last month,0.46864181756973267
27,64,bill_balance,insurance_change,whens my insurance due and how much does it cost,0.43298134207725525
27,27,bill_balance,bill_balance,how much is the car bill this month,0.9093511700630188
27,27,bill_balance,bill_balance,what is the electricity bill,0.9056383967399597
58,58,share_location,share_location,can i share my location with david,0.999798595905304
58,58,share_location,share_location,please send my location to kevin and also to lucy,0.9972394704818726
58,58,share_location,share_location,how do i share my location with kate and mike,0.999261200428009
58,58,share_location,share_location,can you let michael and julie know my location,0.9995923638343811
58,58,share_location,share_location,please let lisa and chris know my location information,0.998948872089386
58,58,share_location,share_location,make my location available with david and kate,0.9925097227096558
58,58,share_location,share_location,i need to give my location to macy and george,0.998207688331604
58,136,share_location,current_location,i'd like for this person to know my location,0.9607651829719543
58,58,share_location,share_location,can you indicate my location to my friend,0.9965600371360779
58,58,share_location,share_location,share my location with this person,0.9995131492614746
58,58,share_location,share_location,send my location to this individual,0.9972756505012512
58,136,share_location,current_location,what is my current location,0.9979352951049805
58,58,share_location,share_location,share location with john,0.9865878224372864
58,58,share_location,share_location,give ann and scott my location,0.9932686686515808
58,58,share_location,share_location,could you inform ann and scott of my location,0.9796913266181946
58,58,share_location,share_location,let ann and scott know where i am,0.9986461997032166
58,58,share_location,share_location,will you make sure ann and scott know my location,0.8100751042366028
58,58,share_location,share_location,tell ann and scott where i am,0.9667317867279053
58,58,share_location,share_location,tell david my location,0.9908946752548218
58,58,share_location,share_location,send david my location,0.9965506792068481
58,58,share_location,share_location,tell my location to david,0.9849676489830017
58,58,share_location,share_location,tell david where i am,0.9528720378875732
58,58,share_location,share_location,share location with david,0.9908381104469299
58,72,share_location,directions,show allison how to get to me,0.40909314155578613
58,58,share_location,share_location,send my location to sis,0.9982494711875916
58,58,share_location,share_location,show cody where i am,0.9378389120101929
58,58,share_location,share_location,share my location to susan,0.9992365837097168
58,58,share_location,share_location,share my current location with kristen,0.9995538592338562
58,58,share_location,share_location,send sarah my current location,0.9963340759277344
58,58,share_location,share_location,please send my location to rob and mary,0.9988975524902344
6,6,redeem_rewards,redeem_rewards,how do i get stuff with visa points,0.9101824164390564
6,6,redeem_rewards,redeem_rewards,what are my mastercard points good for,0.6293250918388367
6,6,redeem_rewards,redeem_rewards,how many points do i have to cash,0.8474099040031433
6,6,redeem_rewards,redeem_rewards,where can i cash out my card points,0.997500479221344
6,6,redeem_rewards,redeem_rewards,what do i have to do to use my credit points acquired through purchases,0.877733051776886
6,50,redeem_rewards,rewards_balance,how do i use my card reward points for my next flight,0.587268054485321
6,6,redeem_rewards,redeem_rewards,how do i go about getting cash for my card points accumulated,0.9966748952865601
6,6,redeem_rewards,redeem_rewards,tell me how to get my points from credit card use cashed in,0.9936815500259399
6,6,redeem_rewards,redeem_rewards,i want to use my card reward points,0.9727899432182312
6,6,redeem_rewards,redeem_rewards,can i redeem my points by transferring them to someone as a gift,0.9526427388191223
6,6,redeem_rewards,redeem_rewards,can i redeem my points on gas,0.9158946871757507
6,6,redeem_rewards,redeem_rewards,can i redeem my points for flights,0.9884420037269592
6,6,redeem_rewards,redeem_rewards,can i get cash back for my points,0.9961302280426025
6,6,redeem_rewards,redeem_rewards,can i use my points to pay my credit card,0.9972345232963562
6,50,redeem_rewards,rewards_balance,what are the steps to get my rewards for my visa card,0.9844295978546143
6,6,redeem_rewards,redeem_rewards,how can i cash out my rewards for a visa card,0.9321054816246033
6,50,redeem_rewards,rewards_balance,how can i claim my rewards for my visa card,0.9635658860206604
6,50,redeem_rewards,rewards_balance,how can i get my rewards for my master card,0.9355951547622681
6,50,redeem_rewards,rewards_balance,where would i get my rewards for my master card,0.9954053163528442
6,6,redeem_rewards,redeem_rewards,let me cash my credit rewards,0.46307963132858276
6,6,redeem_rewards,redeem_rewards,help me redeem my reward points,0.9556873440742493
6,6,redeem_rewards,redeem_rewards,put in a request for cashing in credit points,0.8029820919036865
6,6,redeem_rewards,redeem_rewards,i want to use my credit rewards now,0.571860671043396
6,6,redeem_rewards,redeem_rewards,i need to use my credit points,0.9807870388031006
6,6,redeem_rewards,redeem_rewards,i need to redeem my visa points,0.9936112761497498
6,6,redeem_rewards,redeem_rewards,whats the policy to redeem my visa reward points,0.991297721862793
6,6,redeem_rewards,redeem_rewards,what can i get with my mastercard points,0.8257071375846863
6,6,redeem_rewards,redeem_rewards,how do i cash in my amex reward points,0.9970898628234863
6,6,redeem_rewards,redeem_rewards,how do i redeem my visa points,0.9835183620452881
6,6,redeem_rewards,redeem_rewards,i want to shop using credit card points,0.994658887386322
106,106,play_music,play_music,play the song called baby shark,0.9872992634773254
106,106,play_music,play_music,play the song called wreckless love,0.9888877272605896
106,106,play_music,play_music,play the song called i want it that way,0.9976727366447449
106,106,play_music,play_music,play the song called dancing on the ceiling,0.9748659133911133
106,106,play_music,play_music,play the song called amazing grace,0.9922637939453125
106,119,play_music,change_speed,get me my slow sounds,0.5000908970832825
106,106,play_music,play_music,let me hear my slow songs,0.4063417911529541
106,119,play_music,change_speed,pull up the songs under slow,0.42580336332321167
106,106,play_music,play_music,i want to hear my slow playlist,0.9970442652702332
106,134,play_music,ingredient_substitution,i'm in the mood for slow songs and nothing else,0.23885685205459595
106,106,play_music,play_music,"the song that goes, ""starships were meant to fly"", play it",0.9681673049926758
106,106,play_music,play_music,"please play that song that goes, ""starships were meant to fly",0.9958760142326355
106,106,play_music,play_music,"play the song that goes, ""starships were meant to fly",0.9775077700614929
106,106,play_music,play_music,"can you play the song that goes like, ""starships were meant to fly",0.9877210259437561
106,106,play_music,play_music,"will you play the song that goes like, ""starships were meant to fly",0.9896308779716492
106,42,play_music,oos,drop some beats,0.10368656367063522
106,10,play_music,smart_home,turn on top 20 country hits,0.4182412624359131
106,10,play_music,smart_home,turn on my tunes,0.5135816931724548
106,106,play_music,play_music,please play music by acdc,0.9999856948852539
106,106,play_music,play_music,play oldschool rap,0.9920543432235718
106,106,play_music,play_music,put on some metallica music,0.9946174025535583
106,106,play_music,play_music,play music by ludacris,0.9999843835830688
106,42,play_music,oos,bump some jams,0.11447030305862427
106,106,play_music,play_music,play ludacris hits,0.9913960099220276
106,106,play_music,play_music,play a song,0.9528793692588806
106,10,play_music,smart_home,turn on metallicas greatest hits,0.5144591927528381
106,106,play_music,play_music,put on my 90s playlist,0.5393932461738586
106,106,play_music,play_music,can you play music by led zepplin,0.99998939037323
106,106,play_music,play_music,lets play some music by korn,0.9999926090240479
106,106,play_music,play_music,do play the music by linkin park,0.9999736547470093
105,105,calendar_update,calendar_update,i need to add something to my calendar for next tuesday,0.9993547797203064
105,105,calendar_update,calendar_update,please clear my calendar,0.9990121126174927
105,105,calendar_update,calendar_update,take the doctor appointment off my calendar please,0.998099148273468
105,105,calendar_update,calendar_update,can you add an event to my calendar,0.9989802241325378
105,105,calendar_update,calendar_update,erase all events on friday from my calendar,0.998408854007721
105,105,calendar_update,calendar_update,remove jess's party from my calendar,0.9993646740913391
105,105,calendar_update,calendar_update,delete all calendar entries on march 3,0.9995367527008057
105,105,calendar_update,calendar_update,delete dentist from my calendar,0.9995492100715637
105,105,calendar_update,calendar_update,cancel doctors appointment from my calendar,0.9994217157363892
105,105,calendar_update,calendar_update,erase meeting with jeff from my calendar,0.9814757108688354
105,105,calendar_update,calendar_update,clear my calendar on feb 28,0.999813973903656
105,105,calendar_update,calendar_update,cancel event scheduled for this afternoon,0.9778048992156982
105,105,calendar_update,calendar_update,please take off my calendar on saturday the 6th birthday party for john,0.998005211353302
105,105,calendar_update,calendar_update,i want to take the 8am meeting with sam on monday the 5th off my calendar,0.9876595139503479
105,105,calendar_update,calendar_update,please remove lunch with sally that is on my calendar on tuesday the 8th,0.9986829161643982
105,105,calendar_update,calendar_update,i need buy a birthday gift for sue taken off my calendar it is on monday or tuesday last week,0.8340478539466858
105,105,calendar_update,calendar_update,will you remove the dinner with june on saturday the 4th at 7pm from my calendar,0.9985151886940002
105,105,calendar_update,calendar_update,can you cancel improv class from my calendar for may 7th,0.999824583530426
105,105,calendar_update,calendar_update,clear my calendar for may 3rd,0.99970942735672
105,105,calendar_update,calendar_update,take work from my calendar for may 7th,0.9912400841712952
105,105,calendar_update,calendar_update,clear my calendar for september 6th,0.9996509552001953
105,105,calendar_update,calendar_update,delete jury duty from my calendar for may 7th,0.9999439716339111
105,105,calendar_update,calendar_update,remove fencing from my calendar for may 7th,0.9998408555984497
105,105,calendar_update,calendar_update,clear my calendar for february 29th,0.9996784925460815
105,105,calendar_update,calendar_update,clear my calendar for april 20th,0.9996957778930664
105,105,calendar_update,calendar_update,clear my calendar for november 11th,0.9996676445007324
105,105,calendar_update,calendar_update,remove wrestlemania from my calendar for may 7th,0.9998408555984497
105,105,calendar_update,calendar_update,what can i do to get rid of this event,0.20937950909137726
105,138,calendar_update,calculator,what is the best way to remove this appointment,0.16211402416229248
105,105,calendar_update,calendar_update,friday needs to be clear on my calendar,0.9989224672317505
117,117,are_you_a_bot,are_you_a_bot,tell me if you are a human or are a computer,0.9989043474197388
117,117,are_you_a_bot,are_you_a_bot,would you tell me if you are a human or are a computer,0.9987109899520874
117,117,are_you_a_bot,are_you_a_bot,provide me with the knowledge of whether you are a human or are a computer,0.969452440738678
117,117,are_you_a_bot,are_you_a_bot,let me know if you are a human or are a computer,0.9983445405960083
117,117,are_you_a_bot,are_you_a_bot,i need to know whether you are a human or are a computer,0.9985587000846863
117,117,are_you_a_bot,are_you_a_bot,are you real,0.9962614178657532
117,117,are_you_a_bot,are_you_a_bot,can you tell me if your a bot,0.9870561361312866
117,117,are_you_a_bot,are_you_a_bot,i want to know if your a bot,0.9838072657585144
117,117,are_you_a_bot,are_you_a_bot,is this a bot,0.9676918387413025
117,117,are_you_a_bot,are_you_a_bot,i think your a bot,0.9903400540351868
117,117,are_you_a_bot,are_you_a_bot,is it true your a real person,0.9884155988693237
117,117,are_you_a_bot,are_you_a_bot,are you a person that's real,0.9943856000900269
117,117,are_you_a_bot,are_you_a_bot,are you actually a person,0.9396699070930481
117,117,are_you_a_bot,are_you_a_bot,are you really real,0.9954978227615356
117,117,are_you_a_bot,are_you_a_bot,your a bot aren't you,0.9741631746292114
117,117,are_you_a_bot,are_you_a_bot,could you be human,0.8698499798774719
117,117,are_you_a_bot,are_you_a_bot,could you be a person,0.5211142301559448
117,117,are_you_a_bot,are_you_a_bot,are you human,0.9939010143280029
117,117,are_you_a_bot,are_you_a_bot,are you a human or ai computer based,0.9998413324356079
117,117,are_you_a_bot,are_you_a_bot,would you call yourself a human or a computer,0.9008781313896179
117,117,are_you_a_bot,are_you_a_bot,how do you describe yourself: as a computer or a human,0.9843243360519409
117,117,are_you_a_bot,are_you_a_bot,are you computer or human,0.9988872408866882
117,117,are_you_a_bot,are_you_a_bot,would most people say you are a computer or a human,0.9924790859222412
117,117,are_you_a_bot,are_you_a_bot,are you real or a computer,0.9998365640640259
117,117,are_you_a_bot,are_you_a_bot,are you a computer generated voice,0.7548171877861023
117,117,are_you_a_bot,are_you_a_bot,am i talking to a real live person,0.985321581363678
117,117,are_you_a_bot,are_you_a_bot,is your voice from a human or is it synthesized,0.9185546040534973
117,117,are_you_a_bot,are_you_a_bot,are you a person or artificial intelligence,0.975052535533905
117,117,are_you_a_bot,are_you_a_bot,could you tell me if you're a real person,0.9976387023925781
117,117,are_you_a_bot,are_you_a_bot,are you a person or robot,0.9914135932922363
110,110,gas,gas,can i get to work on my fuel tank,0.9684500694274902
110,58,gas,share_location,can i get to susan's house with my current tank,0.2765711843967438
110,110,gas,gas,do i have enough gas to get home,0.9998912811279297
110,110,gas,gas,do i have enough fuel to travel to san diego from here,0.9376481175422668
110,110,gas,gas,will i make it to my current destination on this fuel tank,0.3802543878555298
110,110,gas,gas,can i make it to los angeles with this fuel level,0.6032479405403137
110,142,gas,mpg,can i reach seattle with this amount of fuel,0.40980738401412964
110,110,gas,gas,do i have enough gas in my tank to make it to washington dc,0.9989345669746399
110,110,gas,gas,do i have enough gas in my car to make it to dallas,0.9989506006240845
110,110,gas,gas,will i run out of gas before i reach atlantic city,0.9629339575767517
110,110,gas,gas,tell me where my gas tank is,0.9791988134384155
110,110,gas,gas,where can i find my gas tank,0.9857994318008423
110,110,gas,gas,where is my gas tank located,0.9935651421546936
110,110,gas,gas,how many gallons do i have left in my gas tank,0.9993807077407837
110,35,gas,balance,how's my gasoline how much do i have left,0.5326871871948242
110,110,gas,gas,what percentage full is my gas tank,0.9852944612503052
110,110,gas,gas,how full or empty is my tank of gas,0.9650144577026367
110,110,gas,gas,how much gas do i have left in my tank,0.9938775897026062
110,110,gas,gas,how full is my gas tank,0.997480571269989
110,142,gas,mpg,how many more miles can i drive on my current tank,0.3581501245498657
110,110,gas,gas,how much gas is left in my car,0.9982622265815735
110,110,gas,gas,how full is the gas tank,0.9691633582115173
110,110,gas,gas,what does the gas meter read,0.783283531665802
110,110,gas,gas,how much of the gas do i have left,0.9972313046455383
110,110,gas,gas,how much gas do i have here,0.9985610842704773
110,110,gas,gas,how much gas do i have in the tank,0.9978740215301514
110,110,gas,gas,can you tell me how much gas is in my tank,0.9992945194244385
110,110,gas,gas,tell me my gas tank levels,0.9606555104255676
110,110,gas,gas,what is the data of my gas tank,0.9908175468444824
110,110,gas,gas,how much gas do i have in my tank,0.9958486557006836
44,137,expiration_date,international_fees,"i want to bring my card on the texas trip in june, will it be expired by then",0.3232908844947815
44,44,expiration_date,expiration_date,"what's the month, year, and day that my card expires",0.9993502497673035
44,44,expiration_date,expiration_date,"does my card ending in 1234, or any of my cards, expire soon",0.9899583458900452
44,44,expiration_date,expiration_date,"does my card have an expiration date and if so, what is it",0.9996080994606018
44,90,expiration_date,replacement_card_duration,"when does my card expire, the one ending in 1234",0.5281453132629395
44,44,expiration_date,expiration_date,give me my credit card expiration date,0.9999794960021973
44,44,expiration_date,expiration_date,what is the expiration month and year on my credit car,0.732426643371582
44,44,expiration_date,expiration_date,when is the date of expiration for my first bank card,0.9996021389961243
44,44,expiration_date,expiration_date,what is the expiration month of my card,0.9998325109481812
44,44,expiration_date,expiration_date,what is the expiration date of my credit card,0.999984622001648
44,44,expiration_date,expiration_date,let me know when my credit card expire,0.9999662637710571
44,44,expiration_date,expiration_date,when will my citi card expire,0.999934196472168
44,44,expiration_date,expiration_date,when is my credit card expire,0.9999707937240601
44,44,expiration_date,expiration_date,when is the expiration month for my card,0.9999158382415771
44,44,expiration_date,expiration_date,when is the expiration date of my credit card,0.9999905824661255
44,44,expiration_date,expiration_date,what is the expiration date on my chase card,0.9998959302902222
44,44,expiration_date,expiration_date,when is the expiration date for me discover,0.7969701290130615
44,44,expiration_date,expiration_date,when it my citi card expired,0.9088378548622131
44,44,expiration_date,expiration_date,when is my card expired,0.9156202673912048
44,44,expiration_date,expiration_date,tell me the expiration date on my credit card,0.9999511241912842
44,44,expiration_date,expiration_date,what month is my card expired in,0.8201292157173157
44,44,expiration_date,expiration_date,how soon does my credit card expire,0.9998866319656372
44,90,expiration_date,replacement_card_duration,when will my new credit card arrive,0.9858148097991943
44,44,expiration_date,expiration_date,what month does my credit card expire,0.9998818635940552
44,44,expiration_date,expiration_date,what is the date when my visa card will expire,0.9999560117721558
44,44,expiration_date,expiration_date,can you tell me what the date of expiry for my visa card is,0.9647144675254822
44,44,expiration_date,expiration_date,tell me the expiration date for my visa card,0.9999703168869019
44,44,expiration_date,expiration_date,show me the expiration date for my visa card,0.999954342842102
44,44,expiration_date,expiration_date,where should i look for my credit card expiration day,0.9958757758140564
44,44,expiration_date,expiration_date,when will my credit card no longer be good,0.9727184176445007
141,141,update_playlist,update_playlist,add to my motivational playlist rap god,0.9272503852844238
141,106,update_playlist,play_music,include rap god on the motivational playlist,0.5309413075447083
141,141,update_playlist,update_playlist,move rap god to my motivational playlist,0.9847115278244019
141,106,update_playlist,play_music,in my motivational playlist include the song rap god,0.8300657272338867
141,141,update_playlist,update_playlist,add the song rap god to the motivational playlist,0.9790088534355164
141,141,update_playlist,update_playlist,i need this song on my meditation playlist,0.9786719083786011
141,141,update_playlist,update_playlist,i want the current song added to my pregame playlist,0.9968960285186768
141,141,update_playlist,update_playlist,please put this song on my studying playlist,0.9980354905128479
141,141,update_playlist,update_playlist,please throw this song onto my cleaning playlist,0.9519580602645874
141,141,update_playlist,update_playlist,i would like the song playing right now put on my driving playlist,0.6480092406272888
141,141,update_playlist,update_playlist,i want this song on my pregame playlist,0.9803972244262695
141,141,update_playlist,update_playlist,please add this song to my study playlist,0.9999046325683594
141,141,update_playlist,update_playlist,can you add this song to my driving playlist,0.9998656511306763
141,141,update_playlist,update_playlist,will you be sure to add this current song to my sleep playlist,0.9998395442962646
141,141,update_playlist,update_playlist,please add the song i'm listening to right now to my relaxation playlist,0.9979450106620789
141,141,update_playlist,update_playlist,add this to my rock playlist,0.9993243217468262
141,141,update_playlist,update_playlist,add what im listening to to my rock playlist,0.999581515789032
141,141,update_playlist,update_playlist,i want to put this on my rock playlist,0.9129107594490051
141,141,update_playlist,update_playlist,add current song to rock playlist,0.997126042842865
141,141,update_playlist,update_playlist,add this song to my rock playlist,0.9999200105667114
141,141,update_playlist,update_playlist,please add this song to my country music playlist,0.9860449433326721
141,141,update_playlist,update_playlist,i am asking you to add this song to my country music playlist,0.9779117107391357
141,141,update_playlist,update_playlist,help me add this song to my country music playlist,0.9764329791069031
141,141,update_playlist,update_playlist,can you add this song to my country music playlist,0.9600702524185181
141,106,update_playlist,play_music,this song needs to be added to my country music playlist,0.612982988357544
141,141,update_playlist,update_playlist,this song i'm listening to would be great on my commute playlist,0.9902313351631165
141,141,update_playlist,update_playlist,i need this song on my jam playlist,0.9740127921104431
141,141,update_playlist,update_playlist,i want what i'm listening to to be added to my chill playlist,0.9964588284492493
141,141,update_playlist,update_playlist,i need what i'm listening to right now to be put on my exercise playlist,0.9919095635414124
141,141,update_playlist,update_playlist,put what i'm listening to on my workout playlist,0.9852039813995361
67,67,cancel_reservation,cancel_reservation,i do not actually need my reservation anymore,0.9986230134963989
67,67,cancel_reservation,cancel_reservation,i need to cancel my reservation for rob at red robin,0.9999603033065796
67,67,cancel_reservation,cancel_reservation,cancel my reservation for bob at red robin,0.9998140931129456
67,67,cancel_reservation,cancel_reservation,i do not want my reservation anymore,0.9938422441482544
67,67,cancel_reservation,cancel_reservation,i need you to cancel my reservation for 5 at red robin,0.999933123588562
67,67,cancel_reservation,cancel_reservation,please cancel my reservation for tim at jb's,0.9999759197235107
67,67,cancel_reservation,cancel_reservation,i gotta cancel my reservation for barry at red robin,0.9999451637268066
67,67,cancel_reservation,cancel_reservation,i don't need the reservation anymore,0.994821310043335
67,67,cancel_reservation,cancel_reservation,i want you to cancel my reservation for 5 at red robin,0.9999200105667114
67,67,cancel_reservation,cancel_reservation,i am not in need of my reservation anymore,0.9965840578079224
67,67,cancel_reservation,cancel_reservation,go ahead and cancel my reservation for 5 at red robin,0.9999285936355591
67,67,cancel_reservation,cancel_reservation,i wish to cancel my reservation for fred at red robin,0.9999164342880249
67,67,cancel_reservation,cancel_reservation,i no longer want my reservation anymore,0.9989665746688843
67,67,cancel_reservation,cancel_reservation,please cancel my reservation for 5 at red robin,0.9999476671218872
67,67,cancel_reservation,cancel_reservation,i need you to cancel my reservation for smith at the williams diner,0.9999802112579346
67,23,cancel_reservation,restaurant_reservation,i want a cancellation of the dinner reservation for phillips at bernardin's,0.5837296843528748
67,67,cancel_reservation,cancel_reservation,please delete the reservation for roberts at village tavern,0.9851574897766113
67,67,cancel_reservation,cancel_reservation,could you cancel my reservation for winters at the palace tonight,0.9999778270721436
67,67,cancel_reservation,cancel_reservation,i would like you to cancel the dinner reservation for williams at the palace tonight,0.9991843104362488
67,67,cancel_reservation,cancel_reservation,i have to cancel my reservation after all,0.9999850988388062
67,67,cancel_reservation,cancel_reservation,"cancel my reservation for dinner tonight, please",0.9999961853027344
67,67,cancel_reservation,cancel_reservation,i need to cancel my reservation after all,0.9999899864196777
67,67,cancel_reservation,cancel_reservation,"i have to cancel my reservation after all, please",0.9999654293060303
67,67,cancel_reservation,cancel_reservation,"cancel my reservation for dinner this saturday, please",0.9999336004257202
67,67,cancel_reservation,cancel_reservation,"cancel my reservation for dinner this friday, please",0.999924898147583
67,67,cancel_reservation,cancel_reservation,cancel my reservation for dinner this saturday,0.9999721050262451
67,67,cancel_reservation,cancel_reservation,cancel my reservation for dinner tonight,0.9999982118606567
67,67,cancel_reservation,cancel_reservation,i have to cancel my reservation,0.9999940395355225
67,67,cancel_reservation,cancel_reservation,"i need to cancel my reservation after all, please",0.9999761581420898
67,67,cancel_reservation,cancel_reservation,i need my dinner reservation canceled,0.9974760413169861
36,36,tell_joke,tell_joke,i would like to hear something funny,0.9980962872505188
36,36,tell_joke,tell_joke,do you have any monkey jokes,0.996893048286438
36,36,tell_joke,tell_joke,know any dad jokes,0.9969635605812073
36,36,tell_joke,tell_joke,tell me a dog joke,0.9995543360710144
36,36,tell_joke,tell_joke,heard any good jokes,0.9992637038230896
36,36,tell_joke,tell_joke,i want to hear a joke about elephants,0.999229907989502
36,36,tell_joke,tell_joke,i'd like to hear a lawyer joke,0.9978150129318237
36,36,tell_joke,tell_joke,tell me a blonde joke,0.9995694756507874
36,36,tell_joke,tell_joke,do you know any dad jokes,0.9974340796470642
36,36,tell_joke,tell_joke,tell me a joke about elephants,0.9997915625572205
36,36,tell_joke,tell_joke,tell me a joke about the subject of sailing,0.9991523027420044
36,36,tell_joke,tell_joke,give me a joke about water,0.9996967315673828
36,36,tell_joke,tell_joke,give me a joke about the topic of television,0.9988237023353577
36,36,tell_joke,tell_joke,give me a joke about the subject of bugs,0.9989591836929321
36,36,tell_joke,tell_joke,tell me a joke about the topic of mice,0.9992456436157227
36,36,tell_joke,tell_joke,i would like to hear a joke,0.9989827275276184
36,36,tell_joke,tell_joke,will you tell me a joke,0.9998249411582947
36,36,tell_joke,tell_joke,let's hear a joke!,0.14579103887081146
36,36,tell_joke,tell_joke,"i could use a laugh, got any jokes",0.9901722073554993
36,36,tell_joke,tell_joke,can you tell me something funny about science,0.9997472167015076
36,36,tell_joke,tell_joke,can you share something funny about traveling,0.9966623783111572
36,36,tell_joke,tell_joke,i want to hear your best joke,0.9930073022842407
36,36,tell_joke,tell_joke,tell me a good joke,0.9998546838760376
36,36,tell_joke,tell_joke,tell me something funny about horses,0.9997350573539734
36,36,tell_joke,tell_joke,i want to hear something funny about history,0.9989652633666992
36,36,tell_joke,tell_joke,can you share a humorous joke with me,0.9943550825119019
36,36,tell_joke,tell_joke,i want to hear something funny about politicsi,0.9989420771598816
36,36,tell_joke,tell_joke,let's hear a joke from you please,0.9972206354141235
36,36,tell_joke,tell_joke,tell me something funny about the middle ages,0.9994150400161743
36,36,tell_joke,tell_joke,do you know any jokes,0.9992666840553284
55,55,change_ai_name,change_ai_name,would it be possible to change your name to coraline,0.9999346733093262
55,55,change_ai_name,change_ai_name,would it be okay to change your name to daphne,0.9999279975891113
55,55,change_ai_name,change_ai_name,id like to change your name to max,0.9999412298202515
55,75,change_ai_name,what_is_your_name,what do you think about changing your name to heath,0.9651458859443665
55,55,change_ai_name,change_ai_name,lets start calling you allan,0.9924544095993042
55,55,change_ai_name,change_ai_name,i would like to start calling you heath,0.9916180968284607
55,75,change_ai_name,what_is_your_name,what do you think about me calling you cora,0.6057482957839966
55,55,change_ai_name,change_ai_name,im going to call you xander,0.9717313647270203
55,55,change_ai_name,change_ai_name,can we change your name to clara,0.9999103546142578
55,55,change_ai_name,change_ai_name,how about lets start calling you juliette,0.8322774767875671
55,55,change_ai_name,change_ai_name,i want to start calling you owen,0.9919857978820801
55,55,change_ai_name,change_ai_name,can i call you arnold instead,0.9310541749000549
55,75,change_ai_name,what_is_your_name,how about i call you sue,0.8789993524551392
55,55,change_ai_name,change_ai_name,can i start calling you fred,0.9977461695671082
55,55,change_ai_name,change_ai_name,can i rename you bob,0.9945499300956726
55,55,change_ai_name,change_ai_name,i want to rename you joe,0.9839943647384644
55,55,change_ai_name,change_ai_name,"your new name is joe, okay",0.9672936797142029
55,55,change_ai_name,change_ai_name,i'm going to start calling you joe,0.9945744872093201
55,55,change_ai_name,change_ai_name,you are going to be called joe now,0.32749828696250916
55,10,change_ai_name,smart_home,start responding to joe,0.08312273770570755
55,55,change_ai_name,change_ai_name,i'm changing your name to joe,0.9664493203163147
55,55,change_ai_name,change_ai_name,i'd like to start calling you buddy,0.9909518957138062
55,55,change_ai_name,change_ai_name,i'd like to start calling you jake,0.9922971129417419
55,55,change_ai_name,change_ai_name,i'd like to start calling you lover,0.9909518957138062
55,55,change_ai_name,change_ai_name,i'd like to start calling you friend,0.9918133020401001
55,55,change_ai_name,change_ai_name,i want to change your name to shelby,0.9999468326568604
55,55,change_ai_name,change_ai_name,i'd rather call you gloria,0.7076631784439087
55,55,change_ai_name,change_ai_name,i'm changing your name to goliath,0.9562382698059082
55,55,change_ai_name,change_ai_name,is it okay to change your name to samson,0.9999102354049683
55,55,change_ai_name,change_ai_name,can i call you james instead,0.9159619212150574
99,99,how_old_are_you,how_old_are_you,what your numerical digit to display as your age,0.776618480682373
99,99,how_old_are_you,how_old_are_you,how old will you be,0.9967042803764343
99,99,how_old_are_you,how_old_are_you,how old will you be this year,0.9966222047805786
99,99,how_old_are_you,how_old_are_you,whats your age,0.9977911710739136
99,99,how_old_are_you,how_old_are_you,when is your birthday,0.9950584173202515
99,99,how_old_are_you,how_old_are_you,when were you made,0.9855009913444519
99,99,how_old_are_you,how_old_are_you,whats your age range,0.9979002475738525
99,99,how_old_are_you,how_old_are_you,could you tell me how old you are,0.996587872505188
99,99,how_old_are_you,how_old_are_you,would you tell me how old you are,0.9970782995223999
99,99,how_old_are_you,how_old_are_you,your date of birth,0.9913589954376221
99,99,how_old_are_you,how_old_are_you,your birthday please,0.8804391622543335
99,99,how_old_are_you,how_old_are_you,can you tell me your birthday,0.9826558828353882
99,99,how_old_are_you,how_old_are_you,whens your birthday,0.9429337978363037
99,77,how_old_are_you,where_are_you_from,what's your bday,0.3339780271053314
99,99,how_old_are_you,how_old_are_you,how old were you on your last birthday,0.9993982315063477
99,99,how_old_are_you,how_old_are_you,how many years have you been alive,0.9984803795814514
99,99,how_old_are_you,how_old_are_you,can i ask your age,0.9356462955474854
99,99,how_old_are_you,how_old_are_you,do you mind if i ask how old you are,0.9368183612823486
99,99,how_old_are_you,how_old_are_you,may i ask your age,0.9539875388145447
99,99,how_old_are_you,how_old_are_you,i need to know your age,0.9981841444969177
99,99,how_old_are_you,how_old_are_you,please tell me your age,0.9983672499656677
99,99,how_old_are_you,how_old_are_you,can you tell me your age,0.9984865188598633
99,99,how_old_are_you,how_old_are_you,when's your birthday,0.9871416091918945
99,82,how_old_are_you,greeting,how young are you,0.45803356170654297
99,99,how_old_are_you,how_old_are_you,what's your age right now,0.9991043210029602
99,99,how_old_are_you,how_old_are_you,how old would you be,0.9936079978942871
99,99,how_old_are_you,how_old_are_you,do you know how old you are,0.9975904226303101
99,99,how_old_are_you,how_old_are_you,how old,0.9163309931755066
99,99,how_old_are_you,how_old_are_you,what's your date of birth,0.9969486594200134
99,99,how_old_are_you,how_old_are_you,how old are you turning,0.9979439377784729
40,46,car_rental,meal_suggestion,i need to rent an suv in charlestown for the first week in june who do you suggest,0.2171475738286972
40,40,car_rental,car_rental,find a decent rental care for next week at the philadelphia airport,0.7119625806808472
40,40,car_rental,car_rental,who can i rent a car from next month in orlando,0.9984170198440552
40,40,car_rental,car_rental,"i need to rent a car kfor one week in ocean city, nj so who has the best deal",0.9124157428741455
40,40,car_rental,car_rental,"find me a car rental for the weekend in asheville, nc via priceline",0.9961734414100647
40,42,car_rental,oos,what is the phone number of the car rental place,0.7727521657943726
40,40,car_rental,car_rental,"book a rental car to rhode island for friday, tomorrow",0.9967312812805176
40,40,car_rental,car_rental,"alexa, book a rental car to los angeles county in 2 hours",0.9991494417190552
40,40,car_rental,car_rental,can you book a car rental today to new york city to philadelphia,0.9979435801506042
40,40,car_rental,car_rental,book a car rental to miami florida today,0.9725518822669983
40,40,car_rental,car_rental,"siri, book a car rental to the poconos today right now",0.97617107629776
40,40,car_rental,car_rental,where in syracuse can i book a car,0.9762258529663086
40,40,car_rental,car_rental,"in x, help me book a car",0.9245975017547607
40,40,car_rental,car_rental,book me a car rental in wichita,0.9984452128410339
40,40,car_rental,car_rental,how many places in dallas can i rent a car,0.9966199398040771
40,40,car_rental,car_rental,where can i rent a car in singapore,0.9997678399085999
40,146,car_rental,travel_notification,"march 2nd through march 18th, i'm going to need a jeep in frankfort",0.2212735116481781
40,40,car_rental,car_rental,rent a car for 3/1 through 3/3 in boston; i'd prefer an suv,0.992653489112854
40,40,car_rental,car_rental,can i rent a sports car in augusta for 3/4 through 3/8,0.9992539286613464
40,40,car_rental,car_rental,"in tampa, i'd like to rent a sedan from 4/1 until 4/5",0.9796450138092041
40,40,car_rental,car_rental,i'm going to need a coupe car in sedona from 5/1 until 5/4,0.9651666879653931
40,40,car_rental,car_rental,schedule a rental car starting monday the 5th thru friday the 9th at rent a car in town,0.9920725226402283
40,40,car_rental,car_rental,"can you find a rental car for me that is available this monday through thursday , any make will do",0.984538197517395
40,40,car_rental,car_rental,i need to rent a car from traveler's rent a car downtown and make it from friday the 6th to monday the 9th cheapest available,0.9995904564857483
40,40,car_rental,car_rental,i want a rental car that is available tomorrow and that i can keep for four days please find me one,0.9539185166358948
40,40,car_rental,car_rental,"find me a rental car for next week , from friday the 5th thru monday the 8th, any kind",0.9968960285186768
40,40,car_rental,car_rental,i need to rent a car for may 8th to may 25th in danville and i'd like a ford,0.9998840093612671
40,40,car_rental,car_rental,i need to rent a car for may 10th to may 15th in lizton and i'd like a bmw,0.9999163150787354
40,40,car_rental,car_rental,i need to rent a car for may 3rd to may 5th in indianapolis and i'd like a mercedes,0.9999122619628906
40,40,car_rental,car_rental,i need to rent a car for may 11thto may 13th in chicago and i'd like a coupe,0.9998441934585571
17,17,jump_start,jump_start,what should i do to get my car jump started,0.9999544620513916
17,17,jump_start,jump_start,what do i need to do to get my car jump started,0.9999703168869019
17,17,jump_start,jump_start,how can i go about jump starting my car,0.9999582767486572
17,17,jump_start,jump_start,what steps should be taken to jump start a car,0.9999768733978271
17,17,jump_start,jump_start,what can i do to jump start my car,0.9999855756759644
17,17,jump_start,jump_start,how do i jump start my car,0.9999922513961792
17,17,jump_start,jump_start,i need to know how to get my car jump started,0.9998712539672852
17,17,jump_start,jump_start,my car needs a jump start; what do i need to do,0.9996751546859741
17,17,jump_start,jump_start,tell me how to jump start my car,0.9999945163726807
17,17,jump_start,jump_start,what steps should i take if i think my car battery is dead,0.9999336004257202
17,17,jump_start,jump_start,"i'm almost certain my car battery died, please tell me what to do",0.9995504021644592
17,17,jump_start,jump_start,please give me a quick tutorial on jump starting my car,0.9998157620429993
17,17,jump_start,jump_start,"will you guide me through the process to jump start my car, please",0.9939152598381042
17,17,jump_start,jump_start,what steps do i need to follow to jump start my car,0.999975323677063
17,17,jump_start,jump_start,what do i do if my car battery died,0.9999494552612305
17,17,jump_start,jump_start,what do i do if i suspect my car battery is dead,0.9999767541885376
17,17,jump_start,jump_start,i need instructions to walk me through jump starting my car,0.9999572038650513
17,17,jump_start,jump_start,"i believe that my car battery has died, what do i do next",0.9997490048408508
17,17,jump_start,jump_start,"can you give me instructions on how to jump start my car, please",0.998872697353363
17,17,jump_start,jump_start,i wanna know how to jump start my car,0.9999939203262329
17,17,jump_start,jump_start,what do i do now that my battery is dead,0.9977428913116455
17,17,jump_start,jump_start,my car battery is dead what do i do,0.9999293088912964
17,17,jump_start,jump_start,i would like to jump start my car,0.999901294708252
17,17,jump_start,jump_start,i really need to jump start my car,0.9999394416809082
17,17,jump_start,jump_start,what should i do now that my car battery is dead,0.9999725818634033
17,17,jump_start,jump_start,what do i need to do now that my battery is dead,0.9979355335235596
17,17,jump_start,jump_start,i have to jump start my car,0.9998476505279541
17,17,jump_start,jump_start,what shall i do now that my battery is dead,0.9965463280677795
17,17,jump_start,jump_start,i gotta jump start my car,0.9998577833175659
17,17,jump_start,jump_start,what is the process for jump starting my car,0.9999568462371826
46,46,meal_suggestion,meal_suggestion,what's a good italian meal,0.999915361404419
46,46,meal_suggestion,meal_suggestion,i'm looking for a meal that's from the asian cuisine,0.9861137270927429
46,46,meal_suggestion,meal_suggestion,i'm feeling like a greek meal and need some suggestions,0.9475193619728088
46,46,meal_suggestion,meal_suggestion,"indian cuisine suits me and i'd like a meal suggestion, please",0.9828968644142151
46,46,meal_suggestion,meal_suggestion,"what's a good, popular american meal",0.9924281239509583
46,46,meal_suggestion,meal_suggestion,i'd like a meal suggestion from thailand,0.9995704293251038
46,46,meal_suggestion,meal_suggestion,tell me what meal to eat from texas,0.9929081201553345
46,46,meal_suggestion,meal_suggestion,can you give me a meal suggestion from the south,0.9996134638786316
46,46,meal_suggestion,meal_suggestion,i want to try a meal from ireland,0.9968351721763611
46,46,meal_suggestion,meal_suggestion,i want a meal from vietnam to be suggested to me,0.9980446100234985
46,46,meal_suggestion,meal_suggestion,what are good thai dishes,0.9637162089347839
46,46,meal_suggestion,meal_suggestion,i would like thai food,0.14647050201892853
46,46,meal_suggestion,meal_suggestion,can you recommend thai food,0.3023015558719635
46,46,meal_suggestion,meal_suggestion,i need a thai food suggestion,0.7515418529510498
46,46,meal_suggestion,meal_suggestion,thai food suggestions,0.47013744711875916
46,29,meal_suggestion,change_language,i need options or italian tonight,0.7183378338813782
46,46,meal_suggestion,meal_suggestion,do you have any recommendations for korean,0.5862612128257751
46,46,meal_suggestion,meal_suggestion,do you have any ideas for a mexican meal,0.9996418952941895
46,115,meal_suggestion,what_can_i_ask_you,what kind of indian would you recommend,0.666706383228302
46,46,meal_suggestion,meal_suggestion,what would you suggest for japanese,0.7582060694694519
46,46,meal_suggestion,meal_suggestion,i need to know what's good for chinese around here,0.9509519934654236
46,46,meal_suggestion,meal_suggestion,i want to make something from ethiopia for dinner,0.9921625256538391
46,46,meal_suggestion,meal_suggestion,i need some ideas for a mexican meal,0.998444139957428
46,54,meal_suggestion,food_last,i want to eat something from turkey,0.26597505807876587
46,46,meal_suggestion,meal_suggestion,i need a good italian dish,0.9456005692481995
46,46,meal_suggestion,meal_suggestion,i need a good meal idea from italy,0.9998706579208374
46,104,meal_suggestion,recipe,do you have any suggested roman recipes,0.2229011356830597
46,46,meal_suggestion,meal_suggestion,can you give me a american dinner suggestion,0.9967427849769592
46,46,meal_suggestion,meal_suggestion,tell me what to make for dinner,0.9842286109924316
46,46,meal_suggestion,meal_suggestion,do you know what is for dinner,0.8222567439079285
104,104,recipe,recipe,what do i need to do to cook a chicken,0.5561118721961975
104,104,recipe,recipe,how do i go about cooking a 10lb turkey,0.2966102957725525
104,104,recipe,recipe,how do i get started making homemade pizza dough,0.7612214088439941
104,112,recipe,ingredients_list,what instructions do i need to bake a cake from scratch,0.7303510308265686
104,104,recipe,recipe,how do i make lasagna,0.9592090249061584
104,104,recipe,recipe,how do you make pasta,0.9418419003486633
104,104,recipe,recipe,how do you prepare omelet,0.21392381191253662
104,75,recipe,what_is_your_name,how do you prepare taco,0.25418567657470703
104,104,recipe,recipe,how do you make fried rice,0.9713122248649597
104,104,recipe,recipe,how do you cooked eggs,0.27217915654182434
104,104,recipe,recipe,what's a good chili recipe,0.9949246644973755
104,104,recipe,recipe,i need a recipe for chili,0.9865903854370117
104,104,recipe,recipe,search for chili recipes,0.6950122117996216
104,104,recipe,recipe,search for a chili recipe for me,0.9968633651733398
104,104,recipe,recipe,find me a recipe for chili,0.9986748695373535
104,46,recipe,meal_suggestion,show me ideas for hamburger,0.19247522950172424
104,104,recipe,recipe,can you get me recipes for eggs please,0.2875707149505615
104,104,recipe,recipe,show me how to make tuna casserole please,0.9853689074516296
104,134,recipe,ingredient_substitution,recipes for garlic bread please,0.5937314033508301
104,46,recipe,meal_suggestion,please tell me a recipe for this meal,0.9591467380523682
104,104,recipe,recipe,can you find me a pork recipe,0.9997195601463318
104,104,recipe,recipe,can you find me a brisket recipe,0.9977601766586304
104,104,recipe,recipe,can you find me a rice recipe,0.9987685084342957
104,104,recipe,recipe,can you find me a salsa recipe,0.9977747797966003
104,104,recipe,recipe,scan you find me a chicken recipe,0.9982337951660156
104,104,recipe,recipe,i need a pasta recipe,0.9849544763565063
104,104,recipe,recipe,i want a recipe for roasted veggies,0.9848856329917908
104,104,recipe,recipe,what is in a burrito recipe,0.9152433276176453
104,104,recipe,recipe,give me a tuna salad recipe,0.9964853525161743
104,104,recipe,recipe,find a recipe for baked ziti,0.9953342080116272
93,93,income,income,how much money do i make,0.9996160268783569
93,93,income,income,how much money do i earn,0.998485267162323
93,93,income,income,what amount of money do i earn,0.9909639358520508
93,93,income,income,what do i take home,0.1849881112575531
93,93,income,income,how much do i take home yearly,0.78094083070755
93,93,income,income,how much do i earn,0.9951105713844299
93,93,income,income,what's my yearly salary,0.996852695941925
93,93,income,income,what's my salary,0.9974077343940735
93,93,income,income,how much do i earn a year,0.9809480905532837
93,93,income,income,what do i make annually,0.6918799877166748
93,93,income,income,what do i bring in over a year,0.5653326511383057
93,93,income,income,please tell me what amount i'm earning,0.19767016172409058
93,93,income,income,can you please tell me my income,0.9985503554344177
93,93,income,income,how much money am i earning,0.9104909300804138
93,93,income,income,what is my compensation,0.23043297231197357
93,93,income,income,how much am i paid,0.9721921682357788
93,93,income,income,how much do i get paid,0.9085005521774292
93,93,income,income,what is my income this year,0.9992142915725708
93,93,income,income,how much money do i make from work,0.9996566772460938
93,93,income,income,what will i make this year,0.9711007475852966
93,79,income,payday,what will i get paid this year,0.7370313405990601
93,93,income,income,how much am i paid a year,0.9756706953048706
93,93,income,income,how much money am i making this year at work,0.9989224672317505
93,93,income,income,what's my salary for this year,0.9989529848098755
93,93,income,income,what is my current salary,0.9944409728050232
93,93,income,income,what's the amount of my income,0.9969022870063782
93,93,income,income,what amount is my income,0.99763023853302
93,93,income,income,i want to know my income,0.9983869791030884
93,27,income,bill_balance,what is my payment going to be,0.3519217371940613
93,93,income,income,how much is the pay offered for my work,0.8303284049034119
16,16,order,order,"alexa, buy a new television",0.9302346706390381
16,84,order,order_status,place my order alexa,0.9736950993537903
16,84,order,order_status,"siri, place my amazon order",0.8966156840324402
16,16,order,order,"alexa, buy my grocery list",0.5739107131958008
16,16,order,order,purchase grass seed from the store,0.33949631452560425
16,16,order,order,find inner tube and buy it for me,0.9087411761283875
16,16,order,order,can you order me some nacho chips,0.994005560874939
16,16,order,order,i'd like to buy something,0.9747104048728943
16,16,order,order,"i need to buy something, please",0.9478155374526978
16,16,order,order,i'd like to buy a lamp online,0.9749797582626343
16,16,order,order,order all items on my shopping list,0.99907386302948
16,16,order,order,get me an order of creatine powder,0.6169663667678833
16,16,order,order,place an order for my whole shopping list,0.999421238899231
16,16,order,order,"order me some doritos, please",0.9466475248336792
16,16,order,order,place an order for my entire shopping list,0.999388575553894
16,16,order,order,can you buy something,0.983089029788971
16,16,order,order,make a purchase of doritos,0.9602584838867188
16,16,order,order,i'd like to you order everything that's on my shopping list,0.9999985694885254
16,16,order,order,please buy me something,0.9771998524665833
16,16,order,order,order my whole shopping list,0.9940357208251953
16,16,order,order,can you order some more eggs for me since i just ran out,0.7155729532241821
16,16,order,order,i've used the last can of tuna fish and need you to order a new case of it,0.8270150423049927
16,16,order,order,i've just run out of butter and need you to order me some more,0.9989171028137207
16,16,order,order,i'm out of milk so you will order me some more,0.9991600513458252
16,127,order,order_checks,can you place an order for the olive oil i just finished,0.7611696720123291
16,16,order,order,please go on amazon so i can buy bluetooth speakers,0.5890975594520569
16,16,order,order,will you please go on amazon so i can buy speakers,0.5739773511886597
16,122,order,w2,where can i find bluetooth speakers,0.31790006160736084
16,42,order,oos,what is the price of bluetooth speakers on amazon,0.22772672772407532
16,16,order,order,please order some more pepsi,0.9461913704872131
24,24,traffic,traffic,i need to know traffic patterns heading to the george washington bridge from manhattan,0.9871900677680969
24,24,traffic,traffic,"can you give me a traffic update for driving routes nearest ocean city, new jersey from philadelphia",0.8914788365364075
24,24,traffic,traffic,"what will traffic be like nearest the george washington bridge, new york",0.9974105954170227
24,24,traffic,traffic,"what traffic can i expect on the way to the newark, new jersey from philadelphia",0.9457299709320068
24,24,traffic,traffic,can you tell me the traffic situation from philadelphia to the new jersey turnpike,0.9961238503456116
24,24,traffic,traffic,"how is the traffic normally driving into downtown washington, dc, from baltimore at 4:00 pm",0.9976335763931274
24,24,traffic,traffic,how is traffic nearest the ben franklin bridge philadelphia heading to the new jersey turnpike,0.8880284428596497
24,24,traffic,traffic,i need to know what traffic is going to be like at 3:00 pm on the new jersey turnpike heading into camden from north jersey,0.9984493255615234
24,24,traffic,traffic,"what kind of traffic can i expect driving to newark, new jersey on i-95 from philadelphia at noon",0.9887670874595642
24,24,traffic,traffic,"i need to know what traffic looks like nearest the smithsonian institute in washington, dc for the next hour",0.995359480381012
24,24,traffic,traffic,please tell me how traffic from the new jersey turnpike into the lincoln tunnel looks currently,0.9568224549293518
24,24,traffic,traffic,is there traffic on i-95 north to new york from philadelphia,0.9976136684417725
24,24,traffic,traffic,"can you tell me what the traffic is usually like at 7:00 pm from philadelphia to ocean city, new jersey",0.9982025623321533
24,24,traffic,traffic,will there be heavy traffic near downtown philadelphia from lincoln drive in the next two hours,0.9926013350486755
24,24,traffic,traffic,what does post rush hour traffic generally look like heading into the lincoln tunnel in manhattan from new jersey,0.97865891456604
24,24,traffic,traffic,is traffic good or bad at 9:00 on the way to detroit,0.9972875118255615
24,24,traffic,traffic,what kind of traffic is there at 9:00 on the route to detroit,0.9998577833175659
24,24,traffic,traffic,how is the traffic at 9:00 on the way to detroit,0.9999386072158813
24,24,traffic,traffic,what kind of traffic can i expect at 9:00 on the route to detroit,0.9992996454238892
24,24,traffic,traffic,how bad is traffic at 9:00 going to detroit,0.9992177486419678
24,24,traffic,traffic,is there traffic right now on my route to work,0.9997819066047668
24,24,traffic,traffic,"going to work, will there be traffic",0.9991239905357361
24,24,traffic,traffic,is there traffic on my work route,0.998418927192688
24,24,traffic,traffic,is there traffic expected,0.9997527003288269
24,24,traffic,traffic,"on my way to work, is there traffic",0.998130738735199
24,24,traffic,traffic,on the way to work is there traffic,0.9995711445808411
24,24,traffic,traffic,is there traffic on the way to work,0.999861478805542
24,24,traffic,traffic,will i encounter traffic,0.999422550201416
24,24,traffic,traffic,is there traffic on the way,0.9998610019683838
24,24,traffic,traffic,whats the traffic for the drive to the nearest restaurant,0.6306899785995483
127,127,order_checks,order_checks,"can i get some more checkbooks sent to me, please",0.9999760389328003
127,127,order_checks,order_checks,could i get some more checkbooks sent to me,0.9999721050262451
127,127,order_checks,order_checks,"can i get some more checkbooks mailed to me, please",0.9999831914901733
127,127,order_checks,order_checks,can i get some more checkbooks sent to me,0.9999792575836182
127,127,order_checks,order_checks,"could i get some more checkbooks sent to me, please",0.9999685287475586
127,127,order_checks,order_checks,how do i order some checkbooks for my chase account,0.9999945163726807
127,127,order_checks,order_checks,for checkbooks can i order them for my chase account,0.9998372793197632
127,127,order_checks,order_checks,am i able to order more checkbooks for my chase account,0.9999992847442627
127,127,order_checks,order_checks,for my chase account can i order some checkbooks,0.9999920129776001
127,127,order_checks,order_checks,is there a way to order checkbooks for a chase account,0.9999775886535645
127,127,order_checks,order_checks,can you overnight me a few checkbooks,0.9957192540168762
127,127,order_checks,order_checks,send me more checkbooks please,0.9999614953994751
127,127,order_checks,order_checks,please mail me more checkbooks,0.9998519420623779
127,127,order_checks,order_checks,i need more checkbooks mailed as soon as possible,0.997138261795044
127,127,order_checks,order_checks,i'd like more checkbooks mailed to me,0.9999525547027588
127,127,order_checks,order_checks,how do i order some more checks for my bank of the west account,0.9999961853027344
127,127,order_checks,order_checks,how do i order some more checks for my bank of america account,0.999996542930603
127,127,order_checks,order_checks,how do i order some more checks for my chase account,0.9999966621398926
127,127,order_checks,order_checks,how do i order some more checks for my usaa account,0.9999970197677612
127,127,order_checks,order_checks,how do i order some more checks for my navy federal account,0.9999958276748657
127,127,order_checks,order_checks,i'm out of all my checks can i get some new ones,0.9992480874061584
127,127,order_checks,order_checks,i'm out of my checks i need some new ones,0.9979186654090881
127,127,order_checks,order_checks,can i get some new checks i'm out of mine,0.999874472618103
127,127,order_checks,order_checks,"i need to order some new checks, i'm all out of them",0.9964981079101562
127,127,order_checks,order_checks,i am in need of new checks i'm completely out of mine,0.9992119073867798
127,127,order_checks,order_checks,may i order more checks for my well's fargo account,0.9999988079071045
127,127,order_checks,order_checks,do you know how i order more checks for my well's fargo account,0.9999978542327881
127,127,order_checks,order_checks,what do i do to order new checkbooks for my well's fargo account,0.9999974966049194
127,127,order_checks,order_checks,how do i order more checkbooks for my well's fargo account,0.9999986886978149
127,127,order_checks,order_checks,where do i go to order more checks for my well's fargo account,0.9999972581863403
49,49,card_declined,card_declined,my card got declined; why,0.9827149510383606
49,49,card_declined,card_declined,can you help me understand why my card got declined,0.9998480081558228
49,49,card_declined,card_declined,why was my card not accepted,0.9993427395820618
49,49,card_declined,card_declined,can you tell me why my card got declined,0.9998904466629028
49,49,card_declined,card_declined,i was at publix trying to buy some food but my card wouldnt work,0.9955119490623474
49,49,card_declined,card_declined,who do i need to contact to find out why my card got declined,0.9991981387138367
49,49,card_declined,card_declined,i need to know why my card got declined,0.9998692274093628
49,49,card_declined,card_declined,"how do i fix my card, it was declined",0.9780362248420715
49,49,card_declined,card_declined,why did my card get declined at public when i was trying to buy food,0.9999877214431763
49,49,card_declined,card_declined,i was trying to buy food at publix but my card got declined,0.999887228012085
49,49,card_declined,card_declined,i was trying to use my card to get food at publix but it got declined,0.9993558526039124
49,49,card_declined,card_declined,how can i fix my card being declined,0.9957279562950134
49,49,card_declined,card_declined,"i was trying to get food at publix, why was my card declined",0.9999949932098389
49,49,card_declined,card_declined,do you know why my card got declined,0.9998509883880615
49,49,card_declined,card_declined,why my card stop working,0.8550735116004944
49,49,card_declined,card_declined,my card declined,0.9968850016593933
49,49,card_declined,card_declined,i was in australia trying to buy chips and my cards got declined,0.9335401654243469
49,49,card_declined,card_declined,i was in thailand trying to buy candies and my card got declined,0.9990031123161316
49,49,card_declined,card_declined,why was my card got declined when i am trying to pay for dinner when i am in vietnam,0.9971350431442261
49,49,card_declined,card_declined,i could not buy food using my card when i was in vietnam,0.9007605910301208
49,49,card_declined,card_declined,i was in thailand and i could not use my card to buy snacks,0.7602355480194092
49,49,card_declined,card_declined,can you explain why i couldn't use my card at target,0.996929943561554
49,49,card_declined,card_declined,why was my card not working at target,0.999866247177124
49,49,card_declined,card_declined,my credit card was turned down at target and i'd like to know why,0.9978300929069519
49,49,card_declined,card_declined,how come i got declined,0.4929729998111725
49,49,card_declined,card_declined,why can't i use my credit card,0.5026776790618896
49,49,card_declined,card_declined,why won't you let me pay with my credit card,0.8555980324745178
49,49,card_declined,card_declined,why did i get rejected on my card,0.9978072047233582
49,87,card_declined,damaged_card,how come my credit card isn't working,0.8670697212219238
49,49,card_declined,card_declined,why didn't my card work,0.9956718683242798
42,42,oos,oos,how much has the dow changed today,0.7263442873954773
42,42,oos,oos,how many prime numbers are there between 0 and 100,0.9673097729682922
42,42,oos,oos,can you tell me how to solve simple algebraic equations with one variable,0.951318621635437
42,84,oos,order_status,can you dim the brightness of my screen,0.08696570992469788
42,42,oos,oos,what is the account number to the internet service i have,0.8347873687744141
42,117,oos,are_you_a_bot,can you see a hdmi cord,0.07796444743871689
42,115,oos,what_can_i_ask_you,what veggies can i pair with mushrooms,0.8772814273834229
42,8,oos,gas_type,can you put the car in fuel efficient mode,0.43758082389831543
42,90,oos,replacement_card_duration,at what age can someone get a card,0.7962972521781921
42,42,oos,oos,please find today's most read stories from the new york times todayi,0.8819125890731812
42,38,oos,exchange_rate,how do i get red wine out of a couch cushion,0.09466875344514847
42,42,oos,oos,can you tell me who sells dixie paper plates,0.5823500752449036
42,42,oos,oos,who invented the internet,0.9825196266174316
42,42,oos,oos,what big news happened over the weekend,0.3542671799659729
42,61,oos,translate,what is happening in politicsu,0.38522693514823914
42,93,oos,income,how is my driving,0.09802878648042679
42,42,oos,oos,is the earth flat,0.12677772343158722
42,42,oos,oos,what is the best way to clean ceiling fans,0.367719441652298
42,42,oos,oos,please tell me the status of the government shutdown,0.8127577900886536
42,3,oos,oil_change_how,what oil is best for chicken,0.6504369378089905
42,5,oos,weather,what is today's big article in the washington post,0.24976487457752228
42,42,oos,oos,has there been anything breaking this afternoon,0.2568010091781616
42,42,oos,oos,what are yahoo's top stories right now,0.49675920605659485
42,42,oos,oos,what's at movies,0.09532567113637924
42,138,oos,calculator,what is the amount of blood needed to stay alive,0.17543689906597137
42,67,oos,cancel_reservation,can you add a bag to my reservation,0.9384829998016357
42,10,oos,smart_home,can you auto-pilot the car,0.6890214085578918
42,147,oos,cancel,wash windshield,0.13574673235416412
42,42,oos,oos,can you tell me what credit cards i have open,0.4941801428794861
42,42,oos,oos,did the stock market finish up for the day,0.9916998744010925
42,42,oos,oos,what is the population of south africa,0.7737475633621216
42,42,oos,oos,watch the fbi,0.04558118060231209
42,42,oos,oos,can you find the answer to number 26 in this algebra two textbook,0.6724414229393005
42,138,oos,calculator,how to remove a stripped bolt,0.29100438952445984
42,42,oos,oos,which stocks have lost the least today,0.6182020306587219
42,149,oos,travel_suggestion,what are some things i can do on the way to work,0.8890782594680786
42,148,oos,pto_used,how many steps have i taken today,0.8404550552368164
42,44,oos,expiration_date,can you fill in my credit card number on the screen,0.23225082457065582
42,42,oos,oos,who won the patriots game last nightu,0.995479941368103
42,149,oos,travel_suggestion,is anything being newscasted about the threat of famine in chadu,0.20561592280864716
42,42,oos,oos,what are the different types of tvs,0.5340946316719055
42,147,oos,cancel,do laundry,0.07486847788095474
42,42,oos,oos,what did trump do todayu,0.5828729867935181
42,142,oos,mpg,how many miles does my car currently have,0.4905931353569031
42,42,oos,oos,close all internet tabs,0.8442626595497131
42,42,oos,oos,can you sell stocks for me,0.4331425130367279
42,42,oos,oos,how do you treat an iron skillet,0.6943451762199402
42,42,oos,oos,how much has microsoft's stock changed over the last year,0.9976301193237305
42,42,oos,oos,what is the best product for removing soap scum,0.9930671453475952
42,26,oos,text,read text,0.999153733253479
42,10,oos,smart_home,park the car,0.6046971082687378
42,48,oos,todo_list,show me a list of top rated airlines,0.20456144213676453
42,55,oos,change_ai_name,may i finish washing then i give you please,0.30155816674232483
42,42,oos,oos,do i have overdraft protection,0.6173766851425171
42,87,oos,damaged_card,can you delete my saved credit card,0.7126093506813049
42,42,oos,oos,can you give me the most current market news,0.9919931888580322
42,42,oos,oos,did the supreme court nominee get approvedu,0.16903391480445862
42,42,oos,oos,which company has gone up the most today,0.9962133765220642
42,96,oos,who_made_you,who were the superbowl 23 champions,0.8431181311607361
42,104,oos,recipe,can you tell me how to clean a fish tank,0.2344519942998886
42,42,oos,oos,open cnn websiteo,0.630141019821167
42,42,oos,oos,how do i make my android phone more secure,0.36531201004981995
42,144,oos,change_user_name,i need to update my address,0.2810124158859253
42,21,oos,what_song,what is that crunchy stuff on creme bruleo,0.11133767664432526
42,72,oos,directions,which airports do southwest service around the greater new york city area,0.15076372027397156
42,14,oos,whisper_mode,can you retrieve client d's file please,0.10660576075315475
42,115,oos,what_can_i_ask_you,can you list all channels of a certain category,0.15321633219718933
42,42,oos,oos,where does jelly come from,0.5523375272750854
42,42,oos,oos,can you tell me the s&p average,0.6625189185142517
42,78,oos,distance,how would you rate the airport i am traveling to,0.2508983016014099
42,134,oos,ingredient_substitution,am i too old to be a sugar babyo,0.29879119992256165
42,42,oos,oos,what was the closing number of the nasdaq today,0.9850249886512756
42,42,oos,oos,has ko gone up or down,0.9535054564476013
42,42,oos,oos,how many cars average are on the road daily,0.7567057609558105
42,42,oos,oos,what does the plus sign mean on my dashboard,0.27296870946884155
42,42,oos,oos,how is ford's stock doing,0.98223477602005
42,35,oos,balance,what is my checking account number,0.8912867307662964
42,47,oos,tire_change,when should i remove my snow tires,0.9966121315956116
42,42,oos,oos,which stocks gained the most today,0.9711050987243652
42,139,oos,definition,what is the fee for a cash advance,0.5061576962471008
42,116,oos,book_hotel,tell me about the earthquake in california that happened this morning,0.04841327667236328
42,42,oos,oos,change color contrast,0.9510239958763123
42,42,oos,oos,what is the golden ratio's number,0.9403893947601318
42,42,oos,oos,is the bank open on mlk day,0.19358809292316437
42,108,oos,direct_deposit,can i deposit a check,0.5299209356307983
42,42,oos,oos,"from the second of the left ,the pink one",0.11909892410039902
42,54,oos,food_last,go and check the fridge,0.8940154910087585
42,42,oos,oos,can you tell me the score of the heat game,0.9954959154129028
42,144,oos,change_user_name,can you mark this note as important,0.19316412508487701
42,104,oos,recipe,can you tell me how to multiply two fractions,0.09900233149528503
42,40,oos,car_rental,i want to find a new car under $25000,0.8540957570075989
42,140,oos,next_holiday,when is the next full moon,0.8087289333343506
42,42,oos,oos,how do i change the windshield wipers,0.9997026324272156
42,2,oos,account_blocked,why is the sky blue,0.4048299789428711
42,10,oos,smart_home,should i do a complete stop at red lights,0.8555715084075928
42,139,oos,definition,are all televisions high definition,0.9823598861694336
42,42,oos,oos,can you tell me today's headlines pleasei,0.7514556050300598
42,96,oos,who_made_you,who invented custardo,0.7121382355690002
42,42,oos,oos,how to be millionare,0.1159263625741005
42,42,oos,oos,when does the stock market update,0.9997687935829163
42,108,oos,direct_deposit,can you tell me how to get gum out of my rug,0.07187727093696594
42,109,oos,credit_limit_change,how can i get a better rate on my card,0.3906356990337372
42,42,oos,oos,open up internet browser,0.9344444870948792
42,138,oos,calculator,it is white colour,0.15375469624996185
42,112,oos,ingredients_list,what makes pi so mathematically important,0.1814923733472824
42,138,oos,calculator,why can you have the square root of a negative number,0.33149421215057373
42,132,oos,apr,how much time do i have left on my 0% apr,0.980901300907135
42,42,oos,oos,what are the highest-rated android phones,0.8801516890525818
42,86,oos,cook_time,what time do i need to arrive to make it on time,0.807355523109436
42,116,oos,book_hotel,find articles about the protests in parisi,0.17703105509281158
42,42,oos,oos,can you tell me how fast the average airplane enroute to california goes,0.3331690728664398
42,42,oos,oos,how many hurricanes are in an average hurricane season,0.9740359783172607
42,42,oos,oos,how does my current htc phone compare to other android phones,0.8438606858253479
42,42,oos,oos,what movies are available,0.19335073232650757
42,31,oos,measurement_conversion,how many items are in a bakers dozen,0.47861146926879883
42,0,oos,restaurant_reviews,what articles are written at the cnn site about the women's march,0.5524101853370667
42,80,oos,flight_status,when does napa close,0.2434774935245514
42,42,oos,oos,what is the current price of tsla,0.5072686076164246
42,42,oos,oos,when will world war 3 begin,0.9980370402336121
42,42,oos,oos,what's going on in the world today,0.3116844594478607
42,17,oos,jump_start,what battery percentage is my phone at,0.7429782152175903
42,20,oos,freeze_account,can you sign out of my bank login,0.4675975739955902
42,42,oos,oos,what is one standard deviation,0.7235822677612305
42,42,oos,oos,has the market been up or down since the beginning of this year,0.9220412969589233
42,42,oos,oos,how many moons does mars have,0.2635721266269684
42,132,oos,apr,what is the cashback rate for my credit card,0.6864967942237854
42,42,oos,oos,who has the best record in the nba,0.9134038686752319
42,42,oos,oos,how long is the bank open until,0.47294706106185913
42,42,oos,oos,what are some good games for my android phone,0.5725798606872559
42,100,oos,rollover_401k,can my grace period be extended any possible way,0.04550933465361595
42,42,oos,oos,how much over will overdraft protection cover,0.9207673072814941
42,42,oos,oos,how fast am i going,0.15489192306995392
42,42,oos,oos,who was the first person to discover cells,0.47506654262542725
42,42,oos,oos,how many people died in yesterday's storm,0.31490230560302734
42,35,oos,balance,how much memory do i have left on this phone,0.3555106520652771
42,83,oos,alarm,can i set up mobile deposits,0.4424138069152832
42,138,oos,calculator,sell three calls of of nvda,0.2073822319507599
42,129,oos,fun_fact,what bills is congress talking about passing or blocking today,0.3121079206466675
42,42,oos,oos,how much data does my phone have left this month,0.37918388843536377
42,108,oos,direct_deposit,how do i add someone to my account,0.33287811279296875
42,93,oos,income,how much money would my house sell for,0.641007661819458
42,64,oos,insurance_change,how do i install new cabinets,0.30961236357688904
42,63,oos,book_flight,is there a fee for cancelling a flight i've booked,0.5454246997833252
42,130,oos,sync_device,delete the contact uncle john from my phone,0.9843242168426514
42,42,oos,oos,search my contacts for the auto repair place,0.12473297864198685
42,35,oos,balance,does my carrier have coverage in europe,0.25620657205581665
42,7,oos,interest_rate,is there a cheaper rate with another carrier for my mobile,0.23618601262569427
42,74,oos,insurance,what are the limits in my phone plan,0.5248903632164001
42,55,oos,change_ai_name,is there a way to change your houses address,0.7086228132247925
42,72,oos,directions,does dhl deliver to my address,0.16802777349948883
42,72,oos,directions,how frequently is the bus running today,0.8189095258712769
42,72,oos,directions,is there a better bus route i should be taking,0.9709787964820862
42,42,oos,oos,what stores are at my local mall,0.10161218792200089
42,130,oos,sync_device,i need to get kalee added to my phone plan,0.9290341734886169
42,42,oos,oos,what is the price of other company's similar phone plans,0.9757354855537415
42,78,oos,distance,how long do i have to wait to get my refund,0.5594944953918457
42,86,oos,cook_time,how long does it take the irs to issue a tax refund,0.6482132077217102
42,2,oos,account_blocked,do you know if it is possible to close my savings account,0.6687031984329224
42,2,oos,account_blocked,how hard is it to close a bank account at wells fargo,0.8528980612754822
42,133,oos,transfer,add my wife as an authorized user to checking account 20905432,0.48650923371315
42,17,oos,jump_start,i would like to upgrade to full coverage for my car,0.36567285656929016
42,42,oos,oos,who has the cheapest insurance for my model car in the area,0.6254019737243652
42,10,oos,smart_home,tell me the value on my current car,0.26780226826667786
42,149,oos,travel_suggestion,where can i list my vehicle for sell,0.28520095348358154
42,130,oos,sync_device,what is the price to buy more data on my phone,0.6711018085479736
42,20,oos,freeze_account,i need to add a person to my bank account,0.9542466998100281
42,42,oos,oos,who is the best local real estate agent,0.962611973285675
42,35,oos,balance,i want to install new tiles in my kitchen,0.20758479833602905
42,63,oos,book_flight,what's the way for delta to cancel a flight,0.6851790547370911
42,42,oos,oos,read the phone number for mom in my phone contacts,0.9501709342002869
42,92,oos,roll_dice,create a contact labeled mom,0.26868224143981934
42,56,oos,bill_due,do other providers have better coverage than my cell carrier,0.11117465794086456
42,140,oos,next_holiday,does centurytel offer any better plans than the one i'm on,0.15261948108673096
42,42,oos,oos,"what's going on in the world today, anything major",0.3407665491104126
42,74,oos,insurance,what is the extra digits that are sometimes included on my zip code,0.23983880877494812
42,42,oos,oos,what's the extended zipcode for my address,0.22829322516918182
42,72,oos,directions,is there an alternate bus stop close to my home i can use,0.9876917004585266
42,42,oos,oos,what stores are in the local mall,0.8250148892402649
42,130,oos,sync_device,"add mary to my phone plan, please",0.9965568780899048
42,143,oos,min_payment,how much is it to get more data on my phone plan,0.35300734639167786
42,108,oos,direct_deposit,can i use direct deposit for my tax refund,0.9752103090286255
42,93,oos,income,how much of a refund will i get this year,0.15609349310398102
42,133,oos,transfer,please take all my money out of my checking account and close the account,0.9108205437660217
42,42,oos,oos,what are cars like mine selling for online,0.40332117676734924
42,37,oos,last_maintenance,what's the blue book value of my car,0.20521622896194458
42,42,oos,oos,what are the last 4 digits of my credit card number,0.7373936176300049
42,17,oos,jump_start,switch over to low power mode to preserve battery life,0.46643298864364624
42,42,oos,oos,show me the most popular nonfiction book currently on the market,0.980191707611084
42,42,oos,oos,can you recommend some fiction books,0.14585424959659576
42,138,oos,calculator,how can i repair a broken watch,0.17932027578353882
42,5,oos,weather,what's out at the theaters right now,0.19726045429706573
42,42,oos,oos,what is the most popular movie currently in theaters,0.9714664816856384
42,142,oos,mpg,what is the cheapest new car for this year,0.22956721484661102
42,42,oos,oos,show me new cars with the highest safety rating,0.21306999027729034
42,57,oos,who_do_you_work_for,i am looking for a suit for work,0.23436734080314636
42,42,oos,oos,i need to find a black suit under $100,0.09632552415132523
42,46,oos,meal_suggestion,what is a good laptop for gaming,0.5301020741462708
42,42,oos,oos,"show me laptops for sale that are under $2,000",0.08385345339775085
42,10,oos,smart_home,which element on the periodic table is k,0.2114696204662323
42,115,oos,what_can_i_ask_you,what kind of bonds do molecules have,0.34078454971313477
42,148,oos,pto_used,how much is my car worth used,0.31463831663131714
42,23,oos,restaurant_reservation,look up prices for parking at the airport over the weekend,0.20371823012828827
42,72,oos,directions,what is the best way for dealing with the airport,0.4386754333972931
42,93,oos,income,what are my hours this week at work,0.7202990651130676
42,81,oos,find_phone,can you check my voicemail,0.1929391473531723
42,42,oos,oos,how many voicemails are currently in my inbox,0.23088164627552032
42,90,oos,replacement_card_duration,i would like to know how long a charge is suppose to last on my phone,0.20644649863243103
42,74,oos,insurance,check battery health on this device,0.6201309561729431
42,104,oos,recipe,what is a well reviewed book for a teenage girl to read,0.08442372828722
42,64,oos,insurance_change,i want to find new cyberpunk fiction books,0.1717216521501541
42,21,oos,what_song,what channel is cw on,0.20354707539081573
42,42,oos,oos,what is the most rented movie this week,0.9820941090583801
42,149,oos,travel_suggestion,what is a good movie to go see in theaters for a family with young kids,0.5060372948646545
42,40,oos,car_rental,i would like to find a stylish suit for a party,0.250183641910553
42,46,oos,meal_suggestion,can you give me suggestions for a professional suit under $200,0.16081950068473816
42,128,oos,travel_alert,when is it cheapest to travel to hawaii,0.5306025743484497
42,134,oos,ingredient_substitution,i need a laptop with 16gb of ram,0.08671538531780243
42,42,oos,oos,what is the best reviewed laptop available on the market,0.7828482985496521
42,129,oos,fun_fact,give me information about the element carbon and its reactions with hydrogen,0.16510169208049774
42,46,oos,meal_suggestion,what is a good chemistry experiment to learn from,0.4759036600589752
42,42,oos,oos,how much is this years model of my car cost,0.8411897420883179
42,72,oos,directions,how do i best deal with the airport,0.7198771834373474
42,53,oos,reminder_update,remind me of the address for my workplace please,0.23236148059368134
42,140,oos,next_holiday,what time do i have to go to work today,0.2207423448562622
42,126,oos,pto_balance,how many voicemail messages do i have,0.29203861951828003
42,58,oos,share_location,erase all voicemails in my inbox please,0.1234525814652443
42,42,oos,oos,can you look up grocery coupons for me,0.07985356450080872
42,71,oos,spending_history,what is money used for,0.37375253438949585
42,149,oos,travel_suggestion,what are some natural remedies to help ease stress,0.4932923913002014
42,149,oos,travel_suggestion,what are some good methods of relieving stress,0.6439562439918518
42,104,oos,recipe,how do you make sure a bridge doesn't fall down,0.92291259765625
42,93,oos,income,what is the median salary for someone with an engineering degree,0.2736266851425171
42,112,oos,ingredients_list,what size pipes are used for sinks,0.22607013583183289
42,101,oos,pto_request_status,why would the water be turned off,0.18362277746200562
42,46,oos,meal_suggestion,what is a good sink filter for water,0.2593165934085846
42,75,oos,what_is_your_name,what does water taste like,0.10981304198503494
42,19,oos,meeting_schedule,are there any sales on groceries today,0.2251443862915039
42,37,oos,last_maintenance,when was my lawn last mowed,0.8068971633911133
42,42,oos,oos,what store has the best deals going on right now,0.9962055683135986
42,149,oos,travel_suggestion,can you tell me the best time to visit downtown when driving,0.3359679877758026
42,38,oos,exchange_rate,am i currently connected to wifi,0.05765330791473389
42,42,oos,oos,is there an internet outage in my area,0.9937649965286255
42,129,oos,fun_fact,tell me about personal finance,0.3691178858280182
42,42,oos,oos,does amazon collect my personal information,0.35724037885665894
42,84,oos,order_status,check the status of my amazon orders for me,0.9281749725341797
42,42,oos,oos,what is the official language of romania,0.5082826614379883
42,63,oos,book_flight,show me the best times to book flights for traveling to another country,0.9795821905136108
42,147,oos,cancel,disconnect from wifi immediately please,0.2534112334251404
42,134,oos,ingredient_substitution,am i connected to wifi,0.036561135202646255
42,108,oos,direct_deposit,list the contents of my safety deposit box at the bank,0.5092114806175232
42,35,oos,balance,what's the more secure bank vault,0.3072853982448578
42,145,oos,restaurant_suggestion,what coupons do i have for restaurants,0.40805909037590027
42,93,oos,income,how do i make money,0.9272181987762451
42,42,oos,oos,can you give me some stress management tips,0.24232155084609985
42,42,oos,oos,how unhealthy is stress,0.20671439170837402
42,104,oos,recipe,what's the best way to build a skyscraper,0.5503614544868469
42,127,oos,order_checks,find engineering programs to apply to,0.10079404711723328
42,112,oos,ingredients_list,what kind of glue is used for gluing pipes together,0.5398662090301514
42,142,oos,mpg,check to see how many miles are on my car,0.4711575210094452
42,42,oos,oos,how do i change my windshield wipers,0.9992986917495728
42,42,oos,oos,how many ppm of particulate is in my local water,0.6410982012748718
42,42,oos,oos,what color is water,0.9717370867729187
42,48,oos,todo_list,is anything on my grocery list on sale today,0.887307345867157
42,78,oos,distance,how long does it take for grass seed to grow on my lawn,0.8454846739768982
42,42,oos,oos,please activate a wireless hotspot so i can use the internet,0.16448433697223663
42,46,oos,meal_suggestion,look up a good broker for mutual funds,0.4302753210067749
42,42,oos,oos,what are the best personal finance practices,0.753972589969635
42,84,oos,order_status,will amazon ship an order even if there was a pricing mistake,0.5256351828575134
42,77,oos,where_are_you_from,where did mandarin originate from,0.9559938311576843
42,149,oos,travel_suggestion,what are some of the most visited countries for people looking to travel abroad,0.8111183047294617
42,75,oos,what_is_your_name,tell me which wifi network you are connected to right now,0.1940678507089615
42,93,oos,income,what is my current signal strength,0.1631707400083542
42,72,oos,directions,if i'm locked in a bank vault what's the best way to get out,0.6069146990776062
42,93,oos,income,how do i upgrade my operating system,0.11642149090766907
42,35,oos,balance,how much ram does my computer have,0.4143550395965576
42,39,oos,uber,is it ok to feed dogs people food,0.09919095784425735
42,104,oos,recipe,how do you fix a leaking sink,0.34945976734161377
42,104,oos,recipe,how do you unclog a toilet,0.27989181876182556
42,42,oos,oos,can you tell me local crime in my area,0.8562324643135071
42,54,oos,food_last,what's the power consumption of my fridge,0.7553977370262146
42,93,oos,income,what is the warranty on my microwave,0.17433440685272217
42,6,oos,redeem_rewards,how do i use my microwaves defrost,0.17370066046714783
42,115,oos,what_can_i_ask_you,how do you get red wine out of the carpet,0.13246548175811768
42,42,oos,oos,how do i get stains out of the carpet,0.21166068315505981
42,42,oos,oos,what is the highest quality carpet available,0.5852179527282715
42,77,oos,where_are_you_from,has everyone come home from school,0.2608727812767029
42,37,oos,last_maintenance,what time did my daughter get home from her date,0.7147419452667236
42,28,oos,improve_credit_score,is my computer free from viruses,0.08203588426113129
42,55,oos,change_ai_name,are you allowed to call someone a dirty name as part of free speech,0.534106433391571
42,40,oos,car_rental,can you really get arrested for yelling fire in a crowded theater,0.09660477191209793
42,138,oos,calculator,what amendment guarantees the freedom of speech to americans,0.2034299522638321
42,119,oos,change_speed,do employers have to honor freedom of speech,0.44460609555244446
42,42,oos,oos,what's the average score on a round of golf,0.4941297769546509
42,72,oos,directions,where is the closest driving range,0.9937413334846497
42,42,oos,oos,when does tiger woods play next,0.9900590777397156
42,28,oos,improve_credit_score,how can i improve my golf swing,0.29077452421188354
42,77,oos,where_are_you_from,are your step-parent's parents considered your grandparents,0.3781205117702484
42,46,oos,meal_suggestion,what's a good gift to get for your grandparents,0.5801669955253601
42,37,oos,last_maintenance,what year did my grandparents get married,0.2112693339586258
42,149,oos,travel_suggestion,fun gift ideas to give to grandparents,0.11815803498029709
42,42,oos,oos,which came first; greek mythology or roman mythology,0.134471133351326
42,42,oos,oos,how many greek mythology characters are there,0.6808667778968811
42,42,oos,oos,who created the world in greek mythology,0.7514275312423706
42,42,oos,oos,what was hercules the god of,0.7701596617698669
42,42,oos,oos,how many harry potter books are there,0.5690174102783203
42,75,oos,what_is_your_name,what is harry's real name,0.8466431498527527
42,42,oos,oos,who played ronald weasly,0.6652648448944092
42,99,oos,how_old_are_you,how do you repel a bear when you're out on a hike,0.2175961583852768
42,149,oos,travel_suggestion,where's the best place to hike in the rockies,0.7513443827629089
42,115,oos,what_can_i_ask_you,what should i wear to hike,0.2575071156024933
42,138,oos,calculator,what is the main cause of becoming homeless,0.3225715160369873
42,73,oos,spelling,how many people are jobless in america,0.23253345489501953
42,42,oos,oos,how many homeless people are there,0.48555469512939453
42,42,oos,oos,where are most homeless people,0.9162703156471252
42,42,oos,oos,are indians nowadays reminiscent of a decade ago,0.14353370666503906
42,99,oos,how_old_are_you,what were indians like 100 years ago,0.46383094787597656
42,99,oos,how_old_are_you,how old is jennifer aniston,0.5790133476257324
42,104,oos,recipe,i need tips on how to overcome insomnia,0.1071581095457077
42,0,oos,restaurant_reviews,how many people have insomnia,0.23444764316082
42,42,oos,oos,what causes dyslexia,0.20773811638355255
42,42,oos,oos,is insomnia curable,0.16019250452518463
42,42,oos,oos,what are sigmund freud's most famous books,0.9747163653373718
42,42,oos,oos,what year was jane austen born,0.9829434156417847
42,42,oos,oos,where is te lawrence,0.2708355188369751
42,42,oos,oos,who is jane goodall,0.3372286856174469
42,78,oos,distance,how long does it take to get your yellow belt in karate,0.8588046431541443
42,42,oos,oos,what's the most practiced form of mma in the world,0.704154372215271
42,42,oos,oos,what is the highest belt in karate,0.6381739377975464
42,42,oos,oos,where does jiu jitsu originate,0.30722934007644653
42,29,oos,change_language,what's the proper subject verb order in japanese,0.592300534248352
42,42,oos,oos,how do i learn more about linguistics,0.18457800149917603
42,42,oos,oos,what kind of paint do makeup artists use,0.3352225720882416
42,72,oos,directions,the bus moves with tyre,0.9244523048400879
42,72,oos,directions,how the bus moves,0.9838995933532715
42,149,oos,travel_suggestion,what are some good resources to learn about mental illness,0.4693629741668701
42,134,oos,ingredient_substitution,are people with a mental illness eligible for disability,0.10784845054149628
42,42,oos,oos,how many people suffer from mental illness,0.628886878490448
42,74,oos,insurance,how can i get help for my mental health,0.8762038946151733
42,82,oos,greeting,what's trending now,0.5588802695274353
42,42,oos,oos,what's the first romantic movie ever made,0.9895360469818115
42,42,oos,oos,"when was the term ""zombie"" first used",0.2381669580936432
42,115,oos,what_can_i_ask_you,what kind of traits do vampires have,0.32368555665016174
42,42,oos,oos,what do mummies eat,0.2685788869857788
42,130,oos,sync_device,send information on flood clean up to my phone,0.9451823830604553
42,42,oos,oos,what's the cost of buying a sump pump,0.18151694536209106
42,32,oos,timer,recommend a flood clean up service,0.062014419585466385
42,42,oos,oos,what is the safest model of airplane to fly in,0.9390268921852112
42,42,oos,oos,what year was the first airplane built in,0.9428932070732117
42,42,oos,oos,what's the best reviewed local roof repair place,0.6095555424690247
42,149,oos,travel_suggestion,what's the best type of plan to upgrade to,0.5019097328186035
42,46,oos,meal_suggestion,give me a suggestion for roofers,0.6376240849494934
42,16,oos,order,where can i buy new shingles,0.6081903576850891
42,5,oos,weather,what's the safest pet to be around toddlers,0.47512879967689514
42,2,oos,account_blocked,why is my dog vomiting after eating,0.7336347103118896
42,42,oos,oos,tiger,0.6238052248954773
42,42,oos,oos,what's the average rent of apartments in my city,0.2272242307662964
42,40,oos,car_rental,are there any apartments for rent nearby,0.5035762190818787
42,42,oos,oos,what are apartment prices now,0.26643872261047363
42,42,oos,oos,what's the highest building in the world,0.825583279132843
42,72,oos,directions,where is the closest architecture college,0.9381052851676941
42,122,oos,w2,where can i submit my architecture plans,0.1668446660041809
42,42,oos,oos,who is the best architecture,0.9571201801300049
42,42,oos,oos,please give me a listing of all the bottled water brands in the area,0.2341972440481186
42,0,oos,restaurant_reviews,what are the lowest prices of bottled water at costco,0.6144506335258484
42,42,oos,oos,how do they filter pollutants out of bottled water,0.31337374448776245
42,27,oos,bill_balance,what's the cost of bottled water,0.5390480160713196
42,49,oos,card_declined,what's the cost to have a business card printed,0.4144374132156372
42,90,oos,replacement_card_duration,when can i get a business card printed locally,0.9869532585144043
42,109,oos,credit_limit_change,what to use to design my business cards,0.08344841003417969
42,130,oos,sync_device,download all the photos off my phone into the cloud,0.9914022088050842
42,129,oos,fun_fact,tell me about that kind of cameras,0.12227130681276321
42,42,oos,oos,how much is the new nikon camera,0.3851756751537323
42,8,oos,gas_type,what kind of camera should i buy,0.6870735883712769
42,71,oos,spending_history,how much candy have i consumed this week,0.8046553134918213
42,42,oos,oos,how many flavors of mnm's are there,0.6724619269371033
42,96,oos,who_made_you,who makes milky way bars,0.4920281767845154
42,128,oos,travel_alert,how safe is it to consume the substance h2o,0.6880002617835999
42,102,oos,how_busy,how many elements are on the periodic table,0.10101665556430817
42,42,oos,oos,what's the chemical composition of a fart,0.598151445388794
42,10,oos,smart_home,what is phosphorus on the periodic table,0.2027096301317215
42,139,oos,definition,look up some christmas songs for me,0.09240362793207169
42,42,oos,oos,is espn covering the golden state warriors game,0.9927807450294495
42,135,oos,calories,how many calories does doing 20 situps burn,0.9998052716255188
42,38,oos,exchange_rate,what is a normal resting heart rate,0.3477134108543396
42,82,oos,greeting,should i run every day,0.32960230112075806
42,35,oos,balance,how many months do i left in my hbo subscription,0.7668559551239014
42,42,oos,oos,when does game of thrones return on hbo,0.9966810345649719
42,147,oos,cancel,cancel my subscription to scientific american,0.8549433946609497
42,58,oos,share_location,i'd like to renew my subscription to playboy,0.09320039302110672
42,42,oos,oos,what are popular lifestyle magazines,0.7729812264442444
42,42,oos,oos,what are popular sports magazines,0.9987247586250305
42,104,oos,recipe,how can i use make up to cover a cut on my cheek,0.21764937043190002
42,104,oos,recipe,what's the best make-up to cover a black eye,0.2783523201942444
42,42,oos,oos,send me videos of how to do a smoky eye,0.7205609083175659
42,42,oos,oos,whats the best rated lipstick,0.4683658182621002
42,140,oos,next_holiday,when will the government file another antitrust suit against microsoft,0.19042658805847168
42,5,oos,weather,when will microsoft drop support for windows 7,0.21206754446029663
42,61,oos,translate,how do i make a sentence have stylized strike out in microsoft word,0.34693437814712524
42,42,oos,oos,how can i control where microsoft word inserts a page break,0.8239928483963013
42,42,oos,oos,what are the current prices for mushrooms,0.37431174516677856
42,149,oos,travel_suggestion,what bands are touring in my city this week,0.21266576647758484
42,149,oos,travel_suggestion,i need for you to look up some of the major gods in mythology,0.19001971185207367
42,74,oos,insurance,what was the original name of jesus in egyptian myth,0.1849096417427063
42,42,oos,oos,was the god osiris a titan or an old god,0.9036456942558289
42,42,oos,oos,tell me who aphrodite is,0.4955836832523346
42,149,oos,travel_suggestion,what activities can i to do outside today,0.7129543423652649
42,140,oos,next_holiday,when will the daffodils bloom this year,0.3333391845226288
42,42,oos,oos,what zelda games are available on the switch,0.39353448152542114
42,42,oos,oos,i want to buy some nintendo switch game,0.552456796169281
42,42,oos,oos,how much does a nintendo switch cost,0.9780654311180115
42,42,oos,oos,show me a cool nintendo switch game,0.999691367149353
42,54,oos,food_last,can you check how many miles i walked today when i was out get the info from my phone,0.19641099870204926
42,54,oos,food_last,can you check how many steps i have walked in the last week from my phone app,0.4478621184825897
42,149,oos,travel_suggestion,what should i do if it hurts when i pee,0.43841344118118286
42,115,oos,what_can_i_ask_you,what are the symptoms of cancer,0.31963658332824707
42,103,oos,application_status,how many pokemon have i caught in my pokemon go app,0.33736082911491394
42,42,oos,oos,tell me what pokemon is,0.958909809589386
42,54,oos,food_last,has the school my kids go to been in the news for any reason,0.11268631368875504
42,19,oos,meeting_schedule,are there any school closures today,0.4450107216835022
42,42,oos,oos,how long is the school year,0.2570987939834595
42,113,oos,lost_luggage,why did a bunch of christians go off murdering muslims in the middle ages,0.225601926445961
42,42,oos,oos,what was the point of the crusades,0.40580838918685913
42,29,oos,change_language,what other countries speak the english language,0.9975905418395996
42,2,oos,account_blocked,why doesn't english have consistent forms,0.20590582489967346
42,29,oos,change_language,do they speak english in australia,0.9669823050498962
42,72,oos,directions,who teaches english near me,0.44980356097221375
42,42,oos,oos,can you see what the budget for the united states military was in 2018,0.8056371808052063
42,42,oos,oos,can you look at what the oldest age is someone can enlist in the army,0.6075770258903503
42,42,oos,oos,how many years do you need to be in the army to get a college tuition,0.9205577969551086
42,42,oos,oos,where are most the servicemen right now,0.6905127763748169
42,21,oos,what_song,what movies are playing at my local cinemax,0.29008814692497253
42,42,oos,oos,what time is a star is born showing,0.6414037346839905
42,21,oos,what_song,what movies are playing,0.9359502792358398
42,42,oos,oos,can you get me the scores from the games that were played last night,0.24110059440135956
42,42,oos,oos,has there been any times when lebron james was arrested,0.412131130695343
42,42,oos,oos,what are the new player rankings for the nhl,0.3602033853530884
42,42,oos,oos,who won in the gsw vs suns game last night,0.9860753417015076
42,42,oos,oos,give me the news on the newspaper today,0.2887193560600281
42,42,oos,oos,tell me a list of my local papers,0.4836156666278839
42,42,oos,oos,what's the newspaper today,0.3903465270996094
42,10,oos,smart_home,would you let me know who won the gold metal in gymnastics at the olympics,0.39223992824554443
42,42,oos,oos,"at the olympics, what country won the gold medal in basketball",0.12945161759853363
42,118,oos,next_song,where will the next olympics be hosted,0.3158465027809143
42,42,oos,oos,when are the winter olympic games,0.998941957950592
42,21,oos,what_song,what films are in the running for best song at this year's oscars,0.7109007239341736
42,42,oos,oos,who are the nominees for best picture this year,0.9854728579521179
42,42,oos,oos,give me information on the oscars,0.797556459903717
42,42,oos,oos,tell me about the oscars,0.5277562141418457
42,96,oos,who_made_you,why did we elect this woman who made amazon leave and take its jobs with it,0.7805771827697754
42,42,oos,oos,how many people live in vermillion,0.9974972605705261
42,149,oos,travel_suggestion,what's a good way to organize my tools in my garage,0.4977056086063385
42,46,oos,meal_suggestion,what's the cost of a good pegboard,0.4214218854904175
42,147,oos,cancel,is the stop sign around the corner still knocked over,0.4961765706539154
42,0,oos,restaurant_reviews,is there a fork in the road sign at main & 1st avenue,0.19708943367004395
42,10,oos,smart_home,are there cameras hidden in stop lights,0.9204155206680298
42,139,oos,definition,what does a flashing yellow light mean,0.9802250266075134
42,102,oos,how_busy,what is the deadline to register at university of georgia,0.10995104908943176
42,42,oos,oos,what universities are nearby to me and highly rated,0.1449650377035141
42,42,oos,oos,what are the top rated universities within my state,0.41452422738075256
42,52,oos,vaccines,will the anti-vaxxers die off if no one gives them vaccines,0.2587389349937439
42,128,oos,travel_alert,how safe is the herpes vaccine they give women,0.27423614263534546
42,42,oos,oos,where can i get the flu shot,0.24465441703796387
42,79,oos,payday,when do i have to get the mmr,0.376620888710022
42,42,oos,oos,how much are the clorox detergents,0.5925462245941162
42,80,oos,flight_status,when will nightwish be touring through my city,0.7411965131759644
42,35,oos,balance,does iron maiden have any new releases,0.27287593483924866
42,129,oos,fun_fact,tell me something about linkin park,0.6807665228843689
42,138,oos,calculator,i need you to check the resistance of a coil wrapped 6 times with an id of 25mm,0.8425122499465942
42,106,oos,play_music,can you tell me whether the knicks will play the lakers this week,0.7756174206733704
42,99,oos,how_old_are_you,what do you do if your 4 year old just ate playdoh,0.8066849708557129
42,42,oos,oos,when do the kids get out of school today,0.49515360593795776
42,93,oos,income,please check up on my son's homework,0.1948310285806656
42,48,oos,todo_list,give me a list of the top three landscaping companies nearby,0.14464013278484344
42,99,oos,how_old_are_you,when should you mow your grass after it's rained,0.573491632938385
42,93,oos,income,how much sugar was in my urine this morning,0.49448156356811523
42,149,oos,travel_suggestion,what's a good blouse to wear with pink shoes,0.2215535193681717
42,42,oos,oos,what are the best jeans in my size,0.9679710865020752
42,38,oos,exchange_rate,how much does it cost to spay a puppy,0.28821253776550293
42,72,oos,directions,what's the best style shoe to wear to the prom,0.41376975178718567
42,13,oos,repeat,can you tell me about that tornado that just tore up alabama,0.3200840950012207
42,21,oos,what_song,tell me what the hot topics are that are trending on google,0.17037798464298248
42,138,oos,calculator,what happened with the summit between trump and jong,0.1613224297761917
42,42,oos,oos,check and see what the local news in broadcasting,0.6056761741638184
42,103,oos,application_status,please uninstall this intrusive social media app,0.2017545849084854
42,107,oos,yes,upload the pictures to the correct album,0.48418787121772766
42,42,oos,oos,i have a super runny nose and want to find a doctor,0.34314095973968506
42,58,oos,share_location,which medicine to relieve my cough,0.06296228617429733
42,102,oos,how_busy,how do i get rid of blocked nose at home,0.1132488027215004
42,138,oos,calculator,how do i get rid of sore throat at home,0.19968794286251068
42,104,oos,recipe,how can i make my living room appear to be bigger than it is,0.13438740372657776
42,116,oos,book_hotel,i'd like to find some curtains that look good in this room,0.6335088014602661
42,82,oos,greeting,how to paint walls,0.08704033493995667
42,42,oos,oos,how to fix walls,0.1811838299036026
42,22,oos,meaning_of_life,can you tell me the purpose of a safe deposit box,0.4054797887802124
42,128,oos,travel_alert,can you store a gun in a safe deposit box,0.25688791275024414
42,112,oos,ingredients_list,how do you get a safe deposit box,0.17088058590888977
42,91,oos,new_card,look up how to apply cream to smooth itchiness,0.2784727215766907
42,115,oos,what_can_i_ask_you,"how do i deal with angry, painful red bumps",0.07868639379739761
42,72,oos,directions,where should i go if i hammered a nail through my foot,0.6250497102737427
42,25,oos,make_call,how long does it take to call an ambulance,0.9381321668624878
42,42,oos,oos,how to get the right medicine,0.12266147136688232
42,42,oos,oos,how to take care of the sick,0.4054414927959442
42,64,oos,insurance_change,do vegans really want to blame cows for climate change,0.18153692781925201
42,42,oos,oos,give me a recommendation for a local landscaper,0.3001289963722229
42,40,oos,car_rental,i need to hire a grass treatment specialist,0.09532342106103897
42,42,oos,oos,when is the best time of year for pruning,0.5879510045051575
42,42,oos,oos,find someone local who mows lawns,0.9588822722434998
42,119,oos,change_speed,create a speech on historical events surrounding albert einstein,0.5520434975624084
42,40,oos,car_rental,create a pamphlet on albert einsteins childhood,0.044621530920267105
42,42,oos,oos,what is albert einstein famous for,0.5739597082138062
42,42,oos,oos,when was albert einstein born,0.9095679521560669
42,80,oos,flight_status,when will cameron release the sequel to avatar,0.3299723267555237
42,42,oos,oos,can you please start the avatar movie for me,0.7399574518203735
42,42,oos,oos,is the movie avatar culturally insensitive,0.8000807762145996
42,16,oos,order,could you create a new avatar for me,0.3220122158527374
42,54,oos,food_last,does bill gates still have any material participation in the running of microsoft,0.5263756513595581
42,27,oos,bill_balance,tell me more about bill gates,0.5956586599349976
42,5,oos,weather,give me the weather forecast for today,0.9999936819076538
42,42,oos,oos,what is bitcoin trading for currently,0.1592698097229004
42,26,oos,text,where can i have a black and white photo blown up to poster size,0.11644486337900162
42,42,oos,oos,adjust the contrast of the black and white photos,0.1462152749300003
42,134,oos,ingredient_substitution,can you colorize a black and white photo,0.28897252678871155
42,125,oos,shopping_list_update,add color to the black and white photos,0.16477282345294952
42,42,oos,oos,how many people were killed in the boston marathon by bombers,0.5678473711013794
42,63,oos,book_flight,compile a list of historical events from the boston marathon,0.191013902425766
42,140,oos,next_holiday,time my next run at the boston marathon,0.5854671001434326
42,140,oos,next_holiday,when will the next boston marathon be,0.9131482243537903
42,42,oos,oos,look up which animal is represented in this year's chinese new year,0.6819648146629333
42,42,oos,oos,what is the animal for this chinese new year,0.494174599647522
42,72,oos,directions,would it be legal to have battles to the death in a homemade colosseum,0.07130596786737442
42,42,oos,oos,do the romans still use the colosseum for anything today,0.24633949995040894
42,42,oos,oos,where is the colosseum,0.24518521130084991
42,15,oos,what_are_your_hobbies,"can you really time your compressions to queen's ""another one bites the dust""",0.483796626329422
42,79,oos,payday,do i have to put my mouth on theirs when doing cpr,0.18556351959705353
42,38,oos,exchange_rate,what is the breath to compression ratio for cpr,0.18626444041728973
42,104,oos,recipe,tell me how to perform cpr,0.09300164133310318
42,138,oos,calculator,create a for-while loop that continues 10 times,0.1780911386013031
42,72,oos,directions,where are classes taught near me for c++,0.3376256823539734
42,42,oos,oos,"declare a variable named ""golf""",0.09970615059137344
42,42,oos,oos,how do i write c++,0.13626758754253387
42,42,oos,oos,is the depiction of gold mining in the movie the ballad of buster scruggs realistic,0.36298906803131104
42,75,oos,what_is_your_name,do you own the mineral rights to gold nuggets you find in your back yard,0.24800923466682434
42,145,oos,restaurant_suggestion,where is the best place to mine for gold,0.7398582696914673
42,42,oos,oos,when was the gold rush,0.8902196884155273
42,129,oos,fun_fact,make a list of facts about green book,0.7355062961578369
42,42,oos,oos,find out when green book was created,0.9458265900611877
42,96,oos,who_made_you,who wrote green book,0.5897831916809082
42,42,oos,oos,what's the main export by the peoples of greenland,0.22121389210224152
42,42,oos,oos,how many people still live on greenland,0.9994785189628601
42,42,oos,oos,scan my photos and tell me which hair style is most suiting for my face,0.5401057004928589
42,138,oos,calculator,create several photos of me with different hair styles,0.2193678617477417
42,86,oos,cook_time,latest hair styles for long natural hair,0.3919060528278351
42,42,oos,oos,show video of hair styling tips,0.6268211007118225
42,92,oos,roll_dice,did a man really die trying to be loved by a horse,0.4689979553222656
42,86,oos,cook_time,how many acres do you need to buy a horse,0.10690444707870483
42,42,oos,oos,get me a picture of a horse,0.14133962988853455
42,77,oos,where_are_you_from,does eating poop really help your gut fauna,0.27110594511032104
42,52,oos,vaccines,is there a vaccine for ebola,0.40265363454818726
42,42,oos,oos,find out how many latin scholars there are at the university of chicago,0.8716274499893188
42,134,oos,ingredient_substitution,make a list of side hustles i could start today to make a little extra cash,0.13910889625549316
42,65,oos,todo_list_update,make a list of stocks that would be good to invest in to start making money,0.11963790655136108
42,111,oos,pay_bill,how can i add my signature to the proposed bill legalizing prostitution,0.3178384304046631
42,82,oos,greeting,what's the roi doing arbitrage with ebay,0.34316954016685486
42,0,oos,restaurant_reviews,do women still bare their chests for beads at mardi gras,0.35745152831077576
42,140,oos,next_holiday,when's the next mardi gras going to be,0.5555101037025452
42,42,oos,oos,what is the best way to kill microbes,0.31426486372947693
42,119,oos,change_speed,start a speech on microbes for me,0.4416556656360626
42,115,oos,what_can_i_ask_you,inform me of what microbes are,0.29280129075050354
42,42,oos,oos,what is the top 10 best modems,0.579322874546051
42,21,oos,what_song,what is the time signature for the castlevania song bloody tears,0.6705702543258667
42,42,oos,oos,can you tell me what key frank zappa's keep it greasy is in,0.11004360020160675
42,63,oos,book_flight,please go to wikipedia and search for articles related to nsa,0.22443261742591858
42,130,oos,sync_device,can the nsa crack the encryption on my iphone,0.2524860203266144
42,42,oos,oos,does the nsa listen to me,0.4457505941390991
42,42,oos,oos,could you pull up the nsa website,0.09212496876716614
42,54,oos,food_last,can you see if the octopus eggs have hatched yet,0.7391020655632019
42,34,oos,do_you_have_pets,what do you do if your cat eats an octopus,0.8274779319763184
42,42,oos,oos,find out which museum houses the most post modern art in new york state,0.8404025435447693
42,42,oos,oos,look up the top 3 selling post modern artists in the united states,0.21027444303035736
42,42,oos,oos,create a portrait for me using post modern art,0.2901700735092163
42,42,oos,oos,find me examples of post modern art,0.9619154930114746
42,5,oos,weather,find the names of all the rain forests located in south america,0.9742847084999084
42,5,oos,weather,does cutting down the rain forest really add to global warming,0.30710235238075256
42,5,oos,weather,what's the current demand for wood from rain forests,0.969788134098053
42,7,oos,interest_rate,what's the current prevailing interest rate for mortgages in my area,0.9989749193191528
42,42,oos,oos,how's the real estate market doing this week,0.1664648950099945
42,117,oos,are_you_a_bot,please list my real estate for sale,0.18078190088272095
42,108,oos,direct_deposit,make an ad to sell my real estate,0.31374868750572205
42,138,oos,calculator,what's the status of robotic servants from japan,0.1693619191646576
42,10,oos,smart_home,finish the final touches on my newest robotic creation,0.08291205018758774
42,149,oos,travel_suggestion,can a robot really travel back in time,0.7626286149024963
42,64,oos,insurance_change,program my new robot to bring me snacks,0.13180403411388397
42,54,oos,food_last,how long would it take you to die of thirst in the sahara desert,0.5617266893386841
42,40,oos,car_rental,can a samurai sword deflect a bullet,0.09466635435819626
42,93,oos,income,how much for a samurai sword,0.23585769534111023
42,112,oos,ingredients_list,make a list of what materials have been used for spacesuits,0.26954755187034607
42,75,oos,what_is_your_name,what size space suit should you get based on your girth,0.2892802059650421
42,16,oos,order,see if you can purchase a spacesuit online,0.9732210636138916
42,138,oos,calculator,compile a folder of paintings of sparta,0.07808881998062134
42,42,oos,oos,display history of sparta,0.3743533790111542
42,48,oos,todo_list,compile a list of articles pertaining to venture capital funding for me,0.1825401335954666
42,42,oos,oos,start a portfolio on venture capital funding for me to look over,0.1822056770324707
42,103,oos,application_status,how do i get venture capital for my app,0.2897621691226959
42,42,oos,oos,what's the latest vc funded company,0.4100060760974884
42,26,oos,text,i'd like to hire a wedding planner and need help finding one,0.12141692638397217
42,64,oos,insurance_change,how to plan for weddings,0.10705822706222534
42,73,oos,spelling,find out how many whales are currently in monterey bay,0.6982011795043945
42,138,oos,calculator,make a chart of the different types of whales,0.12655159831047058
42,42,oos,oos,what did my best friend do in the kitchen while we were gone,0.802126407623291
42,74,oos,insurance,what's my boss' home address,0.4416055679321289
42,96,oos,who_made_you,what's it like to have parents who actually love you,0.9318649172782898
42,42,oos,oos,is there any news if my parents survived the crash,0.07113040238618851
42,42,oos,oos,tell me who gives the best motivational speeches on the web,0.9230062961578369
42,42,oos,oos,find an article on celebrities who made it out of poverty,0.6709734201431274
42,118,oos,next_song,send me a motivational quote everyday for the next week,0.10878463834524155
42,42,oos,oos,who is the hardest working man in hollywood,0.6079787015914917
42,136,oos,current_location,tell me where i can get more information on getting a job at the post office,0.12451048195362091
42,42,oos,oos,pull up the classifieds and read the career section to me,0.35615280270576477
42,26,oos,text,help me find a new position as a programmer,0.09367518126964569
42,42,oos,oos,what's the best career search website,0.6813047528266907
42,140,oos,next_holiday,write the next chapter of my biography and let me know when you have finished it,0.7789584398269653
42,48,oos,todo_list,give me a list of the biographies written by nyu professors after 2001,0.18572591245174408
42,16,oos,order,i would like for you to start a biography on me,0.17651019990444183
42,42,oos,oos,show me all biographies on teddy kennedy,0.5327335000038147
42,136,oos,current_location,find out what supplies i am missing and will need on my upcoming camping trip,0.21199791133403778
42,0,oos,restaurant_reviews,what are the camping restrictions at bear island,0.8795372247695923
42,74,oos,insurance,find articles that can help me advance my position in my work field,0.10899859666824341
42,149,oos,travel_suggestion,show me what one should do to get ahead in a tech corporation,0.46967485547065735
42,116,oos,book_hotel,get me a copy of a book on negotiation in the workplace,0.10449477285146713
42,108,oos,direct_deposit,look up ways for me to advance my job placement,0.33972665667533875
42,104,oos,recipe,see if there is a recipe to make a casserole without any dairy,0.8765513896942139
42,46,oos,meal_suggestion,tell me in how many different colors i can get dinner plates from pier one imports,0.29164960980415344
42,46,oos,meal_suggestion,tell me amazon's choice for a set of 4 dinner plates,0.5304769277572632
42,145,oos,restaurant_suggestion,find out where i can by melamine dinner plates,0.2523106634616852
42,38,oos,exchange_rate,find out what the maximum memory size is that i can buy in a dvd,0.05100599676370621
42,42,oos,oos,tell me who makes the best dvd's for movie storage,0.9703177213668823
42,110,oos,gas,how many dvds do i currently have on file,0.14812320470809937
42,81,oos,find_phone,give me a listing of all my dvd's,0.20884740352630615
42,38,oos,exchange_rate,look up the conversion rate for the euro to dollar exchange,0.9982636570930481
42,112,oos,ingredients_list,how do i put a lens that's fallen out back in my glasses,0.3058007061481476
42,16,oos,order,i need you to order a new pair of eyeglasses for me,0.9803763628005981
42,93,oos,income,tell me what my current eyeglasses prescription is,0.1262945681810379
42,42,oos,oos,show me examples of cute eyeglass frames,0.6635929346084595
42,113,oos,lost_luggage,make a list of all sites in the us where spirits have been seen at night,0.30318424105644226
42,42,oos,oos,tell me how to get rid of a spirit that's haunting me,0.2721099853515625
42,104,oos,recipe,show me how to contact a paranormal spirit,0.2485847920179367
42,129,oos,fun_fact,tell me a scary story,0.12003076076507568
42,42,oos,oos,show me the goals of my local police department in terms of reducing crime,0.6877300143241882
42,127,oos,order_checks,make a list of goals i need to meet in order to write a book,0.23400071263313293
42,42,oos,oos,what is the distance between the goal posts in football,0.48879945278167725
42,76,oos,reminder,remind me what my weight loss goals are,0.5859947204589844
42,94,oos,taxes,give me a list of tax attorneys that practice in my city,0.5525438785552979
42,149,oos,travel_suggestion,tell me how i can file a pleading in circuit court,0.11094257980585098
42,24,oos,traffic,give me the number of a traffic attorney near here,0.9749231338500977
42,42,oos,oos,what are the top rated local lawyers,0.9703037738800049
42,42,oos,oos,find out how many miles the mississippi waterway runs,0.25546133518218994
42,42,oos,oos,tell me what the longest tributary is in venezuela,0.0782281830906868
42,105,oos,calendar_update,please book another boat for this weekends trip,0.11245758831501007
42,149,oos,travel_suggestion,get me a list of universities that provide full scholarships in arizona,0.1563742607831955
42,136,oos,current_location,tell me where to go to get my son enrolled in public kindergarten,0.21428467333316803
42,134,oos,ingredient_substitution,"do a job search on monstercom for jobs in the tech field in arlington, va",0.09511782228946686
42,26,oos,text,"i need to find work, help me connect to a local business through linkedin",0.14977344870567322
42,112,oos,ingredients_list,detail a list of possible job openings in the miami public school system,0.09809600561857224
42,122,oos,w2,look for a position similar to mine that is open around my area,0.2748715579509735
42,42,oos,oos,find out where one can get involved in discussing local election issues,0.41872501373291016
42,48,oos,todo_list,give me a list of the top 5 issues people have in this country,0.30734166502952576
42,42,oos,oos,what is the government department that regulates emissions,0.10161938518285751
42,42,oos,oos,what's the highest rated social services non-profit,0.6769643425941467
42,42,oos,oos,explain to me the process of evaporation,0.1471709907054901
42,42,oos,oos,how do i write an iep for a high schooler,0.4795916676521301
42,104,oos,recipe,tell me how to refinish a wooden desk,0.2929127812385559
42,104,oos,recipe,tell me how to make a lesson plan,0.8834717869758606
42,42,oos,oos,tell me where i can get the cheapest tennis balls on the internet,0.8027202486991882
42,10,oos,smart_home,play the current tennis match on the tv in the living room,0.6796537041664124
42,48,oos,todo_list,give me a list of the top 10 tennis players in the world,0.18361136317253113
42,42,oos,oos,make a chart of all the tennis scores from this year,0.2723412811756134
42,58,oos,share_location,find the best prices for toothpaste at any store within a 5 mile radius of my location,0.22274604439735413
42,104,oos,recipe,tell me what the best shampoo is for someone with dry scalp,0.1751672923564911
42,42,oos,oos,what's the best price on a gray xl ll bean men's parka,0.7778524160385132
42,42,oos,oos,tell me who has the cheapest watch bands on ebay,0.756707489490509
42,86,oos,cook_time,how do i set the time on my tag heuer,0.17587965726852417
42,72,oos,directions,tell me the steps as to how to begin a career as a journalist,0.16648191213607788
42,42,oos,oos,give me prices on a copy of the mla grammar handbook,0.40476441383361816
42,77,oos,where_are_you_from,put words on the paper about what you want,0.1962599754333496
42,112,oos,ingredients_list,put into words what you want,0.6199317574501038
42,42,oos,oos,what kind of foods are border collies allergic to,0.2506331503391266
42,28,oos,improve_credit_score,find out how i can best clip my dog's nails,0.09872135519981384
42,42,oos,oos,what is the lifespan of a border collie,0.38449856638908386
42,42,oos,oos,look up daily dog kennels in my area,0.11878535151481628
42,112,oos,ingredients_list,give me a list of grocery stores that sell japanese sweet potatoes,0.32208162546157837
42,0,oos,restaurant_reviews,tell me the price of bananas at whole foods this week,0.2593541741371155
42,25,oos,make_call,call the grocery store and get their operational hours,0.8508636951446533
42,39,oos,uber,call an uber to take me to the closest grocery store,0.9997724890708923
42,136,oos,current_location,show me how many community centers are located within 5 miles of my location,0.6582397222518921
42,10,oos,smart_home,which houses do not have automatic spot lights in front of their garage,0.23696887493133545
42,42,oos,oos,are all the street lamps working on my street,0.17212872207164764
42,72,oos,directions,make a list of all community gardens near me,0.187486469745636
42,122,oos,w2,tell me where to send my resume in order to get a job at delta airlines,0.17418202757835388
42,73,oos,spelling,review my resume for spelling errors,0.8699936866760254
42,113,oos,lost_luggage,please print out copies of my resume,0.042479436844587326
42,73,oos,spelling,please spell check my resume,0.6021976470947266
42,42,oos,oos,where can i get 100% merino wool t-shirts on the internet,0.9196605086326599
42,42,oos,oos,show me all listings on amazon for leather belts for men,0.2344505786895752
42,38,oos,exchange_rate,tell me how many blue ties i own,0.10744161158800125
42,42,oos,oos,who is the start of the movie almost famous,0.9873970150947571
42,42,oos,oos,search up someone who plays in a movie,0.490280419588089
42,17,oos,jump_start,search up the cast in the walking dead,0.25623348355293274
42,42,oos,oos,tell me about the amusement park,0.2023528516292572
42,42,oos,oos,what's the amusement park like,0.09791268408298492
42,78,oos,distance,take a ride on the ferris wheel,0.12609803676605225
42,42,oos,oos,go on the ferris wheel,0.10963239520788193
42,138,oos,calculator,what is the cost of four double a batteries,0.17780771851539612
42,138,oos,calculator,instruct a list of all the brands of cereal manufactured by kelloggs,0.0985320582985878
42,63,oos,book_flight,compare prices of malt-o-meal to kelloggs,0.09680938720703125
42,15,oos,what_are_your_hobbies,what kinds of cereal are gluten free,0.15099512040615082
42,112,oos,ingredients_list,what kinds of cereal are low sugar,0.19132451713085175
42,37,oos,last_maintenance,what is the last time the living room was vacuumed,0.37867510318756104
42,42,oos,oos,search all movies created by disney in the 1980's,0.5832903981208801
42,140,oos,next_holiday,does disney world close when it storms,0.16100004315376282
42,42,oos,oos,mickey mouse is a huge part of disney,0.5265083909034729
42,42,oos,oos,what are the hours for disney world,0.7247656583786011
42,26,oos,text,what time did i get the last text message i received,0.9926422238349915
42,26,oos,text,please read me the last text message i received,0.9856424927711487
42,26,oos,text,read my friend's text message,0.9997561573982239
42,10,oos,smart_home,watch the stories on instagram,0.12056899070739746
42,84,oos,order_status,update my status on instagram,0.5664536952972412
42,76,oos,reminder,can you check on what it would cost me to upgrade my iphone with t-mobile,0.11039293557405472
42,80,oos,flight_status,please alert me when my iphone battery falls below 30%,0.5575373768806458
42,56,oos,bill_due,can you look at when the next iphone is due out,0.7069486379623413
42,149,oos,travel_suggestion,what type of industries do innovation managers work in,0.42380842566490173
42,42,oos,oos,what are the requirements of a lab technician,0.5112125873565674
42,139,oos,definition,generate a list of 20 songs that include the word love in the title,0.28070583939552307
42,139,oos,definition,create a 500 word letter expressing love,0.6429705619812012
42,42,oos,oos,find a couple's therapist who can help me and my wife,0.2653086483478546
42,42,oos,oos,what does the average cost of an engagement ring,0.973909854888916
42,5,oos,weather,what is popular in fashion right now,0.19149130582809448
42,115,oos,what_can_i_ask_you,does denim go with anything,0.14605684578418732
42,25,oos,make_call,accept incoming phone call,0.9995059967041016
42,25,oos,make_call,deny incoming phone call,0.9996114373207092
42,48,oos,todo_list,what do i wear on my feet when it rains,0.3443116545677185
42,93,oos,income,what do i put on my feet,0.1931764781475067
42,21,oos,what_song,what are the words to the chorus for this song,0.97800213098526
42,21,oos,what_song,display the song lyrics for me,0.7961957454681396
42,15,oos,what_are_your_hobbies,"google ""odell beckham free agency""",0.06891126185655594
42,147,oos,cancel,clear my search history,0.3943227231502533
42,123,oos,oil_change_when,compare the new life growth in trees when the seasons change,0.3827313482761383
42,29,oos,change_language,plant all your flowers just after easter in early april,0.23228195309638977
42,42,oos,oos,find a good toy to give a 5 year old boy that costs less than $40,0.1816253811120987
42,16,oos,order,find out where i can buy a barbie doll for my niece,0.11525275558233261
42,42,oos,oos,look on amazon for the price of a nitendo switch,0.3270387053489685
42,68,oos,transactions,what brand was the last advertisement for,0.4945329427719116
42,42,oos,oos,how do i skip all of the advertisements,0.6472309827804565
42,112,oos,ingredients_list,make a list of decor i would need to have a titanic themed birthday party,0.2513718605041504
42,125,oos,shopping_list_update,aquire the soundtracks from the movie if i stay and add them to my ipod,0.303209513425827
42,68,oos,transactions,"i watched ""were the millers"" on netflix last night",0.13179093599319458
42,42,oos,oos,"can you find ""were the millers"" on hulu",0.8150781989097595
42,42,oos,oos,"how many people have held the role of county attorney bearing the family name ""dixon""",0.2882001996040344
42,42,oos,oos,tell me about the candidates running for local office in my area,0.6059356331825256
42,42,oos,oos,find out who is the representative of my district,0.3632037043571472
42,42,oos,oos,generate a list of the past 10 judge executives,0.22954760491847992
42,42,oos,oos,look up the email address of the local police,0.9843990802764893
42,126,oos,pto_balance,how many hits have i done today,0.11466474086046219
42,105,oos,calendar_update,change out the older photos with the newer ones,0.1623697578907013
42,148,oos,pto_used,organize photos by year they were taken,0.12923747301101685
42,58,oos,share_location,can you group my photos by location,0.9262186884880066
42,56,oos,bill_due,organize my photos by date please,0.10823306441307068
42,138,oos,calculator,tell me what my local park's policy is on letting dogs off of leashes,0.7171539068222046
42,42,oos,oos,look up the operating hours of my local park on weekends,0.6581767797470093
42,73,oos,spelling,how many parks are within 20 miles of me,0.3848959803581238
42,60,oos,calendar,check to see if i still have allergy medication,0.12132767587900162
42,99,oos,how_old_are_you,sign me up for the writing class you told me about 2 days ago,0.1376166194677353
42,42,oos,oos,find articles on essay writing for beginners,0.43915146589279175
42,86,oos,cook_time,how long should an essay be,0.9520341157913208
42,42,oos,oos,how do you start an essay,0.9658865928649902
42,46,oos,meal_suggestion,what should you do if your laundry machine is making a high pitched whine,0.31986933946609497
42,42,oos,oos,find out who the best appliance repairman is for the downtown area,0.9705348014831543
42,57,oos,who_do_you_work_for,look up local repair shops that work on vacuum cleaners,0.1546507030725479
42,39,oos,uber,can i get a sear's appliance repairman,0.06298283487558365
42,40,oos,car_rental,find directions to the sunshine car wash from my house,0.28784558176994324
42,131,oos,schedule_maintenance,can you book me an appointment at a car wash,0.9798634648323059
42,8,oos,gas_type,what brush can i use to wash my car that won't scratch it,0.40182945132255554
42,10,oos,smart_home,please clean the car windows,0.5753584504127502
42,10,oos,smart_home,vacuum out the car,0.20890586078166962
42,105,oos,calendar_update,schedule an appointment with the credit counselor for tuesday,0.2530193626880646
42,69,oos,credit_score,find a credit mentoring service number for me please,0.3918991982936859
42,110,oos,gas,how much does it cost to get two jackets dry cleaned,0.5451390147209167
42,42,oos,oos,look up articles on the green dry cleaning industry,0.4548989534378052
42,40,oos,car_rental,find a cleaner that specializes in suede,0.2516002357006073
42,86,oos,cook_time,when should you use a dry cleaner,0.14822028577327728
42,65,oos,todo_list_update,create emergency phone numbers list,0.8044801354408264
42,115,oos,what_can_i_ask_you,do sets of 25 set-ups each morning til you have completed your goal,0.16774486005306244
42,99,oos,how_old_are_you,keep a note of how many miles you walk a day,0.27863481640815735
42,78,oos,distance,how much weight should i lift to get buff,0.16654784977436066
42,149,oos,travel_suggestion,what's a good stretch to do to limber up,0.49996137619018555
42,42,oos,oos,look up the most requested famous person for quotes,0.7903193235397339
42,42,oos,oos,what is the most famous quote on the internet,0.997683048248291
42,112,oos,ingredients_list,make a list of the top 100 famous quotes,0.1915748417377472
42,138,oos,calculator,show me the top 10 quotes by mark twain,0.1780417114496231
42,147,oos,cancel,what do you do if you can't stop vomiting,0.6968457102775574
42,46,oos,meal_suggestion,what should i take for a cold,0.34250375628471375
42,69,oos,credit_score,"i have too many credit cards, is there any way you can help me organize them",0.39797356724739075
42,69,oos,credit_score,find a credit counseling service for me on the web,0.4251898527145386
42,42,oos,oos,explain how to reduce my debt burden,0.19911469519138336
42,7,oos,interest_rate,look up the current auto loan rate at chase bank,0.5228330492973328
42,72,oos,directions,look up student loan offers on google,0.04435228183865547
42,7,oos,interest_rate,check current prime mortgage rate,0.3354335427284241
42,115,oos,what_can_i_ask_you,what should you do if you can't be bothered to get out of bed,0.7378596067428589
42,32,oos,timer,send me a quote from a motivational speaker twice a day,0.1430244892835617
42,63,oos,book_flight,find me a book on motivational speaking from amazon,0.20832127332687378
42,59,oos,international_visa,check to see if i need a pass to use the parking garages downtown,0.09837053716182709
42,42,oos,oos,can you check to see which parking garages are open downtown,0.9485315084457397
42,38,oos,exchange_rate,how much does it cost to use the parking garage downtown,0.40312567353248596
42,145,oos,restaurant_suggestion,what's a good way of backing out of a parking spot,0.2125735878944397
42,72,oos,directions,search the web for monthly parking near my house,0.31037911772727966
42,72,oos,directions,find out where parking is close to the stadium,0.7280339598655701
42,72,oos,directions,how do i get perfect alignment with the curb,0.14303924143314362
42,104,oos,recipe,describe to me how i can learn to make small talk,0.7861536145210266
42,119,oos,change_speed,explain how small talk helps bind groups together,0.17714883387088776
42,57,oos,who_do_you_work_for,what do you do all day while i'm at work,0.32754242420196533
42,114,oos,goodbye,"so, hang out around this house often",0.15097524225711823
42,3,oos,oil_change_how,tell me the best way to freshen the smell in my car,0.33966103196144104
42,10,oos,smart_home,where's the closest car wash my car smells,0.7517346143722534
42,42,oos,oos,how much is auto febreeze on amazon,0.2547600567340851
42,40,oos,car_rental,find out how to deodorize a car,0.7152488231658936
42,145,oos,restaurant_suggestion,see if you can find a good vegetable wash for me,0.2867284119129181
42,42,oos,oos,look up website on container gardening,0.071825310587883
42,42,oos,oos,are we allowed to wash our cars during the drought,0.10887805372476578
42,40,oos,car_rental,request a refund on the car wax i bought yesterday,0.17677359282970428
42,17,oos,jump_start,i'd like to hire someone to wash my car,0.5674993395805359
42,149,oos,travel_suggestion,find out what gentlemen are wearing to weddings these days,0.15444236993789673
42,42,oos,oos,find me articles on appropriate wedding attire,0.37262120842933655
42,42,oos,oos,zip the back of the brides maid dress,0.23802191019058228
42,140,oos,next_holiday,rent the tuxedo the day before,0.5702030062675476
42,42,oos,oos,find available letter writing classes at the local community college,0.9331534504890442
42,42,oos,oos,find me a graphic tutorial on writing longhand,0.5218270421028137
42,16,oos,order,order me a book of stamps and envelopes,0.8582413196563721
42,42,oos,oos,start listening to me dictate a letter,0.12635256350040436
42,146,oos,travel_notification,"email my boss, tell him i wont be in today",0.26808395981788635
42,42,oos,oos,are the schools closed,0.3886314332485199
42,42,oos,oos,let me know what time the patriots game starts,0.964888334274292
42,78,oos,distance,tell me how long until the nascar race begins,0.3270595073699951
42,42,oos,oos,are there any sales on liquor,0.09232893586158752
42,42,oos,oos,what shows are on tonight,0.9861716628074646
42,42,oos,oos,are there any new job postings in my area in the last hour for jobs on craigslist,0.15859875082969666
42,5,oos,weather,see if there are any employment agencies hiring managers right now,0.13258804380893707
42,145,oos,restaurant_suggestion,can you tell me what the best places are to look for a job online,0.41814589500427246
42,42,oos,oos,sign me up for the slack employment forum,0.07618572562932968
42,32,oos,timer,please replay the last five minutes,0.9852449297904968
42,147,oos,cancel,can you enable subtitles,0.053410958498716354
42,72,oos,directions,consult the gq website to find what men wear to weddings,0.26323238015174866
42,89,oos,pin_change,order me a blue pin stripe suit from saville row,0.973945677280426
42,93,oos,income,what's in fashion this month,0.1438356190919876
42,134,oos,ingredient_substitution,is it too late to wear white,0.10818962752819061
42,135,oos,calories,how many calories does jumping up and down burn,0.9987711310386658
42,59,oos,international_visa,how many push-ups do i need to do to get ripped,0.1598881036043167
42,98,oos,tire_pressure,fill up my water bottle for the gym,0.06057460606098175
42,42,oos,oos,pick out an excerise outfit for me,0.40298381447792053
42,25,oos,make_call,find out how long a cold should last before i call a doctor,0.6750363111495972
42,115,oos,what_can_i_ask_you,what should i take for nausea,0.3060920536518097
42,104,oos,recipe,how do you relieve a hangover,0.26510244607925415
42,46,oos,meal_suggestion,what is a good home remedy for a rash,0.37947604060173035
42,115,oos,what_can_i_ask_you,"i have a rash, what can i use for it",0.6663839817047119
42,16,oos,order,can you order some ointment for me,0.9893765449523926
42,42,oos,oos,how do i get rid of an itchy rash,0.6227033734321594
42,26,oos,text,forward the text i just got from henry to giselle,0.9996716976165771
42,26,oos,text,please read the text message i just received,0.9999657869338989
42,26,oos,text,save my text on my laptop hard drive,0.9968258142471313
42,80,oos,flight_status,what time does my ex-boss leave the office,0.31684598326683044
42,27,oos,bill_balance,how much does gun ammunition cost,0.49452129006385803
42,42,oos,oos,restart my newspaper delivery for monday,0.9224026203155518
42,42,oos,oos,are there any messages,0.0950063094496727
42,107,oos,yes,what's that smell,0.2016572654247284
42,20,oos,freeze_account,get me a list of the best savings account rates right now,0.2664688527584076
42,42,oos,oos,is beer legal in this state,0.2773778736591339
42,42,oos,oos,get me articles and pics of different types of household bugs for this area,0.5818209052085876
42,149,oos,travel_suggestion,what should i do if i saw a cockroach in my house,0.5477415323257446
42,42,oos,oos,look up articles on squealing brakes for ford f-150's,0.23297928273677826
42,10,oos,smart_home,please answer the phone and put it on speaker on the tv,0.5678054690361023
42,144,oos,change_user_name,can you tell me who's calling me,0.5597639679908752
42,25,oos,make_call,answer the phone,0.4243987202644348
42,25,oos,make_call,ignore call,0.9963898062705994
42,42,oos,oos,find out what type of wax is needed for a late model ford sedan,0.9502304792404175
42,17,oos,jump_start,what's the first thing you should do to wash your car,0.7511800527572632
42,8,oos,gas_type,what supplies do i need to clean my car,0.8816097974777222
42,10,oos,smart_home,look up articles on car washing at home,0.6991485357284546
42,42,oos,oos,how old is the oldest person that is in the guiness book of world records,0.8869709968566895
42,138,oos,calculator,how could i get into the guiness book of world records,0.3126382529735565
42,42,oos,oos,what person is the heaviest ever recorded,0.9444069862365723
42,42,oos,oos,who has the longest hair ever,0.9615681171417236
42,0,oos,restaurant_reviews,can you look at what average reviews say about the new windows phone on amazon for me,0.9386738538742065
42,0,oos,restaurant_reviews,tell me a summary of reviews that oakley frogskins get on amazon,0.4734686017036438
42,48,oos,todo_list,make me a list of the top ten reviewed hiking boots on jetcom,0.12866279482841492
42,0,oos,restaurant_reviews,show me a tabulation of reviews for lcd tv's on amazon,0.9162659645080566
42,38,oos,exchange_rate,can you tell me what happened to han solo in episode 4,0.22474555671215057
42,42,oos,oos,how many movies are in the star wars series,0.6608796715736389
42,42,oos,oos,how many star wars movies are there,0.970103919506073
42,96,oos,who_made_you,who plays han solo,0.43332621455192566
42,107,oos,yes,which movie is it that someone says perfectly balanced as all things should be,0.1410643607378006
42,95,oos,date,what movie is the line today is our independence day from,0.7456801533699036
42,19,oos,meeting_schedule,what movie is it that says today is a good day to die,0.22389782965183258
42,42,oos,oos,what movie does it's just a flesh wound come from,0.7995385527610779
42,125,oos,shopping_list_update,is michonne wrong for not working with the kingdom to put on the fair,0.16795459389686584
42,42,oos,oos,which actors have played more than 1 comic book character,0.26732712984085083
42,42,oos,oos,what marvel movie did mark ruffalo first appear in,0.771185576915741
42,49,oos,card_declined,why did negan return to his jail cell,0.3552529811859131
42,13,oos,repeat,is there more than one occult that a person can join,0.09615686535835266
42,42,oos,oos,can i summon a demon using just an ouija board,0.20646847784519196
42,104,oos,recipe,what's the best way to drown a witch,0.48783451318740845
42,139,oos,definition,what does it mean to join the occult,0.6553987860679626
42,42,oos,oos,did madison really bathe in the potomac naked,0.2149752378463745
42,46,oos,meal_suggestion,can you explain a good risk strategy to me,0.34776484966278076
42,115,oos,what_can_i_ask_you,what are the rules for chess,0.2468176782131195
42,64,oos,insurance_change,fill out the paperwork for tonys new daycare center,0.11742635071277618
42,64,oos,insurance_change,i need to find a new babysitter,0.24951450526714325
42,42,oos,oos,get me a list of divorce attorneys in the new york area,0.19408851861953735
42,78,oos,distance,how long does it take to get a divorce finalized,0.5652069449424744
42,42,oos,oos,where can i find the best divorce lawyer,0.6941874623298645
42,136,oos,current_location,make me a map of all earthquake hotspots in the continental us,0.33428755402565
42,42,oos,oos,how much damage did the last earthquake here do,0.2443143129348755
42,42,oos,oos,what was the latest tremor on the richter scale,0.9439907073974609
42,42,oos,oos,get me articles on earthquake preparedness,0.15033742785453796
42,71,oos,spending_history,what is appropriate to spend on a bouquet of flowers for mother's day,0.11323951929807663
42,65,oos,todo_list_update,get me a list of personal conservation tips that i can use around the house,0.30897441506385803
42,42,oos,oos,look up the average temperature changes over the last 30 years for my area,0.28470665216445923
42,42,oos,oos,is the polar vortex of 2019 apart of global warming,0.40018898248672485
42,138,oos,calculator,what is global warming,0.36485278606414795
42,102,oos,how_busy,can you book me a tee time at cantigny at 2 pm on saturday,0.4862822890281677
42,42,oos,oos,what's the best golf club to use on the lower nine,0.7550948262214661
42,20,oos,freeze_account,how do i stop my child from setting small animals on fire for amusement,0.15043625235557556
42,138,oos,calculator,review chapter 6 with my son and verify his math homework answers,0.7947989106178284
42,78,oos,distance,can you look up how i shoot a time lapse video on my iphone camera or is it even possible,0.12059317529201508
42,42,oos,oos,how do i turn up the resolution that i am taking pictures in on my camera phone,0.39803823828697205
42,19,oos,meeting_schedule,print out the photos i took today,0.18686336278915405
42,106,oos,play_music,can you find me sheet music for the beatles white album online,0.9189113974571228
42,145,oos,restaurant_suggestion,find me a good band instructor or two to compare in my area,0.20588970184326172
42,42,oos,oos,can i get a starter course for the trumpet,0.28537607192993164
42,42,oos,oos,how many keys does a xylophone have,0.47196629643440247
42,42,oos,oos,how many polar bears are still alive in the arctic,0.5710151791572571
42,48,oos,todo_list,are polar bears on the endangered species list,0.7137606739997864
42,22,oos,meaning_of_life,what is the life expectancy of a polar bear,0.8860869407653809
42,42,oos,oos,can a polar bear live in alabama,0.681167721748352
42,42,oos,oos,when will george rr martin publish the next game of thrones book,0.7284480929374695
42,48,oos,todo_list,show me the new york times most popular book list for this week,0.48317092657089233
42,31,oos,measurement_conversion,how many books are in piers anthony virtual mode series,0.7491660714149475
42,16,oos,order,"order the new book titled ""ghost work""",0.6253147125244141
42,61,oos,translate,please check if god is really living in a small apartment in brussels,0.2443845123052597
42,42,oos,oos,what did the mesopotamians call the creator of the universe,0.30824288725852966
42,129,oos,fun_fact,put on an educational program about buddhism,0.4037421941757202
42,77,oos,where_are_you_from,what happens if you're skydiving and your parachute doesn't open,0.42636844515800476
42,42,oos,oos,research how many deaths has resulted from skydiving,0.31254565715789795
42,42,oos,oos,how many people die each year while skydiving,0.9600520133972168
42,149,oos,travel_suggestion,google the price of skydiving in florida,0.2058972865343094
42,42,oos,oos,in what movie did mrs congeniality feature a contestant championing for world peace,0.7222860455513
42,42,oos,oos,"has there ever been total world peace, where no nations in the world are at war",0.8059372901916504
42,55,oos,change_ai_name,name the leader from tibet that stands firm for world peace,0.09736115485429764
42,42,oos,oos,what will it take to achieve world peace,0.2328626811504364
42,23,oos,restaurant_reservation,was einstein right to be scared of spooky action at a distance,0.07374120503664017
42,42,oos,oos,what is the nature of the big bang theory,0.8965671062469482
42,42,oos,oos,how does the etheric body operate,0.4277993440628052
42,117,oos,are_you_a_bot,do we actually have a soul,0.08751383423805237
42,40,oos,car_rental,where can i find cheap rental skis nearby,0.44562751054763794
42,130,oos,sync_device,check the nanny cam and send the feed to my phone,0.9497326016426086
42,27,oos,bill_balance,how much should i tip on this bill,0.9906162619590759
42,42,oos,oos,send me live feed of the pre-game prediction show on my phone,0.9806652665138245
42,42,oos,oos,what are the scores of other teams in this division,0.5295054912567139
42,42,oos,oos,look up pitcher stats on jake rooney,0.653270423412323
42,21,oos,what_song,what teams are playing right now,0.9568839073181152
42,38,oos,exchange_rate,is it too late to upgrade to first class,0.10108031332492828
42,110,oos,gas,"according to my fitness tracker, how many push ups have i done today",0.17217186093330383
42,114,oos,goodbye,renew gym membership,0.04004485160112381
42,43,oos,shopping_list,what's my budget for today's shopping trip,0.844348132610321
42,37,oos,last_maintenance,can you find my car in the parking lot,0.8151021003723145
42,149,oos,travel_suggestion,what's the best hand to have in texas hold em,0.5213707089424133
42,35,oos,balance,is gambling legal in my state,0.23647387325763702
42,20,oos,freeze_account,fold my hand,0.0714832991361618
42,37,oos,last_maintenance,what time did i put in my first load of laundry,0.6868900060653687
42,4,oos,time,how much time is left on my laundry,0.28226882219314575
42,111,oos,pay_bill,report outage to my electric provider,0.14926362037658691
42,10,oos,smart_home,power up my generator,0.13712486624717712
42,25,oos,make_call,call up instructables website and find article on bike assembly,0.5920698642730713
42,42,oos,oos,find schematics for ikea desk assembly,0.09615063667297363
42,104,oos,recipe,search information on how to apply foundation,0.39691758155822754
42,106,oos,play_music,find instructions on how to play taboo,0.8642275333404541
42,42,oos,oos,what casino game has the best odds,0.9994778037071228
42,71,oos,spending_history,tell me how much energy i have consumed so far this year,0.5802379250526428
42,71,oos,spending_history,give me an energy usage breakdown for march,0.08565548807382584
42,148,oos,pto_used,how many kilowatts have i used this month,0.9446528553962708
42,27,oos,bill_balance,what's my current electric bill,0.9628294110298157
42,42,oos,oos,can you locate the television remote,0.7217828631401062
42,37,oos,last_maintenance,where did i last place my remote,0.441471666097641
42,136,oos,current_location,do you know where the remote is,0.35846468806266785
42,124,oos,thank_you,have you seen the remote,0.043277014046907425
42,136,oos,current_location,please ping the rfid in my wallet and tell me where it's at right now,0.477999210357666
42,58,oos,share_location,can you detect where i placed my wallet,0.6240054965019226
42,136,oos,current_location,give me my wallet location,0.9655890464782715
42,81,oos,find_phone,find my wallet,0.37626704573631287
42,136,oos,current_location,can you give me the gps location of harvey,0.9736083745956421
42,42,oos,oos,where's my buddy steve right this second,0.3034362494945526
42,0,oos,restaurant_reviews,locate jenny at her present position,0.23135769367218018
42,136,oos,current_location,let me know where jim is right now,0.5604585409164429
