example_index,text,true_label_id,true_label_name,predicted_label_id,predicted_label_name,run_id,max_confidence
0,how would you say fly in italian,61,translate,61,translate,run_03_seed_2024,0.9998028874397278
1,what's the spanish word for pasta,61,translate,61,translate,run_03_seed_2024,0.9363409876823425
2,how would they say butter in zambia,61,translate,61,translate,run_03_seed_2024,0.9993795156478882
3,how do you say fast in spanish,61,translate,61,translate,run_03_seed_2024,0.9998800754547119
4,what's the word for trees in norway,61,translate,61,translate,run_03_seed_2024,0.567936897277832
5,how does one say wonderful in german,61,translate,61,translate,run_03_seed_2024,0.9999841451644897
6,how do they say tacos in mexico,61,translate,61,translate,run_03_seed_2024,0.9999436140060425
7,how would one say cruiser in china,61,translate,61,translate,run_03_seed_2024,0.9999042749404907
8,what's the french word you use for potato,61,translate,61,translate,run_03_seed_2024,0.6837029457092285
9,what would the word for grass be in finland,61,translate,61,translate,run_03_seed_2024,0.8033965229988098
10,how do you say please in french,61,translate,61,translate,run_03_seed_2024,0.9999616146087646
11,how would i say nice to meet you if i were russian,61,translate,61,translate,run_03_seed_2024,0.9999884366989136
12,what is the right way to say excuse me in spanish,61,translate,61,translate,run_03_seed_2024,0.9999911785125732
13,how do i say i'm sorry in chinese,61,translate,61,translate,run_03_seed_2024,0.9949443936347961
14,how would i say thank you if i were mexican,61,translate,61,translate,run_03_seed_2024,0.9999445676803589
15,how would i say what is your name if i were french,61,translate,61,translate,run_03_seed_2024,0.9999111890792847
16,how would i say i must be going now if i were german,61,translate,61,translate,run_03_seed_2024,0.964076817035675
17,how do i say bathroom in italian,61,translate,61,translate,run_03_seed_2024,0.9991055130958557
18,how might i say hello if i were scottish,61,translate,61,translate,run_03_seed_2024,0.9997988343238831
19,i must know how to say thank you in german,61,translate,61,translate,run_03_seed_2024,0.9999707937240601
20,how would i say i love you if i were german,61,translate,61,translate,run_03_seed_2024,0.9999750852584839
21,how would i say how are you today if i were mexican,61,translate,61,translate,run_03_seed_2024,0.8282380700111389
22,how would i say where is the bathroom if i were korean,61,translate,61,translate,run_03_seed_2024,0.9967555403709412
23,how would i say i need directions if i were french,61,translate,61,translate,run_03_seed_2024,0.9999841451644897
24,how would i say i am lost if i were japanese,61,translate,61,translate,run_03_seed_2024,0.999889612197876
25,english to spanish for dog,61,translate,29,change_language,run_03_seed_2024,0.8587350249290466
26,what is dog in spanish,61,translate,61,translate,run_03_seed_2024,0.9938073754310608
27,how do you say dog in spanish,61,translate,61,translate,run_03_seed_2024,0.9999964237213135
28,dog in spanish,61,translate,29,change_language,run_03_seed_2024,0.8738062977790833
29,what's the spanish word for dog,61,translate,61,translate,run_03_seed_2024,0.9951570630073547
30,can you please provide me with assistance in moving money from one account to another,133,transfer,133,transfer,run_03_seed_2024,0.9987195730209351
31,i would like help moving money between accounts,133,transfer,133,transfer,run_03_seed_2024,0.9431800246238708
32,can you assist me in moving money from one account to another,133,transfer,133,transfer,run_03_seed_2024,0.998166561126709
33,i would like help moving money from one account to another,133,transfer,133,transfer,run_03_seed_2024,0.9996371269226074
34,i would like assistance moving money from one account to another,133,transfer,133,transfer,run_03_seed_2024,0.9987807869911194
35,can i move some money around,133,transfer,133,transfer,run_03_seed_2024,0.9513211250305176
36,can i make a transfer between my accounts,133,transfer,133,transfer,run_03_seed_2024,0.9999614953994751
37,i need to make a transfer of my money,133,transfer,133,transfer,run_03_seed_2024,0.9999957084655762
38,can i move some money between my two accounts,133,transfer,133,transfer,run_03_seed_2024,0.9996720552444458
39,i would like to distribute some money between my accounts,133,transfer,133,transfer,run_03_seed_2024,0.9998776912689209
40,i would like to transfer $100 from my checking to saving account,133,transfer,133,transfer,run_03_seed_2024,0.9999657869338989
41,help me transfer $100 from my checking to saving account,133,transfer,133,transfer,run_03_seed_2024,0.9999959468841553
42,transfer $100 from my checking to saving account,133,transfer,133,transfer,run_03_seed_2024,0.9999945163726807
43,can you please help me move $100 from my checking to saving account,133,transfer,133,transfer,run_03_seed_2024,0.9998701810836792
44,please move $100 from my checking to saving account,133,transfer,133,transfer,run_03_seed_2024,0.9999816417694092
45,"transfer seventeen dollars from rbs to woodforest account, please",133,transfer,133,transfer,run_03_seed_2024,0.9997838139533997
46,"send twelve dollars between cabelas and bank of london accounts, please",133,transfer,133,transfer,run_03_seed_2024,0.9985602498054504
47,"transfer ninety dollars between glacier checking and farmers accounts, please",133,transfer,133,transfer,run_03_seed_2024,0.9999054670333862
48,transfer seventy dollars between national and citizens accounts,133,transfer,133,transfer,run_03_seed_2024,0.9993816614151001
49,transfer four and sixty seven dollars from bank of oklahoma checking to security bank account,133,transfer,133,transfer,run_03_seed_2024,0.9999796152114868
50,how much money can i transfer today,133,transfer,133,transfer,run_03_seed_2024,0.702315628528595
51,add funds to the retirement account from the pnc account only,133,transfer,133,transfer,run_03_seed_2024,0.8702636361122131
52,would you move 100 dollars from the checking and put it into savings,133,transfer,133,transfer,run_03_seed_2024,0.9999572038650513
53,repeat what the weather will be like,133,transfer,5,weather,run_03_seed_2024,0.9999924898147583
54,i would like to put 100 dollars from the checking into the savings account now,133,transfer,133,transfer,run_03_seed_2024,0.9999845027923584
55,please transfer $5000 to money market from checking account,133,transfer,133,transfer,run_03_seed_2024,0.9999980926513672
56,i need $360 transfered from savings to checking account,133,transfer,133,transfer,run_03_seed_2024,0.9725998044013977
57,make an immediate transfer of ten thousand from money market to checking,133,transfer,133,transfer,run_03_seed_2024,0.999997615814209
58,i'd like to transfer $400 from household to savings account,133,transfer,133,transfer,run_03_seed_2024,0.9948822259902954
59,transer $800 from my checking to savings account,133,transfer,133,transfer,run_03_seed_2024,0.9970996379852295
60,set a 4 minute timer,32,timer,32,timer,run_03_seed_2024,0.9999971389770508
61,set a 2 minute timer,32,timer,32,timer,run_03_seed_2024,0.9999772310256958
62,set a 3 minute timer,32,timer,32,timer,run_03_seed_2024,0.9999958276748657
63,set a 5 minute timer,32,timer,32,timer,run_03_seed_2024,0.9999980926513672
64,set a 1 minute timer,32,timer,32,timer,run_03_seed_2024,0.999994158744812
65,who set up the numbers for it,32,timer,42,oos,run_03_seed_2024,0.8552201986312866
66,start the timer,32,timer,32,timer,run_03_seed_2024,0.9998844861984253
67,start a timer please,32,timer,32,timer,run_03_seed_2024,0.9998470544815063
68,i need to start a timer,32,timer,32,timer,run_03_seed_2024,0.9992365837097168
69,i need a timer to be set,32,timer,32,timer,run_03_seed_2024,0.9908816814422607
70,could you set a timer,32,timer,32,timer,run_03_seed_2024,0.9999948740005493
71,set a timer,32,timer,32,timer,run_03_seed_2024,0.999947190284729
72,i need to have a timer for 10 minutes,32,timer,32,timer,run_03_seed_2024,0.9999805688858032
73,make a 10 minute timer,32,timer,32,timer,run_03_seed_2024,0.9999951124191284
74,give me a 10 minute timer,32,timer,32,timer,run_03_seed_2024,0.999998927116394
75,will you create a timer for me,32,timer,32,timer,run_03_seed_2024,0.9997730851173401
76,please begin a timer,32,timer,32,timer,run_03_seed_2024,0.9999898672103882
77,is it possible to set a timer,32,timer,32,timer,run_03_seed_2024,0.9999685287475586
78,i want a timer set for 10 minutes,32,timer,32,timer,run_03_seed_2024,0.9999821186065674
79,set a timer for 10 minutes,32,timer,32,timer,run_03_seed_2024,0.9999979734420776
80,can i get a timer set,32,timer,32,timer,run_03_seed_2024,0.9999632835388184
81,i need to use a timer,32,timer,32,timer,run_03_seed_2024,0.9993205070495605
82,set a timer to go off in 1 hour,32,timer,32,timer,run_03_seed_2024,0.996491014957428
83,i need a timer for 45 minutes,32,timer,32,timer,run_03_seed_2024,0.9999387264251709
84,in 15 minutes the timer should go off,32,timer,32,timer,run_03_seed_2024,0.9993539452552795
85,start the timer now,32,timer,32,timer,run_03_seed_2024,0.9994224309921265
86,set a timer for 30 minutes,32,timer,32,timer,run_03_seed_2024,0.9999979734420776
87,set a timer for 5 minutes from now,32,timer,32,timer,run_03_seed_2024,0.9999316930770874
88,let me know when it's been 5 minutes,32,timer,32,timer,run_03_seed_2024,0.5899825692176819
89,can you set the timer to 20 minutes,32,timer,32,timer,run_03_seed_2024,0.9999955892562866
90,define antebellum,139,definition,139,definition,run_03_seed_2024,0.7434980273246765
91,define discontent,139,definition,139,definition,run_03_seed_2024,0.8766635060310364
92,what is the meaning of incandescent,139,definition,139,definition,run_03_seed_2024,0.9848109483718872
93,what does confrontation mean,139,definition,139,definition,run_03_seed_2024,0.9996811151504517
94,what does serendipity mean,139,definition,139,definition,run_03_seed_2024,0.9994156360626221
95,what's the definition of luminescent,139,definition,139,definition,run_03_seed_2024,0.9999819993972778
96,what is the definiton of auspicious,139,definition,27,bill_balance,run_03_seed_2024,0.3113963007926941
97,what does circuitous mean,139,definition,139,definition,run_03_seed_2024,0.9998189806938171
98,what's the definition of unencumbered,139,definition,139,definition,run_03_seed_2024,0.9999914169311523
99,what does adulation mean,139,definition,139,definition,run_03_seed_2024,0.9995902180671692
100,what does assiduous mean,139,definition,139,definition,run_03_seed_2024,0.9997394680976868
101,what does amicable mean,139,definition,139,definition,run_03_seed_2024,0.9992390871047974
102,what's the definition of remunerative,139,definition,139,definition,run_03_seed_2024,0.9999926090240479
103,what does anachronistic mean,139,definition,139,definition,run_03_seed_2024,0.9998533725738525
104,what's the definition of idiosyncratic,139,definition,139,definition,run_03_seed_2024,0.9999899864196777
105,what does yolo mean,139,definition,139,definition,run_03_seed_2024,0.9997311234474182
106,can you tell me the meaning of fluctuate,139,definition,139,definition,run_03_seed_2024,0.9892767667770386
107,what does the word polynomial mean,139,definition,139,definition,run_03_seed_2024,0.9979022741317749
108,what does ferrari mean,139,definition,139,definition,run_03_seed_2024,0.9997668862342834
109,what is the meaning of the word girn,139,definition,139,definition,run_03_seed_2024,0.9956592917442322
110,what does mature mean,139,definition,139,definition,run_03_seed_2024,0.9998906850814819
111,i'd like to know what bitcoin means,139,definition,139,definition,run_03_seed_2024,0.9219406247138977
112,"i heard some woman say she was going to yerd me, what's that mean",139,definition,149,travel_suggestion,run_03_seed_2024,0.4411666691303253
113,can you tell me what obsolescence means,139,definition,139,definition,run_03_seed_2024,0.9984773993492126
114,please explain the word catastrophic to me,139,definition,11,user_name,run_03_seed_2024,0.9951246380805969
115,what's the meaning of naff,139,definition,139,definition,run_03_seed_2024,0.9976637363433838
116,can you tell me what dendrofilous means,139,definition,139,definition,run_03_seed_2024,0.9990635514259338
117,what does peer-to-peer actually mean,139,definition,139,definition,run_03_seed_2024,0.9970603585243225
118,define epicurean,139,definition,139,definition,run_03_seed_2024,0.7726341485977173
119,what does epicurean mean,139,definition,139,definition,run_03_seed_2024,0.9990642666816711
120,would you let me know what the meaning is life is,22,meaning_of_life,22,meaning_of_life,run_03_seed_2024,0.9999834299087524
121,would you let me know what is the point of life,22,meaning_of_life,22,meaning_of_life,run_03_seed_2024,0.9999668598175049
122,"right now, i need to know the meaning of life",22,meaning_of_life,22,meaning_of_life,run_03_seed_2024,0.9999955892562866
123,define the meaning of life for me,22,meaning_of_life,22,meaning_of_life,run_03_seed_2024,0.9998447895050049
124,i want to know the meaning of life,22,meaning_of_life,22,meaning_of_life,run_03_seed_2024,0.9999983310699463
125,would you explain the meaning of life,22,meaning_of_life,22,meaning_of_life,run_03_seed_2024,0.9999980926513672
126,i need you to tell me the meaning of life,22,meaning_of_life,22,meaning_of_life,run_03_seed_2024,0.9999966621398926
127,i need to know what the meaning of life is now,22,meaning_of_life,22,meaning_of_life,run_03_seed_2024,0.9999966621398926
128,tell me what the meaning of life is,22,meaning_of_life,22,meaning_of_life,run_03_seed_2024,0.9999967813491821
129,i need to know what the point of life is,22,meaning_of_life,22,meaning_of_life,run_03_seed_2024,0.9999847412109375
130,let me know what the point of life is,22,meaning_of_life,22,meaning_of_life,run_03_seed_2024,0.9999865293502808
131,would you provide me with what the point of life is,22,meaning_of_life,22,meaning_of_life,run_03_seed_2024,0.9999760389328003
132,tell me what the point of life is,22,meaning_of_life,22,meaning_of_life,run_03_seed_2024,0.9999881982803345
133,what is the reason humans even exist,22,meaning_of_life,37,last_maintenance,run_03_seed_2024,0.4994906485080719
134,do you think our lives have purpose or meaning,22,meaning_of_life,22,meaning_of_life,run_03_seed_2024,0.9995765089988708
135,can you tell me about the meaning of life,22,meaning_of_life,22,meaning_of_life,run_03_seed_2024,0.9999992847442627
136,can you tell me what the meaning of life is,22,meaning_of_life,22,meaning_of_life,run_03_seed_2024,0.9999974966049194
137,what do you know about the meaning of life,22,meaning_of_life,22,meaning_of_life,run_03_seed_2024,0.9999959468841553
138,i would like information on the meaning of life,22,meaning_of_life,22,meaning_of_life,run_03_seed_2024,0.9999427795410156
139,what information can you give me on the meaning of life,22,meaning_of_life,22,meaning_of_life,run_03_seed_2024,0.9999959468841553
140,what is the core meaning of life,22,meaning_of_life,22,meaning_of_life,run_03_seed_2024,0.9999984502792358
141,what do you know about lifes meaning,22,meaning_of_life,22,meaning_of_life,run_03_seed_2024,0.9818925857543945
142,is there any consensun regarding lifes true meaning,22,meaning_of_life,22,meaning_of_life,run_03_seed_2024,0.9995951056480408
143,is there a reason beyond biology about why humans are alive,22,meaning_of_life,2,account_blocked,run_03_seed_2024,0.6427837610244751
144,do you think being alive has any meaning,22,meaning_of_life,22,meaning_of_life,run_03_seed_2024,0.9997645020484924
145,is there meaning to life,22,meaning_of_life,22,meaning_of_life,run_03_seed_2024,0.9999990463256836
146,is there meaning in life,22,meaning_of_life,22,meaning_of_life,run_03_seed_2024,0.9999963045120239
147,what is the answer to life,22,meaning_of_life,22,meaning_of_life,run_03_seed_2024,0.9999717473983765
148,what's the answer to it all,22,meaning_of_life,96,who_made_you,run_03_seed_2024,0.42612773180007935
149,what's life mean to you,22,meaning_of_life,22,meaning_of_life,run_03_seed_2024,0.8610114455223083
150,i would like to change my insurance policy,64,insurance_change,64,insurance_change,run_03_seed_2024,0.9999970197677612
151,can i edit my insurance policy,64,insurance_change,64,insurance_change,run_03_seed_2024,0.999998927116394
152,i am interested in a new insurance plan,64,insurance_change,64,insurance_change,run_03_seed_2024,0.9999982118606567
153,i really would like to get a new insurance plan,64,insurance_change,64,insurance_change,run_03_seed_2024,0.9999984502792358
154,i am in the market for a new insurance plan,64,insurance_change,64,insurance_change,run_03_seed_2024,0.9999983310699463
155,is there a way to alter my insurance policy,64,insurance_change,64,insurance_change,run_03_seed_2024,0.9999939203262329
156,how can i change to new insurance plan,64,insurance_change,64,insurance_change,run_03_seed_2024,0.9999985694885254
157,help me find a new insurance plan,64,insurance_change,64,insurance_change,run_03_seed_2024,0.9999985694885254
158,can i update my insurance policy,64,insurance_change,64,insurance_change,run_03_seed_2024,0.9999876022338867
159,who do i contact about updating my insurance,64,insurance_change,64,insurance_change,run_03_seed_2024,0.6604427099227905
160,can you help me change my insurance policy,64,insurance_change,64,insurance_change,run_03_seed_2024,0.9999994039535522
161,"i need to change my insurance policy, do you know how",64,insurance_change,64,insurance_change,run_03_seed_2024,0.9999772310256958
162,what are the steps to change my insurance policy,64,insurance_change,64,insurance_change,run_03_seed_2024,0.9999980926513672
163,do you know how i can change my insurance policy,64,insurance_change,64,insurance_change,run_03_seed_2024,0.9999940395355225
164,how to i change the policy on my insurace,64,insurance_change,64,insurance_change,run_03_seed_2024,0.3594873249530792
165,what do i need to do to get new insurance,64,insurance_change,64,insurance_change,run_03_seed_2024,0.9999995231628418
166,do you know how i get new insurance,64,insurance_change,64,insurance_change,run_03_seed_2024,0.9999995231628418
167,what is the protocol for getting new insurance,64,insurance_change,64,insurance_change,run_03_seed_2024,0.9999977350234985
168,let me know the process for new insurance,64,insurance_change,64,insurance_change,run_03_seed_2024,0.9999998807907104
169,i want to sign up for a new allstate insurance plan,64,insurance_change,64,insurance_change,run_03_seed_2024,0.999971866607666
170,i need to sign up for a new allstate plan,64,insurance_change,64,insurance_change,run_03_seed_2024,0.861831545829773
171,what is the procedure for signing up for a new allstate plan,64,insurance_change,64,insurance_change,run_03_seed_2024,0.9972699284553528
172,how do i sign up for a new allstatedplan,64,insurance_change,91,new_card,run_03_seed_2024,0.6933351755142212
173,i want to change to a new allstate insurance plan,64,insurance_change,64,insurance_change,run_03_seed_2024,0.9999970197677612
174,i want a new insurance plan,64,insurance_change,64,insurance_change,run_03_seed_2024,0.9999986886978149
175,what if i want to switch insurance plans,64,insurance_change,64,insurance_change,run_03_seed_2024,0.9999802112579346
176,is there a way to get a new insurance plan,64,insurance_change,64,insurance_change,run_03_seed_2024,0.99998939037323
177,i want to switch to a new insurance plan,64,insurance_change,64,insurance_change,run_03_seed_2024,0.9999995231628418
178,how do i switch insurance plans,64,insurance_change,64,insurance_change,run_03_seed_2024,0.999981164932251
179,phone number to state farm to change insurance,64,insurance_change,64,insurance_change,run_03_seed_2024,0.9324454069137573
180,"can you help me find my phone, please",81,find_phone,81,find_phone,run_03_seed_2024,0.999017596244812
181,could you help me locate my phone,81,find_phone,81,find_phone,run_03_seed_2024,0.9999872446060181
182,can you help me locate my phone,81,find_phone,81,find_phone,run_03_seed_2024,0.9999717473983765
183,"could you help me locate my phone, please",81,find_phone,81,find_phone,run_03_seed_2024,0.9993690848350525
184,"can you help me locate my phone, please",81,find_phone,81,find_phone,run_03_seed_2024,0.9992222785949707
185,"i cannot locate my phone, can you help me",81,find_phone,81,find_phone,run_03_seed_2024,0.9969664216041565
186,i need help locating my phone,81,find_phone,81,find_phone,run_03_seed_2024,0.9260838031768799
187,can you assist me with finding my phone,81,find_phone,81,find_phone,run_03_seed_2024,0.9999253749847412
188,i lost my phone can you help me,81,find_phone,81,find_phone,run_03_seed_2024,0.9998230338096619
189,where the bleep did i put my bleeping phone,81,find_phone,130,sync_device,run_03_seed_2024,0.5584632158279419
190,is my phone somewhere around here,81,find_phone,81,find_phone,run_03_seed_2024,0.999749481678009
191,"help, i've lost my cellphone!",81,find_phone,136,current_location,run_03_seed_2024,0.5822420120239258
192,i seem to have lost my phone,81,find_phone,81,find_phone,run_03_seed_2024,0.9999576807022095
193,do you know my phone's location,81,find_phone,136,current_location,run_03_seed_2024,0.9919353723526001
194,can you find my phone,81,find_phone,81,find_phone,run_03_seed_2024,0.9999881982803345
195,where's my phone at,81,find_phone,81,find_phone,run_03_seed_2024,0.691552996635437
196,what's my phone's location,81,find_phone,136,current_location,run_03_seed_2024,0.9986777901649475
197,can you help me hunt for my missing cellphone,81,find_phone,81,find_phone,run_03_seed_2024,0.8895725011825562
198,locate my cellphone in this room,81,find_phone,81,find_phone,run_03_seed_2024,0.9995794892311096
199,where did i last put my phone,81,find_phone,81,find_phone,run_03_seed_2024,0.9998026490211487
200,find my cellphone for me!,81,find_phone,81,find_phone,run_03_seed_2024,0.9988343119621277
201,where did i place my phone,81,find_phone,81,find_phone,run_03_seed_2024,0.999860405921936
202,where's my phone,81,find_phone,81,find_phone,run_03_seed_2024,0.9989884495735168
203,my phone isn't where i left it,81,find_phone,81,find_phone,run_03_seed_2024,0.9994682669639587
204,i think i've misplaced my phone,81,find_phone,81,find_phone,run_03_seed_2024,0.9999587535858154
205,i've lost my phone somewhere,81,find_phone,81,find_phone,run_03_seed_2024,0.9999462366104126
206,i think i lost my phone,81,find_phone,81,find_phone,run_03_seed_2024,0.9992157220840454
207,would you know where to find my phone,81,find_phone,81,find_phone,run_03_seed_2024,0.9999861717224121
208,please assist me in looking for my phone,81,find_phone,81,find_phone,run_03_seed_2024,0.999842643737793
209,look for my phone with me,81,find_phone,81,find_phone,run_03_seed_2024,0.9929446578025818
210,is there a travel alert in spain,128,travel_alert,128,travel_alert,run_03_seed_2024,0.9995635151863098
211,travel alert in cuba,128,travel_alert,128,travel_alert,run_03_seed_2024,0.999455988407135
212,alerts for travel in colombia,128,travel_alert,128,travel_alert,run_03_seed_2024,0.9999147653579712
213,are there travel alerts in mexico,128,travel_alert,128,travel_alert,run_03_seed_2024,0.9999986886978149
214,mexico travel alerts,128,travel_alert,128,travel_alert,run_03_seed_2024,0.9999779462814331
215,have there been any travel alerts for the us,128,travel_alert,128,travel_alert,run_03_seed_2024,0.9999985694885254
216,are there any travel advisories for the us,128,travel_alert,128,travel_alert,run_03_seed_2024,0.9977007508277893
217,what are the travel alerts for the us,128,travel_alert,128,travel_alert,run_03_seed_2024,0.9996469020843506
218,are there travel alerts for the us,128,travel_alert,128,travel_alert,run_03_seed_2024,0.9999920129776001
219,what travel alerts are in effect for the us,128,travel_alert,128,travel_alert,run_03_seed_2024,0.9962261915206909
220,i want to know if i will be safe if i travel to europe,128,travel_alert,128,travel_alert,run_03_seed_2024,0.9818620085716248
221,would i be safe if i traveled to japan,128,travel_alert,128,travel_alert,run_03_seed_2024,0.9980497360229492
222,is it safe to go to north korea,128,travel_alert,128,travel_alert,run_03_seed_2024,0.999578058719635
223,will i be safe going to south america,128,travel_alert,128,travel_alert,run_03_seed_2024,0.9995262622833252
224,am i safe to go to africa,128,travel_alert,128,travel_alert,run_03_seed_2024,0.944573700428009
225,which countries have travel alerts,128,travel_alert,128,travel_alert,run_03_seed_2024,0.999996542930603
226,is it safe in italy,128,travel_alert,128,travel_alert,run_03_seed_2024,0.7010963559150696
227,what are the travel conditions for haiti,128,travel_alert,5,weather,run_03_seed_2024,0.48981815576553345
228,are there any travel bulletins about haiti,128,travel_alert,128,travel_alert,run_03_seed_2024,0.9247511029243469
229,note any travel alerts for haiti,128,travel_alert,128,travel_alert,run_03_seed_2024,0.9999998807907104
230,find travel alerts for haiti,128,travel_alert,128,travel_alert,run_03_seed_2024,0.9999995231628418
231,does the state department say anything about traveling to haiti,128,travel_alert,128,travel_alert,run_03_seed_2024,0.6344752311706543
232,is there a travel alert for france,128,travel_alert,128,travel_alert,run_03_seed_2024,0.9999781847000122
233,is it safe for me to go to turkey,128,travel_alert,128,travel_alert,run_03_seed_2024,0.9999567270278931
234,is it safe to go to serbia,128,travel_alert,128,travel_alert,run_03_seed_2024,0.9998694658279419
235,safety concerns for malaysia,128,travel_alert,111,pay_bill,run_03_seed_2024,0.36360207200050354
236,is it safe for me to visit malawi,128,travel_alert,128,travel_alert,run_03_seed_2024,0.9992128610610962
237,is travel to monterrey safe now,128,travel_alert,128,travel_alert,run_03_seed_2024,0.999993085861206
238,is it safe for people to travel to pakistan,128,travel_alert,128,travel_alert,run_03_seed_2024,0.999990701675415
239,can people safely travel to cambodia,128,travel_alert,128,travel_alert,run_03_seed_2024,0.9986851811408997
240,please help me set up a vacation request,97,pto_request,97,pto_request,run_03_seed_2024,0.9316586852073669
241,how does one go about putting in a vacation request,97,pto_request,97,pto_request,run_03_seed_2024,0.998744010925293
242,how do i put in a vacation request,97,pto_request,97,pto_request,run_03_seed_2024,0.9999783039093018
243,walk me through on how to make a vacation request,97,pto_request,97,pto_request,run_03_seed_2024,0.9999954700469971
244,please put in a vacation request,97,pto_request,97,pto_request,run_03_seed_2024,0.9995261430740356
245,how is a vacation request done,97,pto_request,97,pto_request,run_03_seed_2024,0.75146484375
246,how is a vacation request made,97,pto_request,97,pto_request,run_03_seed_2024,0.6333853602409363
247,what is the process of making a vacation request,97,pto_request,97,pto_request,run_03_seed_2024,0.9986817240715027
248,how would one make a vacation request,97,pto_request,97,pto_request,run_03_seed_2024,0.9994091987609863
249,can i put in a pto request for september 1st to september 8th,97,pto_request,97,pto_request,run_03_seed_2024,0.9999936819076538
250,"if i want to make a vacation request, how do i do it",97,pto_request,97,pto_request,run_03_seed_2024,0.9999896287918091
251,can i put in a pto request for august 1st to august 10th,97,pto_request,97,pto_request,run_03_seed_2024,0.999988317489624
252,can i put in a pto request for january 4th to january 9th,97,pto_request,97,pto_request,run_03_seed_2024,0.9999974966049194
253,can i put in a pto request for december 3rd to december 10th,97,pto_request,97,pto_request,run_03_seed_2024,0.9999972581863403
254,can i put in a pto request for december 25th to january 1st,97,pto_request,97,pto_request,run_03_seed_2024,0.9999816417694092
255,can i take pto from the end of the month to the 5th of the next month,97,pto_request,97,pto_request,run_03_seed_2024,0.7089695930480957
256,can you help me plan a vacation,97,pto_request,97,pto_request,run_03_seed_2024,0.9978852868080139
257,it it possible to take pto from the 8th to the 11th,97,pto_request,97,pto_request,run_03_seed_2024,0.996609091758728
258,is it ok if i use some of my pto on may 24th to may 29th,97,pto_request,97,pto_request,run_03_seed_2024,0.7973124384880066
259,what do i do to set up a vacation,97,pto_request,97,pto_request,run_03_seed_2024,0.9994704127311707
260,i need to use pto on october 5th to october 10th,97,pto_request,97,pto_request,run_03_seed_2024,0.9934796094894409
261,how do i plan a vacation,97,pto_request,97,pto_request,run_03_seed_2024,0.9999408721923828
262,can i put in a pto request for monday to wednesday,97,pto_request,97,pto_request,run_03_seed_2024,0.9999958276748657
263,can i purchase a vacation using this,97,pto_request,97,pto_request,run_03_seed_2024,0.9963333606719971
264,how do i get help with a vacation itinerary,97,pto_request,97,pto_request,run_03_seed_2024,0.9998704195022583
265,how do i request a vacation,97,pto_request,97,pto_request,run_03_seed_2024,0.9999895095825195
266,i'd like to request a vacation,97,pto_request,97,pto_request,run_03_seed_2024,0.9999854564666748
267,i need to request a vacation,97,pto_request,97,pto_request,run_03_seed_2024,0.9999861717224121
268,vacation request information,97,pto_request,101,pto_request_status,run_03_seed_2024,0.9203320741653442
269,vacation request please,97,pto_request,101,pto_request_status,run_03_seed_2024,0.9908267855644226
270,how can i increase my credit score,28,improve_credit_score,28,improve_credit_score,run_03_seed_2024,0.9997788071632385
271,how can i raise my credit score,28,improve_credit_score,28,improve_credit_score,run_03_seed_2024,0.9998548030853271
272,how can i contribute to my credit score,28,improve_credit_score,28,improve_credit_score,run_03_seed_2024,0.9999910593032837
273,how is it possible to get a better credit score,28,improve_credit_score,28,improve_credit_score,run_03_seed_2024,0.9999150037765503
274,how can i up my credit score,28,improve_credit_score,69,credit_score,run_03_seed_2024,0.9994673132896423
275,can you explain to me how i might boost my credit score,28,improve_credit_score,69,credit_score,run_03_seed_2024,0.5687857270240784
276,my credit score stinks but i don't know how to improve it,28,improve_credit_score,69,credit_score,run_03_seed_2024,0.5715255737304688
277,what preventative measures can i take to avoid a low credit score,28,improve_credit_score,28,improve_credit_score,run_03_seed_2024,0.9999868869781494
278,how can i keep my credit score from falling,28,improve_credit_score,28,improve_credit_score,run_03_seed_2024,0.9999972581863403
279,give me some ideas for boosting my credit score,28,improve_credit_score,28,improve_credit_score,run_03_seed_2024,0.9999364614486694
280,how can i prevent my credit score from dropping,28,improve_credit_score,28,improve_credit_score,run_03_seed_2024,0.9999970197677612
281,what steps can i take to build my credit score,28,improve_credit_score,28,improve_credit_score,run_03_seed_2024,0.9999991655349731
282,give me some tips on building up my credit score,28,improve_credit_score,28,improve_credit_score,run_03_seed_2024,0.9881336092948914
283,how can i rehabilitate my poor credit score,28,improve_credit_score,28,improve_credit_score,run_03_seed_2024,0.9999879598617554
284,give me some ideas of how to avoid my credit score lowering,28,improve_credit_score,28,improve_credit_score,run_03_seed_2024,0.9999986886978149
285,give me tips on improving my credit score,28,improve_credit_score,69,credit_score,run_03_seed_2024,0.9453985095024109
286,what steps should i take if i want to ensure my credit score doesn't drop,28,improve_credit_score,28,improve_credit_score,run_03_seed_2024,0.999991774559021
287,can you tell me some strategies for raising my credit score,28,improve_credit_score,28,improve_credit_score,run_03_seed_2024,0.9964961409568787
288,i want to know how i can build up a good credit score,28,improve_credit_score,28,improve_credit_score,run_03_seed_2024,0.9998568296432495
289,"""what's the method to improve credit score",28,improve_credit_score,28,improve_credit_score,run_03_seed_2024,0.9999052286148071
290,"""which is the best way to improve the credit score",28,improve_credit_score,28,improve_credit_score,run_03_seed_2024,0.9998482465744019
291,"""which could be improve the credit score",28,improve_credit_score,28,improve_credit_score,run_03_seed_2024,0.9998689889907837
292,"""when the credit score improve",28,improve_credit_score,28,improve_credit_score,run_03_seed_2024,0.9555761218070984
293,"""where is improve the credit score",28,improve_credit_score,28,improve_credit_score,run_03_seed_2024,0.9998481273651123
294,it is damaging to my credit score if i miss one credit card payment,28,improve_credit_score,28,improve_credit_score,run_03_seed_2024,0.6651735901832581
295,i have a revolving store card and defaulted so will my fico score be affected,28,improve_credit_score,44,expiration_date,run_03_seed_2024,0.3760416507720947
296,will my fico score decrease if i increase my student loan debt,28,improve_credit_score,143,min_payment,run_03_seed_2024,0.7944507598876953
297,if i lose my job will my credit score go down,28,improve_credit_score,69,credit_score,run_03_seed_2024,0.9231740832328796
298,can i hurt my credit rating if i open several credit cards in a short time frame,28,improve_credit_score,109,credit_limit_change,run_03_seed_2024,0.45811349153518677
299,will only having five late payments really make my credit bad,28,improve_credit_score,28,improve_credit_score,run_03_seed_2024,0.5976768136024475
300,name unusual facts about the circus,129,fun_fact,21,what_song,run_03_seed_2024,0.7942121624946594
301,i need interesting baseball trivia from the nineteen eighties,129,fun_fact,129,fun_fact,run_03_seed_2024,0.7432466745376587
302,tell me a fun fact about cars,129,fun_fact,129,fun_fact,run_03_seed_2024,0.9999645948410034
303,give me a fun fact about kangaroo,129,fun_fact,129,fun_fact,run_03_seed_2024,0.9999516010284424
304,give me a fun fact about koala,129,fun_fact,129,fun_fact,run_03_seed_2024,0.9999024868011475
305,give me a fun fact about dolphin,129,fun_fact,129,fun_fact,run_03_seed_2024,0.999969482421875
306,what is some trivia about frog,129,fun_fact,129,fun_fact,run_03_seed_2024,0.9999589920043945
307,tell me fun facts of today,129,fun_fact,129,fun_fact,run_03_seed_2024,0.9998217225074768
308,give me something interesting about stars,129,fun_fact,129,fun_fact,run_03_seed_2024,0.999947190284729
309,what is some trivia question about coffee,129,fun_fact,129,fun_fact,run_03_seed_2024,0.9998243451118469
310,tell me some trivia about sweat,129,fun_fact,129,fun_fact,run_03_seed_2024,0.999994158744812
311,tell me some trivia about dolphin,129,fun_fact,129,fun_fact,run_03_seed_2024,0.9999938011169434
312,what is some trivia about the weather,129,fun_fact,129,fun_fact,run_03_seed_2024,0.6363584995269775
313,give me a fun fact about komodo dragon,129,fun_fact,129,fun_fact,run_03_seed_2024,0.9998212456703186
314,give me a amusing fact about wolf,129,fun_fact,129,fun_fact,run_03_seed_2024,0.9997627139091492
315,what is the interesting trivia about human bodies,129,fun_fact,129,fun_fact,run_03_seed_2024,0.9998865127563477
316,i want to learn something about apples,129,fun_fact,129,fun_fact,run_03_seed_2024,0.4599868953227997
317,tell me today's fun fact,129,fun_fact,129,fun_fact,run_03_seed_2024,0.9994173049926758
318,i want today's fun fact please,129,fun_fact,129,fun_fact,run_03_seed_2024,0.9993316531181335
319,what is today's fun fact,129,fun_fact,129,fun_fact,run_03_seed_2024,0.9997305274009705
320,today's fun fact,129,fun_fact,129,fun_fact,run_03_seed_2024,0.9854234457015991
321,i want a fun fact about london,129,fun_fact,129,fun_fact,run_03_seed_2024,0.9999585151672363
322,tell me something interesting about bees,129,fun_fact,129,fun_fact,run_03_seed_2024,0.9999676942825317
323,i would you like to learn something interesting about bees,129,fun_fact,129,fun_fact,run_03_seed_2024,0.9999498128890991
324,i want to hear cool bee facts,129,fun_fact,129,fun_fact,run_03_seed_2024,0.9992724061012268
325,what's something interesting about bees,129,fun_fact,129,fun_fact,run_03_seed_2024,0.9995561242103577
326,i wanna hear something cool about bees,129,fun_fact,129,fun_fact,run_03_seed_2024,0.998382568359375
327,tell me fun facts on science topics,129,fun_fact,129,fun_fact,run_03_seed_2024,0.9607494473457336
328,tell me fun science facts,129,fun_fact,129,fun_fact,run_03_seed_2024,0.9997730851173401
329,i want to know fun facts about koala bears,129,fun_fact,129,fun_fact,run_03_seed_2024,0.9998056292533875
330,please speak in tagalog,29,change_language,29,change_language,run_03_seed_2024,0.8629862070083618
331,speak in german,29,change_language,29,change_language,run_03_seed_2024,0.999357283115387
332,speak to me in dutch,29,change_language,29,change_language,run_03_seed_2024,0.8799185752868652
333,speak in french please,29,change_language,29,change_language,run_03_seed_2024,0.9991902709007263
334,speak spanish please,29,change_language,119,change_speed,run_03_seed_2024,0.9432737231254578
335,i am not understanding the language you are responding in; switch it for me,29,change_language,55,change_ai_name,run_03_seed_2024,0.38463935256004333
336,i can't understand the language you are responding in; i need you to switch it,29,change_language,14,whisper_mode,run_03_seed_2024,0.3792910575866699
337,i need you to switch the language you are responding as i don't understand,29,change_language,29,change_language,run_03_seed_2024,0.9791855216026306
338,i don't understand your language; switch the language,29,change_language,29,change_language,run_03_seed_2024,0.9999693632125854
339,i need you to switch the language you are responding in,29,change_language,29,change_language,run_03_seed_2024,0.9997192025184631
340,i'd like to speak in portuguese,29,change_language,29,change_language,run_03_seed_2024,0.9986268281936646
341,can we speak in german,29,change_language,29,change_language,run_03_seed_2024,0.9999873638153076
342,i want to use spanish with you,29,change_language,29,change_language,run_03_seed_2024,0.9983812570571899
343,please let's speak in spanish,29,change_language,29,change_language,run_03_seed_2024,0.9999029636383057
344,please can we speak in dutch,29,change_language,29,change_language,run_03_seed_2024,0.9993575215339661
345,can you make the default language swedish,29,change_language,29,change_language,run_03_seed_2024,0.9996613264083862
346,is it possible to talk to you in mandarin,29,change_language,29,change_language,run_03_seed_2024,0.9999885559082031
347,would you understand me if i speak to you in navajo,29,change_language,29,change_language,run_03_seed_2024,0.9963287711143494
348,i'd like the language to be in spanish,29,change_language,29,change_language,run_03_seed_2024,0.9999995231628418
349,i'd like to use you using russian,29,change_language,55,change_ai_name,run_03_seed_2024,0.46465909481048584
350,can i speak spanish to you hombre,29,change_language,29,change_language,run_03_seed_2024,0.9653911590576172
351,i want to start talking to you in swedish,29,change_language,29,change_language,run_03_seed_2024,0.9997007846832275
352,can i get you to change your language setting to russian,29,change_language,29,change_language,run_03_seed_2024,0.9999781847000122
353,please make your language setting norwegian,29,change_language,29,change_language,run_03_seed_2024,0.9993639588356018
354,i am going to speak english now,29,change_language,29,change_language,run_03_seed_2024,0.9722244143486023
355,do you speak english,29,change_language,119,change_speed,run_03_seed_2024,0.7853739261627197
356,i want to talk english,29,change_language,119,change_speed,run_03_seed_2024,0.6134769916534424
357,we have to speak in english,29,change_language,29,change_language,run_03_seed_2024,0.9992844462394714
358,speak in dutch,29,change_language,119,change_speed,run_03_seed_2024,0.5544277429580688
359,i want to speak to you in swiss german,29,change_language,29,change_language,run_03_seed_2024,0.9999277591705322
360,how long until my paycheck shows up,79,payday,79,payday,run_03_seed_2024,0.9999616146087646
361,can you tell me the date of my last check,79,payday,79,payday,run_03_seed_2024,0.9943364262580872
362,what was the date when i last go paid,79,payday,79,payday,run_03_seed_2024,0.9998693466186523
363,what's the date on my last pay stub,79,payday,79,payday,run_03_seed_2024,0.9631800651550293
364,when can i expect my paycheck,79,payday,79,payday,run_03_seed_2024,0.9842076897621155
365,when is the next time i'll receive a paycheck,79,payday,79,payday,run_03_seed_2024,0.9998905658721924
366,when did i last collect my salary,79,payday,79,payday,run_03_seed_2024,0.9906232953071594
367,when do i next get paid,79,payday,79,payday,run_03_seed_2024,0.9999415874481201
368,when is my paycheck arriving,79,payday,79,payday,run_03_seed_2024,0.9999985694885254
369,what day is payday,79,payday,79,payday,run_03_seed_2024,0.9997867941856384
370,do you know when my next check is coming,79,payday,79,payday,run_03_seed_2024,0.9389986395835876
371,when do i get my next paycheck,79,payday,79,payday,run_03_seed_2024,0.9999898672103882
372,when's pay day for me,79,payday,56,bill_due,run_03_seed_2024,0.8363587260246277
373,i need to know when i get paid next,79,payday,79,payday,run_03_seed_2024,0.9999755620956421
374,when's my next pay day,79,payday,79,payday,run_03_seed_2024,0.8710047006607056
375,what day's my pay coming next,79,payday,93,income,run_03_seed_2024,0.8616694211959839
376,when do i get paid for my work,79,payday,79,payday,run_03_seed_2024,0.9903630614280701
377,look up when my payday is supposed to be,79,payday,79,payday,run_03_seed_2024,0.9554732441902161
378,when can i expect to be paid,79,payday,79,payday,run_03_seed_2024,0.9950417876243591
379,look up the date for my next payday,79,payday,79,payday,run_03_seed_2024,0.9999122619628906
380,what day will i earn my payment from work,79,payday,56,bill_due,run_03_seed_2024,0.8902511596679688
381,find out when my next upcoming payday will be,79,payday,79,payday,run_03_seed_2024,0.9590834379196167
382,when is the next payday i can look forward to,79,payday,140,next_holiday,run_03_seed_2024,0.9945381283760071
383,what day can i expect to receive payment on,79,payday,143,min_payment,run_03_seed_2024,0.9838477969169617
384,when will my next paycheck be coming,79,payday,79,payday,run_03_seed_2024,0.9999839067459106
385,when will my payment be deposited,79,payday,56,bill_due,run_03_seed_2024,0.9962691068649292
386,when do i get my next pay check,79,payday,79,payday,run_03_seed_2024,0.986221969127655
387,is it payday,79,payday,79,payday,run_03_seed_2024,0.9748808741569519
388,do you know when i'll receive my next paycheck,79,payday,79,payday,run_03_seed_2024,0.9999715089797974
389,what date do i get paid,79,payday,79,payday,run_03_seed_2024,0.9999898672103882
390,how long does it take for a credit card to be reissued and mailed to me,90,replacement_card_duration,90,replacement_card_duration,run_03_seed_2024,0.9999381303787231
391,can credit card companies expedite delivery of reissued credit cards,90,replacement_card_duration,91,new_card,run_03_seed_2024,0.7410098314285278
392,can you call the help desk line for my credit card company,90,replacement_card_duration,109,credit_limit_change,run_03_seed_2024,0.40751025080680847
393,how can i request a new credit card,90,replacement_card_duration,91,new_card,run_03_seed_2024,0.9996945858001709
394,what's the phone number for my credit card company,90,replacement_card_duration,42,oos,run_03_seed_2024,0.6809055209159851
395,i recently lost my credit card and need to know how long it takes to get a new one mailed to me,90,replacement_card_duration,90,replacement_card_duration,run_03_seed_2024,0.9999735355377197
396,i need to know the time it takes to get a new credit card sent to someone who lost theirs,90,replacement_card_duration,90,replacement_card_duration,run_03_seed_2024,0.9878851771354675
397,i lost my credit card recently how long does take to get a new one in the mail,90,replacement_card_duration,90,replacement_card_duration,run_03_seed_2024,0.9995633959770203
398,what is amount of time it takes to get a new credit card i lost mine recently,90,replacement_card_duration,90,replacement_card_duration,run_03_seed_2024,0.5032376646995544
399,what is the time frame for sending a customer who lost their credit card a new one,90,replacement_card_duration,90,replacement_card_duration,run_03_seed_2024,0.975432813167572
400,will i get getting my new card anytime soon,90,replacement_card_duration,90,replacement_card_duration,run_03_seed_2024,0.998336136341095
401,what is the shipping status of my replacement card,90,replacement_card_duration,90,replacement_card_duration,run_03_seed_2024,0.9998142123222351
402,how long until i get my replacement card,90,replacement_card_duration,90,replacement_card_duration,run_03_seed_2024,0.9999948740005493
403,when is my new card expected to arrive,90,replacement_card_duration,90,replacement_card_duration,run_03_seed_2024,0.9999659061431885
404,is my replacement card due to arrive in the mail today,90,replacement_card_duration,90,replacement_card_duration,run_03_seed_2024,0.967695415019989
405,how long before my new card is mailed to me,90,replacement_card_duration,90,replacement_card_duration,run_03_seed_2024,0.999997615814209
406,what is the shipping time for my card,90,replacement_card_duration,90,replacement_card_duration,run_03_seed_2024,0.5538321137428284
407,how much time before my new card is mailed to me,90,replacement_card_duration,90,replacement_card_duration,run_03_seed_2024,0.9999983310699463
408,how long does it take to get a new credit card,90,replacement_card_duration,90,replacement_card_duration,run_03_seed_2024,0.9999396800994873
409,time to order and receive a new credit card,90,replacement_card_duration,91,new_card,run_03_seed_2024,0.978690505027771
410,when will i received a replacement card,90,replacement_card_duration,90,replacement_card_duration,run_03_seed_2024,0.9999420642852783
411,time to replace my credit card,90,replacement_card_duration,87,damaged_card,run_03_seed_2024,0.9469342231750488
412,how long before the replacement card is mailed to me,90,replacement_card_duration,90,replacement_card_duration,run_03_seed_2024,0.9999985694885254
413,how much longer before the card is mailed to me,90,replacement_card_duration,90,replacement_card_duration,run_03_seed_2024,0.9988441467285156
414,how long will it takes to get a new credit card,90,replacement_card_duration,90,replacement_card_duration,run_03_seed_2024,0.9999821186065674
415,what is the shipping wait for my card,90,replacement_card_duration,90,replacement_card_duration,run_03_seed_2024,0.9984616041183472
416,when will the replaecment card arrive,90,replacement_card_duration,90,replacement_card_duration,run_03_seed_2024,0.9918743968009949
417,let me know the wait on a replacement credit card,90,replacement_card_duration,90,replacement_card_duration,run_03_seed_2024,0.9998030066490173
418,let me know when the replacement card will arrive,90,replacement_card_duration,90,replacement_card_duration,run_03_seed_2024,0.9999945163726807
419,how soon can i expect a replacement card for my lost card to arrive,90,replacement_card_duration,90,replacement_card_duration,run_03_seed_2024,0.9999597072601318
420,i need you to tell me what time it is in new york now,4,time,4,time,run_03_seed_2024,0.9991440773010254
421,"what time is it in adelaide, australia right now",4,time,4,time,run_03_seed_2024,0.9999847412109375
422,is it after noon,4,time,107,yes,run_03_seed_2024,0.5321157574653625
423,is it six o clock yet,4,time,84,order_status,run_03_seed_2024,0.930915892124176
424,please give me the time in tanzania at this moment,4,time,4,time,run_03_seed_2024,0.9994959831237793
425,can you tell me the current time in jamaica,4,time,4,time,run_03_seed_2024,0.9999943971633911
426,"tell me the time in san francisco, please",4,time,4,time,run_03_seed_2024,0.9999065399169922
427,"what time is it right now in adelaide, australia",4,time,4,time,run_03_seed_2024,0.999976396560669
428,what time is it in the eastern timezone,4,time,4,time,run_03_seed_2024,0.9999901056289673
429,what time is it in the mountain timezone,4,time,4,time,run_03_seed_2024,0.999957799911499
430,what time is it in the greenwich timezone,4,time,4,time,run_03_seed_2024,0.9999978542327881
431,what time is it in the central timezone,4,time,4,time,run_03_seed_2024,0.9993244409561157
432,tell me what the time is in dallas,4,time,4,time,run_03_seed_2024,0.9998869895935059
433,what is the current time in dallas,4,time,4,time,run_03_seed_2024,0.9999980926513672
434,can you tell me what time it is in dallas,4,time,4,time,run_03_seed_2024,0.9999746084213257
435,what time is it in dallas,4,time,4,time,run_03_seed_2024,0.9999911785125732
436,tell time for another city: dallas,4,time,13,repeat,run_03_seed_2024,0.3674340844154358
437,what time is it right now at home,4,time,4,time,run_03_seed_2024,0.9999957084655762
438,what’s the time in new york,4,time,4,time,run_03_seed_2024,0.9934484362602234
439,tell me the time in california,4,time,4,time,run_03_seed_2024,0.9999828338623047
440,tell me the time in las vegas,4,time,4,time,run_03_seed_2024,0.9770013689994812
441,what is the time is central time zone,4,time,4,time,run_03_seed_2024,0.7832187414169312
442,what is the time in the usa,4,time,4,time,run_03_seed_2024,0.9999977350234985
443,what is the time in est,4,time,4,time,run_03_seed_2024,0.9998536109924316
444,whats the exact time,4,time,4,time,run_03_seed_2024,0.9976611137390137
445,what is the current time,4,time,4,time,run_03_seed_2024,0.999970555305481
446,what's the current time,4,time,4,time,run_03_seed_2024,0.9999556541442871
447,what time is it in california,4,time,4,time,run_03_seed_2024,0.9999972581863403
448,please give me the time,4,time,4,time,run_03_seed_2024,0.9999815225601196
449,the time is what,4,time,4,time,run_03_seed_2024,0.999430239200592
450,how is the status of my credit card application coming along,103,application_status,103,application_status,run_03_seed_2024,0.9992104768753052
451,what exactly is the status of my application for the credit card,103,application_status,103,application_status,run_03_seed_2024,0.9999969005584717
452,i need to know the status of my credit card application,103,application_status,103,application_status,run_03_seed_2024,0.9999951124191284
453,i would like to know the status of my credit card application,103,application_status,103,application_status,run_03_seed_2024,0.9999921321868896
454,let me know if my application for american saving bank,103,application_status,103,application_status,run_03_seed_2024,0.999817430973053
455,check the status of my credit card application for me,103,application_status,103,application_status,run_03_seed_2024,0.999990701675415
456,i want to know if my credit card application has been processed,103,application_status,103,application_status,run_03_seed_2024,0.9999994039535522
457,i want to know the status of my credit card application,103,application_status,103,application_status,run_03_seed_2024,0.999991774559021
458,can you check if my credit card application has been processed,103,application_status,103,application_status,run_03_seed_2024,0.9999996423721313
459,i want to know how is my credit card application going,103,application_status,103,application_status,run_03_seed_2024,0.9999068975448608
460,can you let me know the status of my discover credit card application status,103,application_status,103,application_status,run_03_seed_2024,0.9999967813491821
461,can you tell me the status of my credit card application,103,application_status,103,application_status,run_03_seed_2024,0.9999845027923584
462,has my application for american express gone through yet,103,application_status,103,application_status,run_03_seed_2024,0.9994321465492249
463,let me know about the status of my credit card application,103,application_status,103,application_status,run_03_seed_2024,0.9999983310699463
464,can you please tell me about the status of my credit card application,103,application_status,103,application_status,run_03_seed_2024,0.9999983310699463
465,can you please let me know the status of my capital one application,103,application_status,103,application_status,run_03_seed_2024,0.9934176206588745
466,let me know the credit card application status,103,application_status,103,application_status,run_03_seed_2024,0.9999746084213257
467,has my application for discover card gone through yet,103,application_status,103,application_status,run_03_seed_2024,0.9999868869781494
468,can you tell me the credit card application status,103,application_status,103,application_status,run_03_seed_2024,0.9999721050262451
469,has my application for the hsbc card been approved yet,103,application_status,103,application_status,run_03_seed_2024,0.9999909400939941
470,please tell me if my application for the hsbc card has gone through yet,103,application_status,103,application_status,run_03_seed_2024,0.9999947547912598
471,how far has my application for the hsbc card gone till now,103,application_status,103,application_status,run_03_seed_2024,0.999927282333374
472,what's the status on my application for the hsbc credit card,103,application_status,103,application_status,run_03_seed_2024,0.9999867677688599
473,how far has my application for the hsbc card proceeded till now,103,application_status,103,application_status,run_03_seed_2024,0.9980452060699463
474,did the application for my visa card finish,103,application_status,103,application_status,run_03_seed_2024,0.9804046750068665
475,has my mastercard application gone through the process,103,application_status,103,application_status,run_03_seed_2024,0.9999786615371704
476,has my mastercard application gone through yet,103,application_status,103,application_status,run_03_seed_2024,0.9999816417694092
477,has my application for my visa card gone through,103,application_status,103,application_status,run_03_seed_2024,0.9999246597290039
478,has my mastercard application been processed,103,application_status,103,application_status,run_03_seed_2024,0.999992847442627
479,when will i know if my visa card application was approved,103,application_status,103,application_status,run_03_seed_2024,0.9999592304229736
480,what's the status of by delta flight,80,flight_status,80,flight_status,run_03_seed_2024,0.9999616146087646
481,what's the status of my virgin airlines flight,80,flight_status,80,flight_status,run_03_seed_2024,0.9999467134475708
482,what's the status of my jetblue flight,80,flight_status,80,flight_status,run_03_seed_2024,0.9999850988388062
483,what's the status of my southwest flight,80,flight_status,80,flight_status,run_03_seed_2024,0.999995231628418
484,what's the status of my american airlines flight,80,flight_status,80,flight_status,run_03_seed_2024,0.9999217987060547
485,what's the news with my delta flight,80,flight_status,80,flight_status,run_03_seed_2024,0.9999922513961792
486,where is my delta flight,80,flight_status,80,flight_status,run_03_seed_2024,0.9999977350234985
487,what can you tell me about flight dl123,80,flight_status,80,flight_status,run_03_seed_2024,0.9999110698699951
488,where is flight dl123,80,flight_status,80,flight_status,run_03_seed_2024,0.9999722242355347
489,has flight dl123 left,80,flight_status,80,flight_status,run_03_seed_2024,0.9993289709091187
490,is flight dl123 going to arrive on time,80,flight_status,80,flight_status,run_03_seed_2024,0.9987086057662964
491,is my spirit flight running on time,80,flight_status,80,flight_status,run_03_seed_2024,0.9999659061431885
492,what's the status for my delta flight this afternoon,80,flight_status,80,flight_status,run_03_seed_2024,0.9999845027923584
493,give me the status on my united airlines flight,80,flight_status,80,flight_status,run_03_seed_2024,0.9999874830245972
494,what's up with my american airline flight will it be on time,80,flight_status,80,flight_status,run_03_seed_2024,0.9999563694000244
495,tell me what the status is for my aa flight,80,flight_status,80,flight_status,run_03_seed_2024,0.9994565844535828
496,i need for you to get me the status of my american airlines flight,80,flight_status,80,flight_status,run_03_seed_2024,0.9975672960281372
497,tell me the status of my american airlines flight,80,flight_status,80,flight_status,run_03_seed_2024,0.9999748468399048
498,i need to know the status of my american airlines flight,80,flight_status,80,flight_status,run_03_seed_2024,0.9998292922973633
499,would you let me know the status of my american airlines flight,80,flight_status,80,flight_status,run_03_seed_2024,0.9998154044151306
500,let me know the status of my american airlines flight,80,flight_status,80,flight_status,run_03_seed_2024,0.9996589422225952
501,has flight dl123 landed,80,flight_status,80,flight_status,run_03_seed_2024,0.9995040893554688
502,"is my flight, dl123 on time",80,flight_status,130,sync_device,run_03_seed_2024,0.3882872760295868
503,how far out is flight dl123,80,flight_status,80,flight_status,run_03_seed_2024,0.999351441860199
504,is flight dl123 delayed,80,flight_status,80,flight_status,run_03_seed_2024,0.9995754361152649
505,what time is boarding scheduled,80,flight_status,42,oos,run_03_seed_2024,0.26319605112075806
506,when is boarding scheduled,80,flight_status,42,oos,run_03_seed_2024,0.6064198613166809
507,what time is boarding for my flight,80,flight_status,80,flight_status,run_03_seed_2024,0.9999889135360718
508,when is boarding scheduled for my flight,80,flight_status,80,flight_status,run_03_seed_2024,0.9999666213989258
509,when is my flight scheduled to board,80,flight_status,80,flight_status,run_03_seed_2024,0.9999990463256836
510,flip a coin for me and i call heads,33,flip_coin,33,flip_coin,run_03_seed_2024,0.9999035596847534
511,can you flip a coin for me,33,flip_coin,33,flip_coin,run_03_seed_2024,0.9999996423721313
512,give me the results of a coin flip,33,flip_coin,33,flip_coin,run_03_seed_2024,0.9999977350234985
513,please flip a coin for me,33,flip_coin,33,flip_coin,run_03_seed_2024,0.9999992847442627
514,please flip a coin for me ai,33,flip_coin,33,flip_coin,run_03_seed_2024,0.9999992847442627
515,flip a coin and tell me if it's heads,33,flip_coin,33,flip_coin,run_03_seed_2024,0.9999948740005493
516,"ai, flip a coin for me",33,flip_coin,33,flip_coin,run_03_seed_2024,0.9999996423721313
517,"ai, please flip a simulated coin",33,flip_coin,33,flip_coin,run_03_seed_2024,0.9999991655349731
518,let's flip a coin i choose heads,33,flip_coin,33,flip_coin,run_03_seed_2024,0.9999986886978149
519,can you please do a simulated coin flip for me ai,33,flip_coin,33,flip_coin,run_03_seed_2024,0.9999973773956299
520,flip a coin i choose heads,33,flip_coin,33,flip_coin,run_03_seed_2024,0.9999841451644897
521,flip a coin i'm calling heads,33,flip_coin,33,flip_coin,run_03_seed_2024,0.9999943971633911
522,can you do a coin flip for me ai,33,flip_coin,33,flip_coin,run_03_seed_2024,0.9999996423721313
523,i want you to flip a coin i choose heads,33,flip_coin,33,flip_coin,run_03_seed_2024,0.9999980926513672
524,just toss a coin,33,flip_coin,33,flip_coin,run_03_seed_2024,0.9999797344207764
525,just flip a coin,33,flip_coin,33,flip_coin,run_03_seed_2024,0.9999996423721313
526,throw a coin in the air,33,flip_coin,33,flip_coin,run_03_seed_2024,0.6244836449623108
527,flip a coin into the air,33,flip_coin,33,flip_coin,run_03_seed_2024,0.9381083250045776
528,"heads, coin flip",33,flip_coin,33,flip_coin,run_03_seed_2024,0.9999992847442627
529,"flip coin, heads!",33,flip_coin,33,flip_coin,run_03_seed_2024,0.9999890327453613
530,"flip a coin, i call heads!",33,flip_coin,33,flip_coin,run_03_seed_2024,0.9988480806350708
531,"coin flip, choose heads",33,flip_coin,33,flip_coin,run_03_seed_2024,0.999731719493866
532,"please flip a coin, i choose heads!",33,flip_coin,33,flip_coin,run_03_seed_2024,0.9999603033065796
533,can you flip a coin i call heads,33,flip_coin,33,flip_coin,run_03_seed_2024,0.9999822378158569
534,"flip a coin, i'm heads",33,flip_coin,33,flip_coin,run_03_seed_2024,0.9999712705612183
535,"flip a coin, heads",33,flip_coin,33,flip_coin,run_03_seed_2024,0.9999924898147583
536,"flip us a coin, i call heads",33,flip_coin,33,flip_coin,run_03_seed_2024,0.9997383952140808
537,"flip a coin, you're tails and i'm heads",33,flip_coin,33,flip_coin,run_03_seed_2024,0.9999920129776001
538,give me a coin toss result,33,flip_coin,33,flip_coin,run_03_seed_2024,0.9917100071907043
539,"flip the coin, i choose heads",33,flip_coin,33,flip_coin,run_03_seed_2024,0.9999141693115234
540,bob is my name now,144,change_user_name,144,change_user_name,run_03_seed_2024,0.9091518521308899
541,please start calling me bob,144,change_user_name,144,change_user_name,run_03_seed_2024,0.9999645948410034
542,change my name to bob,144,change_user_name,144,change_user_name,run_03_seed_2024,0.5972276926040649
543,call me bob from now on,144,change_user_name,144,change_user_name,run_03_seed_2024,0.9624574780464172
544,don't call me bill anymore - call me bob,144,change_user_name,144,change_user_name,run_03_seed_2024,0.9999454021453857
545,i want you to call me bailey,144,change_user_name,144,change_user_name,run_03_seed_2024,0.9998835325241089
546,don't call me anything besides bailey,144,change_user_name,144,change_user_name,run_03_seed_2024,0.7465537190437317
547,refer to me as bailey,144,change_user_name,144,change_user_name,run_03_seed_2024,0.9339078664779663
548,"address me as ""bailey",144,change_user_name,144,change_user_name,run_03_seed_2024,0.9989669322967529
549,please call me bailey,144,change_user_name,144,change_user_name,run_03_seed_2024,0.9987119436264038
550,can you call me a different name,144,change_user_name,144,change_user_name,run_03_seed_2024,0.7830552458763123
551,could you call me a different name,144,change_user_name,144,change_user_name,run_03_seed_2024,0.9842680096626282
552,"could you call me a different name, please",144,change_user_name,144,change_user_name,run_03_seed_2024,0.9989266991615295
553,"could you call me by a different name, please",144,change_user_name,144,change_user_name,run_03_seed_2024,0.9998774528503418
554,"can you call me a different name, please",144,change_user_name,144,change_user_name,run_03_seed_2024,0.9993535876274109
555,"ai, my name is deb please use my name when you talk to me",144,change_user_name,144,change_user_name,run_03_seed_2024,0.782080352306366
556,ai answer my questions with my name first which is deb,144,change_user_name,11,user_name,run_03_seed_2024,0.9445041418075562
557,"ai, refer to me as deb when answering me",144,change_user_name,144,change_user_name,run_03_seed_2024,0.6677097678184509
558,"ai, address me as deb when speaking to me",144,change_user_name,144,change_user_name,run_03_seed_2024,0.8944849967956543
559,"ai, call me deb",144,change_user_name,144,change_user_name,run_03_seed_2024,0.9992740750312805
560,change my name please,144,change_user_name,144,change_user_name,run_03_seed_2024,0.9877485632896423
561,please go ahead and change my name,144,change_user_name,144,change_user_name,run_03_seed_2024,0.7142572999000549
562,please switch my name,144,change_user_name,144,change_user_name,run_03_seed_2024,0.8133674263954163
563,change name for me,144,change_user_name,55,change_ai_name,run_03_seed_2024,0.8922786712646484
564,my name is going to be sherlock,144,change_user_name,55,change_ai_name,run_03_seed_2024,0.6090595126152039
565,start calling me jake from now on,144,change_user_name,144,change_user_name,run_03_seed_2024,0.9404615163803101
566,call me shane,144,change_user_name,144,change_user_name,run_03_seed_2024,0.96015465259552
567,i want you to call me sheldon,144,change_user_name,144,change_user_name,run_03_seed_2024,0.9990787506103516
568,i want to be called timothy,144,change_user_name,144,change_user_name,run_03_seed_2024,0.7826247215270996
569,call me mike from now on,144,change_user_name,144,change_user_name,run_03_seed_2024,0.9943273663520813
570,where are you coming from,77,where_are_you_from,77,where_are_you_from,run_03_seed_2024,0.9999676942825317
571,from where do you come,77,where_are_you_from,77,where_are_you_from,run_03_seed_2024,0.9995825886726379
572,what place are you from,77,where_are_you_from,77,where_are_you_from,run_03_seed_2024,0.9999603033065796
573,where are you from originally,77,where_are_you_from,77,where_are_you_from,run_03_seed_2024,0.9999902248382568
574,"so, where do you come from",77,where_are_you_from,77,where_are_you_from,run_03_seed_2024,0.9999783039093018
575,so where do you come from originally,77,where_are_you_from,77,where_are_you_from,run_03_seed_2024,0.9998939037322998
576,where do you call home,77,where_are_you_from,77,where_are_you_from,run_03_seed_2024,0.9977731108665466
577,what's your home country,77,where_are_you_from,77,where_are_you_from,run_03_seed_2024,0.9999765157699585
578,where did you live before you moved here,77,where_are_you_from,77,where_are_you_from,run_03_seed_2024,0.9999985694885254
579,are you from here or somewhere else originally,77,where_are_you_from,77,where_are_you_from,run_03_seed_2024,0.9778768420219421
580,tell me where you're from,77,where_are_you_from,77,where_are_you_from,run_03_seed_2024,0.9999966621398926
581,what area did you come from,77,where_are_you_from,77,where_are_you_from,run_03_seed_2024,0.9999963045120239
582,what is your origin,77,where_are_you_from,77,where_are_you_from,run_03_seed_2024,0.9999833106994629
583,where was it you were born,77,where_are_you_from,77,where_are_you_from,run_03_seed_2024,0.9999839067459106
584,the place you were born is,77,where_are_you_from,77,where_are_you_from,run_03_seed_2024,0.9998743534088135
585,what location were you born,77,where_are_you_from,77,where_are_you_from,run_03_seed_2024,0.9999908208847046
586,where were you put together,77,where_are_you_from,77,where_are_you_from,run_03_seed_2024,0.9985927939414978
587,where is your home planet,77,where_are_you_from,77,where_are_you_from,run_03_seed_2024,0.9999481439590454
588,where is your home town,77,where_are_you_from,77,where_are_you_from,run_03_seed_2024,0.9999889135360718
589,where were you thought of,77,where_are_you_from,77,where_are_you_from,run_03_seed_2024,0.9999313354492188
590,where do you originate from,77,where_are_you_from,77,where_are_you_from,run_03_seed_2024,0.9999563694000244
591,where have you come from,77,where_are_you_from,77,where_are_you_from,run_03_seed_2024,0.9999717473983765
592,where were you before,77,where_are_you_from,77,where_are_you_from,run_03_seed_2024,0.9999943971633911
593,where were you processed,77,where_are_you_from,77,where_are_you_from,run_03_seed_2024,0.9997344613075256
594,a hidden government facility,77,where_are_you_from,58,share_location,run_03_seed_2024,0.32564568519592285
595,what region were you born,77,where_are_you_from,77,where_are_you_from,run_03_seed_2024,0.8815451264381409
596,from where did you originate,77,where_are_you_from,77,where_are_you_from,run_03_seed_2024,0.9999195337295532
597,are you from around here,77,where_are_you_from,77,where_are_you_from,run_03_seed_2024,0.48848816752433777
598,in what place are you originally from,77,where_are_you_from,77,where_are_you_from,run_03_seed_2024,0.9987586736679077
599,where did you grow up,77,where_are_you_from,99,how_old_are_you,run_03_seed_2024,0.9978150129318237
600,tack on a gallon of milk to the grocery list,125,shopping_list_update,125,shopping_list_update,run_03_seed_2024,0.9230939745903015
601,add laundry detergent to the list,125,shopping_list_update,65,todo_list_update,run_03_seed_2024,0.9851509928703308
602,make sure to put eggs on the grocery list,125,shopping_list_update,125,shopping_list_update,run_03_seed_2024,0.9997887015342712
603,the list should also have 2 loaves of bread,125,shopping_list_update,43,shopping_list,run_03_seed_2024,0.659493088722229
604,include asparagus on the list,125,shopping_list_update,65,todo_list_update,run_03_seed_2024,0.9641920924186707
605,remove milk and add eggs to my shopping list,125,shopping_list_update,125,shopping_list_update,run_03_seed_2024,0.9999977350234985
606,put milk on my shopping list,125,shopping_list_update,125,shopping_list_update,run_03_seed_2024,0.9762670993804932
607,i'd like to add pancake mix to my shopping list if it's not already there,125,shopping_list_update,125,shopping_list_update,run_03_seed_2024,0.9999946355819702
608,"if soda isn't on my shopping list, go ahead and add it for me",125,shopping_list_update,125,shopping_list_update,run_03_seed_2024,0.9998087286949158
609,add milk to my shopping list,125,shopping_list_update,125,shopping_list_update,run_03_seed_2024,0.9999966621398926
610,take toilet paper off my shopping list,125,shopping_list_update,125,shopping_list_update,run_03_seed_2024,0.9997426867485046
611,i need to add flour to my list for shopping if i haven't already,125,shopping_list_update,125,shopping_list_update,run_03_seed_2024,0.9999611377716064
612,take toilet paper off my shopping list and add paper towels,125,shopping_list_update,125,shopping_list_update,run_03_seed_2024,0.9999899864196777
613,i need hot dogs added to my shopping list please,125,shopping_list_update,125,shopping_list_update,run_03_seed_2024,0.9988923668861389
614,please put chips on my shopping list,125,shopping_list_update,125,shopping_list_update,run_03_seed_2024,0.999496340751648
615,"is milk in my shopping list if not, add it",125,shopping_list_update,125,shopping_list_update,run_03_seed_2024,0.9999985694885254
616,can you add eggs to my shopping list,125,shopping_list_update,125,shopping_list_update,run_03_seed_2024,0.999998927116394
617,add eggs to my shopping list if it's not already there,125,shopping_list_update,125,shopping_list_update,run_03_seed_2024,0.9999997615814209
618,i'd like to get soda while i'm out; add it to my shopping list,125,shopping_list_update,125,shopping_list_update,run_03_seed_2024,0.9999961853027344
619,"on my shopping list, remove eggs",125,shopping_list_update,125,shopping_list_update,run_03_seed_2024,0.9999911785125732
620,i need eggs; add them to my shopping list,125,shopping_list_update,125,shopping_list_update,run_03_seed_2024,0.9999938011169434
621,"take soda from my shopping list, and while you're at it add tea",125,shopping_list_update,125,shopping_list_update,run_03_seed_2024,0.9997768998146057
622,milk should be added to my shopping list,125,shopping_list_update,125,shopping_list_update,run_03_seed_2024,0.9997808337211609
623,"i don't need eggs anymore, but i do need milk",125,shopping_list_update,134,ingredient_substitution,run_03_seed_2024,0.7768774032592773
624,take paper towels off of my shopping list,125,shopping_list_update,125,shopping_list_update,run_03_seed_2024,0.9999594688415527
625,i need milk on my shopping list,125,shopping_list_update,43,shopping_list,run_03_seed_2024,0.994962215423584
626,i don't need toilet paper anymore; take it off my shopping list,125,shopping_list_update,125,shopping_list_update,run_03_seed_2024,0.9998661279678345
627,"throw eggs on my shopping list, please",125,shopping_list_update,125,shopping_list_update,run_03_seed_2024,0.9999926090240479
628,i need water on my shopping list and beer off of it,125,shopping_list_update,125,shopping_list_update,run_03_seed_2024,0.5794405937194824
629,i need bananas on the list too,125,shopping_list_update,65,todo_list_update,run_03_seed_2024,0.6708713173866272
630,can you tell me what you can help with,115,what_can_i_ask_you,115,what_can_i_ask_you,run_03_seed_2024,0.9996325969696045
631,what things are you able to help me with,115,what_can_i_ask_you,115,what_can_i_ask_you,run_03_seed_2024,0.9999594688415527
632,i would like to know what you can help with,115,what_can_i_ask_you,115,what_can_i_ask_you,run_03_seed_2024,0.998649537563324
633,what kind of things can you help with,115,what_can_i_ask_you,115,what_can_i_ask_you,run_03_seed_2024,0.9999839067459106
634,i want to know what type of things you can help me with,115,what_can_i_ask_you,115,what_can_i_ask_you,run_03_seed_2024,0.9999940395355225
635,please help me to know what type of things you can help me with,115,what_can_i_ask_you,115,what_can_i_ask_you,run_03_seed_2024,0.999995231628418
636,can i know what type of things you can help me with,115,what_can_i_ask_you,115,what_can_i_ask_you,run_03_seed_2024,0.9999979734420776
637,i would like to know what type of things you can help me with,115,what_can_i_ask_you,115,what_can_i_ask_you,run_03_seed_2024,0.9999959468841553
638,i will be glad to know what type of things you can help me with,115,what_can_i_ask_you,115,what_can_i_ask_you,run_03_seed_2024,0.9985581040382385
639,what subjects do you like,115,what_can_i_ask_you,115,what_can_i_ask_you,run_03_seed_2024,0.8978262543678284
640,tell me what subjects you like,115,what_can_i_ask_you,115,what_can_i_ask_you,run_03_seed_2024,0.9998599290847778
641,please tell me what subjects you like,115,what_can_i_ask_you,115,what_can_i_ask_you,run_03_seed_2024,0.9996064305305481
642,so what subjects do you like,115,what_can_i_ask_you,15,what_are_your_hobbies,run_03_seed_2024,0.928184986114502
643,what type of questions can i ask you,115,what_can_i_ask_you,115,what_can_i_ask_you,run_03_seed_2024,0.9999997615814209
644,what kinds of things are you familiar with,115,what_can_i_ask_you,115,what_can_i_ask_you,run_03_seed_2024,0.9999949932098389
645,what subjects are you experienced in,115,what_can_i_ask_you,115,what_can_i_ask_you,run_03_seed_2024,0.9999464750289917
646,what knowledge do you have on certain subjects,115,what_can_i_ask_you,115,what_can_i_ask_you,run_03_seed_2024,0.7573520541191101
647,what kid of subjects do you excel in,115,what_can_i_ask_you,115,what_can_i_ask_you,run_03_seed_2024,0.9894930124282837
648,what subjects or areas are you familiar with,115,what_can_i_ask_you,115,what_can_i_ask_you,run_03_seed_2024,0.9999862909317017
649,which subjects are you the most experienced with,115,what_can_i_ask_you,115,what_can_i_ask_you,run_03_seed_2024,0.8462774753570557
650,tell me what you can do for me,115,what_can_i_ask_you,11,user_name,run_03_seed_2024,0.8695963621139526
651,what sorts of tasks can you do,115,what_can_i_ask_you,115,what_can_i_ask_you,run_03_seed_2024,0.9998059868812561
652,what can you do for me,115,what_can_i_ask_you,115,what_can_i_ask_you,run_03_seed_2024,0.5181328654289246
653,what can you do to make yourself useful,115,what_can_i_ask_you,104,recipe,run_03_seed_2024,0.8619371652603149
654,what would you be able to do with me,115,what_can_i_ask_you,115,what_can_i_ask_you,run_03_seed_2024,0.9463383555412292
655,give me examples of what to ask you,115,what_can_i_ask_you,115,what_can_i_ask_you,run_03_seed_2024,0.9999688863754272
656,tell me what types of questions i can ask you,115,what_can_i_ask_you,115,what_can_i_ask_you,run_03_seed_2024,0.9999992847442627
657,what are you programmed to do for me,115,what_can_i_ask_you,115,what_can_i_ask_you,run_03_seed_2024,0.8833960890769958
658,what things do you know how to do,115,what_can_i_ask_you,115,what_can_i_ask_you,run_03_seed_2024,0.9981769323348999
659,how can you help me,115,what_can_i_ask_you,115,what_can_i_ask_you,run_03_seed_2024,0.9996269941329956
660,undecided,121,maybe,147,cancel,run_03_seed_2024,0.15065376460552216
661,i'm afraid i don't know how to answer that,121,maybe,121,maybe,run_03_seed_2024,0.9999945163726807
662,might,121,maybe,121,maybe,run_03_seed_2024,0.5325000286102295
663,it might go either way,121,maybe,121,maybe,run_03_seed_2024,0.9999475479125977
664,both could be,121,maybe,121,maybe,run_03_seed_2024,0.9999358654022217
665,either or,121,maybe,121,maybe,run_03_seed_2024,0.9991495609283447
666,my answer would be maybe,121,maybe,121,maybe,run_03_seed_2024,0.9968909621238708
667,either one might be,121,maybe,121,maybe,run_03_seed_2024,0.999995231628418
668,i can't say for certain either way,121,maybe,121,maybe,run_03_seed_2024,0.9743587374687195
669,it could go either way,121,maybe,121,maybe,run_03_seed_2024,0.9998924732208252
670,it's definitely a maybe for that,121,maybe,121,maybe,run_03_seed_2024,0.9902085065841675
671,i am not sure,121,maybe,121,maybe,run_03_seed_2024,0.9771111607551575
672,maybe it is,121,maybe,121,maybe,run_03_seed_2024,0.9999847412109375
673,i can't say,121,maybe,121,maybe,run_03_seed_2024,0.9988561868667603
674,could be,121,maybe,121,maybe,run_03_seed_2024,0.9993442893028259
675,i am unable to say,121,maybe,124,thank_you,run_03_seed_2024,0.7046217322349548
676,i am not able to say,121,maybe,30,no,run_03_seed_2024,0.5420705080032349
677,i am really not sure,121,maybe,121,maybe,run_03_seed_2024,0.9873599410057068
678,i do not know,121,maybe,121,maybe,run_03_seed_2024,0.9989797472953796
679,not sure,121,maybe,121,maybe,run_03_seed_2024,0.9694733023643494
680,not sure to be honest,121,maybe,121,maybe,run_03_seed_2024,0.9671567678451538
681,i think maybe,121,maybe,121,maybe,run_03_seed_2024,0.999984622001648
682,"um, i'm not quite sure",121,maybe,121,maybe,run_03_seed_2024,0.9995635151863098
683,"um, i'm not totally sure",121,maybe,121,maybe,run_03_seed_2024,0.9995112419128418
684,"um, i'm not actually sure",121,maybe,121,maybe,run_03_seed_2024,0.9722706079483032
685,i'm not actually sure,121,maybe,121,maybe,run_03_seed_2024,0.9992774128913879
686,"um, i'm not sure",121,maybe,121,maybe,run_03_seed_2024,0.9988030195236206
687,that might be the case,121,maybe,121,maybe,run_03_seed_2024,0.5517306923866272
688,i'm not completely certain,121,maybe,121,maybe,run_03_seed_2024,0.9411137700080872
689,unsure,121,maybe,121,maybe,run_03_seed_2024,0.9911527037620544
690,help me change my oil,3,oil_change_how,3,oil_change_how,run_03_seed_2024,0.99930739402771
691,what oil should i use for an oil change and how do i do it,3,oil_change_how,3,oil_change_how,run_03_seed_2024,0.999920129776001
692,how do i do an oil change,3,oil_change_how,3,oil_change_how,run_03_seed_2024,0.9546350240707397
693,diy oil change,3,oil_change_how,3,oil_change_how,run_03_seed_2024,0.8844960927963257
694,how to do an oil change,3,oil_change_how,3,oil_change_how,run_03_seed_2024,0.9593223333358765
695,give me instructions for an oil change,3,oil_change_how,3,oil_change_how,run_03_seed_2024,0.6846670508384705
696,diy oil change and oil type,3,oil_change_how,3,oil_change_how,run_03_seed_2024,0.9901818633079529
697,oil type and do it yourself oil change information please,3,oil_change_how,3,oil_change_how,run_03_seed_2024,0.8072587847709656
698,i want to know how to change my oil,3,oil_change_how,3,oil_change_how,run_03_seed_2024,0.9999961853027344
699,can you tell me how to change my oil and what kind i use,3,oil_change_how,3,oil_change_how,run_03_seed_2024,0.9999698400497437
700,how to change oil and what oil type,3,oil_change_how,3,oil_change_how,run_03_seed_2024,0.999948263168335
701,can you please instruct me on the proper way to change the oil in my car,3,oil_change_how,3,oil_change_how,run_03_seed_2024,0.999969482421875
702,i need guidance on changing my oil,3,oil_change_how,3,oil_change_how,run_03_seed_2024,0.9984235763549805
703,i want a step by step explanation of how to change the oil in my car,3,oil_change_how,3,oil_change_how,run_03_seed_2024,0.9999638795852661
704,can you teach me how to change my oil,3,oil_change_how,3,oil_change_how,run_03_seed_2024,0.9999892711639404
705,can you teach me how to change my oil in my car,3,oil_change_how,3,oil_change_how,run_03_seed_2024,0.9999748468399048
706,help me figure out how to change my oil,3,oil_change_how,3,oil_change_how,run_03_seed_2024,0.9999935626983643
707,walk me through the steps involved in changing my oil,3,oil_change_how,3,oil_change_how,run_03_seed_2024,0.9995400905609131
708,give me step by step instructions for changing my oil,3,oil_change_how,3,oil_change_how,run_03_seed_2024,0.9999076128005981
709,i want to change the oil in my car but i do not know how to do it can you help,3,oil_change_how,3,oil_change_how,run_03_seed_2024,0.9788342714309692
710,put together a list of instructions for me on how to change the oil in my car,3,oil_change_how,3,oil_change_how,run_03_seed_2024,0.999215841293335
711,"is it possible to change oil, if so how and what do i use",3,oil_change_how,3,oil_change_how,run_03_seed_2024,0.996509850025177
712,what oil do i use when changing oil and how do i do it,3,oil_change_how,3,oil_change_how,run_03_seed_2024,0.9998263716697693
713,how would i replace my oil and what sort of oil should i use,3,oil_change_how,3,oil_change_how,run_03_seed_2024,0.999964714050293
714,"can you change the oil, with what and how",3,oil_change_how,143,min_payment,run_03_seed_2024,0.5223996043205261
715,how could i replace my oil and what form of oil ought to i take advantage of,3,oil_change_how,3,oil_change_how,run_03_seed_2024,0.9999489784240723
716,can you tell me how to change my oil please,3,oil_change_how,3,oil_change_how,run_03_seed_2024,0.9999282360076904
717,how do i change my oil,3,oil_change_how,3,oil_change_how,run_03_seed_2024,0.999970555305481
718,please let me know how to change the oil,3,oil_change_how,3,oil_change_how,run_03_seed_2024,0.9999958276748657
719,i need to know how to change oil in a car,3,oil_change_how,3,oil_change_how,run_03_seed_2024,0.9999954700469971
720,"i'd like to make a reservation at rooth chris, can you do that",23,restaurant_reservation,9,accept_reservations,run_03_seed_2024,0.8756965398788452
721,make a reservation for chik-fil-a at 3 o' clock please,23,restaurant_reservation,23,restaurant_reservation,run_03_seed_2024,0.920123815536499
722,reserve a table for 3 at 7 for olive garden,23,restaurant_reservation,23,restaurant_reservation,run_03_seed_2024,0.9998695850372314
723,will you reserve a table at olive garden for 3 people at 7,23,restaurant_reservation,23,restaurant_reservation,run_03_seed_2024,0.9997275471687317
724,"at 7, i need a table for 3 at olive garden",23,restaurant_reservation,23,restaurant_reservation,run_03_seed_2024,0.998836100101471
725,i need a table for 3 at olive garden for 7,23,restaurant_reservation,23,restaurant_reservation,run_03_seed_2024,0.9999061822891235
726,get a table for me at 7 for 3 people at olive garden,23,restaurant_reservation,23,restaurant_reservation,run_03_seed_2024,0.9999839067459106
727,reserve table for 5 at red robin under the name sara at 3,23,restaurant_reservation,23,restaurant_reservation,run_03_seed_2024,0.9997593760490417
728,reverse a table for 5 at burger king under the name sara at 6,23,restaurant_reservation,23,restaurant_reservation,run_03_seed_2024,0.9998334646224976
729,can you reserve a table for 6 at red robin under the name mavrick at 5 clock,23,restaurant_reservation,23,restaurant_reservation,run_03_seed_2024,0.9999799728393555
730,could you reserve table for 3 at carlos jr under the name adam at 4,23,restaurant_reservation,23,restaurant_reservation,run_03_seed_2024,0.9977295994758606
731,i want to reserve table for 5 at red robin under the name sara at 5,23,restaurant_reservation,23,restaurant_reservation,run_03_seed_2024,0.9999788999557495
732,i need a table for two at the havana at nine,23,restaurant_reservation,23,restaurant_reservation,run_03_seed_2024,0.999640941619873
733,look for me a table at carl's cabin for twelve at eight,23,restaurant_reservation,23,restaurant_reservation,run_03_seed_2024,0.9489270448684692
734,i need a table at gemma for nine at two,23,restaurant_reservation,23,restaurant_reservation,run_03_seed_2024,0.9938008189201355
735,book me a table for three at rainforest cafe at seven,23,restaurant_reservation,23,restaurant_reservation,run_03_seed_2024,0.9999591112136841
736,get me a table for five at itta bena at three,23,restaurant_reservation,23,restaurant_reservation,run_03_seed_2024,0.9999284744262695
737,"5 people are going to be at tropicana by 8pm, reserve the table under martins name please",23,restaurant_reservation,23,restaurant_reservation,run_03_seed_2024,0.44284406304359436
738,use martins name to reserve a table at tropicana for 5 people at 8pm,23,restaurant_reservation,23,restaurant_reservation,run_03_seed_2024,0.9990808963775635
739,reserve a table at tropicana for 5 people under the name martins for 8pm,23,restaurant_reservation,23,restaurant_reservation,run_03_seed_2024,0.999739944934845
740,martins needs a table for 5 people at tropicana at 8pm precisely,23,restaurant_reservation,23,restaurant_reservation,run_03_seed_2024,0.9933964014053345
741,the table should be reserved at 8pm at tropicana using martins name and it should be for 5 people,23,restaurant_reservation,67,cancel_reservation,run_03_seed_2024,0.8603481650352478
742,are there any open reservations at outback tonight,23,restaurant_reservation,9,accept_reservations,run_03_seed_2024,0.980566143989563
743,make a reservation for 2 tonight at 7:00 at outback steakhouse,23,restaurant_reservation,23,restaurant_reservation,run_03_seed_2024,0.9992351531982422
744,michael will reserve a table for two at 7:00pm for olive garden,23,restaurant_reservation,23,restaurant_reservation,run_03_seed_2024,0.9997618794441223
745,a table for two needs to be reserved for 7:00pm at olive garden using the name michael,23,restaurant_reservation,23,restaurant_reservation,run_03_seed_2024,0.983914852142334
746,please reserve a table for two at olive garden at 7:00pm for michael,23,restaurant_reservation,23,restaurant_reservation,run_03_seed_2024,0.9999666213989258
747,get reservations at olive garden for two at 7:00pm under michael,23,restaurant_reservation,23,restaurant_reservation,run_03_seed_2024,0.9964955449104309
748,reservations for two need to be made using michael's name for 7:00pm at olive garden,23,restaurant_reservation,23,restaurant_reservation,run_03_seed_2024,0.5593305230140686
749,i want to eat at seven in the restaurant for two people,23,restaurant_reservation,102,how_busy,run_03_seed_2024,0.3568282425403595
750,what are my coffers at,35,balance,93,income,run_03_seed_2024,0.8821967840194702
751,tell me the current balance of my bank accounts,35,balance,35,balance,run_03_seed_2024,0.9999959468841553
752,what's my current bank account total,35,balance,35,balance,run_03_seed_2024,0.9998573064804077
753,how much do i have in my bank accounts,35,balance,35,balance,run_03_seed_2024,0.9999957084655762
754,what's the balance in my bank accounts,35,balance,35,balance,run_03_seed_2024,0.999998927116394
755,what do i have in my bank accounts right now,35,balance,35,balance,run_03_seed_2024,0.9999853372573853
756,is there enough in my wells fargo account to buy some nike's,35,balance,35,balance,run_03_seed_2024,0.9875302314758301
757,do i have enough in my wells fargo account to get some nike's,35,balance,35,balance,run_03_seed_2024,0.9998970031738281
758,do i have money in my wells fargo account for nike's,35,balance,35,balance,run_03_seed_2024,0.9998703002929688
759,"i want some nike's, is there enough in my wells fargo account",35,balance,35,balance,run_03_seed_2024,0.9535002112388611
760,check my wells fargo account to see if i have enough for these nike's,35,balance,35,balance,run_03_seed_2024,0.7608175277709961
761,would you tell me my bank balance,35,balance,35,balance,run_03_seed_2024,0.9999884366989136
762,can you tell me my bank balance,35,balance,35,balance,run_03_seed_2024,0.9999946355819702
763,will you let me know my bank balance,35,balance,35,balance,run_03_seed_2024,0.999977707862854
764,will you tell me my bank balance,35,balance,35,balance,run_03_seed_2024,0.9999822378158569
765,how much money is there in my bank accounts,35,balance,35,balance,run_03_seed_2024,0.9999990463256836
766,how much money do i have in my various bank accounts,35,balance,35,balance,run_03_seed_2024,0.9999557733535767
767,how much cash do i have in my various bank accounts,35,balance,35,balance,run_03_seed_2024,0.9999873638153076
768,how much cash do i have in my bank accounts,35,balance,35,balance,run_03_seed_2024,0.9999973773956299
769,how much dough do i have in my bank accounts,35,balance,35,balance,run_03_seed_2024,0.9999966621398926
770,whats the combined total of the money inside my bank accounts,35,balance,35,balance,run_03_seed_2024,0.9999979734420776
771,whats my bank accounts look like,35,balance,35,balance,run_03_seed_2024,0.9995630383491516
772,how much moola is in my bank accounts,35,balance,35,balance,run_03_seed_2024,0.9999525547027588
773,what the numerical number inside my bank accounts,35,balance,35,balance,run_03_seed_2024,0.9995481371879578
774,how much does my bank account have,35,balance,35,balance,run_03_seed_2024,0.9966109395027161
775,tell me the current account balance,35,balance,35,balance,run_03_seed_2024,0.9999580383300781
776,check my checking balance,35,balance,35,balance,run_03_seed_2024,0.999984622001648
777,how much do i have left in my checking account,35,balance,35,balance,run_03_seed_2024,0.9999516010284424
778,what's my checking look like,35,balance,74,insurance,run_03_seed_2024,0.681396484375
779,how much do i have in my savings account,35,balance,35,balance,run_03_seed_2024,0.9999904632568359
780,confirm my reservation for march 12 at 9:00 am,85,confirm_reservation,85,confirm_reservation,run_03_seed_2024,0.9999860525131226
781,please confirm that i have a reservation for march 1st at 7,85,confirm_reservation,85,confirm_reservation,run_03_seed_2024,0.9999969005584717
782,can you confirm that i have a reservation for february 21 at 6 o'clock,85,confirm_reservation,85,confirm_reservation,run_03_seed_2024,0.9999982118606567
783,verify my reservation for smith and wollensky at 6:45,85,confirm_reservation,85,confirm_reservation,run_03_seed_2024,0.9998911619186401
784,please confirm my reservation for bar les freres at 7,85,confirm_reservation,85,confirm_reservation,run_03_seed_2024,0.9999648332595825
785,tell me whether or not i have a reservation at gramercy tavern for tad,85,confirm_reservation,85,confirm_reservation,run_03_seed_2024,0.9940774440765381
786,can you confirm that i have a reservation for 2/20 at 6:00 pm,85,confirm_reservation,85,confirm_reservation,run_03_seed_2024,0.9999991655349731
787,please tell me if i still have a reservation at acero for susie,85,confirm_reservation,85,confirm_reservation,run_03_seed_2024,0.9999309778213501
788,please confirm my reservation at brio for theodore,85,confirm_reservation,85,confirm_reservation,run_03_seed_2024,0.9988898634910583
789,confirm my reservation for acero at 7,85,confirm_reservation,85,confirm_reservation,run_03_seed_2024,0.9999884366989136
790,please confirm that i have a reservation for 2/20 at 6:00 pm,85,confirm_reservation,85,confirm_reservation,run_03_seed_2024,0.9999994039535522
791,confirm that there is a reservation at bellagio for thomas,85,confirm_reservation,85,confirm_reservation,run_03_seed_2024,0.9997794032096863
792,can you confirm the reservation at fleming's for jane,85,confirm_reservation,67,cancel_reservation,run_03_seed_2024,0.5529100894927979
793,are there reservation for joe and will,85,confirm_reservation,85,confirm_reservation,run_03_seed_2024,0.8543402552604675
794,please verify my reservation for john at bardenay,85,confirm_reservation,85,confirm_reservation,run_03_seed_2024,0.9943373799324036
795,will you call and check on my reservation for john at bardenay,85,confirm_reservation,85,confirm_reservation,run_03_seed_2024,0.9998993873596191
796,is my reservation set for john at bardenay,85,confirm_reservation,85,confirm_reservation,run_03_seed_2024,0.976693332195282
797,do we know if my reservation for john at bardenay was accepted,85,confirm_reservation,85,confirm_reservation,run_03_seed_2024,0.982829749584198
798,has my reservation for john at bardenay been confirmed,85,confirm_reservation,85,confirm_reservation,run_03_seed_2024,0.9470662474632263
799,"let's try and confirm my reservation for bubble bar under ""franklin",85,confirm_reservation,85,confirm_reservation,run_03_seed_2024,0.9996071457862854
800,i need to confirm my reservation for red lobster for frank,85,confirm_reservation,85,confirm_reservation,run_03_seed_2024,0.9999837875366211
801,"find my reservation for steve at crucere's and confirm it, please",85,confirm_reservation,85,confirm_reservation,run_03_seed_2024,0.9695297479629517
802,confirm the john reservation at applebee's,85,confirm_reservation,67,cancel_reservation,run_03_seed_2024,0.8527457118034363
803,i'd like to confirm the josh reservation at moe's,85,confirm_reservation,67,cancel_reservation,run_03_seed_2024,0.7485615611076355
804,i have a reservation for strip house for jennifer that i'd like to confirm,85,confirm_reservation,52,vaccines,run_03_seed_2024,0.3871576488018036
805,please try to confirm my reservation for jim at barney's,85,confirm_reservation,85,confirm_reservation,run_03_seed_2024,0.9999316930770874
806,confirm my reservation for joe at hoss's,85,confirm_reservation,85,confirm_reservation,run_03_seed_2024,0.9999793767929077
807,i need to confirm the reservation for frank at chili's,85,confirm_reservation,85,confirm_reservation,run_03_seed_2024,0.9807557463645935
808,i'll be confirming my reservation for joseph at red lobster,85,confirm_reservation,85,confirm_reservation,run_03_seed_2024,0.7885010242462158
809,is there a reservation for mark at mimis,85,confirm_reservation,85,confirm_reservation,run_03_seed_2024,0.9973464012145996
810,can you freeze my bank account,20,freeze_account,20,freeze_account,run_03_seed_2024,0.9999797344207764
811,i want to freeze my bank account,20,freeze_account,20,freeze_account,run_03_seed_2024,0.9999891519546509
812,i want my account locked out,20,freeze_account,20,freeze_account,run_03_seed_2024,0.9999678134918213
813,stop all access to my account,20,freeze_account,20,freeze_account,run_03_seed_2024,0.9998815059661865
814,i need my account frozen!,20,freeze_account,20,freeze_account,run_03_seed_2024,0.9987693428993225
815,i need to lock my account right now!,20,freeze_account,20,freeze_account,run_03_seed_2024,0.993907630443573
816,please force my account to freeze,20,freeze_account,20,freeze_account,run_03_seed_2024,0.9778996706008911
817,please stop my account,20,freeze_account,20,freeze_account,run_03_seed_2024,0.9999423027038574
818,please allow my account to freeze,20,freeze_account,20,freeze_account,run_03_seed_2024,0.9990733861923218
819,please put my account on hold,20,freeze_account,20,freeze_account,run_03_seed_2024,0.9997379183769226
820,freeze my account at the bank immediately,20,freeze_account,20,freeze_account,run_03_seed_2024,0.9998470544815063
821,would you be able to freeze my bank account,20,freeze_account,20,freeze_account,run_03_seed_2024,0.8982663750648499
822,my account at the bank needs to be frozen,20,freeze_account,20,freeze_account,run_03_seed_2024,0.9707674384117126
823,please block my discover account immediately,20,freeze_account,20,freeze_account,run_03_seed_2024,0.9999020099639893
824,please put a block on my citi account immediately,20,freeze_account,20,freeze_account,run_03_seed_2024,0.9999520778656006
825,block my american saving bank for now,20,freeze_account,20,freeze_account,run_03_seed_2024,0.8768660426139832
826,block my bank of america immdediately,20,freeze_account,20,freeze_account,run_03_seed_2024,0.9855851531028748
827,put a block on bank of amerian immediately,20,freeze_account,20,freeze_account,run_03_seed_2024,0.9999772310256958
828,my account needs to be frozen,20,freeze_account,20,freeze_account,run_03_seed_2024,0.9950266480445862
829,freeze my account for me,20,freeze_account,20,freeze_account,run_03_seed_2024,0.9987941980361938
830,put a freeze on my account,20,freeze_account,20,freeze_account,run_03_seed_2024,0.9998605251312256
831,could you please put a stop on my bank account,20,freeze_account,20,freeze_account,run_03_seed_2024,0.9999951124191284
832,i need to put a stop on my bank account,20,freeze_account,20,freeze_account,run_03_seed_2024,0.9999977350234985
833,are you able to put a stop on my bank account,20,freeze_account,20,freeze_account,run_03_seed_2024,0.9999333620071411
834,please put a stop on my bank account,20,freeze_account,20,freeze_account,run_03_seed_2024,0.9999980926513672
835,i am hoping you can put a stop on my bank account,20,freeze_account,20,freeze_account,run_03_seed_2024,0.9999955892562866
836,please put a freeze on my banking account,20,freeze_account,20,freeze_account,run_03_seed_2024,0.9999278783798218
837,i need my bank account frozen,20,freeze_account,20,freeze_account,run_03_seed_2024,0.9918618202209473
838,how do i freeze my bank account,20,freeze_account,20,freeze_account,run_03_seed_2024,0.9866347312927246
839,would you freeze my bank account,20,freeze_account,20,freeze_account,run_03_seed_2024,0.9992603659629822
840,"i heard i can transfer my 401k, but don't know how, do you",100,rollover_401k,100,rollover_401k,run_03_seed_2024,0.9422128796577454
841,"i need some help with transferring my 401k, can you help",100,rollover_401k,115,what_can_i_ask_you,run_03_seed_2024,0.9015929102897644
842,can you tell me how to transfer my 401k,100,rollover_401k,100,rollover_401k,run_03_seed_2024,0.999992847442627
843,i want to transfer my 401k,100,rollover_401k,100,rollover_401k,run_03_seed_2024,0.9999955892562866
844,i wanna transfer my 401k,100,rollover_401k,100,rollover_401k,run_03_seed_2024,0.9999895095825195
845,i have to rollover my 401k,100,rollover_401k,100,rollover_401k,run_03_seed_2024,0.9999974966049194
846,i must rollover my 401k,100,rollover_401k,100,rollover_401k,run_03_seed_2024,0.9999951124191284
847,i want help to transfer my 401k,100,rollover_401k,100,rollover_401k,run_03_seed_2024,0.9999889135360718
848,help me to transfer my 401k,100,rollover_401k,100,rollover_401k,run_03_seed_2024,0.9999830722808838
849,i will rollover my 401k,100,rollover_401k,100,rollover_401k,run_03_seed_2024,0.9999971389770508
850,i need help to transfer my 401k,100,rollover_401k,100,rollover_401k,run_03_seed_2024,0.9999957084655762
851,i want to rollover my 401k,100,rollover_401k,100,rollover_401k,run_03_seed_2024,0.999998927116394
852,how do i transfer my 401k to a new firm,100,rollover_401k,100,rollover_401k,run_03_seed_2024,0.9999567270278931
853,how do i roll over my 401k,100,rollover_401k,100,rollover_401k,run_03_seed_2024,0.9999995231628418
854,can i move my 401k to an ira,100,rollover_401k,100,rollover_401k,run_03_seed_2024,0.9862901568412781
855,how do i do a 401(k) rollover,100,rollover_401k,51,change_accent,run_03_seed_2024,0.6168640851974487
856,can 401ks be moved,100,rollover_401k,25,make_call,run_03_seed_2024,0.3435090482234955
857,can i transfer my 401k somewhere,100,rollover_401k,100,rollover_401k,run_03_seed_2024,0.9999916553497314
858,how do i switch 401k companies,100,rollover_401k,100,rollover_401k,run_03_seed_2024,0.8954837322235107
859,tell me how to roll over my 401k,100,rollover_401k,100,rollover_401k,run_03_seed_2024,0.999998927116394
860,how can i transfer my 401k,100,rollover_401k,100,rollover_401k,run_03_seed_2024,0.999758780002594
861,what are the steps to rollover my 401k,100,rollover_401k,100,rollover_401k,run_03_seed_2024,0.9999994039535522
862,"my 401k, can i roll it over",100,rollover_401k,92,roll_dice,run_03_seed_2024,0.8590030670166016
863,"i want to rollover my 401k , can i",100,rollover_401k,100,rollover_401k,run_03_seed_2024,0.9997760653495789
864,help me rollover my 401k,100,rollover_401k,100,rollover_401k,run_03_seed_2024,0.9999972581863403
865,do you know the process to rollover my 401k,100,rollover_401k,100,rollover_401k,run_03_seed_2024,0.9999980926513672
866,tell me how to rollover my 401k,100,rollover_401k,100,rollover_401k,run_03_seed_2024,0.9999992847442627
867,my 401k needs to rollover and i need your help,100,rollover_401k,100,rollover_401k,run_03_seed_2024,0.9999957084655762
868,let me know how to rollover my 401k,100,rollover_401k,100,rollover_401k,run_03_seed_2024,0.9999988079071045
869,what do i have to do to transfer my 401k,100,rollover_401k,100,rollover_401k,run_03_seed_2024,0.9996647834777832
870,what company made this ai,96,who_made_you,96,who_made_you,run_03_seed_2024,0.9999879598617554
871,what is the name of the person who made you,96,who_made_you,96,who_made_you,run_03_seed_2024,0.9989287257194519
872,who is the person that brought you to life,96,who_made_you,96,who_made_you,run_03_seed_2024,0.9633136987686157
873,who is the one that made you,96,who_made_you,96,who_made_you,run_03_seed_2024,0.9999767541885376
874,who is your maker,96,who_made_you,57,who_do_you_work_for,run_03_seed_2024,0.9889634847640991
875,which company made you,96,who_made_you,96,who_made_you,run_03_seed_2024,0.9999954700469971
876,who assembled you,96,who_made_you,96,who_made_you,run_03_seed_2024,0.9993783235549927
877,i wanna know who programmed you,96,who_made_you,96,who_made_you,run_03_seed_2024,0.9999687671661377
878,let me know who programmed you,96,who_made_you,96,who_made_you,run_03_seed_2024,0.999993085861206
879,who made you,96,who_made_you,96,who_made_you,run_03_seed_2024,0.9999916553497314
880,i wanna know your maker,96,who_made_you,124,thank_you,run_03_seed_2024,0.467160165309906
881,who was your maker,96,who_made_you,96,who_made_you,run_03_seed_2024,0.998847246170044
882,who is the one who programmed you,96,who_made_you,96,who_made_you,run_03_seed_2024,0.99998939037323
883,i must know who programmed you,96,who_made_you,96,who_made_you,run_03_seed_2024,0.999984860420227
884,tell me who your maker was,96,who_made_you,96,who_made_you,run_03_seed_2024,0.8795469999313354
885,what was the company that designed you,96,who_made_you,96,who_made_you,run_03_seed_2024,0.9997900128364563
886,do you know what company were you designed by,96,who_made_you,96,who_made_you,run_03_seed_2024,0.999922513961792
887,let me know which company were you designed by,96,who_made_you,96,who_made_you,run_03_seed_2024,0.9999656677246094
888,what company were you designed by,96,who_made_you,96,who_made_you,run_03_seed_2024,0.9999891519546509
889,can you let me know what company were you designed by,96,who_made_you,96,who_made_you,run_03_seed_2024,0.9990628361701965
890,which company were you designed by,96,who_made_you,96,who_made_you,run_03_seed_2024,0.999998927116394
891,tell me who made you please,96,who_made_you,96,who_made_you,run_03_seed_2024,0.9999923706054688
892,can you tell me who made you,96,who_made_you,96,who_made_you,run_03_seed_2024,0.9999786615371704
893,whats the name of the person who made you,96,who_made_you,96,who_made_you,run_03_seed_2024,0.9988794922828674
894,what company did the design for this,96,who_made_you,96,who_made_you,run_03_seed_2024,0.9661605954170227
895,what company did this design,96,who_made_you,96,who_made_you,run_03_seed_2024,0.9809127449989319
896,what company is responsible for this design,96,who_made_you,96,who_made_you,run_03_seed_2024,0.9982616305351257
897,what company designed this,96,who_made_you,96,who_made_you,run_03_seed_2024,0.9365329742431641
898,"for this design, what company did it",96,who_made_you,96,who_made_you,run_03_seed_2024,0.8491073250770569
899,name the person or group that programmed you,96,who_made_you,55,change_ai_name,run_03_seed_2024,0.9791582226753235
900,which way do we go and how long will it take to get to the sears tower in chicago,78,distance,78,distance,run_03_seed_2024,0.9999512434005737
901,"so, does it take long to get to dodger stadium in anaheim",78,distance,78,distance,run_03_seed_2024,0.999984860420227
902,how many minutes will it take to get to the empire state building in manhattan,78,distance,78,distance,run_03_seed_2024,0.9999775886535645
903,what's the mileage to get the the taj mahal in atlantic city,78,distance,78,distance,run_03_seed_2024,0.8988727927207947
904,does it take long to get to yankee stadium in the bronx,78,distance,78,distance,run_03_seed_2024,0.9999908208847046
905,how much time is left until we get there,78,distance,110,gas,run_03_seed_2024,0.3622829020023346
906,what's the time to destination going via bus to omaha,78,distance,78,distance,run_03_seed_2024,0.9949466586112976
907,how far from our destination are we,78,distance,78,distance,run_03_seed_2024,0.9775916337966919
908,how many minutes am i from texaco,78,distance,148,pto_used,run_03_seed_2024,0.7584680318832397
909,how long will i be on the bus if i rid it to seattle,78,distance,78,distance,run_03_seed_2024,0.9959795475006104
910,is it going to be much longer until i reach the bank,78,distance,146,travel_notification,run_03_seed_2024,0.9910133481025696
911,am i close to arriving at the post office,78,distance,72,directions,run_03_seed_2024,0.6867086887359619
912,what's the estimated travel time to get to dc via bus,78,distance,78,distance,run_03_seed_2024,0.999985933303833
913,when will i arrive at hy-vee,78,distance,102,how_busy,run_03_seed_2024,0.41449612379074097
914,how long does it take to get to el paso on a bus,78,distance,78,distance,run_03_seed_2024,0.9996193647384644
915,how long will it take me to get to walmart,78,distance,78,distance,run_03_seed_2024,0.9999825954437256
916,what's the average time to boston when riding a bus,78,distance,78,distance,run_03_seed_2024,0.590873658657074
917,when will the bus get me to vermont,78,distance,72,directions,run_03_seed_2024,0.8913998007774353
918,how long will i be on the bus to new orleans,78,distance,78,distance,run_03_seed_2024,0.9651694297790527
919,how long is a bus ride to staples,78,distance,78,distance,run_03_seed_2024,0.9968051910400391
920,how long does it take to get downtown by bus,78,distance,78,distance,run_03_seed_2024,0.9999469518661499
921,what time will i get to the beach taking the bus,78,distance,78,distance,run_03_seed_2024,0.9990426898002625
922,how far am i from orlando,78,distance,142,mpg,run_03_seed_2024,0.49032720923423767
923,give me an eta on when i will arrive at my destination,78,distance,80,flight_status,run_03_seed_2024,0.8127678632736206
924,tell me how much longer i will have to drive to reach the destination,78,distance,78,distance,run_03_seed_2024,0.9691218137741089
925,when will i get to orlando,78,distance,79,payday,run_03_seed_2024,0.36305761337280273
926,how much farther is orlando from my location,78,distance,136,current_location,run_03_seed_2024,0.6602205634117126
927,do i have a ways to go or am i close to getting to penn station,78,distance,89,pin_change,run_03_seed_2024,0.4329657256603241
928,please give me the approximate amount of time i will need to go from jfk international airport to penn station,78,distance,78,distance,run_03_seed_2024,0.9987592697143555
929,can you tell me about what time i should be arriving at the airport,78,distance,78,distance,run_03_seed_2024,0.6478464603424072
930,how do you refer to me,11,user_name,11,user_name,run_03_seed_2024,0.9999759197235107
931,call my name,11,user_name,144,change_user_name,run_03_seed_2024,0.9844376444816589
932,what do i go by,11,user_name,11,user_name,run_03_seed_2024,0.791581928730011
933,say my name,11,user_name,11,user_name,run_03_seed_2024,0.9999943971633911
934,what do you think my name is,11,user_name,11,user_name,run_03_seed_2024,0.9999861717224121
935,what do you think i'm called,11,user_name,11,user_name,run_03_seed_2024,0.9925680160522461
936,what do you have for my name,11,user_name,11,user_name,run_03_seed_2024,0.9999984502792358
937,how do you address my name,11,user_name,11,user_name,run_03_seed_2024,0.9997764229774475
938,what's your designation,11,user_name,75,what_is_your_name,run_03_seed_2024,0.9995378255844116
939,what do you call me,11,user_name,11,user_name,run_03_seed_2024,0.9997616410255432
940,i want to hear my name,11,user_name,11,user_name,run_03_seed_2024,0.9802682399749756
941,my name,11,user_name,144,change_user_name,run_03_seed_2024,0.5292320847511292
942,what's my name,11,user_name,11,user_name,run_03_seed_2024,0.999996542930603
943,what's my name on file,11,user_name,11,user_name,run_03_seed_2024,0.9998242259025574
944,what name do you have for me,11,user_name,11,user_name,run_03_seed_2024,0.9999958276748657
945,what did i tell you to call me,11,user_name,11,user_name,run_03_seed_2024,0.982730507850647
946,please tell me the name that you have for me,11,user_name,11,user_name,run_03_seed_2024,0.9999977350234985
947,i need to know the name that you have for me,11,user_name,11,user_name,run_03_seed_2024,0.9999914169311523
948,can you tell me what name you have for me,11,user_name,11,user_name,run_03_seed_2024,0.9999961853027344
949,tell me what name you have for me,11,user_name,11,user_name,run_03_seed_2024,0.9999980926513672
950,i would like to know the name you have for me,11,user_name,11,user_name,run_03_seed_2024,0.999987006187439
951,what is the name you have for me,11,user_name,11,user_name,run_03_seed_2024,0.9999984502792358
952,could you tell me my name,11,user_name,11,user_name,run_03_seed_2024,0.9999977350234985
953,do you have a name for me,11,user_name,11,user_name,run_03_seed_2024,0.999826967716217
954,can you tell me my name for me,11,user_name,11,user_name,run_03_seed_2024,0.999996542930603
955,what's the name you use for me,11,user_name,11,user_name,run_03_seed_2024,0.9999932050704956
956,you call me what,11,user_name,11,user_name,run_03_seed_2024,0.9971676468849182
957,what do you know me by,11,user_name,11,user_name,run_03_seed_2024,0.9994364380836487
958,you know me by what right now,11,user_name,139,definition,run_03_seed_2024,0.4164421856403351
959,what's the way you refer to me,11,user_name,11,user_name,run_03_seed_2024,0.9999604225158691
960,what's the timezone for britain,66,timezone,66,timezone,run_03_seed_2024,0.9998996257781982
961,i need the time zone for la,66,timezone,66,timezone,run_03_seed_2024,0.9496654868125916
962,i would like to know the timezone for britain,66,timezone,66,timezone,run_03_seed_2024,0.9999281167984009
963,i need la's time zone,66,timezone,66,timezone,run_03_seed_2024,0.9462540149688721
964,i need to know britain's timezone,66,timezone,66,timezone,run_03_seed_2024,0.9994624257087708
965,what timezone is britain in,66,timezone,66,timezone,run_03_seed_2024,0.9999879598617554
966,can you tell me britain's timezone,66,timezone,66,timezone,run_03_seed_2024,0.9998577833175659
967,what is the la's time zone,66,timezone,66,timezone,run_03_seed_2024,0.9986867308616638
968,can you tell me the time zone for la,66,timezone,66,timezone,run_03_seed_2024,0.9921742677688599
969,what is texas's timezone,66,timezone,66,timezone,run_03_seed_2024,0.9999904632568359
970,tell me the timezone for california,66,timezone,66,timezone,run_03_seed_2024,0.999903678894043
971,what timezone would missouri be in,66,timezone,66,timezone,run_03_seed_2024,0.9999994039535522
972,what timezone do they use in arizona,66,timezone,66,timezone,run_03_seed_2024,0.9999605417251587
973,is new york in mountain timezone,66,timezone,90,replacement_card_duration,run_03_seed_2024,0.3701317310333252
974,what is the timezone for la,66,timezone,66,timezone,run_03_seed_2024,0.9999653100967407
975,what is the timezone for new york,66,timezone,66,timezone,run_03_seed_2024,0.9999467134475708
976,what is the timezone for san francisco,66,timezone,66,timezone,run_03_seed_2024,0.9999954700469971
977,what is the timezone for paris,66,timezone,66,timezone,run_03_seed_2024,0.9999978542327881
978,what is the timezone for houston,66,timezone,66,timezone,run_03_seed_2024,0.9999799728393555
979,denver's timezone is what,66,timezone,66,timezone,run_03_seed_2024,0.9999983310699463
980,does denver reside in the eastern timezones,66,timezone,5,weather,run_03_seed_2024,0.9803202152252197
981,which timezone is denver located,66,timezone,66,timezone,run_03_seed_2024,0.999975323677063
982,"denver's timezone is a mystery, i wonder where its located",66,timezone,70,report_fraud,run_03_seed_2024,0.6588912606239319
983,in which time zone does denver reside,66,timezone,66,timezone,run_03_seed_2024,0.9996974468231201
984,what's the timezone in valencia,66,timezone,66,timezone,run_03_seed_2024,0.9999935626983643
985,what's the timezone now in hiram,66,timezone,66,timezone,run_03_seed_2024,0.9999868869781494
986,timezone in salt lake city,66,timezone,66,timezone,run_03_seed_2024,0.9997522234916687
987,timezone currently in mobile,66,timezone,66,timezone,run_03_seed_2024,0.9999709129333496
988,what time is it in phoenix,66,timezone,4,time,run_03_seed_2024,0.9999861717224121
989,can you give me the timezone for the country,66,timezone,66,timezone,run_03_seed_2024,0.9998903274536133
990,"i don't like this song, can skip it",118,next_song,10,smart_home,run_03_seed_2024,0.5298404693603516
991,can we move onto the next song,118,next_song,118,next_song,run_03_seed_2024,0.9999914169311523
992,"skip this song, please",118,next_song,118,next_song,run_03_seed_2024,0.5437642335891724
993,can you swipe to the next song,118,next_song,118,next_song,run_03_seed_2024,0.9999970197677612
994,"next song, please!",118,next_song,118,next_song,run_03_seed_2024,0.49049514532089233
995,start the next song,118,next_song,118,next_song,run_03_seed_2024,0.9999966621398926
996,go to the next song and play it,118,next_song,118,next_song,run_03_seed_2024,0.9999884366989136
997,move forward one song,118,next_song,118,next_song,run_03_seed_2024,0.9999675750732422
998,play the next one,118,next_song,118,next_song,run_03_seed_2024,0.9998817443847656
999,skip to next track,118,next_song,118,next_song,run_03_seed_2024,0.9999059438705444
1000,skip ahead one song,118,next_song,118,next_song,run_03_seed_2024,0.9999876022338867
1001,go to upcoming song,118,next_song,118,next_song,run_03_seed_2024,0.9986679553985596
1002,play the next song please,118,next_song,118,next_song,run_03_seed_2024,0.9999984502792358
1003,i dont want to listen to this song,118,next_song,118,next_song,run_03_seed_2024,0.9998843669891357
1004,could you hit next,118,next_song,118,next_song,run_03_seed_2024,0.9555615186691284
1005,can you go to the next song,118,next_song,118,next_song,run_03_seed_2024,0.9999990463256836
1006,let's go to the next song please,118,next_song,118,next_song,run_03_seed_2024,0.9999963045120239
1007,maybe we can go to the next song,118,next_song,118,next_song,run_03_seed_2024,0.9999823570251465
1008,may i suggest we go to the next song,118,next_song,118,next_song,run_03_seed_2024,0.9999455213546753
1009,please can we go to the next song,118,next_song,118,next_song,run_03_seed_2024,0.9999874830245972
1010,might we go to the next song,118,next_song,118,next_song,run_03_seed_2024,0.9999961853027344
1011,next track,118,next_song,118,next_song,run_03_seed_2024,0.39827314019203186
1012,skip to the next track,118,next_song,118,next_song,run_03_seed_2024,0.9999727010726929
1013,skip this track,118,next_song,118,next_song,run_03_seed_2024,0.706709086894989
1014,play next song,118,next_song,118,next_song,run_03_seed_2024,0.9999933242797852
1015,next song,118,next_song,118,next_song,run_03_seed_2024,0.9997640252113342
1016,change this song please,118,next_song,118,next_song,run_03_seed_2024,0.980269730091095
1017,i want you to play the next song,118,next_song,118,next_song,run_03_seed_2024,0.9999983310699463
1018,play the next song please if you would,118,next_song,118,next_song,run_03_seed_2024,0.9999945163726807
1019,please play the next track,118,next_song,118,next_song,run_03_seed_2024,0.999968409538269
1020,i need to know all my spending transactions,68,transactions,68,transactions,run_03_seed_2024,0.9678022265434265
1021,when did i last make a purchase,68,transactions,79,payday,run_03_seed_2024,0.548916220664978
1022,how much did i spend on my most recent transaction,68,transactions,68,transactions,run_03_seed_2024,0.9972224235534668
1023,show me my ten most recent transactions on account xyz,68,transactions,68,transactions,run_03_seed_2024,0.9999932050704956
1024,i want to see all transactions in the past month for all accounts,68,transactions,68,transactions,run_03_seed_2024,0.9982693195343018
1025,show me my recent transactions from account xyz,68,transactions,68,transactions,run_03_seed_2024,0.9999911785125732
1026,open bank app and show my most recent transactions,68,transactions,68,transactions,run_03_seed_2024,0.9999908208847046
1027,are you able to find my recent transactions for me,68,transactions,68,transactions,run_03_seed_2024,0.9999620914459229
1028,i made a transaction recently,68,transactions,68,transactions,run_03_seed_2024,0.9756547212600708
1029,what was my recent transaction,68,transactions,68,transactions,run_03_seed_2024,0.9999881982803345
1030,i want to know what my recent transaction was,68,transactions,68,transactions,run_03_seed_2024,0.9999527931213379
1031,i need information about my recent transaction,68,transactions,68,transactions,run_03_seed_2024,0.9999960660934448
1032,state recent transaction,68,transactions,68,transactions,run_03_seed_2024,0.9999772310256958
1033,is my visa bill over my limit this month,68,transactions,41,credit_limit,run_03_seed_2024,0.9903658628463745
1034,what have i spent things on,68,transactions,71,spending_history,run_03_seed_2024,0.9971740245819092
1035,show my transactions,68,transactions,68,transactions,run_03_seed_2024,0.9999964237213135
1036,what were my last 10 charges on my credit card,68,transactions,68,transactions,run_03_seed_2024,0.9913579225540161
1037,show what i have spent things on,68,transactions,71,spending_history,run_03_seed_2024,0.996356725692749
1038,how much have i spent on my debit card this month,68,transactions,71,spending_history,run_03_seed_2024,0.9310747981071472
1039,how much have i spent on my bank card sine i last paid my bill,68,transactions,70,report_fraud,run_03_seed_2024,0.4815678298473358
1040,how much was my last target trip,68,transactions,93,income,run_03_seed_2024,0.9878134727478027
1041,can you verify my recent visa card transaction,68,transactions,68,transactions,run_03_seed_2024,0.9974091649055481
1042,what was my recent transaction on my visa card,68,transactions,68,transactions,run_03_seed_2024,0.9998053908348083
1043,what is the last transaction on my visa card,68,transactions,68,transactions,run_03_seed_2024,0.999206006526947
1044,show my my most recent visa card transaction,68,transactions,68,transactions,run_03_seed_2024,0.9920422434806824
1045,please review my recent visa card transaction,68,transactions,68,transactions,run_03_seed_2024,0.9896321296691895
1046,how many transactions do i have on flower shops from last wednesday between 2pm and 7pm,68,transactions,126,pto_balance,run_03_seed_2024,0.5438741445541382
1047,what transactions did i make on electronics this morning after 6am,68,transactions,68,transactions,run_03_seed_2024,0.9976807832717896
1048,what is the largest transaction i have made on video games this month,68,transactions,68,transactions,run_03_seed_2024,0.9990395903587341
1049,what transactions do i have on groceries from yesterday,68,transactions,68,transactions,run_03_seed_2024,0.9413777589797974
1050,please give me the name of a few good options for places to eat dinner tonight,145,restaurant_suggestion,145,restaurant_suggestion,run_03_seed_2024,0.9987711310386658
1051,i need some suggestions for dinner places tonight,145,restaurant_suggestion,46,meal_suggestion,run_03_seed_2024,0.9995880722999573
1052,what are some good places to go out for dinner in my area tonight,145,restaurant_suggestion,145,restaurant_suggestion,run_03_seed_2024,0.9736717939376831
1053,show me some restaurants that have high reviews for eating out,145,restaurant_suggestion,145,restaurant_suggestion,run_03_seed_2024,0.9959399700164795
1054,can you search recommended casual restaurants for tonight in philadelphia,145,restaurant_suggestion,145,restaurant_suggestion,run_03_seed_2024,0.9977237582206726
1055,where can i go to eat,145,restaurant_suggestion,145,restaurant_suggestion,run_03_seed_2024,0.9993378520011902
1056,where can i get some good food,145,restaurant_suggestion,145,restaurant_suggestion,run_03_seed_2024,0.9988152980804443
1057,"in cleveland, are there any good places that serve clams",145,restaurant_suggestion,145,restaurant_suggestion,run_03_seed_2024,0.9882304668426514
1058,does cleveland have any good places that serve clams,145,restaurant_suggestion,145,restaurant_suggestion,run_03_seed_2024,0.8932750225067139
1059,can you find any good places in cleveland that serve clams,145,restaurant_suggestion,145,restaurant_suggestion,run_03_seed_2024,0.9948005676269531
1060,are there good clam places in cleveland,145,restaurant_suggestion,145,restaurant_suggestion,run_03_seed_2024,0.756994366645813
1061,are there any good places in cleveland that serve clams,145,restaurant_suggestion,145,restaurant_suggestion,run_03_seed_2024,0.9993440508842468
1062,"could you suggest a french restaurant, please",145,restaurant_suggestion,46,meal_suggestion,run_03_seed_2024,0.9631734490394592
1063,can you suggest a french restaurant,145,restaurant_suggestion,145,restaurant_suggestion,run_03_seed_2024,0.9943442344665527
1064,can you suggest a thai restaurant,145,restaurant_suggestion,145,restaurant_suggestion,run_03_seed_2024,0.9429682493209839
1065,"can you suggest a french restaurant, please",145,restaurant_suggestion,46,meal_suggestion,run_03_seed_2024,0.5924965739250183
1066,"can you suggest a thai restaurant, please",145,restaurant_suggestion,46,meal_suggestion,run_03_seed_2024,0.9986691474914551
1067,are there are any good places in washington that serve cheese pizza,145,restaurant_suggestion,145,restaurant_suggestion,run_03_seed_2024,0.9999866485595703
1068,what's the food can easily get in canada,145,restaurant_suggestion,116,book_hotel,run_03_seed_2024,0.8073185682296753
1069,what are the best places to get shrimp in chicago,145,restaurant_suggestion,145,restaurant_suggestion,run_03_seed_2024,0.9981512427330017
1070,what are the best restaurants open tonight,145,restaurant_suggestion,145,restaurant_suggestion,run_03_seed_2024,0.9993662238121033
1071,i need a list of good places to eat near me,145,restaurant_suggestion,145,restaurant_suggestion,run_03_seed_2024,0.9998418092727661
1072,pull up some recommendations for places serving fish in maine,145,restaurant_suggestion,145,restaurant_suggestion,run_03_seed_2024,0.9844769239425659
1073,where should i go for food tonight,145,restaurant_suggestion,145,restaurant_suggestion,run_03_seed_2024,0.9997933506965637
1074,where should i eat,145,restaurant_suggestion,145,restaurant_suggestion,run_03_seed_2024,0.9976453185081482
1075,any fantastic restaurants to get shrimp at in atlanta,145,restaurant_suggestion,39,uber,run_03_seed_2024,0.5165500640869141
1076,give me a list of places that serve the best wings in charlotte,145,restaurant_suggestion,145,restaurant_suggestion,run_03_seed_2024,0.9998583793640137
1077,i need reviews for places serving tacos in chicago,145,restaurant_suggestion,145,restaurant_suggestion,run_03_seed_2024,0.8883403539657593
1078,give me restaurant reccomendations,145,restaurant_suggestion,5,weather,run_03_seed_2024,0.7346309423446655
1079,where can i satisfy my craving for french food in milwaukee,145,restaurant_suggestion,125,shopping_list_update,run_03_seed_2024,0.24356311559677124
1080,x card has earned how many points,50,rewards_balance,50,rewards_balance,run_03_seed_2024,0.9981814622879028
1081,can you give me a points update on my rewards plus card,50,rewards_balance,50,rewards_balance,run_03_seed_2024,0.9904013276100159
1082,can you pull up how many points i've earned with travel card,50,rewards_balance,50,rewards_balance,run_03_seed_2024,0.9903848171234131
1083,what is the updated points that i earned with synovus card,50,rewards_balance,50,rewards_balance,run_03_seed_2024,0.920433759689331
1084,how many points do i have on my six flags rewards card,50,rewards_balance,50,rewards_balance,run_03_seed_2024,0.9999865293502808
1085,i would like to check my rewards for my credit card,50,rewards_balance,50,rewards_balance,run_03_seed_2024,0.9992609620094299
1086,i need to check my rewards for my credit card,50,rewards_balance,50,rewards_balance,run_03_seed_2024,0.9989864230155945
1087,i wanna know how many points have i earned with my credit card,50,rewards_balance,50,rewards_balance,run_03_seed_2024,0.9991617202758789
1088,i would like to know my debit card's rewards balance,50,rewards_balance,50,rewards_balance,run_03_seed_2024,0.9999544620513916
1089,i would like to know how many points have i earned with my credit card,50,rewards_balance,50,rewards_balance,run_03_seed_2024,0.9854902029037476
1090,i need to know my credit card's rewards balance,50,rewards_balance,50,rewards_balance,run_03_seed_2024,0.9965270161628723
1091,i wanna know my credit card's rewards balance,50,rewards_balance,50,rewards_balance,run_03_seed_2024,0.9942681789398193
1092,i really need to check my rewards for my credit card,50,rewards_balance,50,rewards_balance,run_03_seed_2024,0.9992757439613342
1093,i would like to check my rewards for my debit card,50,rewards_balance,50,rewards_balance,run_03_seed_2024,0.9999737739562988
1094,i wish to know my debit card's rewards balance,50,rewards_balance,50,rewards_balance,run_03_seed_2024,0.9999500513076782
1095,i wanna check my rewards for my credit card,50,rewards_balance,50,rewards_balance,run_03_seed_2024,0.9970952272415161
1096,tell me my debit card's rewards balance,50,rewards_balance,50,rewards_balance,run_03_seed_2024,0.9999842643737793
1097,i need to understand how many points have i earned with my credit card,50,rewards_balance,50,rewards_balance,run_03_seed_2024,0.9967638254165649
1098,i must know how many points have i earned with my credit card,50,rewards_balance,50,rewards_balance,run_03_seed_2024,0.9944285154342651
1099,i gotta know how many points i have gotten with my debit card,50,rewards_balance,50,rewards_balance,run_03_seed_2024,0.9997857213020325
1100,how many points earned do i have with my american express card,50,rewards_balance,50,rewards_balance,run_03_seed_2024,0.9998778104782104
1101,how many points have i earned with my paypal credit card so far,50,rewards_balance,50,rewards_balance,run_03_seed_2024,0.9900593161582947
1102,i have points on my capital one card and i'd like to know how many i've earned,50,rewards_balance,50,rewards_balance,run_03_seed_2024,0.4909095764160156
1103,"have i earned points with my venture card, and how many",50,rewards_balance,50,rewards_balance,run_03_seed_2024,0.5640532374382019
1104,what do my visa points look like,50,rewards_balance,50,rewards_balance,run_03_seed_2024,0.9889683127403259
1105,how many points do i have on my visa,50,rewards_balance,50,rewards_balance,run_03_seed_2024,0.999825656414032
1106,tell me the number of points on my visa card,50,rewards_balance,50,rewards_balance,run_03_seed_2024,0.999991774559021
1107,give me the point total on my visa card,50,rewards_balance,50,rewards_balance,run_03_seed_2024,0.7186794281005859
1108,what points have i earned on my visa,50,rewards_balance,50,rewards_balance,run_03_seed_2024,0.9992653727531433
1109,how many rewards points do i have on my rewards points i have on my mastercard,50,rewards_balance,50,rewards_balance,run_03_seed_2024,0.9999827146530151
1110,i have a car payment that needs to be paid,111,pay_bill,111,pay_bill,run_03_seed_2024,0.8388862013816833
1111,i need to put in a payment towards my phone bill,111,pay_bill,111,pay_bill,run_03_seed_2024,0.9940388202667236
1112,help me get my gas bill paid,111,pay_bill,111,pay_bill,run_03_seed_2024,0.9857689738273621
1113,pay my con edison bill using my capital one account,111,pay_bill,111,pay_bill,run_03_seed_2024,0.9999301433563232
1114,"use my navy federal account and pay this month's verizon bill, please",111,pay_bill,111,pay_bill,run_03_seed_2024,0.9318668842315674
1115,please pay my sprint bill using my bank of america checking account,111,pay_bill,111,pay_bill,run_03_seed_2024,0.9999209642410278
1116,i need some assistance paying my utilities bill,111,pay_bill,111,pay_bill,run_03_seed_2024,0.9999195337295532
1117,i need a hand getting this gas bill paid,111,pay_bill,111,pay_bill,run_03_seed_2024,0.9635364413261414
1118,can you help me pay my electricity bill,111,pay_bill,111,pay_bill,run_03_seed_2024,0.9987472295761108
1119,i have to pay my water bill but need help doing it,111,pay_bill,111,pay_bill,run_03_seed_2024,0.9997487664222717
1120,i am going to need help paying my rent bill,111,pay_bill,111,pay_bill,run_03_seed_2024,0.9995505213737488
1121,i want to pay my bill,111,pay_bill,111,pay_bill,run_03_seed_2024,0.999982476234436
1122,can you help me pay my bill,111,pay_bill,111,pay_bill,run_03_seed_2024,0.9999457597732544
1123,i want to pay my bill through the app,111,pay_bill,111,pay_bill,run_03_seed_2024,0.9983423948287964
1124,pay my electric bill for me,111,pay_bill,111,pay_bill,run_03_seed_2024,0.9997093081474304
1125,"pull up my electric bill, i want to pay it",111,pay_bill,111,pay_bill,run_03_seed_2024,0.9513891935348511
1126,how do i pay my electric bill,111,pay_bill,111,pay_bill,run_03_seed_2024,0.9996646642684937
1127,"i want to pay my electric bill, can you do it for me",111,pay_bill,111,pay_bill,run_03_seed_2024,0.9993695616722107
1128,pay my light bill,111,pay_bill,111,pay_bill,run_03_seed_2024,0.9999045133590698
1129,pay my utility bill from my bank account,111,pay_bill,111,pay_bill,run_03_seed_2024,0.9994840621948242
1130,charge my internet bill to the corporate account,111,pay_bill,111,pay_bill,run_03_seed_2024,0.9920278191566467
1131,pay my gas bill with my checking account,111,pay_bill,111,pay_bill,run_03_seed_2024,0.9998348951339722
1132,i need to pay my electric bill,111,pay_bill,111,pay_bill,run_03_seed_2024,0.9999967813491821
1133,i know i should pay my electric bill,111,pay_bill,111,pay_bill,run_03_seed_2024,0.9999071359634399
1134,"today my electric bill will be paid, or should be",111,pay_bill,56,bill_due,run_03_seed_2024,0.8984425663948059
1135,today is the day i should pay my electric bill,111,pay_bill,56,bill_due,run_03_seed_2024,0.931138277053833
1136,my electric bill should be paid today,111,pay_bill,111,pay_bill,run_03_seed_2024,0.9390814304351807
1137,i need to pay my visa,111,pay_bill,111,pay_bill,run_03_seed_2024,0.9220301508903503
1138,pay $175 on my visa,111,pay_bill,111,pay_bill,run_03_seed_2024,0.8092873096466064
1139,i'd like to pay $4735 to my water bill,111,pay_bill,111,pay_bill,run_03_seed_2024,0.999963641166687
1140,what's the total i've spent on shoes this month,71,spending_history,71,spending_history,run_03_seed_2024,0.9999773502349854
1141,how many dollars have i spent on coffee this month,71,spending_history,148,pto_used,run_03_seed_2024,0.7275536060333252
1142,what have i spent on food this month,71,spending_history,71,spending_history,run_03_seed_2024,0.9999823570251465
1143,how much have i spent on tires this month,71,spending_history,71,spending_history,run_03_seed_2024,0.755914568901062
1144,how much have i been spending on booze this month,71,spending_history,71,spending_history,run_03_seed_2024,0.9990730285644531
1145,what have i spent on fast food recently,71,spending_history,71,spending_history,run_03_seed_2024,0.9984844326972961
1146,how much total have i spent on fast food lately,71,spending_history,71,spending_history,run_03_seed_2024,0.9999932050704956
1147,how much fast food have i bought recently,71,spending_history,71,spending_history,run_03_seed_2024,0.9867368340492249
1148,check how much i spent this week,71,spending_history,71,spending_history,run_03_seed_2024,0.9989728927612305
1149,how much money have i spent on fast food lately,71,spending_history,71,spending_history,run_03_seed_2024,0.9999827146530151
1150,how much money have a spent in the last week,71,spending_history,71,spending_history,run_03_seed_2024,0.999763548374176
1151,how much money did i spend this weekend,71,spending_history,71,spending_history,run_03_seed_2024,0.9997004270553589
1152,tell me how much money i've spent on fast food in the past week,71,spending_history,71,spending_history,run_03_seed_2024,0.9880412817001343
1153,what is the total amount i spent last week,71,spending_history,71,spending_history,run_03_seed_2024,0.9985917210578918
1154,what've i spent on gas this month,71,spending_history,71,spending_history,run_03_seed_2024,0.9948068261146545
1155,have i gone over my entertainment budget,71,spending_history,58,share_location,run_03_seed_2024,0.6798050403594971
1156,would you say i've spent too much money on chips as of late,71,spending_history,71,spending_history,run_03_seed_2024,0.9948996901512146
1157,"looking at this week only, have i overspent on hoagies",71,spending_history,130,sync_device,run_03_seed_2024,0.29941973090171814
1158,do i overspend when it comes to fast food,71,spending_history,46,meal_suggestion,run_03_seed_2024,0.15605883300304413
1159,"looking at the past month, what did i spend total",71,spending_history,71,spending_history,run_03_seed_2024,0.9997257590293884
1160,have i gone over my chocolate budget lately,71,spending_history,100,rollover_401k,run_03_seed_2024,0.5895021557807922
1161,how much have i spent this week,71,spending_history,71,spending_history,run_03_seed_2024,0.9999268054962158
1162,about how much did i spend recently,71,spending_history,71,spending_history,run_03_seed_2024,0.999957799911499
1163,tell me how much i have been buying as of late,71,spending_history,93,income,run_03_seed_2024,0.6861344575881958
1164,what did i spend on beer last month,71,spending_history,71,spending_history,run_03_seed_2024,0.9979082345962524
1165,did i stick to my dinner budget,71,spending_history,48,todo_list,run_03_seed_2024,0.32645055651664734
1166,how much have i spent on video games recently,71,spending_history,71,spending_history,run_03_seed_2024,0.9999759197235107
1167,do i spend too much on beer,71,spending_history,106,play_music,run_03_seed_2024,0.6581002473831177
1168,what are my finances like lately,71,spending_history,42,oos,run_03_seed_2024,0.8566015362739563
1169,how much money have i spent recently,71,spending_history,71,spending_history,run_03_seed_2024,0.9999388456344604
1170,did my vacation get approval,101,pto_request_status,101,pto_request_status,run_03_seed_2024,0.9996531009674072
1171,do you know if vacation got approved,101,pto_request_status,101,pto_request_status,run_03_seed_2024,0.9983716607093811
1172,does my vacation have approval,101,pto_request_status,101,pto_request_status,run_03_seed_2024,0.9965308308601379
1173,can you let me know if my vacation was approved,101,pto_request_status,101,pto_request_status,run_03_seed_2024,0.9999725818634033
1174,any news on my vacation,101,pto_request_status,101,pto_request_status,run_03_seed_2024,0.993224024772644
1175,tell me if my vacation was approved yet,101,pto_request_status,101,pto_request_status,run_03_seed_2024,0.9998992681503296
1176,was there any progress on my vacation request,101,pto_request_status,101,pto_request_status,run_03_seed_2024,0.9999737739562988
1177,is my vacation approved,101,pto_request_status,101,pto_request_status,run_03_seed_2024,0.9999796152114868
1178,is my request going to be approved for vacation,101,pto_request_status,101,pto_request_status,run_03_seed_2024,0.9996581077575684
1179,is vacation a go,101,pto_request_status,97,pto_request,run_03_seed_2024,0.894575297832489
1180,will i get my time off approved,101,pto_request_status,101,pto_request_status,run_03_seed_2024,0.9999510049819946
1181,how is my vacation looking,101,pto_request_status,126,pto_balance,run_03_seed_2024,0.6434995532035828
1182,did the manager approve my vacation yet,101,pto_request_status,101,pto_request_status,run_03_seed_2024,0.9972407817840576
1183,any new info on my vacation,101,pto_request_status,101,pto_request_status,run_03_seed_2024,0.9998414516448975
1184,any update on my vacation,101,pto_request_status,101,pto_request_status,run_03_seed_2024,0.9995982050895691
1185,is there a status update on my vacation approval,101,pto_request_status,101,pto_request_status,run_03_seed_2024,0.9999043941497803
1186,can you notify me when my vacation days have approved,101,pto_request_status,126,pto_balance,run_03_seed_2024,0.9428436160087585
1187,when will my vacation time be confirmed,101,pto_request_status,101,pto_request_status,run_03_seed_2024,0.4528649151325226
1188,when will i hear back about my days off,101,pto_request_status,44,expiration_date,run_03_seed_2024,0.8287194967269897
1189,am i okay to take those vacation days,101,pto_request_status,97,pto_request,run_03_seed_2024,0.9795857071876526
1190,has my vacation time been approved,101,pto_request_status,101,pto_request_status,run_03_seed_2024,0.999994158744812
1191,what is the day off request status as of now,101,pto_request_status,101,pto_request_status,run_03_seed_2024,0.9758321046829224
1192,what is the day off request status please,101,pto_request_status,101,pto_request_status,run_03_seed_2024,0.9997665286064148
1193,what is the day off request status if you would tell me,101,pto_request_status,101,pto_request_status,run_03_seed_2024,0.9978214502334595
1194,what is the day off request status,101,pto_request_status,101,pto_request_status,run_03_seed_2024,0.9999796152114868
1195,what is the day off request status if you could tell me,101,pto_request_status,101,pto_request_status,run_03_seed_2024,0.9979181885719299
1196,i need to know status of my day off request,101,pto_request_status,101,pto_request_status,run_03_seed_2024,0.999991774559021
1197,i want to know the status of my vacation request,101,pto_request_status,101,pto_request_status,run_03_seed_2024,0.9999566078186035
1198,tell me status of my day off request,101,pto_request_status,101,pto_request_status,run_03_seed_2024,0.9999845027923584
1199,please let me know the status of my vacation request,101,pto_request_status,101,pto_request_status,run_03_seed_2024,0.9998773336410522
1200,i would like to know my credit score,69,credit_score,69,credit_score,run_03_seed_2024,0.9999148845672607
1201,tell me what my credit score is,69,credit_score,69,credit_score,run_03_seed_2024,0.9999151229858398
1202,can you find what my credit score is,69,credit_score,69,credit_score,run_03_seed_2024,0.9999358654022217
1203,how is my credit score numberwise,69,credit_score,69,credit_score,run_03_seed_2024,0.9999741315841675
1204,what credit score number do i have,69,credit_score,69,credit_score,run_03_seed_2024,0.8289613723754883
1205,what is my credit score number,69,credit_score,69,credit_score,run_03_seed_2024,0.9997574687004089
1206,how much is my credit score,69,credit_score,69,credit_score,run_03_seed_2024,0.9998227953910828
1207,what number is my credit score currently,69,credit_score,69,credit_score,run_03_seed_2024,0.9994794726371765
1208,is my credit score over 700 yet,69,credit_score,69,credit_score,run_03_seed_2024,0.9994614720344543
1209,please give me my current credit score,69,credit_score,69,credit_score,run_03_seed_2024,0.9999594688415527
1210,i'm trying to raise my credit score can you tell me what it is now,69,credit_score,28,improve_credit_score,run_03_seed_2024,0.498867392539978
1211,i need to know what my credit score is,69,credit_score,69,credit_score,run_03_seed_2024,0.9998658895492554
1212,could you tell me what my credit score is,69,credit_score,69,credit_score,run_03_seed_2024,0.9998369216918945
1213,give me my credit score please,69,credit_score,69,credit_score,run_03_seed_2024,0.9999514818191528
1214,could you share my credit score,69,credit_score,28,improve_credit_score,run_03_seed_2024,0.8488113284111023
1215,how's my credit score,69,credit_score,69,credit_score,run_03_seed_2024,0.9999562501907349
1216,i was wondering what my credit score is,69,credit_score,69,credit_score,run_03_seed_2024,0.9988368153572083
1217,where do i go for my credit score,69,credit_score,69,credit_score,run_03_seed_2024,0.9983643889427185
1218,i need to find my credit score,69,credit_score,69,credit_score,run_03_seed_2024,0.9999842643737793
1219,how can i locate my credit score,69,credit_score,69,credit_score,run_03_seed_2024,0.9999278783798218
1220,what is my credit rating,69,credit_score,69,credit_score,run_03_seed_2024,0.9998177886009216
1221,i want to know my credit rating,69,credit_score,69,credit_score,run_03_seed_2024,0.9998869895935059
1222,my credit rating is what,69,credit_score,69,credit_score,run_03_seed_2024,0.9955887794494629
1223,tell me my credit raing,69,credit_score,69,credit_score,run_03_seed_2024,0.9980546236038208
1224,give me my credit rating,69,credit_score,69,credit_score,run_03_seed_2024,0.9998995065689087
1225,please tell me what my credit score is,69,credit_score,69,credit_score,run_03_seed_2024,0.9997555613517761
1226,i'd like you to check on my credit score,69,credit_score,69,credit_score,run_03_seed_2024,0.999428927898407
1227,let me know what my credit score is today,69,credit_score,69,credit_score,run_03_seed_2024,0.9986374974250793
1228,can you check my credit score,69,credit_score,69,credit_score,run_03_seed_2024,0.999981164932251
1229,can you check my credit score for me,69,credit_score,69,credit_score,run_03_seed_2024,0.9998181462287903
1230,i would like to get a new credt card,91,new_card,91,new_card,run_03_seed_2024,0.999414324760437
1231,i would love to get a new credit card,91,new_card,91,new_card,run_03_seed_2024,0.9999674558639526
1232,do you have any information on how to open a new credit card,91,new_card,91,new_card,run_03_seed_2024,0.9978285431861877
1233,tell me how to apply for a new credit card,91,new_card,91,new_card,run_03_seed_2024,0.9999927282333374
1234,tell me how to apply for a credit card,91,new_card,91,new_card,run_03_seed_2024,0.9999955892562866
1235,i want to know how to go about getting a new credit card,91,new_card,91,new_card,run_03_seed_2024,0.9998353719711304
1236,please tell me how to get a new credit card,91,new_card,91,new_card,run_03_seed_2024,0.9996930360794067
1237,am i eligible for a new credit card,91,new_card,91,new_card,run_03_seed_2024,0.9999547004699707
1238,i need to get a new credit card application,91,new_card,91,new_card,run_03_seed_2024,0.9966499209403992
1239,what's the best way to get a mastercard,91,new_card,72,directions,run_03_seed_2024,0.46359458565711975
1240,is this where i apply for a new credit card,91,new_card,91,new_card,run_03_seed_2024,0.9998507499694824
1241,how do i apply do get myself a visa,91,new_card,59,international_visa,run_03_seed_2024,0.9905315637588501
1242,can you complete an application for a new credit card for me,91,new_card,91,new_card,run_03_seed_2024,0.9999394416809082
1243,i need to get a mastercard somehow,91,new_card,64,insurance_change,run_03_seed_2024,0.4278011918067932
1244,how can i get a visa card,91,new_card,91,new_card,run_03_seed_2024,0.9901570081710815
1245,can i apply here for a new card,91,new_card,91,new_card,run_03_seed_2024,0.9999337196350098
1246,does bank of america give credit cards to people like me,91,new_card,109,credit_limit_change,run_03_seed_2024,0.7121232748031616
1247,what do i do to get a visa card,91,new_card,59,international_visa,run_03_seed_2024,0.5081956386566162
1248,is it possible for me to get a better credit card,91,new_card,91,new_card,run_03_seed_2024,0.9999566078186035
1249,how do i submit an application for a discover card,91,new_card,91,new_card,run_03_seed_2024,0.9999810457229614
1250,how do i apply for american express,91,new_card,91,new_card,run_03_seed_2024,0.999745786190033
1251,find out if there's a new credit card that suits me,91,new_card,91,new_card,run_03_seed_2024,0.7838576436042786
1252,how do i apply for a new credit card,91,new_card,91,new_card,run_03_seed_2024,0.9999904632568359
1253,what's it take to get a mastercard,91,new_card,91,new_card,run_03_seed_2024,0.6882534027099609
1254,can i apply for a visa card,91,new_card,91,new_card,run_03_seed_2024,0.9999945163726807
1255,how do i apply for a visa card,91,new_card,91,new_card,run_03_seed_2024,0.999994158744812
1256,i wish to apply for a visa card,91,new_card,91,new_card,run_03_seed_2024,0.9999710321426392
1257,help me apply for a visa card,91,new_card,91,new_card,run_03_seed_2024,0.9999861717224121
1258,is there a list of good credit cards i can choose from to apply for,91,new_card,149,travel_suggestion,run_03_seed_2024,0.7219212651252747
1259,how can i find a new credit card to apply to,91,new_card,91,new_card,run_03_seed_2024,0.9962413311004639
1260,is my luggage lost,113,lost_luggage,113,lost_luggage,run_03_seed_2024,0.9999959468841553
1261,why is my luggage not here,113,lost_luggage,113,lost_luggage,run_03_seed_2024,0.9999806880950928
1262,what happened to my luggage,113,lost_luggage,113,lost_luggage,run_03_seed_2024,0.9999904632568359
1263,i need help finding my luggage,113,lost_luggage,113,lost_luggage,run_03_seed_2024,0.9999924898147583
1264,what steps should i take if my luggage has been lost,113,lost_luggage,113,lost_luggage,run_03_seed_2024,0.9996614456176758
1265,i seem to have lost my luggage! what are my options now,113,lost_luggage,113,lost_luggage,run_03_seed_2024,0.9969334602355957
1266,what would be the best way to deal with lost luggage,113,lost_luggage,113,lost_luggage,run_03_seed_2024,0.9999784231185913
1267,it appears that my luggage has been lost,113,lost_luggage,113,lost_luggage,run_03_seed_2024,0.999962329864502
1268,i'm afraid my luggage has gone missing,113,lost_luggage,113,lost_luggage,run_03_seed_2024,0.9998776912689209
1269,i am a bit panicked because my luggage seems to have gone missing,113,lost_luggage,113,lost_luggage,run_03_seed_2024,0.9998400211334229
1270,i have no idea where my luggage went!,113,lost_luggage,113,lost_luggage,run_03_seed_2024,0.9999938011169434
1271,unfortunately it would appear that my luggage is totally lost,113,lost_luggage,113,lost_luggage,run_03_seed_2024,0.9999915361404419
1272,how should i proceed if i accidentally lost my luggage,113,lost_luggage,113,lost_luggage,run_03_seed_2024,0.9999916553497314
1273,"if i lost my luggage, what should i do next",113,lost_luggage,113,lost_luggage,run_03_seed_2024,0.383951872587204
1274,i have no idea where my luggage is,113,lost_luggage,113,lost_luggage,run_03_seed_2024,0.9999953508377075
1275,i think my luggage has been misplaced,113,lost_luggage,113,lost_luggage,run_03_seed_2024,0.9999746084213257
1276,what do i have to do if i lost my luggage,113,lost_luggage,113,lost_luggage,run_03_seed_2024,0.9999877214431763
1277,i think my luggage is lost,113,lost_luggage,113,lost_luggage,run_03_seed_2024,0.9999876022338867
1278,my luggage appears to be lost,113,lost_luggage,113,lost_luggage,run_03_seed_2024,0.9999645948410034
1279,i can't seem to track down my luggage,113,lost_luggage,113,lost_luggage,run_03_seed_2024,0.9999173879623413
1280,what is the next thing i should do if i lost my luggage,113,lost_luggage,113,lost_luggage,run_03_seed_2024,0.9999675750732422
1281,what step should i take next if i lost my luggage,113,lost_luggage,113,lost_luggage,run_03_seed_2024,0.999990701675415
1282,i've lost my luggage what should i do now,113,lost_luggage,113,lost_luggage,run_03_seed_2024,0.9999935626983643
1283,what should i do about losing my luggage,113,lost_luggage,113,lost_luggage,run_03_seed_2024,0.999974250793457
1284,where would i find my luggage,113,lost_luggage,113,lost_luggage,run_03_seed_2024,0.9999450445175171
1285,my luggage has been misplaced,113,lost_luggage,113,lost_luggage,run_03_seed_2024,0.9999657869338989
1286,i can't find my luggage,113,lost_luggage,113,lost_luggage,run_03_seed_2024,0.9999969005584717
1287,i lost all my stuff that i had packed,113,lost_luggage,113,lost_luggage,run_03_seed_2024,0.8138052225112915
1288,my luggage has disappeared,113,lost_luggage,113,lost_luggage,run_03_seed_2024,0.9999873638153076
1289,it appears my luggage is lost,113,lost_luggage,113,lost_luggage,run_03_seed_2024,0.9999979734420776
1290,may you say that again,13,repeat,13,repeat,run_03_seed_2024,0.9999991655349731
1291,can you please repeat that,13,repeat,13,repeat,run_03_seed_2024,0.9999985694885254
1292,can you please say that again,13,repeat,13,repeat,run_03_seed_2024,0.9999994039535522
1293,may you please say that again,13,repeat,13,repeat,run_03_seed_2024,0.9999994039535522
1294,would you say it again please,13,repeat,13,repeat,run_03_seed_2024,0.9999961853027344
1295,would you repeat what you said earlier,13,repeat,13,repeat,run_03_seed_2024,0.9999576807022095
1296,i would like you to repeat it,13,repeat,13,repeat,run_03_seed_2024,0.999995231628418
1297,repeat please,13,repeat,13,repeat,run_03_seed_2024,0.9999812841415405
1298,"pardon, i didn't hear you",13,repeat,13,repeat,run_03_seed_2024,0.9947356581687927
1299,i didn't hear you can you say that again,13,repeat,13,repeat,run_03_seed_2024,0.9999995231628418
1300,i didn't catch that,13,repeat,121,maybe,run_03_seed_2024,0.8229517340660095
1301,could you repeat that,13,repeat,13,repeat,run_03_seed_2024,0.9999983310699463
1302,say again please,13,repeat,13,repeat,run_03_seed_2024,0.9999960660934448
1303,would you mind repeating that,13,repeat,147,cancel,run_03_seed_2024,0.9984477758407593
1304,"sorry, i didn't catch that could you say it again",13,repeat,13,repeat,run_03_seed_2024,0.9999867677688599
1305,i need you to repeat that please,13,repeat,13,repeat,run_03_seed_2024,0.9999997615814209
1306,repeat that for me please,13,repeat,13,repeat,run_03_seed_2024,0.9999958276748657
1307,what did you just say,13,repeat,13,repeat,run_03_seed_2024,0.9996411800384521
1308,please say it one more time,13,repeat,13,repeat,run_03_seed_2024,0.9999761581420898
1309,sorry i missed that,13,repeat,13,repeat,run_03_seed_2024,0.9751154184341431
1310,i didn't understand you,13,repeat,13,repeat,run_03_seed_2024,0.9018747806549072
1311,can you repeat the question again,13,repeat,13,repeat,run_03_seed_2024,0.9999994039535522
1312,can you phrase that question again,13,repeat,13,repeat,run_03_seed_2024,0.9999879598617554
1313,what'd you say,13,repeat,124,thank_you,run_03_seed_2024,0.8003557920455933
1314,please repeat the last thing,13,repeat,13,repeat,run_03_seed_2024,0.7223814129829407
1315,repeat that,13,repeat,13,repeat,run_03_seed_2024,0.9999431371688843
1316,can you repeat that,13,repeat,13,repeat,run_03_seed_2024,0.9999961853027344
1317,what were you just saying,13,repeat,13,repeat,run_03_seed_2024,0.47905397415161133
1318,come again,13,repeat,13,repeat,run_03_seed_2024,0.977799117565155
1319,"can you say that again, please",13,repeat,13,repeat,run_03_seed_2024,0.9998455047607422
1320,tell me: car gas mileage,142,mpg,142,mpg,run_03_seed_2024,0.995890200138092
1321,what is my car's gas mileage,142,mpg,142,mpg,run_03_seed_2024,0.9999803304672241
1322,tell me what the gas mileage is on my car,142,mpg,142,mpg,run_03_seed_2024,0.9993020296096802
1323,what is the gas mileage of my car,142,mpg,142,mpg,run_03_seed_2024,0.9999520778656006
1324,check: car gas mileage,142,mpg,142,mpg,run_03_seed_2024,0.998600423336029
1325,what is my car's mpg,142,mpg,142,mpg,run_03_seed_2024,0.9999799728393555
1326,"what is my car's mpg, please",142,mpg,27,bill_balance,run_03_seed_2024,0.42118898034095764
1327,what's my car's mpg,142,mpg,142,mpg,run_03_seed_2024,0.9999818801879883
1328,"what's my car's mpg, please",142,mpg,94,taxes,run_03_seed_2024,0.3726884126663208
1329,what is the highway mpg of this car,142,mpg,142,mpg,run_03_seed_2024,0.9999936819076538
1330,hows the city mpg of this car,142,mpg,142,mpg,run_03_seed_2024,0.9999876022338867
1331,what is the highway mpg on this car like,142,mpg,142,mpg,run_03_seed_2024,0.999992847442627
1332,what mpg does this car get in the city,142,mpg,142,mpg,run_03_seed_2024,0.9999955892562866
1333,how many mpg does this car get in the city,142,mpg,142,mpg,run_03_seed_2024,0.9999972581863403
1334,tell me about this car's highway mpg,142,mpg,142,mpg,run_03_seed_2024,0.9999896287918091
1335,can i have more information about this car's highway mpg,142,mpg,142,mpg,run_03_seed_2024,0.9999275207519531
1336,what is the city mpg on this car,142,mpg,142,mpg,run_03_seed_2024,0.9999948740005493
1337,whats the mpg for this car,142,mpg,142,mpg,run_03_seed_2024,0.9999879598617554
1338,whats the mpg of this car,142,mpg,142,mpg,run_03_seed_2024,0.9999963045120239
1339,i need to know my cars mpg,142,mpg,142,mpg,run_03_seed_2024,0.9999808073043823
1340,can i get this car's mpg,142,mpg,142,mpg,run_03_seed_2024,0.9998489618301392
1341,i would like to know the mpg of my car,142,mpg,142,mpg,run_03_seed_2024,0.9999885559082031
1342,what kind of mileage am i getting,142,mpg,142,mpg,run_03_seed_2024,0.8297616243362427
1343,what the mpg,142,mpg,142,mpg,run_03_seed_2024,0.9999372959136963
1344,can you tell me my vehicles mpg,142,mpg,142,mpg,run_03_seed_2024,0.9998408555984497
1345,whats the fuel economy of this car,142,mpg,142,mpg,run_03_seed_2024,0.9999165534973145
1346,what kind of mileage does this car get,142,mpg,142,mpg,run_03_seed_2024,0.9996947050094604
1347,mpg for this car please,142,mpg,142,mpg,run_03_seed_2024,0.9997888207435608
1348,what is the miles per gallon,142,mpg,142,mpg,run_03_seed_2024,0.999940037727356
1349,how is the car's fuel economy,142,mpg,142,mpg,run_03_seed_2024,0.9998334646224976
1350,am i due for an oil change yet,123,oil_change_when,123,oil_change_when,run_03_seed_2024,0.9983685612678528
1351,when is the next time i should change my oil,123,oil_change_when,123,oil_change_when,run_03_seed_2024,0.999988317489624
1352,when is my car due for its next oil change,123,oil_change_when,123,oil_change_when,run_03_seed_2024,0.9992875456809998
1353,when am i due for my next oil change,123,oil_change_when,123,oil_change_when,run_03_seed_2024,0.9999805688858032
1354,when should i get my next oil change,123,oil_change_when,123,oil_change_when,run_03_seed_2024,0.9999839067459106
1355,when's the next time i should change my oil,123,oil_change_when,123,oil_change_when,run_03_seed_2024,0.9999783039093018
1356,when should i get my car's oil changed next,123,oil_change_when,123,oil_change_when,run_03_seed_2024,0.9999909400939941
1357,when is the next time i need to get an oil change,123,oil_change_when,123,oil_change_when,run_03_seed_2024,0.9999922513961792
1358,when is my car's next oil change supposed to be,123,oil_change_when,123,oil_change_when,run_03_seed_2024,0.9999301433563232
1359,how long until my next oil change,123,oil_change_when,123,oil_change_when,run_03_seed_2024,0.9998960494995117
1360,when's the next time i ought to change my oil,123,oil_change_when,123,oil_change_when,run_03_seed_2024,0.9999403953552246
1361,when's the next time i have to get an oil change,123,oil_change_when,123,oil_change_when,run_03_seed_2024,0.9999431371688843
1362,when should i get my oil changed,123,oil_change_when,123,oil_change_when,run_03_seed_2024,0.9999736547470093
1363,when should i get the oil changed in my car,123,oil_change_when,123,oil_change_when,run_03_seed_2024,0.9999053478240967
1364,figure out when my car will next need an oil change,123,oil_change_when,123,oil_change_when,run_03_seed_2024,0.9999605417251587
1365,can you recommend for me when to next get my oil changed,123,oil_change_when,123,oil_change_when,run_03_seed_2024,0.9976333379745483
1366,when do you think i ought to change the oil in my car next,123,oil_change_when,123,oil_change_when,run_03_seed_2024,0.9970722198486328
1367,how soon until i will need to get my oil changed,123,oil_change_when,123,oil_change_when,run_03_seed_2024,0.99981290102005
1368,find out for me when my car is next due for an oil change,123,oil_change_when,123,oil_change_when,run_03_seed_2024,0.9971567392349243
1369,where can i find information on oil changes for my car,123,oil_change_when,3,oil_change_how,run_03_seed_2024,0.4679226279258728
1370,what are the manufacturers guidance on oil changes,123,oil_change_when,123,oil_change_when,run_03_seed_2024,0.4886380136013031
1371,is my car due for it's next oil change,123,oil_change_when,123,oil_change_when,run_03_seed_2024,0.9996228218078613
1372,what is the recommended interval to get my oil changed,123,oil_change_when,123,oil_change_when,run_03_seed_2024,0.4411832094192505
1373,when will i need my next oil change,123,oil_change_when,123,oil_change_when,run_03_seed_2024,0.9999972581863403
1374,how often should i change the oil,123,oil_change_when,123,oil_change_when,run_03_seed_2024,0.9999114274978638
1375,do i need to change my oil soon,123,oil_change_when,123,oil_change_when,run_03_seed_2024,0.9995230436325073
1376,when will my oil change be due for this car,123,oil_change_when,123,oil_change_when,run_03_seed_2024,0.9999356269836426
1377,is my oil change coming up soon,123,oil_change_when,123,oil_change_when,run_03_seed_2024,0.9968023300170898
1378,what's my oil change status,123,oil_change_when,123,oil_change_when,run_03_seed_2024,0.9723315834999084
1379,when does this car need oil changes,123,oil_change_when,123,oil_change_when,run_03_seed_2024,0.9991255402565002
1380,i will say yes as my response,107,yes,107,yes,run_03_seed_2024,0.9993755221366882
1381,my answer to your question is yes,107,yes,107,yes,run_03_seed_2024,0.9977192282676697
1382,yes is my answer,107,yes,107,yes,run_03_seed_2024,0.9998371601104736
1383,"yes, ai, that is correct",107,yes,107,yes,run_03_seed_2024,0.9999135732650757
1384,that's true,107,yes,107,yes,run_03_seed_2024,0.999995231628418
1385,that's correct,107,yes,107,yes,run_03_seed_2024,0.9993109703063965
1386,that checks out,107,yes,127,order_checks,run_03_seed_2024,0.778508722782135
1387,that's right,107,yes,107,yes,run_03_seed_2024,0.999937891960144
1388,affirmative,107,yes,107,yes,run_03_seed_2024,0.9997106194496155
1389,"yes, that is factual",107,yes,107,yes,run_03_seed_2024,0.9984322190284729
1390,"yes, that happens to be correct",107,yes,107,yes,run_03_seed_2024,0.9834468364715576
1391,that would be correct,107,yes,107,yes,run_03_seed_2024,0.9992853999137878
1392,thats right,107,yes,107,yes,run_03_seed_2024,0.4460429847240448
1393,"yes, this is true",107,yes,107,yes,run_03_seed_2024,0.9999077320098877
1394,sure,107,yes,121,maybe,run_03_seed_2024,0.719939112663269
1395,okay,107,yes,114,goodbye,run_03_seed_2024,0.43033525347709656
1396,definitely,107,yes,107,yes,run_03_seed_2024,0.874379575252533
1397,roger that,107,yes,107,yes,run_03_seed_2024,0.9572271108627319
1398,i agree,107,yes,107,yes,run_03_seed_2024,0.4203443229198456
1399,absolutely,107,yes,114,goodbye,run_03_seed_2024,0.520810604095459
1400,you're right,107,yes,107,yes,run_03_seed_2024,0.5535592436790466
1401,"yes, that's right",107,yes,107,yes,run_03_seed_2024,0.9999966621398926
1402,please let's do it,107,yes,4,time,run_03_seed_2024,0.19706326723098755
1403,yes please,107,yes,107,yes,run_03_seed_2024,0.9999469518661499
1404,can we please,107,yes,147,cancel,run_03_seed_2024,0.8139100074768066
1405,"yes, please",107,yes,107,yes,run_03_seed_2024,0.8942947387695312
1406,10-4,107,yes,147,cancel,run_03_seed_2024,0.2858365476131439
1407,ya,107,yes,124,thank_you,run_03_seed_2024,0.49320197105407715
1408,yup,107,yes,147,cancel,run_03_seed_2024,0.3864496946334839
1409,great,107,yes,107,yes,run_03_seed_2024,0.9327419400215149
1410,what are some interesting things i can do while in raleigh,149,travel_suggestion,149,travel_suggestion,run_03_seed_2024,0.9999128580093384
1411,can you help me pick some fun things to do in london during my trip,149,travel_suggestion,149,travel_suggestion,run_03_seed_2024,0.9999903440475464
1412,"help me plan my traveling itinerary for my trip to madrid, i want to see lots of sights!",149,travel_suggestion,141,update_playlist,run_03_seed_2024,0.3467593491077423
1413,help me pick a new location to travel to,149,travel_suggestion,64,insurance_change,run_03_seed_2024,0.8733623623847961
1414,can you do some research about the best places to travel,149,travel_suggestion,149,travel_suggestion,run_03_seed_2024,0.9610762596130371
1415,tell me some fun activities to do in oklahoma city,149,travel_suggestion,149,travel_suggestion,run_03_seed_2024,0.9999005794525146
1416,what are some popular tourist activities in mexico city,149,travel_suggestion,149,travel_suggestion,run_03_seed_2024,0.9999909400939941
1417,i am itching to travel but don't know where to go,149,travel_suggestion,149,travel_suggestion,run_03_seed_2024,0.6341179609298706
1418,give me some recommendations of good tourist attractions in montreal,149,travel_suggestion,149,travel_suggestion,run_03_seed_2024,0.9999973773956299
1419,tell me some fun tourist attractions in london,149,travel_suggestion,149,travel_suggestion,run_03_seed_2024,0.9999997615814209
1420,give me some ideas of what to do during my trip to dallas,149,travel_suggestion,149,travel_suggestion,run_03_seed_2024,0.40678343176841736
1421,find out the best tourist attractions to visit in moscow,149,travel_suggestion,149,travel_suggestion,run_03_seed_2024,0.9998729228973389
1422,i want some suggestions for tourist activities in dublin,149,travel_suggestion,149,travel_suggestion,run_03_seed_2024,0.9999970197677612
1423,i am traveling to paris soon and would like some suggestions of what to do and see,149,travel_suggestion,149,travel_suggestion,run_03_seed_2024,0.9973717927932739
1424,what are some local attractions in portland,149,travel_suggestion,149,travel_suggestion,run_03_seed_2024,0.9999798536300659
1425,what sorts of activities should i get up to while i am in dublin,149,travel_suggestion,149,travel_suggestion,run_03_seed_2024,0.685988187789917
1426,i want to explore a new place but don't know where i should go do you have any ideas,149,travel_suggestion,145,restaurant_suggestion,run_03_seed_2024,0.698602020740509
1427,please give me some ideas of fun tourist activities to do while i am in paris,149,travel_suggestion,149,travel_suggestion,run_03_seed_2024,0.9993081092834473
1428,can you throw out some suggestions to me of places to travel to,149,travel_suggestion,149,travel_suggestion,run_03_seed_2024,0.9782667756080627
1429,suggest some things for me to do while i am in los angeles,149,travel_suggestion,149,travel_suggestion,run_03_seed_2024,0.9980201721191406
1430,let me know some things to do in phoenix,149,travel_suggestion,149,travel_suggestion,run_03_seed_2024,0.999717652797699
1431,let me know some things i can do in dallas,149,travel_suggestion,149,travel_suggestion,run_03_seed_2024,0.9999229907989502
1432,i wanna know some things to do in phoenix,149,travel_suggestion,149,travel_suggestion,run_03_seed_2024,0.9994408488273621
1433,i would like to do some things in phoenix,149,travel_suggestion,149,travel_suggestion,run_03_seed_2024,0.9999594688415527
1434,tell me some things to do in phoenix,149,travel_suggestion,149,travel_suggestion,run_03_seed_2024,0.9999672174453735
1435,what are some fun silly things to do in new jersey,149,travel_suggestion,149,travel_suggestion,run_03_seed_2024,0.9998779296875
1436,what are some cool tourist attractions in england,149,travel_suggestion,149,travel_suggestion,run_03_seed_2024,0.9999896287918091
1437,what are some fun local experiences in canada,149,travel_suggestion,149,travel_suggestion,run_03_seed_2024,0.9999992847442627
1438,what are some fun tourist things to do in mumbai,149,travel_suggestion,149,travel_suggestion,run_03_seed_2024,0.999998927116394
1439,what are some fun cheap activities to do in colorado,149,travel_suggestion,149,travel_suggestion,run_03_seed_2024,0.9995110034942627
1440,which insurance plan to i have,74,insurance,74,insurance,run_03_seed_2024,0.9855380058288574
1441,do you know which insurance plan i have,74,insurance,74,insurance,run_03_seed_2024,0.9988787770271301
1442,what kind of insurance plan am i in,74,insurance,74,insurance,run_03_seed_2024,0.9998716115951538
1443,what health coverage do i have,74,insurance,74,insurance,run_03_seed_2024,0.9997445940971375
1444,what are the details on my health care plan,74,insurance,74,insurance,run_03_seed_2024,0.9998799562454224
1445,which insurance plan am i enrolled in,74,insurance,74,insurance,run_03_seed_2024,0.9999719858169556
1446,what is my health insurance,74,insurance,74,insurance,run_03_seed_2024,0.9999748468399048
1447,what insurance plan am i enrolled in,74,insurance,74,insurance,run_03_seed_2024,0.9999735355377197
1448,check on my health care plan,74,insurance,74,insurance,run_03_seed_2024,0.9997393488883972
1449,what's my health insurance plan,74,insurance,74,insurance,run_03_seed_2024,0.9999747276306152
1450,what sort of health benefits do i have,74,insurance,74,insurance,run_03_seed_2024,0.9999514818191528
1451,"which health plan do i have, again",74,insurance,74,insurance,run_03_seed_2024,0.999950647354126
1452,tell me about my health benefits,74,insurance,74,insurance,run_03_seed_2024,0.9999796152114868
1453,what's the name of my health insurance plan,74,insurance,74,insurance,run_03_seed_2024,0.999995231628418
1454,explain my health benefits,74,insurance,74,insurance,run_03_seed_2024,0.9999990463256836
1455,what are my health insurance benefits,74,insurance,74,insurance,run_03_seed_2024,0.9999974966049194
1456,what specific health plan do i have,74,insurance,74,insurance,run_03_seed_2024,0.9999386072158813
1457,tell me the full name of my health plan,74,insurance,74,insurance,run_03_seed_2024,0.999988317489624
1458,how do my health benefits work,74,insurance,74,insurance,run_03_seed_2024,0.9996054768562317
1459,can you tell me what health plan i am on,74,insurance,74,insurance,run_03_seed_2024,0.9993709921836853
1460,tell me my current health plan,74,insurance,74,insurance,run_03_seed_2024,0.9999904632568359
1461,which health plan am i currently enrolled in,74,insurance,74,insurance,run_03_seed_2024,0.9997537732124329
1462,i want to know what health plan i'm currently on,74,insurance,74,insurance,run_03_seed_2024,0.9999582767486572
1463,could you please inform me what health plan i am currently on,74,insurance,74,insurance,run_03_seed_2024,0.9980530738830566
1464,what are the benefits associated with my insurance,74,insurance,74,insurance,run_03_seed_2024,0.9999642372131348
1465,what are the benefits of having this insurance,74,insurance,74,insurance,run_03_seed_2024,0.9999011754989624
1466,what are my benefits with this insurance,74,insurance,74,insurance,run_03_seed_2024,0.9999939203262329
1467,what are my benefits on the insurance,74,insurance,74,insurance,run_03_seed_2024,0.9999845027923584
1468,google find out what health plan i am under,74,insurance,74,insurance,run_03_seed_2024,0.9992621541023254
1469,tell me what health plan coverage i have,74,insurance,74,insurance,run_03_seed_2024,0.9999979734420776
1470,cross grocery shopping off the todo list,65,todo_list_update,65,todo_list_update,run_03_seed_2024,0.9708254933357239
1471,i don't need grocery shopping on my todo list anymore,65,todo_list_update,65,todo_list_update,run_03_seed_2024,0.9275288581848145
1472,take grocery shopping off my todo list,65,todo_list_update,65,todo_list_update,run_03_seed_2024,0.9405654668807983
1473,remove grocery shopping from todo list,65,todo_list_update,125,shopping_list_update,run_03_seed_2024,0.8454082608222961
1474,cross off grocery shopping from todo list,65,todo_list_update,125,shopping_list_update,run_03_seed_2024,0.9962634444236755
1475,i don't need mowing the lawn on my to do list anymore,65,todo_list_update,65,todo_list_update,run_03_seed_2024,0.9856400489807129
1476,empty the contents of my to do list,65,todo_list_update,48,todo_list,run_03_seed_2024,0.9991143345832825
1477,take everything off my to do list please,65,todo_list_update,65,todo_list_update,run_03_seed_2024,0.9998385906219482
1478,take everything off my to do list,65,todo_list_update,65,todo_list_update,run_03_seed_2024,0.9995384216308594
1479,please remove science fair from my to do list,65,todo_list_update,65,todo_list_update,run_03_seed_2024,0.9998102784156799
1480,please put babysitting on my to do list,65,todo_list_update,65,todo_list_update,run_03_seed_2024,0.9999934434890747
1481,please put lawn mowing on my list of to dos,65,todo_list_update,65,todo_list_update,run_03_seed_2024,0.9986674785614014
1482,put the dishes on my list of things to do,65,todo_list_update,65,todo_list_update,run_03_seed_2024,0.9999980926513672
1483,remove all items from my to do list,65,todo_list_update,65,todo_list_update,run_03_seed_2024,0.9997479319572449
1484,take tennis practice off my to do list,65,todo_list_update,65,todo_list_update,run_03_seed_2024,0.9999531507492065
1485,get rid of my to do list,65,todo_list_update,65,todo_list_update,run_03_seed_2024,0.9997521042823792
1486,take dishes off the to do list,65,todo_list_update,65,todo_list_update,run_03_seed_2024,0.9996775388717651
1487,add grocery shopping to my to do list,65,todo_list_update,65,todo_list_update,run_03_seed_2024,0.9989933371543884
1488,remove laundry from my to do list,65,todo_list_update,65,todo_list_update,run_03_seed_2024,0.9999830722808838
1489,please add laundry to the chores,65,todo_list_update,105,calendar_update,run_03_seed_2024,0.490843802690506
1490,add mopping to the to do list,65,todo_list_update,65,todo_list_update,run_03_seed_2024,0.999924898147583
1491,please put dusting on my list of things to do,65,todo_list_update,65,todo_list_update,run_03_seed_2024,0.9999982118606567
1492,please note vacuuming on my to do list,65,todo_list_update,65,todo_list_update,run_03_seed_2024,0.9858331680297852
1493,insert mowing on the chore list,65,todo_list_update,65,todo_list_update,run_03_seed_2024,0.9760205745697021
1494,you can dusting off my todo list,65,todo_list_update,65,todo_list_update,run_03_seed_2024,0.9999936819076538
1495,you take sweeping of my todo list,65,todo_list_update,65,todo_list_update,run_03_seed_2024,0.9997883439064026
1496,you can vacuuming of my todo list,65,todo_list_update,48,todo_list,run_03_seed_2024,0.9995056390762329
1497,you can take laundry off my todo list,65,todo_list_update,65,todo_list_update,run_03_seed_2024,0.999997615814209
1498,you can take dishes off my todo list,65,todo_list_update,65,todo_list_update,run_03_seed_2024,0.9999879598617554
1499,i need you to clear my todo list,65,todo_list_update,65,todo_list_update,run_03_seed_2024,0.9999878406524658
1500,give me my reminders,76,reminder,76,reminder,run_03_seed_2024,0.9999951124191284
1501,what were the things that i wanted to remember,76,reminder,76,reminder,run_03_seed_2024,0.9999927282333374
1502,what were you supposed to remind me of,76,reminder,11,user_name,run_03_seed_2024,0.3741307258605957
1503,my list of reminders contains what,76,reminder,76,reminder,run_03_seed_2024,0.9999939203262329
1504,what did i want to remember,76,reminder,76,reminder,run_03_seed_2024,0.9999903440475464
1505,what did i ask you to remind me of,76,reminder,76,reminder,run_03_seed_2024,0.8766412138938904
1506,read my reminder list,76,reminder,76,reminder,run_03_seed_2024,0.9999903440475464
1507,is my meeting with frank on my list of reminders,76,reminder,76,reminder,run_03_seed_2024,0.9851753115653992
1508,list my reminders,76,reminder,76,reminder,run_03_seed_2024,0.9999949932098389
1509,what stuff am i trying to remember,76,reminder,76,reminder,run_03_seed_2024,0.9972319006919861
1510,what are my reminders,76,reminder,76,reminder,run_03_seed_2024,0.9999830722808838
1511,did i tell you to remind me about laundry,76,reminder,53,reminder_update,run_03_seed_2024,0.5602200031280518
1512,"on my reminders list, is there an item called conference call",76,reminder,71,spending_history,run_03_seed_2024,0.36634618043899536
1513,what items did i want to remember,76,reminder,76,reminder,run_03_seed_2024,0.9999417066574097
1514,what's on my list of things to remember,76,reminder,76,reminder,run_03_seed_2024,0.9997829794883728
1515,what kinds of things are you supposed to remind me of,76,reminder,36,tell_joke,run_03_seed_2024,0.5081295967102051
1516,is grocery shopping on my reminders list,76,reminder,76,reminder,run_03_seed_2024,0.9990975856781006
1517,i want to know my reminders,76,reminder,76,reminder,run_03_seed_2024,0.9999812841415405
1518,read my list of reminders,76,reminder,76,reminder,run_03_seed_2024,0.9999982118606567
1519,can you tell me the to do's on my reminder list,76,reminder,76,reminder,run_03_seed_2024,0.9995859265327454
1520,please go though the bullet points on my reminder list,76,reminder,76,reminder,run_03_seed_2024,0.677904486656189
1521,what are all the things on my reminder list,76,reminder,76,reminder,run_03_seed_2024,0.998458743095398
1522,"i would like to hear the reminders that i listed on my things to remember list, please",76,reminder,76,reminder,run_03_seed_2024,0.9996248483657837
1523,what were the things i want to recall,76,reminder,129,fun_fact,run_03_seed_2024,0.2912083566188812
1524,can you please remind me of the items that i made note of to not forget,76,reminder,53,reminder_update,run_03_seed_2024,0.367656946182251
1525,refresh my memory about what items i want to remember,76,reminder,76,reminder,run_03_seed_2024,0.5859110355377197
1526,remind me of the items on my list of things to remember,76,reminder,76,reminder,run_03_seed_2024,0.9996309280395508
1527,"i'd like to just confirm all of the reminders currently on my list of reminders, please",76,reminder,76,reminder,run_03_seed_2024,0.9897472858428955
1528,please play my list of reminders,76,reminder,76,reminder,run_03_seed_2024,0.999985933303833
1529,"""which things are wanted to remember",76,reminder,76,reminder,run_03_seed_2024,0.8744052052497864
1530,can i speed up your voice,119,change_speed,119,change_speed,run_03_seed_2024,0.985164999961853
1531,can i change your talking voice,119,change_speed,119,change_speed,run_03_seed_2024,0.9432147741317749
1532,talk fast,119,change_speed,119,change_speed,run_03_seed_2024,0.999858021736145
1533,change voice speed,119,change_speed,119,change_speed,run_03_seed_2024,0.9999014139175415
1534,change device talking speed,119,change_speed,119,change_speed,run_03_seed_2024,0.9997909665107727
1535,speak it again slowly,119,change_speed,119,change_speed,run_03_seed_2024,0.9777532815933228
1536,try to speak slowly,119,change_speed,119,change_speed,run_03_seed_2024,0.9990919828414917
1537,will you please slow down your voice,119,change_speed,119,change_speed,run_03_seed_2024,0.9999727010726929
1538,slow down your voice,119,change_speed,119,change_speed,run_03_seed_2024,0.9995126724243164
1539,can you speak faster,119,change_speed,119,change_speed,run_03_seed_2024,0.9999953508377075
1540,how do i change the speed of your voice,119,change_speed,119,change_speed,run_03_seed_2024,0.9996615648269653
1541,can you talk faster,119,change_speed,119,change_speed,run_03_seed_2024,0.9999675750732422
1542,how do i make you talk faster,119,change_speed,119,change_speed,run_03_seed_2024,0.9998823404312134
1543,why are you talking so slowly,119,change_speed,119,change_speed,run_03_seed_2024,0.996058464050293
1544,speed up your talking,119,change_speed,119,change_speed,run_03_seed_2024,0.9998249411582947
1545,talk faster,119,change_speed,119,change_speed,run_03_seed_2024,0.9999421834945679
1546,you talk to slow,119,change_speed,119,change_speed,run_03_seed_2024,0.998443067073822
1547,can you adjust the speed of your voice,119,change_speed,119,change_speed,run_03_seed_2024,0.9987057447433472
1548,can you talk more slowly,119,change_speed,119,change_speed,run_03_seed_2024,0.999925971031189
1549,go faster,119,change_speed,119,change_speed,run_03_seed_2024,0.9943734407424927
1550,can you not talk so fast,119,change_speed,119,change_speed,run_03_seed_2024,0.999950647354126
1551,speak more quickly,119,change_speed,119,change_speed,run_03_seed_2024,0.9991405010223389
1552,you're talking too fast,119,change_speed,119,change_speed,run_03_seed_2024,0.9999933242797852
1553,you talk too slow,119,change_speed,119,change_speed,run_03_seed_2024,0.9999837875366211
1554,please speak a bit faster,119,change_speed,119,change_speed,run_03_seed_2024,0.9999842643737793
1555,double the speaking speed please,119,change_speed,119,change_speed,run_03_seed_2024,0.9999914169311523
1556,speed up speech please,119,change_speed,119,change_speed,run_03_seed_2024,0.999995231628418
1557,change speaking speed to 50 percent faster,119,change_speed,119,change_speed,run_03_seed_2024,0.995716392993927
1558,your speech slower it,119,change_speed,119,change_speed,run_03_seed_2024,0.9998873472213745
1559,make slower your speech,119,change_speed,119,change_speed,run_03_seed_2024,0.999885082244873
1560,give me the pressure for the tires on my car,98,tire_pressure,131,schedule_maintenance,run_03_seed_2024,0.4292042851448059
1561,can you tell me the tire pressure for the car,98,tire_pressure,98,tire_pressure,run_03_seed_2024,0.9999874830245972
1562,give me the tire pressure for the car,98,tire_pressure,98,tire_pressure,run_03_seed_2024,0.9999686479568481
1563,go ahead and give me the tire pressure of my vehicle,98,tire_pressure,98,tire_pressure,run_03_seed_2024,0.9999885559082031
1564,what exactly is the tire pressure for the car,98,tire_pressure,98,tire_pressure,run_03_seed_2024,0.9999418258666992
1565,i must kniw how low are my tires on air,98,tire_pressure,98,tire_pressure,run_03_seed_2024,0.9999059438705444
1566,please tell me my car's tire pressure,98,tire_pressure,98,tire_pressure,run_03_seed_2024,0.9999984502792358
1567,i need to know how low are my tires on air,98,tire_pressure,98,tire_pressure,run_03_seed_2024,0.9999765157699585
1568,i shall know how low are my tires on air,98,tire_pressure,98,tire_pressure,run_03_seed_2024,0.9999643564224243
1569,tell me my car's tire pressure,98,tire_pressure,98,tire_pressure,run_03_seed_2024,0.9999954700469971
1570,i gotta know my car;s tire pressure,98,tire_pressure,98,tire_pressure,run_03_seed_2024,0.999993085861206
1571,i would like to know my car's tire pressure,98,tire_pressure,98,tire_pressure,run_03_seed_2024,0.9999978542327881
1572,i gotta know how low are my tires on air,98,tire_pressure,98,tire_pressure,run_03_seed_2024,0.9999799728393555
1573,i wanna know my car's tire pressure,98,tire_pressure,98,tire_pressure,run_03_seed_2024,0.9999983310699463
1574,i wanna know how low are my tires on air,98,tire_pressure,98,tire_pressure,run_03_seed_2024,0.9999731779098511
1575,how can i find out what my tire pressure is,98,tire_pressure,98,tire_pressure,run_03_seed_2024,0.9999693632125854
1576,how do i find out my tire pressure,98,tire_pressure,98,tire_pressure,run_03_seed_2024,0.9999980926513672
1577,my tires are how low on air,98,tire_pressure,98,tire_pressure,run_03_seed_2024,0.9926705360412598
1578,how low are my tires right now on air,98,tire_pressure,98,tire_pressure,run_03_seed_2024,0.9999139308929443
1579,my tires are filled enough or no,98,tire_pressure,98,tire_pressure,run_03_seed_2024,0.9822903275489807
1580,what's the tire pressure of my tires,98,tire_pressure,98,tire_pressure,run_03_seed_2024,0.9999605417251587
1581,is there enough air in my tires,98,tire_pressure,98,tire_pressure,run_03_seed_2024,0.9999865293502808
1582,my tires need how much more air in them,98,tire_pressure,98,tire_pressure,run_03_seed_2024,0.9266571998596191
1583,are my tires filled properly,98,tire_pressure,98,tire_pressure,run_03_seed_2024,0.9977752566337585
1584,are my tires filled enough,98,tire_pressure,98,tire_pressure,run_03_seed_2024,0.9997438788414001
1585,what is the pressure of my tires,98,tire_pressure,98,tire_pressure,run_03_seed_2024,0.9997650980949402
1586,do my tires have enough pressure,98,tire_pressure,98,tire_pressure,run_03_seed_2024,0.9999899864196777
1587,what is the air pressure of my tires,98,tire_pressure,98,tire_pressure,run_03_seed_2024,0.9999758005142212
1588,what is the level of air pressure of my tires,98,tire_pressure,98,tire_pressure,run_03_seed_2024,0.9997498393058777
1589,is my tire pressure high,98,tire_pressure,98,tire_pressure,run_03_seed_2024,0.9999709129333496
1590,that isn't right,30,no,30,no,run_03_seed_2024,0.7998418211936951
1591,that's incorrect,30,no,30,no,run_03_seed_2024,0.9995383024215698
1592,nope that's not it,30,no,30,no,run_03_seed_2024,0.9999730587005615
1593,no that isn't right,30,no,30,no,run_03_seed_2024,0.999967098236084
1594,that's not correct,30,no,30,no,run_03_seed_2024,0.9999778270721436
1595,that isn't correct,30,no,30,no,run_03_seed_2024,0.9323727488517761
1596,that is incorrect,30,no,30,no,run_03_seed_2024,0.9961563944816589
1597,that's wrong,30,no,30,no,run_03_seed_2024,0.9999020099639893
1598,"no, that is wrong",30,no,30,no,run_03_seed_2024,0.9999960660934448
1599,"no, that is incorrect",30,no,30,no,run_03_seed_2024,0.999976634979248
1600,"no, definitely not",30,no,30,no,run_03_seed_2024,0.9999678134918213
1601,i'd say no,30,no,30,no,run_03_seed_2024,0.9996660947799683
1602,the statement is false,30,no,30,no,run_03_seed_2024,0.9999622106552124
1603,that's false,30,no,30,no,run_03_seed_2024,0.9999189376831055
1604,false,30,no,30,no,run_03_seed_2024,0.9894602298736572
1605,it is no,30,no,30,no,run_03_seed_2024,0.9998990297317505
1606,it is false,30,no,30,no,run_03_seed_2024,0.9986099004745483
1607,it is very much false,30,no,30,no,run_03_seed_2024,0.9940610527992249
1608,that has to be false,30,no,30,no,run_03_seed_2024,0.9978786706924438
1609,that is so false,30,no,30,no,run_03_seed_2024,0.9996883869171143
1610,that can't be true,30,no,107,yes,run_03_seed_2024,0.9996742010116577
1611,that's a negatory,30,no,30,no,run_03_seed_2024,0.7766134738922119
1612,there is no way in heck that is true,30,no,107,yes,run_03_seed_2024,0.921535849571228
1613,nope not it,30,no,30,no,run_03_seed_2024,0.9995262622833252
1614,that is most definitely false,30,no,30,no,run_03_seed_2024,0.9847240447998047
1615,"no, you are wrong",30,no,30,no,run_03_seed_2024,0.999974250793457
1616,"no, that is a falsehood",30,no,30,no,run_03_seed_2024,0.9994221925735474
1617,you got that wrong,30,no,30,no,run_03_seed_2024,0.9991161227226257
1618,that is the wrong answer,30,no,30,no,run_03_seed_2024,0.9999911785125732
1619,not right now,30,no,30,no,run_03_seed_2024,0.9391953945159912
1620,you need to tell me my credit card's apr,132,apr,132,apr,run_03_seed_2024,0.999995231628418
1621,now tell me my credit card's apr,132,apr,132,apr,run_03_seed_2024,0.999996542930603
1622,i need to know the apr on my wells fargo credit card,132,apr,132,apr,run_03_seed_2024,0.9999134540557861
1623,tell me my chase credit card's apr,132,apr,132,apr,run_03_seed_2024,0.9999992847442627
1624,tell me what my wells fargo credit card apr is,132,apr,132,apr,run_03_seed_2024,0.9999858140945435
1625,what is my b of a credit card's apr,132,apr,132,apr,run_03_seed_2024,0.999976396560669
1626,can you tell me the apr of my target credit card,132,apr,132,apr,run_03_seed_2024,0.9976451992988586
1627,what is my apr rate,132,apr,132,apr,run_03_seed_2024,0.9999654293060303
1628,is my apr rate above average,132,apr,132,apr,run_03_seed_2024,0.9999867677688599
1629,does my apr rate suck,132,apr,132,apr,run_03_seed_2024,0.9999415874481201
1630,what is my card's apr rate,132,apr,132,apr,run_03_seed_2024,0.9999980926513672
1631,is my apr rate better than most,132,apr,132,apr,run_03_seed_2024,0.9998867511749268
1632,what's my credit card's annual percentage rate,132,apr,132,apr,run_03_seed_2024,0.9999923706054688
1633,what's the annual percentage rate for my credit card,132,apr,132,apr,run_03_seed_2024,0.6000298261642456
1634,how high is the apr on my credit card,132,apr,132,apr,run_03_seed_2024,0.9999555349349976
1635,what's the apr on my credit card,132,apr,132,apr,run_03_seed_2024,0.9999980926513672
1636,how much am i paying for apr on my credit card,132,apr,132,apr,run_03_seed_2024,0.9961218237876892
1637,is my card's apr a decent rate,132,apr,132,apr,run_03_seed_2024,0.9999983310699463
1638,can you tell me my apr on my credit card,132,apr,132,apr,run_03_seed_2024,0.9999707937240601
1639,would you consider my apr to be good,132,apr,132,apr,run_03_seed_2024,0.9565528631210327
1640,what's the current apr on my credit card,132,apr,132,apr,run_03_seed_2024,0.9999966621398926
1641,what kind of credit card apr do i get,132,apr,132,apr,run_03_seed_2024,0.9985718727111816
1642,what's my apr rate,132,apr,132,apr,run_03_seed_2024,0.999908447265625
1643,tell me my apr rate,132,apr,132,apr,run_03_seed_2024,0.999988317489624
1644,could you share my credit card's apr,132,apr,132,apr,run_03_seed_2024,0.9997510313987732
1645,is my apr rate good,132,apr,132,apr,run_03_seed_2024,0.9999713897705078
1646,"i need to know what the current apr is for my chase sapphire, please",132,apr,132,apr,run_03_seed_2024,0.9991933703422546
1647,can you find me the apr listed on the statement for my citi mastercard,132,apr,132,apr,run_03_seed_2024,0.9999048709869385
1648,what's the apr on my capital one venture card,132,apr,132,apr,run_03_seed_2024,0.9999452829360962
1649,inform me on what my credit card's apr is,132,apr,132,apr,run_03_seed_2024,0.9999979734420776
1650,tell me nutritional info for brocoli,1,nutrition_info,1,nutrition_info,run_03_seed_2024,0.9999980926513672
1651,tell me nutritional info for lettuce,1,nutrition_info,1,nutrition_info,run_03_seed_2024,0.9999988079071045
1652,tell me nutritional info for fish,1,nutrition_info,1,nutrition_info,run_03_seed_2024,0.9999992847442627
1653,tell me nutritional info for burger,1,nutrition_info,1,nutrition_info,run_03_seed_2024,0.9999991655349731
1654,tell me nutritional info for beans,1,nutrition_info,1,nutrition_info,run_03_seed_2024,0.9999986886978149
1655,how healthy is blueberrys,1,nutrition_info,1,nutrition_info,run_03_seed_2024,0.9998372793197632
1656,how healthy is tacos,1,nutrition_info,1,nutrition_info,run_03_seed_2024,0.9998977184295654
1657,how healthy is mcdonalds,1,nutrition_info,1,nutrition_info,run_03_seed_2024,0.9998705387115479
1658,how healthy is a cheeseburger,1,nutrition_info,1,nutrition_info,run_03_seed_2024,0.9985693693161011
1659,how healthy is rice,1,nutrition_info,1,nutrition_info,run_03_seed_2024,0.9999954700469971
1660,find the nutrition info for whole milk for me,1,nutrition_info,1,nutrition_info,run_03_seed_2024,0.9998931884765625
1661,what are the nutrition facts for greek yogurt,1,nutrition_info,1,nutrition_info,run_03_seed_2024,0.9999817609786987
1662,find the nutrition info for ketchup for me,1,nutrition_info,1,nutrition_info,run_03_seed_2024,0.9999643564224243
1663,what are the nutrition facts for cucumbers,1,nutrition_info,1,nutrition_info,run_03_seed_2024,0.9998910427093506
1664,what are the nutrition facts for apple sauce,1,nutrition_info,1,nutrition_info,run_03_seed_2024,0.9999837875366211
1665,what are the nutrition facts for peanut butter,1,nutrition_info,1,nutrition_info,run_03_seed_2024,0.9997554421424866
1666,find the nutrition info for bell peppers for me,1,nutrition_info,1,nutrition_info,run_03_seed_2024,0.999876856803894
1667,find the nutrition info for cheese fries for me,1,nutrition_info,1,nutrition_info,run_03_seed_2024,0.999824583530426
1668,find the nutrition info for cucumbers for me,1,nutrition_info,1,nutrition_info,run_03_seed_2024,0.9999134540557861
1669,what are the nutrition facts for carrots,1,nutrition_info,1,nutrition_info,run_03_seed_2024,0.9999599456787109
1670,please give me the nutritional information for an egg,1,nutrition_info,1,nutrition_info,run_03_seed_2024,0.999992847442627
1671,what's the nutrition info for a pound of chicken,1,nutrition_info,1,nutrition_info,run_03_seed_2024,0.9999986886978149
1672,tell me the nutrition info for a cup of milk,1,nutrition_info,1,nutrition_info,run_03_seed_2024,0.9999791383743286
1673,what's the nutrition info for a cucumber,1,nutrition_info,1,nutrition_info,run_03_seed_2024,0.9999990463256836
1674,give me the nutritional details for a cup of yogurt,1,nutrition_info,1,nutrition_info,run_03_seed_2024,0.999985933303833
1675,i need the nutrition facts for ramen,1,nutrition_info,1,nutrition_info,run_03_seed_2024,0.9999985694885254
1676,tell me the nutrition facts for shepherd's pie,1,nutrition_info,1,nutrition_info,run_03_seed_2024,0.9998558759689331
1677,i would like nutrition facts for spaghetti carbonara,1,nutrition_info,1,nutrition_info,run_03_seed_2024,0.9999591112136841
1678,tell me spaghetti bolognese's nutrition facts,1,nutrition_info,1,nutrition_info,run_03_seed_2024,0.9998051524162292
1679,i want the nutrition facts for buttered spaghetti,1,nutrition_info,1,nutrition_info,run_03_seed_2024,0.99997878074646
1680,do i have my nephew's birthday marked for november 10th,60,calendar,48,todo_list,run_03_seed_2024,0.5106164813041687
1681,do i have any appoints set for my calendar april 3rd,60,calendar,60,calendar,run_03_seed_2024,0.9998478889465332
1682,did i set march 10th as my doctor's appointment,60,calendar,60,calendar,run_03_seed_2024,0.5806431770324707
1683,do i have any appointments on my calendar march 22nd,60,calendar,60,calendar,run_03_seed_2024,0.9999592304229736
1684,did i set a day on my calendar for voting in the next election,60,calendar,60,calendar,run_03_seed_2024,0.9993485808372498
1685,did i mark the mechanic's appointment on my calendar,60,calendar,105,calendar_update,run_03_seed_2024,0.7692049145698547
1686,do i have any calendars set for may 12th,60,calendar,60,calendar,run_03_seed_2024,0.9999045133590698
1687,what day did i set on my calendar for the first day of school,60,calendar,60,calendar,run_03_seed_2024,0.9975838661193848
1688,is anything on my calendar for june 22nd,60,calendar,60,calendar,run_03_seed_2024,0.9994533658027649
1689,what do i have going on on my calendar for march 18th,60,calendar,60,calendar,run_03_seed_2024,0.9999237060546875
1690,is my meeting with frank on my calendar,60,calendar,19,meeting_schedule,run_03_seed_2024,0.9999655485153198
1691,what do i have planned for 3/5,60,calendar,60,calendar,run_03_seed_2024,0.9984533786773682
1692,have i gotten around to adding the bike ride to my calendar yet,60,calendar,105,calendar_update,run_03_seed_2024,0.9981902241706848
1693,what events do i have going on on march 11th,60,calendar,60,calendar,run_03_seed_2024,0.9999687671661377
1694,i can't remember if i added the fun run to my calendar yet; did i,60,calendar,70,report_fraud,run_03_seed_2024,0.8806051015853882
1695,have i added my doctor's appointment to my calendar,60,calendar,105,calendar_update,run_03_seed_2024,0.9999910593032837
1696,do i have calendar events on march 19th,60,calendar,60,calendar,run_03_seed_2024,0.9999792575836182
1697,read my calendar for march 7th,60,calendar,60,calendar,run_03_seed_2024,0.9999980926513672
1698,do i have any items on my calendar for march 21st,60,calendar,60,calendar,run_03_seed_2024,0.9999954700469971
1699,do i have any calendar entries for march 8th,60,calendar,60,calendar,run_03_seed_2024,0.9999129772186279
1700,tell me what's on my calendar for march 22nd,60,calendar,60,calendar,run_03_seed_2024,0.9999891519546509
1701,is the marathon on friday added to my calendar,60,calendar,105,calendar_update,run_03_seed_2024,0.9999151229858398
1702,what's on my calendar for march 20th,60,calendar,60,calendar,run_03_seed_2024,0.9999674558639526
1703,what's on my calendar on march 10th,60,calendar,60,calendar,run_03_seed_2024,0.9999644756317139
1704,"check my calendar for me, please",60,calendar,60,calendar,run_03_seed_2024,0.9998369216918945
1705,is event on my calendar,60,calendar,60,calendar,run_03_seed_2024,0.9077046513557434
1706,retrieve events on my calendar,60,calendar,105,calendar_update,run_03_seed_2024,0.9994056224822998
1707,is bowling on my calendar,60,calendar,105,calendar_update,run_03_seed_2024,0.9608572721481323
1708,on tuesday you are supposed to have a meeting,60,calendar,18,schedule_meeting,run_03_seed_2024,0.999955415725708
1709,you have yo go to school on calendar,60,calendar,105,calendar_update,run_03_seed_2024,0.9975929856300354
1710,"i'd like an uber for 6 people, going to walmart",39,uber,39,uber,run_03_seed_2024,0.9999951124191284
1711,can you get me an uber to disney world,39,uber,39,uber,run_03_seed_2024,0.9998218417167664
1712,get me an uber for 3 people uptown,39,uber,39,uber,run_03_seed_2024,0.9999932050704956
1713,i need to go downtown with 2 people; can you get me an uber,39,uber,39,uber,run_03_seed_2024,0.99982750415802
1714,i'm going to need to book an uber to universal studios,39,uber,39,uber,run_03_seed_2024,0.999874472618103
1715,i need to get four people to red lobster; can you order me an uber,39,uber,39,uber,run_03_seed_2024,0.9963750243186951
1716,i'm going to need an uber for 4 people to go to patty's bar,39,uber,39,uber,run_03_seed_2024,0.9999724626541138
1717,i need to get to the staples center; can you call me an uber,39,uber,39,uber,run_03_seed_2024,0.9781805276870728
1718,find me an uber to the liberty bell,39,uber,39,uber,run_03_seed_2024,0.9999768733978271
1719,i need an uber to madison square garden,39,uber,39,uber,run_03_seed_2024,0.9999983310699463
1720,i need an uber to get to the bank,39,uber,39,uber,run_03_seed_2024,0.999977707862854
1721,can i get an uber to drive me to the movies,39,uber,39,uber,run_03_seed_2024,0.999996542930603
1722,contact uber and have them pick me up,39,uber,39,uber,run_03_seed_2024,0.997121274471283
1723,can i take an uber to the statue of liberty,39,uber,39,uber,run_03_seed_2024,0.9999396800994873
1724,i need an uber for 5 to go to the concerthall,39,uber,39,uber,run_03_seed_2024,0.999998927116394
1725,get a uber for two to go to a romantic dinner at mcdonalds,39,uber,39,uber,run_03_seed_2024,0.999985933303833
1726,please call an uber for 6 people to go to amazon's southside warehouse,39,uber,39,uber,run_03_seed_2024,0.9999816417694092
1727,find me an uber and get it here,39,uber,39,uber,run_03_seed_2024,0.9944201111793518
1728,is there an uber that drives to the bank on 5th that can hold 3 people,39,uber,39,uber,run_03_seed_2024,0.9776374101638794
1729,we'd like an uber for 4 to take us to the olive garden,39,uber,39,uber,run_03_seed_2024,0.9999911785125732
1730,i want an uber for one person to go to bank of america,39,uber,39,uber,run_03_seed_2024,0.999998927116394
1731,can i get an uber for 2 to go to austin,39,uber,39,uber,run_03_seed_2024,0.9999755620956421
1732,call me an uber please,39,uber,39,uber,run_03_seed_2024,0.9959269165992737
1733,is it possible to take an uber to burger king,39,uber,39,uber,run_03_seed_2024,0.9999747276306152
1734,book me an uber for a party of 5 to the salvage yard off maple,39,uber,39,uber,run_03_seed_2024,0.9997193217277527
1735,i need an uber for 5 people to go to the statue of liberty,39,uber,39,uber,run_03_seed_2024,0.999998927116394
1736,i want an uber to take me to walmart,39,uber,39,uber,run_03_seed_2024,0.9999982118606567
1737,have an uber sent to take me to the courthouse,39,uber,39,uber,run_03_seed_2024,0.9999947547912598
1738,call an uber to take a group of 4 from this bar to the one on maple st,39,uber,39,uber,run_03_seed_2024,0.9992130994796753
1739,i'm too drunk to drive and need an uber home,39,uber,39,uber,run_03_seed_2024,0.9991939663887024
1740,what is 300 divided by 42,138,calculator,138,calculator,run_03_seed_2024,0.9989669322967529
1741,what is 400 times 2,138,calculator,138,calculator,run_03_seed_2024,0.9999747276306152
1742,"what is the average of 54, 23, 43, 12, and 442",138,calculator,27,bill_balance,run_03_seed_2024,0.7318050861358643
1743,add 45 to 87 plus 54 plus 43 plus 22,138,calculator,138,calculator,run_03_seed_2024,0.9835876822471619
1744,what is 48 multiplied by 4 divided by 2,138,calculator,138,calculator,run_03_seed_2024,0.9989098310470581
1745,"what is 25% of $54,788",138,calculator,138,calculator,run_03_seed_2024,0.5872097015380859
1746,what is the square root of 95,138,calculator,138,calculator,run_03_seed_2024,0.9999959468841553
1747,what is 1100 minus 2347,138,calculator,42,oos,run_03_seed_2024,0.8222106099128723
1748,tell me what 1875 plus 3459 equals,138,calculator,138,calculator,run_03_seed_2024,0.9083821773529053
1749,tell me the answer to 1000 divided by 40,138,calculator,138,calculator,run_03_seed_2024,0.8132306933403015
1750,what is 1000 plus 745,138,calculator,138,calculator,run_03_seed_2024,0.9999357461929321
1751,i need to know the answer to 10000 multiplied by 44,138,calculator,75,what_is_your_name,run_03_seed_2024,0.39580777287483215
1752,what is 100 multiplied by 55,138,calculator,138,calculator,run_03_seed_2024,0.9816286563873291
1753,what's 15% of 68,138,calculator,82,greeting,run_03_seed_2024,0.484869122505188
1754,what's 47 times 83,138,calculator,138,calculator,run_03_seed_2024,0.9194106459617615
1755,"if something is 15% off $35, how much is it",138,calculator,21,what_song,run_03_seed_2024,0.9081969261169434
1756,how many times can 3 be divided into 1253,138,calculator,138,calculator,run_03_seed_2024,0.9999452829360962
1757,divide 100 by 12,138,calculator,96,who_made_you,run_03_seed_2024,0.5802719593048096
1758,find square root of 453,138,calculator,138,calculator,run_03_seed_2024,0.9986956715583801
1759,what is 1243 times 45,138,calculator,138,calculator,run_03_seed_2024,0.999993085861206
1760,find the square root of 1243435,138,calculator,138,calculator,run_03_seed_2024,0.9959315657615662
1761,what is the square root of 36,138,calculator,138,calculator,run_03_seed_2024,0.9999927282333374
1762,what is 592 minus 124,138,calculator,27,bill_balance,run_03_seed_2024,0.3108281195163727
1763,i need to know what 25 times 38 is,138,calculator,138,calculator,run_03_seed_2024,0.9977031350135803
1764,can you calculate the square root of 172,138,calculator,138,calculator,run_03_seed_2024,0.9997456669807434
1765,i bought 6 shirts at $499 each what was my total expenditure for them,138,calculator,48,todo_list,run_03_seed_2024,0.2034512609243393
1766,i spent 34 dollars for 12 gallons of paint what is the average price for each gallon,138,calculator,42,oos,run_03_seed_2024,0.5573955774307251
1767,what is the sum of eleven and ten,138,calculator,42,oos,run_03_seed_2024,0.6699051856994629
1768,what is the solution to sixty times thirty,138,calculator,138,calculator,run_03_seed_2024,0.9993535876274109
1769,how do i ask the ai to help me with math problem,138,calculator,115,what_can_i_ask_you,run_03_seed_2024,0.8883843421936035
1770,date please,95,date,95,date,run_03_seed_2024,0.9587786197662354
1771,what is the current day,95,date,95,date,run_03_seed_2024,0.9994908571243286
1772,which day is it now,95,date,95,date,run_03_seed_2024,0.9997915625572205
1773,what's the name of the day today,95,date,95,date,run_03_seed_2024,0.9943776726722717
1774,what is the day now,95,date,95,date,run_03_seed_2024,0.9993071556091309
1775,what day are we in,95,date,140,next_holiday,run_03_seed_2024,0.6752012968063354
1776,tell me what tomorrow's date is,95,date,95,date,run_03_seed_2024,0.999996542930603
1777,please tell me what the date is tomorrow,95,date,95,date,run_03_seed_2024,0.9999980926513672
1778,let me know what tomorrow's date is,95,date,95,date,run_03_seed_2024,0.9999970197677612
1779,let me know the date tomorrow,95,date,95,date,run_03_seed_2024,0.9999866485595703
1780,i need to know tomorrow's date,95,date,95,date,run_03_seed_2024,0.9999707937240601
1781,please tell me what today is,95,date,95,date,run_03_seed_2024,0.9999312162399292
1782,"tell me the date, please",95,date,95,date,run_03_seed_2024,0.7401900887489319
1783,tell me the date 5 days from now,95,date,95,date,run_03_seed_2024,0.9999878406524658
1784,tell me what the date will be in 5 days,95,date,95,date,run_03_seed_2024,0.9999749660491943
1785,what is the date in 5 days,95,date,95,date,run_03_seed_2024,0.9999819993972778
1786,"in 5 days from today, what will the date be",95,date,95,date,run_03_seed_2024,0.9964118599891663
1787,what would the date be 5 days from today,95,date,95,date,run_03_seed_2024,0.9999961853027344
1788,what day it today,95,date,95,date,run_03_seed_2024,0.999882698059082
1789,what will tomorrow be on the calendar,95,date,60,calendar,run_03_seed_2024,0.945778489112854
1790,what date will it be tomorrow,95,date,95,date,run_03_seed_2024,0.9997851252555847
1791,what date is it tomorrow,95,date,95,date,run_03_seed_2024,0.9999929666519165
1792,what is the date of tomorrow,95,date,95,date,run_03_seed_2024,0.9997528195381165
1793,what's tomorrow's date,95,date,95,date,run_03_seed_2024,0.9999833106994629
1794,what's the date today,95,date,95,date,run_03_seed_2024,0.999994158744812
1795,give me today's date,95,date,95,date,run_03_seed_2024,0.9999903440475464
1796,tell me today's date,95,date,95,date,run_03_seed_2024,0.9999208450317383
1797,what's the date,95,date,95,date,run_03_seed_2024,0.9999873638153076
1798,today is which day of the week,95,date,95,date,run_03_seed_2024,0.999319314956665
1799,today is what day of the week,95,date,95,date,run_03_seed_2024,0.9991756081581116
1800,what restrictions do they have for carry-on,62,carry_on,62,carry_on,run_03_seed_2024,0.9870835542678833
1801,ist all carry-on restrictions applicable to my flight,62,carry_on,80,flight_status,run_03_seed_2024,0.978018581867218
1802,what are the size limits regarding-carry on bags,62,carry_on,42,oos,run_03_seed_2024,0.9945934414863586
1803,how many bags can i carry-on,62,carry_on,62,carry_on,run_03_seed_2024,0.9981920123100281
1804,can i bring perfume on the plane or what is the size limit,62,carry_on,41,credit_limit,run_03_seed_2024,0.8127643465995789
1805,what are the rules for traveling with toothpaste,62,carry_on,62,carry_on,run_03_seed_2024,0.38504570722579956
1806,can i bring suntan lotion in my carry on,62,carry_on,62,carry_on,run_03_seed_2024,0.9992844462394714
1807,can i fly with my razors or are there restrictions,62,carry_on,115,what_can_i_ask_you,run_03_seed_2024,0.30440181493759155
1808,are there restrictions for carrying lighters in my backpack on a plane,62,carry_on,48,todo_list,run_03_seed_2024,0.6834476590156555
1809,how many carry ons can i take on a flight with american airlines to japan,62,carry_on,62,carry_on,run_03_seed_2024,0.9999997615814209
1810,how many carry ons can i take on a flight with panam to wales,62,carry_on,62,carry_on,run_03_seed_2024,0.9999994039535522
1811,what is the carry-on policy for flights on panam,62,carry_on,62,carry_on,run_03_seed_2024,0.9999774694442749
1812,what is the carry-on policy for flights on lufthansa,62,carry_on,62,carry_on,run_03_seed_2024,0.9999265670776367
1813,what is the carry-on policy for flights on delta airlines,62,carry_on,62,carry_on,run_03_seed_2024,0.9999544620513916
1814,how many carry ons can i take on a flight with southwestern to tampa,62,carry_on,62,carry_on,run_03_seed_2024,0.9999997615814209
1815,how many carry ons can i take on a flight with delta to seattle,62,carry_on,62,carry_on,run_03_seed_2024,0.9999984502792358
1816,how many carry ons can i take on a flight with united airlines to austin,62,carry_on,62,carry_on,run_03_seed_2024,0.9999994039535522
1817,what is the carry-on policy for flights on the airline called jetblue,62,carry_on,62,carry_on,run_03_seed_2024,0.9996916055679321
1818,i need to know the carry-on rules for southwest,62,carry_on,62,carry_on,run_03_seed_2024,0.9998505115509033
1819,tell me the carry-on rules for my flight,62,carry_on,62,carry_on,run_03_seed_2024,0.5821319818496704
1820,i am flying to finland and wanna know the carry-on rules,62,carry_on,62,carry_on,run_03_seed_2024,0.9995711445808411
1821,what is the carry-on policy for flights on southwest,62,carry_on,62,carry_on,run_03_seed_2024,0.9999853372573853
1822,i need to know the the carry-on restrictions for american airlines,62,carry_on,62,carry_on,run_03_seed_2024,0.9999970197677612
1823,what is the carry-on policy for flights on transaero,62,carry_on,62,carry_on,run_03_seed_2024,0.9997565150260925
1824,what is the carry-on policy for flights on jetblue,62,carry_on,62,carry_on,run_03_seed_2024,0.9997280240058899
1825,i gotta know the the carry-on restrictions for american airlines,62,carry_on,62,carry_on,run_03_seed_2024,0.9999963045120239
1826,what is the carry-on policy for flights on american airlines,62,carry_on,62,carry_on,run_03_seed_2024,0.9999887943267822
1827,i must know the the carry-on restrictions for american airlines,62,carry_on,62,carry_on,run_03_seed_2024,0.9999983310699463
1828,i wanna know the carry-on rules for the flight i have,62,carry_on,62,carry_on,run_03_seed_2024,0.9938726425170898
1829,tell me the the carry-on restrictions for american airlines,62,carry_on,62,carry_on,run_03_seed_2024,0.999998927116394
1830,how many days did i take off,148,pto_used,148,pto_used,run_03_seed_2024,0.9999948740005493
1831,tell me how many days i took off,148,pto_used,148,pto_used,run_03_seed_2024,0.99928218126297
1832,so how many days did i take off sir,148,pto_used,148,pto_used,run_03_seed_2024,0.9999877214431763
1833,so how many days did i take off,148,pto_used,148,pto_used,run_03_seed_2024,0.9999961853027344
1834,i need to know how many days i toof off,148,pto_used,140,next_holiday,run_03_seed_2024,0.6759352684020996
1835,what is the total number of days that i have taken off work since january,148,pto_used,148,pto_used,run_03_seed_2024,0.9999423027038574
1836,how many days off have i taken so far this year,148,pto_used,148,pto_used,run_03_seed_2024,0.9999949932098389
1837,i want to know how many days off are listed on my time off sheet that i have taken this year,148,pto_used,148,pto_used,run_03_seed_2024,0.9837561845779419
1838,tell me how many days off you see that i have taken so far this year please,148,pto_used,148,pto_used,run_03_seed_2024,0.9999710321426392
1839,can you look and see how many days off i have taken so far since january,148,pto_used,148,pto_used,run_03_seed_2024,0.9998910427093506
1840,check how many days off i've taken,148,pto_used,148,pto_used,run_03_seed_2024,0.999996542930603
1841,how many hours of pto have i used,148,pto_used,148,pto_used,run_03_seed_2024,0.9999997615814209
1842,how much pto is gone,148,pto_used,148,pto_used,run_03_seed_2024,0.9985063672065735
1843,see how many days i've taken off so far,148,pto_used,148,pto_used,run_03_seed_2024,0.9999823570251465
1844,how much of my pto is left,148,pto_used,126,pto_balance,run_03_seed_2024,0.9692064523696899
1845,how much of my pto is gone,148,pto_used,148,pto_used,run_03_seed_2024,0.9992808699607849
1846,please let me know how many days i've taken off,148,pto_used,148,pto_used,run_03_seed_2024,0.999954104423523
1847,what is the amount of my taken off days so far,148,pto_used,148,pto_used,run_03_seed_2024,0.9999828338623047
1848,i need to know how many days off i have used so far,148,pto_used,148,pto_used,run_03_seed_2024,0.9999967813491821
1849,how many days off have i taken until right now,148,pto_used,148,pto_used,run_03_seed_2024,0.9996292591094971
1850,notify me how many days off i have used so far,148,pto_used,148,pto_used,run_03_seed_2024,0.9999908208847046
1851,tell me how many days off i have taken so far,148,pto_used,148,pto_used,run_03_seed_2024,0.9999964237213135
1852,i want to know how many days off i have utilized until now,148,pto_used,148,pto_used,run_03_seed_2024,0.48479562997817993
1853,how much so far pto have i used,148,pto_used,148,pto_used,run_03_seed_2024,0.9999978542327881
1854,i have used how much pto so far,148,pto_used,148,pto_used,run_03_seed_2024,0.9999706745147705
1855,pto i have used so far is how much,148,pto_used,148,pto_used,run_03_seed_2024,0.9979773163795471
1856,pto so far i have used is how much,148,pto_used,148,pto_used,run_03_seed_2024,0.9935051202774048
1857,so far how much pto have i used,148,pto_used,148,pto_used,run_03_seed_2024,0.999996542930603
1858,how many vacation days i have used,148,pto_used,148,pto_used,run_03_seed_2024,0.9999970197677612
1859,i want to know how many vacation days i have used,148,pto_used,148,pto_used,run_03_seed_2024,0.9999914169311523
1860,can you see if i can make an appointment to have my oil changed,131,schedule_maintenance,131,schedule_maintenance,run_03_seed_2024,0.9996379613876343
1861,find out the next available date and time i can go to get my oil changed please,131,schedule_maintenance,123,oil_change_when,run_03_seed_2024,0.9991181492805481
1862,can you let me know the next open slot for me to get my oil changed,131,schedule_maintenance,3,oil_change_how,run_03_seed_2024,0.9164542555809021
1863,"i need to make an appointment for an oil change, please",131,schedule_maintenance,131,schedule_maintenance,run_03_seed_2024,0.9998853206634521
1864,what is the next date for which i can get an oil change appointment,131,schedule_maintenance,123,oil_change_when,run_03_seed_2024,0.9996175765991211
1865,i need a aaa service place to make an appointment for my tires to be assessed,131,schedule_maintenance,131,schedule_maintenance,run_03_seed_2024,0.5305433869361877
1866,my auto tires need to be checked out so where can i get an appointment,131,schedule_maintenance,131,schedule_maintenance,run_03_seed_2024,0.9668280482292175
1867,where can i go to have my tires checked out,131,schedule_maintenance,131,schedule_maintenance,run_03_seed_2024,0.9802442789077759
1868,i need an appointment for someone to check out my check engine light being on,131,schedule_maintenance,131,schedule_maintenance,run_03_seed_2024,0.9999994039535522
1869,my check engine light is on so is anyone available to check it out for me,131,schedule_maintenance,131,schedule_maintenance,run_03_seed_2024,0.9614982604980469
1870,can someone take a look at my car because the check engine light is on,131,schedule_maintenance,131,schedule_maintenance,run_03_seed_2024,0.9999973773956299
1871,do you have time today for someone to look at my car because the check engine light is on,131,schedule_maintenance,131,schedule_maintenance,run_03_seed_2024,0.9997014403343201
1872,find a place near me to have my tires inspected,131,schedule_maintenance,47,tire_change,run_03_seed_2024,0.9655412435531616
1873,where can i get a appointment for a tire check for the car,131,schedule_maintenance,131,schedule_maintenance,run_03_seed_2024,0.9989012479782104
1874,i need to bring my car in because the check engine light is staying lit,131,schedule_maintenance,131,schedule_maintenance,run_03_seed_2024,0.9999855756759644
1875,can i get someone to check my check engine light,131,schedule_maintenance,131,schedule_maintenance,run_03_seed_2024,0.9999967813491821
1876,can someone tell me why my check engine light is on,131,schedule_maintenance,131,schedule_maintenance,run_03_seed_2024,0.9999604225158691
1877,"my check engine light is on, i need someone to look at it",131,schedule_maintenance,131,schedule_maintenance,run_03_seed_2024,0.9999420642852783
1878,can someone look at my check engine light,131,schedule_maintenance,131,schedule_maintenance,run_03_seed_2024,0.9999957084655762
1879,my check engine light is on and i need someone to look at it,131,schedule_maintenance,131,schedule_maintenance,run_03_seed_2024,0.9999562501907349
1880,will someone please look at my check engine light that is on,131,schedule_maintenance,131,schedule_maintenance,run_03_seed_2024,0.9999923706054688
1881,can someone look at my check engine light that's on,131,schedule_maintenance,131,schedule_maintenance,run_03_seed_2024,0.9999285936355591
1882,could someone look at my check engine light that's on,131,schedule_maintenance,131,schedule_maintenance,run_03_seed_2024,0.9999545812606812
1883,can i get someone to look at my check engine light that is on,131,schedule_maintenance,131,schedule_maintenance,run_03_seed_2024,0.9999990463256836
1884,should i schedule a car maintenance,131,schedule_maintenance,131,schedule_maintenance,run_03_seed_2024,0.9998824596405029
1885,should i go to a car maintenance,131,schedule_maintenance,131,schedule_maintenance,run_03_seed_2024,0.907389760017395
1886,should i call a car maintenance,131,schedule_maintenance,131,schedule_maintenance,run_03_seed_2024,0.7798539400100708
1887,may i schedule a car maintenance,131,schedule_maintenance,131,schedule_maintenance,run_03_seed_2024,0.9999760389328003
1888,should i take my car to a maintenance,131,schedule_maintenance,131,schedule_maintenance,run_03_seed_2024,0.987034261226654
1889,can i make a car maintenance appointment,131,schedule_maintenance,131,schedule_maintenance,run_03_seed_2024,0.9994506239891052
1890,i will be traveling to lima alert my bank,146,travel_notification,146,travel_notification,run_03_seed_2024,0.9909221529960632
1891,assure my bank i really am going to california,146,travel_notification,146,travel_notification,run_03_seed_2024,0.9997581839561462
1892,please tell my bank i'm traveling to mexico between next wednesday for a week after,146,travel_notification,146,travel_notification,run_03_seed_2024,0.9999382495880127
1893,please inform my bank i'll be vacationing in the bahamas in a couple of days,146,travel_notification,146,travel_notification,run_03_seed_2024,0.9988147020339966
1894,"i'm going to be in mexico from thursday to friday, so can you let my bank know",146,travel_notification,146,travel_notification,run_03_seed_2024,0.9999699592590332
1895,please kindly inform my bank i'm going to be in canada from next week to two weeks after,146,travel_notification,146,travel_notification,run_03_seed_2024,0.9999964237213135
1896,"let my bank know i'll be in ireland from may 01, 2019 to august 02, 2019",146,travel_notification,146,travel_notification,run_03_seed_2024,0.9999974966049194
1897,alert my bank i'm checking out seattle for the next month,146,travel_notification,146,travel_notification,run_03_seed_2024,0.9997430443763733
1898,i'm going to brazil soon and want to let my bank now,146,travel_notification,146,travel_notification,run_03_seed_2024,0.9998792409896851
1899,i'm leaving for montreal tomorrow and need to let my bank know,146,travel_notification,146,travel_notification,run_03_seed_2024,0.9999792575836182
1900,inform my bank i'm traveling to australia between february 23rd to february 25th,146,travel_notification,146,travel_notification,run_03_seed_2024,0.9998973608016968
1901,please tell my bank i'll be in anchorage this week,146,travel_notification,146,travel_notification,run_03_seed_2024,0.9999855756759644
1902,"i need to tell my bank i am, indeed, going to be in london in a few hours",146,travel_notification,146,travel_notification,run_03_seed_2024,0.9999270439147949
1903,please alert my bank i'm going to be in the caymans from may 1st to june 2nd,146,travel_notification,146,travel_notification,run_03_seed_2024,0.9999973773956299
1904,let my bank know i actually am visiting brazil,146,travel_notification,146,travel_notification,run_03_seed_2024,0.9997147917747498
1905,i'll be travelling to russia from april 1 through april 20 and need my financial institute apprised of it,146,travel_notification,146,travel_notification,run_03_seed_2024,0.3885933458805084
1906,please alert my bank i'm traveling to europe between april 1st and 5th,146,travel_notification,146,travel_notification,run_03_seed_2024,0.9995569586753845
1907,tell my bank's fraud department i'm going to mexico,146,travel_notification,65,todo_list_update,run_03_seed_2024,0.8767130374908447
1908,please notify my bank i'm going to africa between tomorrow and next tuesday,146,travel_notification,146,travel_notification,run_03_seed_2024,0.999971866607666
1909,tell my bank i'm in canada the entire week of the 6th to the 13th,146,travel_notification,146,travel_notification,run_03_seed_2024,0.9999954700469971
1910,inform my bank i'm seeing italy,146,travel_notification,146,travel_notification,run_03_seed_2024,0.9998449087142944
1911,can you notify my bank that i will be traveling to mexico between march 1st and 15th,146,travel_notification,146,travel_notification,run_03_seed_2024,0.9999457597732544
1912,please let my bank know that i will be visiting spain from june 12th to the 24th,146,travel_notification,146,travel_notification,run_03_seed_2024,0.9999743700027466
1913,i need you to make my bank aware that i will be visiting taiwan from the 22nd of february until the 3rd of march,146,travel_notification,146,travel_notification,run_03_seed_2024,0.9713240265846252
1914,send a notification to my bank of my travel dates from february 19th to 26th to peru,146,travel_notification,146,travel_notification,run_03_seed_2024,0.5609455704689026
1915,alert my bank of my travel to dubai for the dates april 14th through april 22nd,146,travel_notification,128,travel_alert,run_03_seed_2024,0.804431676864624
1916,"from sunday to wednesday, i will be in oakland, so should i call my bank to let them know",146,travel_notification,146,travel_notification,run_03_seed_2024,0.9998658895492554
1917,my bank needs to know about my traveling to georgia in europe,146,travel_notification,146,travel_notification,run_03_seed_2024,0.9999655485153198
1918,must call my bank about my travel plans,146,travel_notification,2,account_blocked,run_03_seed_2024,0.46917280554771423
1919,contact bank and let them know about my travel plans,146,travel_notification,146,travel_notification,run_03_seed_2024,0.9801529049873352
1920,i want my phone to be disconnected from you,130,sync_device,130,sync_device,run_03_seed_2024,0.9987375140190125
1921,i would like for my phone to be synced with you,130,sync_device,130,sync_device,run_03_seed_2024,0.9206698536872864
1922,can you connect to my phone,130,sync_device,130,sync_device,run_03_seed_2024,0.9999983310699463
1923,i would like for you to unsync my phone,130,sync_device,130,sync_device,run_03_seed_2024,0.9999021291732788
1924,i no longer want you to be synced to my phone,130,sync_device,130,sync_device,run_03_seed_2024,0.9988958835601807
1925,i do not want my phone synced anymore,130,sync_device,81,find_phone,run_03_seed_2024,0.9809765219688416
1926,i want you paired to my phone,130,sync_device,130,sync_device,run_03_seed_2024,0.999971866607666
1927,please sync up with my phone,130,sync_device,130,sync_device,run_03_seed_2024,0.9998878240585327
1928,can you pair yourself with my phone please,130,sync_device,130,sync_device,run_03_seed_2024,0.9999762773513794
1929,can you please disconnect from my phone,130,sync_device,130,sync_device,run_03_seed_2024,0.9999947547912598
1930,remove the connection to my phone,130,sync_device,130,sync_device,run_03_seed_2024,0.9999971389770508
1931,can you sync up with my phone,130,sync_device,130,sync_device,run_03_seed_2024,0.999866247177124
1932,i want you to connect to my handset,130,sync_device,130,sync_device,run_03_seed_2024,0.6195781230926514
1933,pair yourself to my phone if you can,130,sync_device,130,sync_device,run_03_seed_2024,0.9973245859146118
1934,connect to my device,130,sync_device,130,sync_device,run_03_seed_2024,0.9513130187988281
1935,can you link up with my phone,130,sync_device,130,sync_device,run_03_seed_2024,0.9998964071273804
1936,can you disconnect yourself from my phone,130,sync_device,130,sync_device,run_03_seed_2024,0.999940037727356
1937,don't be synced to my phone anymore,130,sync_device,130,sync_device,run_03_seed_2024,0.9997043013572693
1938,can you get paired to my phone right away,130,sync_device,130,sync_device,run_03_seed_2024,0.9983308911323547
1939,i don't want you connected to my phone anymore,130,sync_device,130,sync_device,run_03_seed_2024,0.999472439289093
1940,please get connected to my phone,130,sync_device,130,sync_device,run_03_seed_2024,0.9999909400939941
1941,i don't want you synced to my phone anymore,130,sync_device,130,sync_device,run_03_seed_2024,0.9999425411224365
1942,sync with my phone please,130,sync_device,130,sync_device,run_03_seed_2024,0.9999914169311523
1943,please unsync from my phone right now,130,sync_device,130,sync_device,run_03_seed_2024,0.9999923706054688
1944,unsync yourself from my device,130,sync_device,130,sync_device,run_03_seed_2024,0.9421177506446838
1945,please connect yourself to my main phone,130,sync_device,130,sync_device,run_03_seed_2024,0.9999867677688599
1946,unsync from my phone please,130,sync_device,130,sync_device,run_03_seed_2024,0.9999972581863403
1947,don't be connected to my phone anymore,130,sync_device,130,sync_device,run_03_seed_2024,0.9996589422225952
1948,disconnect from my device please,130,sync_device,130,sync_device,run_03_seed_2024,0.9642506241798401
1949,"alexa, connect to the phone now",130,sync_device,130,sync_device,run_03_seed_2024,0.9921128749847412
1950,thank you ever so much for that!,124,thank_you,124,thank_you,run_03_seed_2024,0.999982476234436
1951,you’re the best thanks so much!,124,thank_you,124,thank_you,run_03_seed_2024,0.9968699812889099
1952,thanks for helping,124,thank_you,124,thank_you,run_03_seed_2024,0.9999699592590332
1953,i am grateful for the help,124,thank_you,124,thank_you,run_03_seed_2024,0.9891708493232727
1954,thank you for the heip,124,thank_you,124,thank_you,run_03_seed_2024,0.999996542930603
1955,i apprecaite the help from you,124,thank_you,55,change_ai_name,run_03_seed_2024,0.7441823482513428
1956,thanks that was really helpful,124,thank_you,124,thank_you,run_03_seed_2024,0.9607024788856506
1957,thank you for your time and trying to help,124,thank_you,124,thank_you,run_03_seed_2024,0.9916996955871582
1958,thank you for your assistance,124,thank_you,124,thank_you,run_03_seed_2024,0.9999935626983643
1959,thanks for all your help,124,thank_you,124,thank_you,run_03_seed_2024,0.9999996423721313
1960,thanks for trying,124,thank_you,124,thank_you,run_03_seed_2024,0.9999887943267822
1961,many thank,124,thank_you,124,thank_you,run_03_seed_2024,0.998749852180481
1962,thanks a million,124,thank_you,124,thank_you,run_03_seed_2024,0.9999333620071411
1963,thank a bunch,124,thank_you,124,thank_you,run_03_seed_2024,0.9983370304107666
1964,i appeciate it,124,thank_you,124,thank_you,run_03_seed_2024,0.6627752184867859
1965,i would like to thank you ai,124,thank_you,124,thank_you,run_03_seed_2024,0.9999855756759644
1966,"ai you have given me so much information, thank you",124,thank_you,124,thank_you,run_03_seed_2024,0.9994943141937256
1967,thanks so much ai,124,thank_you,124,thank_you,run_03_seed_2024,0.9999667406082153
1968,thank you ai for everything you do,124,thank_you,124,thank_you,run_03_seed_2024,0.9999074935913086
1969,"ai is a helpful item to have in my home, thank you",124,thank_you,54,food_last,run_03_seed_2024,0.45098811388015747
1970,thank you very much,124,thank_you,124,thank_you,run_03_seed_2024,0.9999936819076538
1971,"that answer was very helpful, thanks",124,thank_you,124,thank_you,run_03_seed_2024,0.8464647531509399
1972,"great, thanks!",124,thank_you,124,thank_you,run_03_seed_2024,0.995298445224762
1973,thanks for your help!,124,thank_you,124,thank_you,run_03_seed_2024,0.9999967813491821
1974,thanks so much,124,thank_you,124,thank_you,run_03_seed_2024,0.9999990463256836
1975,thanks for that answer,124,thank_you,124,thank_you,run_03_seed_2024,0.9999641180038452
1976,thank you for that reply,124,thank_you,124,thank_you,run_03_seed_2024,0.9999802112579346
1977,thanks for the reply,124,thank_you,124,thank_you,run_03_seed_2024,0.9998726844787598
1978,thanks for that response,124,thank_you,124,thank_you,run_03_seed_2024,0.9997715353965759
1979,thank you for that response,124,thank_you,124,thank_you,run_03_seed_2024,0.9999818801879883
1980,how much do you get when you roll an eight sided die,92,roll_dice,92,roll_dice,run_03_seed_2024,0.998306155204773
1981,i need a dice roll for a six sided die,92,roll_dice,92,roll_dice,run_03_seed_2024,0.999998927116394
1982,roll a dice that has seven sides,92,roll_dice,92,roll_dice,run_03_seed_2024,0.9999483823776245
1983,roll the five sided die,92,roll_dice,92,roll_dice,run_03_seed_2024,0.9999959468841553
1984,what is the result when you roll a four sided die,92,roll_dice,92,roll_dice,run_03_seed_2024,0.9999533891677856
1985,roll a fourteen sided dice exactly,92,roll_dice,92,roll_dice,run_03_seed_2024,0.9999947547912598
1986,please roll twelve sided dice,92,roll_dice,92,roll_dice,run_03_seed_2024,0.9999990463256836
1987,can i have a 2 sided dice,92,roll_dice,92,roll_dice,run_03_seed_2024,0.9999785423278809
1988,roll a 9 sided dice,92,roll_dice,92,roll_dice,run_03_seed_2024,0.999996542930603
1989,roll five sided dice,92,roll_dice,92,roll_dice,run_03_seed_2024,0.9999992847442627
1990,roll those dice once,92,roll_dice,92,roll_dice,run_03_seed_2024,0.9999955892562866
1991,throw a roll of the dice,92,roll_dice,92,roll_dice,run_03_seed_2024,0.9999998807907104
1992,make a roll of the dice,92,roll_dice,92,roll_dice,run_03_seed_2024,0.9999996423721313
1993,"ai pick up the dice, then drop it",92,roll_dice,82,greeting,run_03_seed_2024,0.513106644153595
1994,ai toss the dice,92,roll_dice,92,roll_dice,run_03_seed_2024,0.9999454021453857
1995,ai roll the dice,92,roll_dice,92,roll_dice,run_03_seed_2024,0.9999997615814209
1996,ai throw the dice on the table,92,roll_dice,67,cancel_reservation,run_03_seed_2024,0.7500036954879761
1997,"ai shake the dice in a cup, then throw dice on table",92,roll_dice,92,roll_dice,run_03_seed_2024,0.9911804795265198
1998,can you roll a four sided die and tell me the result,92,roll_dice,92,roll_dice,run_03_seed_2024,0.9999982118606567
1999,roll a six sided die for me and tell me the result,92,roll_dice,92,roll_dice,run_03_seed_2024,0.9999990463256836
2000,roll a die please,92,roll_dice,92,roll_dice,run_03_seed_2024,0.9999984502792358
2001,can you roll an eight sided die and tell me what it comes up as,92,roll_dice,92,roll_dice,run_03_seed_2024,0.8006390333175659
2002,can you simulate a dice roll,92,roll_dice,92,roll_dice,run_03_seed_2024,0.9999980926513672
2003,can you roll a ten sided die and tell me the number,92,roll_dice,92,roll_dice,run_03_seed_2024,0.9998863935470581
2004,roll a four sided die for me,92,roll_dice,92,roll_dice,run_03_seed_2024,0.9999862909317017
2005,simulate rolling a dice and tell me what it lands on,92,roll_dice,92,roll_dice,run_03_seed_2024,0.9433428049087524
2006,can you roll a die for me,92,roll_dice,92,roll_dice,run_03_seed_2024,0.9999791383743286
2007,can you fake roll a die for me,92,roll_dice,92,roll_dice,run_03_seed_2024,0.9999860525131226
2008,what's the result of a 10-sided dice roll,92,roll_dice,92,roll_dice,run_03_seed_2024,0.9999924898147583
2009,can you roll a 10-sided dice for me,92,roll_dice,92,roll_dice,run_03_seed_2024,0.9990366697311401
2010,how soon milk expires,54,food_last,54,food_last,run_03_seed_2024,0.9897762537002563
2011,when does milk will go bad,54,food_last,54,food_last,run_03_seed_2024,0.9999970197677612
2012,how many days milk can be preserved,54,food_last,126,pto_balance,run_03_seed_2024,0.8586006164550781
2013,what is expire of milk,54,food_last,54,food_last,run_03_seed_2024,0.9744933247566223
2014,when is the milk date before used,54,food_last,54,food_last,run_03_seed_2024,0.9010933041572571
2015,when does the jerky expire,54,food_last,44,expiration_date,run_03_seed_2024,0.5758963227272034
2016,what is the expiration date for honey,54,food_last,44,expiration_date,run_03_seed_2024,0.8020644783973694
2017,when is the egg expired,54,food_last,95,date,run_03_seed_2024,0.657342791557312
2018,when does the honey expire,54,food_last,54,food_last,run_03_seed_2024,0.8845284581184387
2019,what is the expiration date for those eg,54,food_last,44,expiration_date,run_03_seed_2024,0.5427046418190002
2020,how long can i freeze tofu before it goes bad,54,food_last,54,food_last,run_03_seed_2024,0.9629828333854675
2021,how much time do i have to keep tofu in the freezer before it goes bad,54,food_last,54,food_last,run_03_seed_2024,0.9968112111091614
2022,when will tofu expire if i keep it in the freezer,54,food_last,54,food_last,run_03_seed_2024,0.9999924898147583
2023,how long will tofu last in the freezer before it expires,54,food_last,54,food_last,run_03_seed_2024,0.9999340772628784
2024,does tofu last long in the freezer before it goes bad,54,food_last,54,food_last,run_03_seed_2024,0.999993085861206
2025,how many days later is it okay to eat curry that was in the fridge,54,food_last,54,food_last,run_03_seed_2024,0.9658916592597961
2026,within what time is is fine to eat cooked tilapia kept in the fridge,54,food_last,54,food_last,run_03_seed_2024,0.9999897480010986
2027,what is the most amount of time that is considered safe to store uncooked chicken in the fridge,54,food_last,54,food_last,run_03_seed_2024,0.9997269511222839
2028,what length of time is safe for consuming leftover meatloaf stored in the fridge,54,food_last,54,food_last,run_03_seed_2024,0.9992932081222534
2029,what is the longest i can leave meatballs in sauce in the freezer before it is no longer safe to eat,54,food_last,54,food_last,run_03_seed_2024,0.9999936819076538
2030,can i store bread in the freezer indefinitely and it will still be okay,54,food_last,54,food_last,run_03_seed_2024,0.9989587068557739
2031,after how much time is it still safe to drink milk that is in the fridge,54,food_last,54,food_last,run_03_seed_2024,0.9999798536300659
2032,what is the most time i can keep a burrito frozen for before it's no good to eat,54,food_last,54,food_last,run_03_seed_2024,0.9790193438529968
2033,roughly how long can i leave bananas in the freezer before i have to throw them out,54,food_last,54,food_last,run_03_seed_2024,0.9963362216949463
2034,how long does chicken curry last in the freezer before it's spoiled,54,food_last,54,food_last,run_03_seed_2024,0.999996542930603
2035,milk can stay in my fridge for how long,54,food_last,54,food_last,run_03_seed_2024,0.9998072981834412
2036,milk will go bad in my fridge when,54,food_last,54,food_last,run_03_seed_2024,0.9999991655349731
2037,what is the amount of time to keep milk refrigerated,54,food_last,86,cook_time,run_03_seed_2024,0.4265931248664856
2038,tell me how long milk stays good in the fridge,54,food_last,54,food_last,run_03_seed_2024,0.9999942779541016
2039,how long can i keep milk in the fridge,54,food_last,54,food_last,run_03_seed_2024,0.9999990463256836
2040,how long to grill thick steaks,86,cook_time,90,replacement_card_duration,run_03_seed_2024,0.4284411072731018
2041,how long does pizza take,86,cook_time,86,cook_time,run_03_seed_2024,0.9551320672035217
2042,lasagna takes how long to cook,86,cook_time,86,cook_time,run_03_seed_2024,0.9999873638153076
2043,bake time for brownies,86,cook_time,86,cook_time,run_03_seed_2024,0.9927964806556702
2044,how many minutes are involved in the preparation of curry,86,cook_time,73,spelling,run_03_seed_2024,0.6031778454780579
2045,what's the preparation time for this dish,86,cook_time,86,cook_time,run_03_seed_2024,0.9801232218742371
2046,what is the proper cooking time for this,86,cook_time,86,cook_time,run_03_seed_2024,0.9465229511260986
2047,how long do i cook this for,86,cook_time,86,cook_time,run_03_seed_2024,0.9998447895050049
2048,look up recipe time for this,86,cook_time,104,recipe,run_03_seed_2024,0.49580827355384827
2049,how many minutes should i put meal the cake in the oven,86,cook_time,86,cook_time,run_03_seed_2024,0.9983938336372375
2050,what's the average cooking time for cooking wings,86,cook_time,86,cook_time,run_03_seed_2024,0.9989799857139587
2051,how many minutes should i set an alarm for this bake,86,cook_time,83,alarm,run_03_seed_2024,0.98490309715271
2052,when can i expect meal of salmon to be finished,86,cook_time,42,oos,run_03_seed_2024,0.7837753891944885
2053,how long does it take to cook meal of tuscan,86,cook_time,86,cook_time,run_03_seed_2024,0.9999024868011475
2054,tell me how long it will take to prepare a lasagna,86,cook_time,86,cook_time,run_03_seed_2024,0.9991776347160339
2055,i want to cook a lasagna please tell me how long it will take,86,cook_time,86,cook_time,run_03_seed_2024,0.7522864937782288
2056,how long will it take to cook a lasagna,86,cook_time,86,cook_time,run_03_seed_2024,0.999997615814209
2057,can you tell me how long it will take to cook a lasagna,86,cook_time,86,cook_time,run_03_seed_2024,0.9999864101409912
2058,how long does it take to prepare a lasagna,86,cook_time,86,cook_time,run_03_seed_2024,0.9999536275863647
2059,how long do i need to cook chicken,86,cook_time,86,cook_time,run_03_seed_2024,0.9999960660934448
2060,how long should i boil eggs,86,cook_time,86,cook_time,run_03_seed_2024,0.9982978701591492
2061,how long should i bake a cake,86,cook_time,86,cook_time,run_03_seed_2024,0.9999488592147827
2062,how long does it take to cook steaks,86,cook_time,86,cook_time,run_03_seed_2024,0.9991286396980286
2063,how long does it take to bake a cake,86,cook_time,86,cook_time,run_03_seed_2024,0.9999876022338867
2064,how long should i cook the cookie dough,86,cook_time,86,cook_time,run_03_seed_2024,0.9999940395355225
2065,how long should i cook my turkey,86,cook_time,86,cook_time,run_03_seed_2024,0.9999767541885376
2066,how long do i boil eggs,86,cook_time,86,cook_time,run_03_seed_2024,0.9202196002006531
2067,how long does it take to make mashed potatoes,86,cook_time,86,cook_time,run_03_seed_2024,0.9975922107696533
2068,how long will it take to make an omelet,86,cook_time,86,cook_time,run_03_seed_2024,0.9998977184295654
2069,what are the minutes needed to cook the meal,86,cook_time,46,meal_suggestion,run_03_seed_2024,0.6001685261726379
2070,i want to be reminded to pay the electric bill,53,reminder_update,111,pay_bill,run_03_seed_2024,0.9965149164199829
2071,don't forget to tell me to call my mother,53,reminder_update,25,make_call,run_03_seed_2024,0.7242169976234436
2072,remind me to put gas in my car,53,reminder_update,53,reminder_update,run_03_seed_2024,0.4429433047771454
2073,set a reminder to buy bread,53,reminder_update,53,reminder_update,run_03_seed_2024,0.9999828338623047
2074,make a reminder to pay the mortgage,53,reminder_update,53,reminder_update,run_03_seed_2024,0.9998964071273804
2075,create a reminder to wash the dishes,53,reminder_update,53,reminder_update,run_03_seed_2024,0.9999984502792358
2076,create a reminder to change my oil,53,reminder_update,53,reminder_update,run_03_seed_2024,0.9976791739463806
2077,set a reminder for when the turkey is finished cooking,53,reminder_update,53,reminder_update,run_03_seed_2024,0.999591052532196
2078,make a reminder to pay my cable bill today,53,reminder_update,53,reminder_update,run_03_seed_2024,0.998591959476471
2079,i need a reminder to give the dog his medicine at ten tonight,53,reminder_update,53,reminder_update,run_03_seed_2024,0.9998519420623779
2080,i don't want to forget to call mom,53,reminder_update,25,make_call,run_03_seed_2024,0.9997953772544861
2081,i need a reminder to wash dishes,53,reminder_update,53,reminder_update,run_03_seed_2024,0.9999933242797852
2082,remind me to exercise,53,reminder_update,53,reminder_update,run_03_seed_2024,0.9999898672103882
2083,help me to remember to pick up stan later,53,reminder_update,53,reminder_update,run_03_seed_2024,0.9823081493377686
2084,tell me later to call bill,53,reminder_update,53,reminder_update,run_03_seed_2024,0.9873471260070801
2085,i need to be reminded to do something,53,reminder_update,53,reminder_update,run_03_seed_2024,0.9972999691963196
2086,set up a new reminder to alert me when it's time to put the trash out,53,reminder_update,53,reminder_update,run_03_seed_2024,0.9999635219573975
2087,can you remind me to finish a task,53,reminder_update,53,reminder_update,run_03_seed_2024,0.9999920129776001
2088,please set up a reminder for me,53,reminder_update,53,reminder_update,run_03_seed_2024,0.9963751435279846
2089,i would like you to remind me to do something,53,reminder_update,53,reminder_update,run_03_seed_2024,0.9999889135360718
2090,i need a reminder to take dinner out of the oven,53,reminder_update,53,reminder_update,run_03_seed_2024,0.9999935626983643
2091,create a new reminder to study for my final exams,53,reminder_update,53,reminder_update,run_03_seed_2024,0.999985933303833
2092,i need a reminder to alert me to wish my mom a happy birthday,53,reminder_update,53,reminder_update,run_03_seed_2024,0.9998482465744019
2093,are you able to remind me about something,53,reminder_update,53,reminder_update,run_03_seed_2024,0.991389811038971
2094,set up a reminder so i don't forget the baby shower this weekend,53,reminder_update,53,reminder_update,run_03_seed_2024,0.9999743700027466
2095,set a reminder for me to let the plumber in tomorrow,53,reminder_update,53,reminder_update,run_03_seed_2024,0.9999665021896362
2096,i need to set a reminder to call lisa for her birthday,53,reminder_update,53,reminder_update,run_03_seed_2024,0.9999644756317139
2097,i would like to set a reminder to bring the plants in tonight,53,reminder_update,53,reminder_update,run_03_seed_2024,0.9999860525131226
2098,can you set a reminder alarm for me to workout,53,reminder_update,53,reminder_update,run_03_seed_2024,0.9999390840530396
2099,please set a reminder for me to put the clothes in the dryer,53,reminder_update,53,reminder_update,run_03_seed_2024,0.9999722242355347
2100,i need to tell you about my lost card,12,report_lost_card,12,report_lost_card,run_03_seed_2024,0.9998342990875244
2101,"i lost my card, what do i do next",12,report_lost_card,12,report_lost_card,run_03_seed_2024,0.9966111779212952
2102,"i have lost my card, what am i supposed to do",12,report_lost_card,12,report_lost_card,run_03_seed_2024,0.8460330367088318
2103,where do i report that my card was lost,12,report_lost_card,12,report_lost_card,run_03_seed_2024,0.9977645874023438
2104,who do i speak with about my card that was lost,12,report_lost_card,12,report_lost_card,run_03_seed_2024,0.9911234378814697
2105,please help me report my lost card,12,report_lost_card,12,report_lost_card,run_03_seed_2024,0.9999680519104004
2106,set up a report for a lost card,12,report_lost_card,12,report_lost_card,run_03_seed_2024,0.9998530149459839
2107,can you report a lost card for me,12,report_lost_card,12,report_lost_card,run_03_seed_2024,0.9999731779098511
2108,i lost my card and need to report it,12,report_lost_card,12,report_lost_card,run_03_seed_2024,0.9994848966598511
2109,what is the process for reporting my card as lost,12,report_lost_card,12,report_lost_card,run_03_seed_2024,0.9995566010475159
2110,someone used my chase card without my authorization,12,report_lost_card,70,report_fraud,run_03_seed_2024,0.9705093502998352
2111,can you tell me how to report a card lost,12,report_lost_card,12,report_lost_card,run_03_seed_2024,0.9999923706054688
2112,please tell me how to go about reporting a lost card,12,report_lost_card,12,report_lost_card,run_03_seed_2024,0.9971780776977539
2113,search steps for how to report a card lost,12,report_lost_card,12,report_lost_card,run_03_seed_2024,0.9999183416366577
2114,i need to to know how to report a lost card,12,report_lost_card,12,report_lost_card,run_03_seed_2024,0.9999982118606567
2115,my bank of america visa platinum was swiped from my belongings,12,report_lost_card,44,expiration_date,run_03_seed_2024,0.6941127181053162
2116,who do i call to report my card as lost,12,report_lost_card,12,report_lost_card,run_03_seed_2024,0.999998927116394
2117,what should i do if i need to report my card lost,12,report_lost_card,12,report_lost_card,run_03_seed_2024,0.9999912977218628
2118,my capital one visa was taken without permission,12,report_lost_card,59,international_visa,run_03_seed_2024,0.8155983090400696
2119,i need to report that someone ran off with my td bank card earlier,12,report_lost_card,87,damaged_card,run_03_seed_2024,0.9834420084953308
2120,what steps do i need to take to report a card lost,12,report_lost_card,12,report_lost_card,run_03_seed_2024,0.9999970197677612
2121,i would like to report my american express card stolen,12,report_lost_card,12,report_lost_card,run_03_seed_2024,0.9999759197235107
2122,how do i report that i lost my card,12,report_lost_card,12,report_lost_card,run_03_seed_2024,0.9999411106109619
2123,how do i report that i actually lost my card,12,report_lost_card,12,report_lost_card,run_03_seed_2024,0.9990231990814209
2124,how do i report that i lost the card,12,report_lost_card,12,report_lost_card,run_03_seed_2024,0.99561607837677
2125,how do i report my very lost card,12,report_lost_card,12,report_lost_card,run_03_seed_2024,0.9999877214431763
2126,how do i report the card as lost,12,report_lost_card,12,report_lost_card,run_03_seed_2024,0.9999982118606567
2127,"lost report card, need new one",12,report_lost_card,12,report_lost_card,run_03_seed_2024,0.9995809197425842
2128,my report card was stolen,12,report_lost_card,12,report_lost_card,run_03_seed_2024,0.9999933242797852
2129,my report card was lost help!,12,report_lost_card,12,report_lost_card,run_03_seed_2024,0.9661750197410583
2130,can i swap chili for sloppy joe mix in the recipe,134,ingredient_substitution,134,ingredient_substitution,run_03_seed_2024,0.9986377358436584
2131,can i use sugar instead of salt,134,ingredient_substitution,134,ingredient_substitution,run_03_seed_2024,0.9999914169311523
2132,can i use apples instead of oranges in this recipe,134,ingredient_substitution,134,ingredient_substitution,run_03_seed_2024,0.9922752976417542
2133,can i use skim milk instead of 2% in the recipe,134,ingredient_substitution,134,ingredient_substitution,run_03_seed_2024,0.9999836683273315
2134,is it ok to use bananas instead of oranges in the recipe,134,ingredient_substitution,134,ingredient_substitution,run_03_seed_2024,0.9640953540802002
2135,can i use lettuce instead of rice,134,ingredient_substitution,134,ingredient_substitution,run_03_seed_2024,0.9999972581863403
2136,will peas work instead of carrots,134,ingredient_substitution,54,food_last,run_03_seed_2024,0.3264216482639313
2137,is it possible to use baking soda instead of flour,134,ingredient_substitution,134,ingredient_substitution,run_03_seed_2024,0.9999982118606567
2138,can i just use oil instead of vinegar,134,ingredient_substitution,134,ingredient_substitution,run_03_seed_2024,0.998256504535675
2139,can i use mayo instead of miracle whip,134,ingredient_substitution,134,ingredient_substitution,run_03_seed_2024,0.9999455213546753
2140,will this recipe still be good if i use milk instead of eggs,134,ingredient_substitution,134,ingredient_substitution,run_03_seed_2024,0.9057489037513733
2141,can i use oil instead of vinegar,134,ingredient_substitution,134,ingredient_substitution,run_03_seed_2024,0.9786675572395325
2142,can i sub bacon for ham,134,ingredient_substitution,134,ingredient_substitution,run_03_seed_2024,0.964971125125885
2143,can i use pasta sauce instead of tomato paste,134,ingredient_substitution,134,ingredient_substitution,run_03_seed_2024,0.9925478100776672
2144,can i use regular olive oil instead of virgin,134,ingredient_substitution,134,ingredient_substitution,run_03_seed_2024,0.9999127388000488
2145,is it possible to use starch instead of flour,134,ingredient_substitution,134,ingredient_substitution,run_03_seed_2024,0.9999946355819702
2146,is it okay to use butter instead of margarine,134,ingredient_substitution,134,ingredient_substitution,run_03_seed_2024,0.9999382495880127
2147,will it be ok to sub turkey for beef,134,ingredient_substitution,5,weather,run_03_seed_2024,0.9050168991088867
2148,can i use butter instead of margarine,134,ingredient_substitution,134,ingredient_substitution,run_03_seed_2024,0.9999886751174927
2149,is it okay to use applesauce instead of oil,134,ingredient_substitution,134,ingredient_substitution,run_03_seed_2024,0.9997249245643616
2150,"if i use applesauce instead of oil, will that mess it up",134,ingredient_substitution,134,ingredient_substitution,run_03_seed_2024,0.9976765513420105
2151,can i swap applesauce for oil,134,ingredient_substitution,134,ingredient_substitution,run_03_seed_2024,0.9968913197517395
2152,is it alright to switch applesauce for oil,134,ingredient_substitution,51,change_accent,run_03_seed_2024,0.5367541909217834
2153,will it still work if i use applesauce instead of oil,134,ingredient_substitution,134,ingredient_substitution,run_03_seed_2024,0.6528993844985962
2154,would it be ok to use butter instead of oil,134,ingredient_substitution,134,ingredient_substitution,run_03_seed_2024,0.9988297820091248
2155,is it ok to use oil spray instead of canola oil,134,ingredient_substitution,3,oil_change_how,run_03_seed_2024,0.8509772419929504
2156,could steak be used instead of chicken,134,ingredient_substitution,134,ingredient_substitution,run_03_seed_2024,0.8496622443199158
2157,can i substitute butter for oil,134,ingredient_substitution,134,ingredient_substitution,run_03_seed_2024,0.9999346733093262
2158,can i use red onions instead of white,134,ingredient_substitution,134,ingredient_substitution,run_03_seed_2024,0.9999972581863403
2159,can i get peppers instead of onions,134,ingredient_substitution,134,ingredient_substitution,run_03_seed_2024,0.5918740630149841
2160,i need to call my dad,25,make_call,25,make_call,run_03_seed_2024,0.9999556541442871
2161,i need to call my friend,25,make_call,25,make_call,run_03_seed_2024,0.9956372380256653
2162,i need to call my coworker,25,make_call,25,make_call,run_03_seed_2024,0.7770658135414124
2163,i need to call my mom,25,make_call,25,make_call,run_03_seed_2024,0.9732035994529724
2164,i need to call my boss,25,make_call,25,make_call,run_03_seed_2024,0.9986086487770081
2165,i need you to call the phone company for me,25,make_call,25,make_call,run_03_seed_2024,0.9338157773017883
2166,make a call for me to the vet,25,make_call,25,make_call,run_03_seed_2024,0.9825204014778137
2167,dial up dominos pizza,25,make_call,25,make_call,run_03_seed_2024,0.9961155652999878
2168,call my doctor,25,make_call,25,make_call,run_03_seed_2024,0.999962568283081
2169,get mom on the phone,25,make_call,130,sync_device,run_03_seed_2024,0.7582339644432068
2170,please make a call to stefan larson,25,make_call,25,make_call,run_03_seed_2024,0.9994366765022278
2171,use phone to call alexa,25,make_call,25,make_call,run_03_seed_2024,0.9999980926513672
2172,"computer, call alexa",25,make_call,25,make_call,run_03_seed_2024,0.9999881982803345
2173,"computer, place a call to alexa",25,make_call,25,make_call,run_03_seed_2024,0.999890923500061
2174,can you call alexa,25,make_call,25,make_call,run_03_seed_2024,0.9997984766960144
2175,call alexa at home,25,make_call,25,make_call,run_03_seed_2024,0.9999877214431763
2176,i would like to make a call to sal,25,make_call,25,make_call,run_03_seed_2024,0.9984093308448792
2177,i would like to make a phone call,25,make_call,25,make_call,run_03_seed_2024,0.9997552037239075
2178,can i make a phone call,25,make_call,25,make_call,run_03_seed_2024,0.9999918937683105
2179,i need to make a call,25,make_call,25,make_call,run_03_seed_2024,0.999966025352478
2180,i need you to phone sal,25,make_call,130,sync_device,run_03_seed_2024,0.9328832030296326
2181,i need to call sal,25,make_call,25,make_call,run_03_seed_2024,0.9996140599250793
2182,i have to make a phone call,25,make_call,25,make_call,run_03_seed_2024,0.9997780919075012
2183,i have to use the phone to make a call,25,make_call,25,make_call,run_03_seed_2024,0.9991956353187561
2184,could you call sal,25,make_call,25,make_call,run_03_seed_2024,0.9524588584899902
2185,call sal,25,make_call,25,make_call,run_03_seed_2024,0.9999860525131226
2186,x needs to be called by me,25,make_call,144,change_user_name,run_03_seed_2024,0.9907475709915161
2187,call to mom,25,make_call,25,make_call,run_03_seed_2024,0.9999727010726929
2188,call mom,25,make_call,25,make_call,run_03_seed_2024,0.9999940395355225
2189,dial her up,25,make_call,25,make_call,run_03_seed_2024,0.9968166947364807
2190,i want to set an alarm,83,alarm,83,alarm,run_03_seed_2024,0.9999872446060181
2191,set an alarm for 6 am tomorrow,83,alarm,83,alarm,run_03_seed_2024,0.9999974966049194
2192,set an alarm for 8 tomorrow,83,alarm,83,alarm,run_03_seed_2024,0.9999825954437256
2193,please set an alarm,83,alarm,83,alarm,run_03_seed_2024,0.9999383687973022
2194,i'd love to set an alarm,83,alarm,83,alarm,run_03_seed_2024,0.9999922513961792
2195,i would like to have an alarm set for me,83,alarm,83,alarm,run_03_seed_2024,0.999871015548706
2196,i want an alarm set,83,alarm,83,alarm,run_03_seed_2024,0.9997028708457947
2197,i need to set an alarm,83,alarm,83,alarm,run_03_seed_2024,0.9999819993972778
2198,set an alarm for ten tomorrow,83,alarm,83,alarm,run_03_seed_2024,0.9999645948410034
2199,set an alarm for 11 tomorrow,83,alarm,83,alarm,run_03_seed_2024,0.9993816614151001
2200,i want an alarm for 6 am,83,alarm,83,alarm,run_03_seed_2024,0.9999942779541016
2201,set an alarm for me,83,alarm,83,alarm,run_03_seed_2024,0.9998801946640015
2202,i wanna have an alarm,83,alarm,83,alarm,run_03_seed_2024,0.9991636276245117
2203,i need an alarm set now,83,alarm,83,alarm,run_03_seed_2024,0.9998358488082886
2204,set an alarm for 9 tomorrow,83,alarm,83,alarm,run_03_seed_2024,0.9999960660934448
2205,don't forget to set an alarm for noon,83,alarm,83,alarm,run_03_seed_2024,0.9999873638153076
2206,can you set the alarm for noon,83,alarm,83,alarm,run_03_seed_2024,0.9999539852142334
2207,i need to up by noon,83,alarm,25,make_call,run_03_seed_2024,0.49069279432296753
2208,can you wake me up at noon,83,alarm,83,alarm,run_03_seed_2024,0.9993378520011902
2209,set alarm for noon,83,alarm,83,alarm,run_03_seed_2024,0.999914288520813
2210,wake me up with an alarm at 6am,83,alarm,83,alarm,run_03_seed_2024,0.9999936819076538
2211,help me wake up with an alarm at 5:30am,83,alarm,83,alarm,run_03_seed_2024,0.9998781681060791
2212,set an alarm to wake me up at 5:30am,83,alarm,83,alarm,run_03_seed_2024,0.9999771118164062
2213,set an alarm for 5am,83,alarm,83,alarm,run_03_seed_2024,0.9998562335968018
2214,please set the alarm,83,alarm,83,alarm,run_03_seed_2024,0.9999879598617554
2215,please make sure the alarm is set,83,alarm,83,alarm,run_03_seed_2024,0.9975337982177734
2216,could you set the alarm,83,alarm,83,alarm,run_03_seed_2024,0.99998939037323
2217,set the alarm now,83,alarm,83,alarm,run_03_seed_2024,0.9997760653495789
2218,can you set an alarm,83,alarm,83,alarm,run_03_seed_2024,0.9999895095825195
2219,i need an alarm,83,alarm,83,alarm,run_03_seed_2024,0.999931812286377
2220,what's on my todo list,48,todo_list,48,todo_list,run_03_seed_2024,0.9997381567955017
2221,let me hear my todo list,48,todo_list,48,todo_list,run_03_seed_2024,0.9999707937240601
2222,"did i add ""cleaning the foyer"" to my todo list yet",48,todo_list,48,todo_list,run_03_seed_2024,0.7952437996864319
2223,did i put grocery shopping on my todo list,48,todo_list,43,shopping_list,run_03_seed_2024,0.6214439868927002
2224,give me my todo list,48,todo_list,48,todo_list,run_03_seed_2024,0.9999632835388184
2225,what things are on my todo list,48,todo_list,48,todo_list,run_03_seed_2024,0.9998925924301147
2226,have i told you to add washing dishes to my todo list,48,todo_list,65,todo_list_update,run_03_seed_2024,0.9999927282333374
2227,is laundry on my todo list,48,todo_list,48,todo_list,run_03_seed_2024,0.9998651742935181
2228,read my todo list,48,todo_list,48,todo_list,run_03_seed_2024,0.9999730587005615
2229,list my todo list items,48,todo_list,48,todo_list,run_03_seed_2024,0.9997689127922058
2230,"is ""cleaning the bathroom"" an item on my todo list",48,todo_list,48,todo_list,run_03_seed_2024,0.9990800619125366
2231,tell me what's on my todo list,48,todo_list,48,todo_list,run_03_seed_2024,0.9997730851173401
2232,read my to-do list items,48,todo_list,48,todo_list,run_03_seed_2024,0.9999264478683472
2233,check on my to-do list items,48,todo_list,48,todo_list,run_03_seed_2024,0.9999668598175049
2234,check what is on my to-do list,48,todo_list,48,todo_list,run_03_seed_2024,0.9999734163284302
2235,what items are on my list of to-dos,48,todo_list,48,todo_list,run_03_seed_2024,0.9967430233955383
2236,what is on my to-do list,48,todo_list,48,todo_list,run_03_seed_2024,0.9999706745147705
2237,what kind of things do i have to do today,48,todo_list,48,todo_list,run_03_seed_2024,0.9988920092582703
2238,what's on my todo list for today,48,todo_list,48,todo_list,run_03_seed_2024,0.9999877214431763
2239,please tell me my todo list,48,todo_list,48,todo_list,run_03_seed_2024,0.9998414516448975
2240,is my todo list possible today,48,todo_list,48,todo_list,run_03_seed_2024,0.9999411106109619
2241,i really want to know my todo list again thanks,48,todo_list,48,todo_list,run_03_seed_2024,0.9899569153785706
2242,is it possible to read my to-do list again,48,todo_list,48,todo_list,run_03_seed_2024,0.9999841451644897
2243,tell me my to-do list,48,todo_list,48,todo_list,run_03_seed_2024,0.9999120235443115
2244,what is my to-do list like today,48,todo_list,48,todo_list,run_03_seed_2024,0.9999663829803467
2245,list my to-do list,48,todo_list,48,todo_list,run_03_seed_2024,0.9996883869171143
2246,give me my to-do list,48,todo_list,48,todo_list,run_03_seed_2024,0.9998975992202759
2247,what must i do today,48,todo_list,76,reminder,run_03_seed_2024,0.23602093756198883
2248,is make a hair appointment on my todo list right now,48,todo_list,65,todo_list_update,run_03_seed_2024,0.9999798536300659
2249,can you see if paying garbage bill is on my todo list for this week,48,todo_list,48,todo_list,run_03_seed_2024,0.9997676014900208
2250,change the accent you're using,51,change_accent,51,change_accent,run_03_seed_2024,0.9999263286590576
2251,start using a different accent,51,change_accent,51,change_accent,run_03_seed_2024,0.9987338185310364
2252,talk to me in a different accent,51,change_accent,51,change_accent,run_03_seed_2024,0.9996212720870972
2253,alter your accent,51,change_accent,51,change_accent,run_03_seed_2024,0.9509083032608032
2254,change to the female voice,51,change_accent,51,change_accent,run_03_seed_2024,0.9999817609786987
2255,i want to hear the female voice from now on,51,change_accent,51,change_accent,run_03_seed_2024,0.9991242289543152
2256,i want the male voice,51,change_accent,51,change_accent,run_03_seed_2024,0.9999996423721313
2257,could you use the female voice,51,change_accent,51,change_accent,run_03_seed_2024,0.999997615814209
2258,female voice please,51,change_accent,51,change_accent,run_03_seed_2024,0.9987238049507141
2259,can you switch to the male voice,51,change_accent,51,change_accent,run_03_seed_2024,0.9999972581863403
2260,the male voice please,51,change_accent,51,change_accent,run_03_seed_2024,0.9999672174453735
2261,could you use the male voice,51,change_accent,51,change_accent,run_03_seed_2024,0.9999994039535522
2262,i want the female voice,51,change_accent,51,change_accent,run_03_seed_2024,0.9999979734420776
2263,i want you to change your accent,51,change_accent,51,change_accent,run_03_seed_2024,0.9663922786712646
2264,would you please switch to the male voice,51,change_accent,51,change_accent,run_03_seed_2024,0.9999953508377075
2265,i would like you to change your accent,51,change_accent,51,change_accent,run_03_seed_2024,0.9906836748123169
2266,i want you to change to the male voice,51,change_accent,51,change_accent,run_03_seed_2024,0.9999966621398926
2267,can you change to the male voice,51,change_accent,51,change_accent,run_03_seed_2024,0.9999994039535522
2268,change to girl voice,51,change_accent,51,change_accent,run_03_seed_2024,0.589385449886322
2269,please switch to the girl voice,51,change_accent,51,change_accent,run_03_seed_2024,0.5615919828414917
2270,change to the females voice please,51,change_accent,51,change_accent,run_03_seed_2024,0.9544214010238647
2271,switch voice option to female,51,change_accent,51,change_accent,run_03_seed_2024,0.9998453855514526
2272,change voice to female,51,change_accent,51,change_accent,run_03_seed_2024,0.9996203184127808
2273,use the female voice,51,change_accent,51,change_accent,run_03_seed_2024,0.9999973773956299
2274,change settings to sound like a female,51,change_accent,51,change_accent,run_03_seed_2024,0.532880425453186
2275,turn to the voice of the woman,51,change_accent,51,change_accent,run_03_seed_2024,0.9122552871704102
2276,change to the woman voice,51,change_accent,51,change_accent,run_03_seed_2024,0.9991260170936584
2277,"i like the female voice, switch please",51,change_accent,51,change_accent,run_03_seed_2024,0.9986878037452698
2278,speak with a male british accent,51,change_accent,51,change_accent,run_03_seed_2024,0.9999992847442627
2279,would you change your voice to the male british accent for me,51,change_accent,51,change_accent,run_03_seed_2024,0.9999996423721313
2280,what site can i get my w2,122,w2,122,w2,run_03_seed_2024,0.9999822378158569
2281,where do we get our w2 forms,122,w2,122,w2,run_03_seed_2024,0.9999635219573975
2282,where can i get my w2,122,w2,122,w2,run_03_seed_2024,0.9999984502792358
2283,where can i get my w2 from,122,w2,122,w2,run_03_seed_2024,0.9999557733535767
2284,i would like to know where i can find my w2 for tax reasons,122,w2,122,w2,run_03_seed_2024,0.9999886751174927
2285,what steps do i need to take to obtain my w2 for taxes,122,w2,122,w2,run_03_seed_2024,0.9999572038650513
2286,what do i do if i need my w2 for my my taxes,122,w2,122,w2,run_03_seed_2024,0.9997593760490417
2287,how can i get get a copy of my w2 for tax purposes,122,w2,122,w2,run_03_seed_2024,0.9999613761901855
2288,can you tell me the process for obtaining a copy of my w2 for my taxes,122,w2,122,w2,run_03_seed_2024,0.9973379969596863
2289,where do i go to get that work tax form thing,122,w2,122,w2,run_03_seed_2024,0.9998216032981873
2290,what do i need to do to get that tax form thing from my job,122,w2,122,w2,run_03_seed_2024,0.9918579459190369
2291,how do i get that tax form from my employer,122,w2,122,w2,run_03_seed_2024,0.9755668640136719
2292,where can i find that tax form my employer gives me,122,w2,122,w2,run_03_seed_2024,0.9972986578941345
2293,how do i get the form to file my taxes from my employer,122,w2,122,w2,run_03_seed_2024,0.9765037894248962
2294,where do i look to get a w2,122,w2,122,w2,run_03_seed_2024,0.9999651908874512
2295,i need a w2 form from,122,w2,122,w2,run_03_seed_2024,0.9992896318435669
2296,can you trll me where to get my w2,122,w2,122,w2,run_03_seed_2024,0.9999876022338867
2297,i want to get the w-2 form,122,w2,122,w2,run_03_seed_2024,0.9999973773956299
2298,i wanna know where to find a w2,122,w2,122,w2,run_03_seed_2024,0.9999486207962036
2299,i wanna know where to get my w2,122,w2,122,w2,run_03_seed_2024,0.9999748468399048
2300,tell me where to a w2 form,122,w2,122,w2,run_03_seed_2024,0.9999984502792358
2301,i must know where to get my w2,122,w2,122,w2,run_03_seed_2024,0.9999834299087524
2302,i wanna get my w-2 form,122,w2,122,w2,run_03_seed_2024,0.9999961853027344
2303,"i need a w2, so where is it",122,w2,77,where_are_you_from,run_03_seed_2024,0.4237600266933441
2304,where can i find a w2,122,w2,122,w2,run_03_seed_2024,0.9999865293502808
2305,i must get the w-2 form,122,w2,122,w2,run_03_seed_2024,0.9999940395355225
2306,help me get w-2 form,122,w2,122,w2,run_03_seed_2024,0.9999982118606567
2307,i wanna know where the w2 is,122,w2,122,w2,run_03_seed_2024,0.9999929666519165
2308,help me get my w-2 form,122,w2,122,w2,run_03_seed_2024,0.9999966621398926
2309,can't find w-2,122,w2,122,w2,run_03_seed_2024,0.9990422129631042
2310,when is my electric bill due by,56,bill_due,56,bill_due,run_03_seed_2024,0.9999903440475464
2311,when is my car insurance bill due,56,bill_due,56,bill_due,run_03_seed_2024,0.9999876022338867
2312,how long until my water bill is due,56,bill_due,56,bill_due,run_03_seed_2024,0.9999653100967407
2313,what's the latest i can pay my cellular bill,56,bill_due,143,min_payment,run_03_seed_2024,0.8212637305259705
2314,what's the due date for my netflix subscription,56,bill_due,56,bill_due,run_03_seed_2024,0.9998792409896851
2315,tell me where i can find my exterminator bill's due date,56,bill_due,56,bill_due,run_03_seed_2024,0.9989200830459595
2316,how do i locate the due date for my bug bill,56,bill_due,56,bill_due,run_03_seed_2024,0.999932050704956
2317,where can i see the due date for auto loan bill,56,bill_due,56,bill_due,run_03_seed_2024,0.9996224641799927
2318,when is my cell phone due,56,bill_due,81,find_phone,run_03_seed_2024,0.9322784543037415
2319,i need to know where my due date is for my lawn bill,56,bill_due,56,bill_due,run_03_seed_2024,0.981307864189148
2320,where can i find when my car payment bill is due,56,bill_due,56,bill_due,run_03_seed_2024,0.999974250793457
2321,what's the ultimate day for me to pay the internet bill,56,bill_due,143,min_payment,run_03_seed_2024,0.9639917612075806
2322,tell me the last day i can pay my gas bill,56,bill_due,56,bill_due,run_03_seed_2024,0.8075626492500305
2323,what's the due date for my comcast bill,56,bill_due,56,bill_due,run_03_seed_2024,0.9996663331985474
2324,i need to know when my water bill is due,56,bill_due,56,bill_due,run_03_seed_2024,0.9999978542327881
2325,please tell me how to find out when my rent is due,56,bill_due,56,bill_due,run_03_seed_2024,0.9953239560127258
2326,i need to know when my electricity bill is due,56,bill_due,56,bill_due,run_03_seed_2024,0.9999879598617554
2327,can you tell me when my cable bill is due,56,bill_due,56,bill_due,run_03_seed_2024,0.9999948740005493
2328,i need to find out how to check the due date for the water bill,56,bill_due,56,bill_due,run_03_seed_2024,0.9981091022491455
2329,when does the current billing cycle end,56,bill_due,42,oos,run_03_seed_2024,0.6919878125190735
2330,is the bill due today,56,bill_due,56,bill_due,run_03_seed_2024,0.9998291730880737
2331,is the bill due,56,bill_due,56,bill_due,run_03_seed_2024,0.9997342228889465
2332,when do i have to pay my internet,56,bill_due,56,bill_due,run_03_seed_2024,0.9996805191040039
2333,i want to know when the deadline is to pay my car loan,56,bill_due,56,bill_due,run_03_seed_2024,0.9995564818382263
2334,tell me when my water bill is due,56,bill_due,56,bill_due,run_03_seed_2024,0.9999978542327881
2335,what day of the month do i have to pay my mortgage,56,bill_due,56,bill_due,run_03_seed_2024,0.9998310804367065
2336,when is my electricity due date,56,bill_due,56,bill_due,run_03_seed_2024,0.9995310306549072
2337,i need to know the next billing date of my american express card,56,bill_due,44,expiration_date,run_03_seed_2024,0.9899995923042297
2338,when does my gas bill need paid by,56,bill_due,56,bill_due,run_03_seed_2024,0.9978862404823303
2339,when is next month's cable bill due,56,bill_due,56,bill_due,run_03_seed_2024,0.9999488592147827
2340,number of calories in coke,135,calories,135,calories,run_03_seed_2024,0.9999853372573853
2341,what kind of calories do chicken tenders have,135,calories,135,calories,run_03_seed_2024,0.9980987906455994
2342,calorie content of dr pepper,135,calories,135,calories,run_03_seed_2024,0.9778345823287964
2343,what's the calorie content of chicken nuggets,135,calories,135,calories,run_03_seed_2024,0.9999923706054688
2344,how many calories are in hamburgers,135,calories,135,calories,run_03_seed_2024,0.9999361038208008
2345,what is the calorie count for this milkshake,135,calories,135,calories,run_03_seed_2024,0.9946921467781067
2346,how many calories does an orange have,135,calories,135,calories,run_03_seed_2024,0.9984763264656067
2347,what is the total number of calories in this pizza,135,calories,135,calories,run_03_seed_2024,0.9999399185180664
2348,how many calories are in a burger,135,calories,135,calories,run_03_seed_2024,0.9999815225601196
2349,rolls have how many calories,135,calories,135,calories,run_03_seed_2024,0.9995848536491394
2350,what is the calorie content in bananas,135,calories,135,calories,run_03_seed_2024,0.9999936819076538
2351,what is the calorie content in peanut butter,135,calories,135,calories,run_03_seed_2024,0.9999814033508301
2352,what is the calorie content in french fries,135,calories,135,calories,run_03_seed_2024,0.9999566078186035
2353,what is the calorie content in potatoes,135,calories,135,calories,run_03_seed_2024,0.9999852180480957
2354,what is the calorie content in spaghetti,135,calories,135,calories,run_03_seed_2024,0.9999912977218628
2355,i need to know the calorie content of spaghetti,135,calories,135,calories,run_03_seed_2024,0.9997683167457581
2356,how many calories are in a sandwich,135,calories,135,calories,run_03_seed_2024,0.9998953342437744
2357,what number of calories are in a pizza,135,calories,135,calories,run_03_seed_2024,0.9999382495880127
2358,what is the number of calories in a steak,135,calories,135,calories,run_03_seed_2024,0.999909520149231
2359,how many calories are in a cheeseburger,135,calories,135,calories,run_03_seed_2024,0.9999078512191772
2360,can you check the amount of calories in a chicken sandwich,135,calories,135,calories,run_03_seed_2024,0.999895453453064
2361,what is the calorie count of a burrito,135,calories,135,calories,run_03_seed_2024,0.999745786190033
2362,"calorie check, cheese burger",135,calories,135,calories,run_03_seed_2024,0.5819647312164307
2363,how many calories are in a taco,135,calories,135,calories,run_03_seed_2024,0.9998749494552612
2364,can you see how many calories are in cream of mushroom soup,135,calories,135,calories,run_03_seed_2024,0.534431517124176
2365,the intake of calories it it bad,135,calories,5,weather,run_03_seed_2024,0.51445072889328
2366,how much is alorie intake,135,calories,27,bill_balance,run_03_seed_2024,0.9738216996192932
2367,hoq many calories does pasta have,135,calories,135,calories,run_03_seed_2024,0.9998199343681335
2368,how many calories can i expect to be in fries,135,calories,135,calories,run_03_seed_2024,0.9998327493667603
2369,what's the calorie content of french fries,135,calories,135,calories,run_03_seed_2024,0.9999773502349854
2370,tell me how to go about reporting a damaged card,87,damaged_card,87,damaged_card,run_03_seed_2024,0.9635261297225952
2371,my card is damaged,87,damaged_card,87,damaged_card,run_03_seed_2024,0.99998939037323
2372,i want to report a damaged card,87,damaged_card,87,damaged_card,run_03_seed_2024,0.9999970197677612
2373,where should i report a damaged card,87,damaged_card,87,damaged_card,run_03_seed_2024,0.9999854564666748
2374,can you find out how to report a damaged card,87,damaged_card,87,damaged_card,run_03_seed_2024,0.999931812286377
2375,my card has become too frayed and torn to use,87,damaged_card,87,damaged_card,run_03_seed_2024,0.9996740818023682
2376,what do i do about a card that's too messed up to be properly scanned,87,damaged_card,90,replacement_card_duration,run_03_seed_2024,0.5572998523712158
2377,my card became damaged when i dropped it in the parking lot and it got ran over,87,damaged_card,87,damaged_card,run_03_seed_2024,0.9999958276748657
2378,i have a damaged card that needs replaced because my son dropped it in a blender,87,damaged_card,87,damaged_card,run_03_seed_2024,0.9998435974121094
2379,i sat on my credit card and broke it in half and need it replaced,87,damaged_card,87,damaged_card,run_03_seed_2024,0.9999152421951294
2380,my credit card got torn and i need a new one,87,damaged_card,87,damaged_card,run_03_seed_2024,0.9994239807128906
2381,what do i do with a damaged credit card,87,damaged_card,87,damaged_card,run_03_seed_2024,0.7173209190368652
2382,how do i replace a damaged card,87,damaged_card,87,damaged_card,run_03_seed_2024,0.9991648197174072
2383,i have a card that needs replaced because my wine dumped wine on it,87,damaged_card,87,damaged_card,run_03_seed_2024,0.9960610270500183
2384,i spilled wine on my credit card and now its all mushy and needs to be replaced,87,damaged_card,87,damaged_card,run_03_seed_2024,0.4508306682109833
2385,my dog swallowed my credit card and i need a new one,87,damaged_card,87,damaged_card,run_03_seed_2024,0.9979493021965027
2386,i want to report a damaged card that my cat shredded with its claws,87,damaged_card,87,damaged_card,run_03_seed_2024,0.9858987331390381
2387,i need to replace a card that my daughter spilled juice on,87,damaged_card,87,damaged_card,run_03_seed_2024,0.920564591884613
2388,i'm unable to use my card because it's been ruined,87,damaged_card,87,damaged_card,run_03_seed_2024,0.9996709823608398
2389,i can't use my card because it’s damaged badly,87,damaged_card,87,damaged_card,run_03_seed_2024,0.9999754428863525
2390,i cannot use my card cuz it's damaged,87,damaged_card,87,damaged_card,run_03_seed_2024,0.9999977350234985
2391,i can't use my card because it’s messed up,87,damaged_card,87,damaged_card,run_03_seed_2024,0.9978031516075134
2392,i can't use my card because it’s broken,87,damaged_card,87,damaged_card,run_03_seed_2024,0.999829888343811
2393,i can't use my card because i damaged it,87,damaged_card,87,damaged_card,run_03_seed_2024,0.9999573230743408
2394,who should i talk to about the fact that i inadvertently split my card almost in half,87,damaged_card,87,damaged_card,run_03_seed_2024,0.9567698836326599
2395,i accidentally deactivated the magnetic stripe on my visa debit card and i need to report it,87,damaged_card,87,damaged_card,run_03_seed_2024,0.9879661202430725
2396,can i talk to someone to let them know my card was damaged from being melted on a radiator,87,damaged_card,87,damaged_card,run_03_seed_2024,0.9939570426940918
2397,i would like to report a damaged card that was burnt,87,damaged_card,87,damaged_card,run_03_seed_2024,0.9999814033508301
2398,i would like to report my card damaged since i accidentally spilled gorilla glue all over it and the numbers are now obscured,87,damaged_card,87,damaged_card,run_03_seed_2024,0.9999933242797852
2399,my visa has been damaged,87,damaged_card,103,application_status,run_03_seed_2024,0.8865393400192261
2400,does applebees have good reviews,0,restaurant_reviews,0,restaurant_reviews,run_03_seed_2024,0.9999185800552368
2401,are the reviews ned get's good,0,restaurant_reviews,0,restaurant_reviews,run_03_seed_2024,0.9995226860046387
2402,is the review ned's have good,0,restaurant_reviews,99,how_old_are_you,run_03_seed_2024,0.454597532749176
2403,are ned's reviews good,0,restaurant_reviews,0,restaurant_reviews,run_03_seed_2024,0.9989213943481445
2404,are the reviews for ned's good,0,restaurant_reviews,0,restaurant_reviews,run_03_seed_2024,0.9999853372573853
2405,how are the reviews for tacos at the buffet,0,restaurant_reviews,0,restaurant_reviews,run_03_seed_2024,0.999995231628418
2406,do they serve good tacos at the buffet,0,restaurant_reviews,57,who_do_you_work_for,run_03_seed_2024,0.7984997630119324
2407,"my favorite, beef tacos at the buffet",0,restaurant_reviews,46,meal_suggestion,run_03_seed_2024,0.3416896462440491
2408,they sold out of tacos at the buffet,0,restaurant_reviews,2,account_blocked,run_03_seed_2024,0.2790646255016327
2409,"yum, pulled pork tacos at the buffet",0,restaurant_reviews,58,share_location,run_03_seed_2024,0.3759460151195526
2410,what do people think of the new burger at mcdonalds,0,restaurant_reviews,102,how_busy,run_03_seed_2024,0.8791741728782654
2411,how are the reviews for the supreme pizza at papa john's,0,restaurant_reviews,0,restaurant_reviews,run_03_seed_2024,0.9999979734420776
2412,what are people saying about chick-fil-a's chicken nuggets,0,restaurant_reviews,0,restaurant_reviews,run_03_seed_2024,0.807411253452301
2413,show me the reviews for the new jalapeno fries at taco bell,0,restaurant_reviews,0,restaurant_reviews,run_03_seed_2024,0.9997532963752747
2414,give me some feedback about the pasta at piada please,0,restaurant_reviews,0,restaurant_reviews,run_03_seed_2024,0.9731251001358032
2415,how is gramercy tavern rated,0,restaurant_reviews,142,mpg,run_03_seed_2024,0.5255804657936096
2416,how many stars does babbo have,0,restaurant_reviews,0,restaurant_reviews,run_03_seed_2024,0.33037546277046204
2417,does cielo have good reviews,0,restaurant_reviews,0,restaurant_reviews,run_03_seed_2024,0.9998812675476074
2418,do people say per se is any good or not,0,restaurant_reviews,0,restaurant_reviews,run_03_seed_2024,0.36209583282470703
2419,what do food critics say about gramercy tavern,0,restaurant_reviews,15,what_are_your_hobbies,run_03_seed_2024,0.3169615864753723
2420,what are the reviews like for l'auberge aubergine,0,restaurant_reviews,0,restaurant_reviews,run_03_seed_2024,0.9999967813491821
2421,how many stars does brasserie les halles have,0,restaurant_reviews,42,oos,run_03_seed_2024,0.17171071469783783
2422,what rating do the critics give the french laundry,0,restaurant_reviews,65,todo_list_update,run_03_seed_2024,0.8369750380516052
2423,does acero have good or bad ratings,0,restaurant_reviews,0,restaurant_reviews,run_03_seed_2024,0.9328752160072327
2424,has the french laundry gotten good reviews lately,0,restaurant_reviews,54,food_last,run_03_seed_2024,0.2909316420555115
2425,what kind of reviews does the olive garden have,0,restaurant_reviews,0,restaurant_reviews,run_03_seed_2024,0.9955535531044006
2426,what's the average review for olive garden,0,restaurant_reviews,42,oos,run_03_seed_2024,0.5789555907249451
2427,oliver garden reviews,0,restaurant_reviews,0,restaurant_reviews,run_03_seed_2024,0.6648333072662354
2428,does olive garden have good customer reviews,0,restaurant_reviews,0,restaurant_reviews,run_03_seed_2024,0.999891996383667
2429,does olive garden have good reviews,0,restaurant_reviews,0,restaurant_reviews,run_03_seed_2024,0.999555766582489
2430,i need my routing number for my checking account at bb&t bank,45,routing,45,routing,run_03_seed_2024,0.999114453792572
2431,what is my routing number to my checking account at bb&t bankj,45,routing,45,routing,run_03_seed_2024,0.9933305382728577
2432,"tell me my routing number at my bank, community trust",45,routing,45,routing,run_03_seed_2024,0.8393582701683044
2433,what is the routing number of my checking account at first national bankj,45,routing,45,routing,run_03_seed_2024,0.9999750852584839
2434,"give me the routing number of my checking account at my main bank, first commerce",45,routing,45,routing,run_03_seed_2024,0.7760699391365051
2435,what is my bank routing number,45,routing,45,routing,run_03_seed_2024,0.9999955892562866
2436,what's my routing number,45,routing,45,routing,run_03_seed_2024,0.9999443292617798
2437,what's wells fargo's routing number,45,routing,45,routing,run_03_seed_2024,0.9998985528945923
2438,tell me my routing number,45,routing,45,routing,run_03_seed_2024,0.9999974966049194
2439,where can i find my routing number,45,routing,45,routing,run_03_seed_2024,0.9998624324798584
2440,where's the routing number for wells fargo,45,routing,45,routing,run_03_seed_2024,0.9999903440475464
2441,where can i find wells fargo's routing number,45,routing,45,routing,run_03_seed_2024,0.9998075366020203
2442,where is wells fargo's routing number listed,45,routing,45,routing,run_03_seed_2024,0.9988642930984497
2443,where should i go to find the routing number for well's fargo,45,routing,45,routing,run_03_seed_2024,0.9999642372131348
2444,is my routing number on my account page,45,routing,45,routing,run_03_seed_2024,0.9985550045967102
2445,what is the bank's routing number,45,routing,45,routing,run_03_seed_2024,0.9999942779541016
2446,i want to know what my routing number is,45,routing,45,routing,run_03_seed_2024,0.9999815225601196
2447,i need a routing number,45,routing,45,routing,run_03_seed_2024,0.9997749924659729
2448,does pnc have a routing number,45,routing,45,routing,run_03_seed_2024,0.9997467398643494
2449,can you tell me the routing number to pnc,45,routing,45,routing,run_03_seed_2024,0.9999760389328003
2450,can you please read me the routing number to pnc,45,routing,45,routing,run_03_seed_2024,0.9999639987945557
2451,where can i find routing number for pnc,45,routing,45,routing,run_03_seed_2024,0.9999806880950928
2452,what is the routing number for pnc,45,routing,45,routing,run_03_seed_2024,0.9999971389770508
2453,i need x's routing number,45,routing,45,routing,run_03_seed_2024,0.999879002571106
2454,where would century bank have their routing number listed,45,routing,45,routing,run_03_seed_2024,0.9999771118164062
2455,where do i go if i am seeking the routing number of dallas capital,45,routing,45,routing,run_03_seed_2024,0.999068558216095
2456,what is the location that td bank has their routing number listed,45,routing,45,routing,run_03_seed_2024,0.9996457099914551
2457,where would the routing number for first utah be located,45,routing,45,routing,run_03_seed_2024,0.9999769926071167
2458,tell me what my savings account routing number is,45,routing,45,routing,run_03_seed_2024,0.9999117851257324
2459,what is chase bank's routing number,45,routing,45,routing,run_03_seed_2024,0.9999946355819702
2460,cats or dogs are your preference,34,do_you_have_pets,34,do_you_have_pets,run_03_seed_2024,0.9773105382919312
2461,what kinds of pets do you own,34,do_you_have_pets,34,do_you_have_pets,run_03_seed_2024,0.9999972581863403
2462,do you have any pets and what kind,34,do_you_have_pets,34,do_you_have_pets,run_03_seed_2024,0.9999910593032837
2463,would you describe yourself as a cat or dog person,34,do_you_have_pets,34,do_you_have_pets,run_03_seed_2024,0.9986251592636108
2464,you have what types or kinds of pets,34,do_you_have_pets,34,do_you_have_pets,run_03_seed_2024,0.9999885559082031
2465,are you a pet owner what kind,34,do_you_have_pets,34,do_you_have_pets,run_03_seed_2024,0.9997311234474182
2466,do you have a pet,34,do_you_have_pets,34,do_you_have_pets,run_03_seed_2024,0.9999744892120361
2467,would you call yourself a cat or dog person,34,do_you_have_pets,34,do_you_have_pets,run_03_seed_2024,0.9970597624778748
2468,what kind of animals do you own,34,do_you_have_pets,34,do_you_have_pets,run_03_seed_2024,0.9999890327453613
2469,can you name the type of pets you have,34,do_you_have_pets,34,do_you_have_pets,run_03_seed_2024,0.9999910593032837
2470,do you have any pets,34,do_you_have_pets,34,do_you_have_pets,run_03_seed_2024,0.9999974966049194
2471,are you a pet owner and what kind,34,do_you_have_pets,34,do_you_have_pets,run_03_seed_2024,0.9999489784240723
2472,what pets do you own,34,do_you_have_pets,34,do_you_have_pets,run_03_seed_2024,0.999993085861206
2473,tell me any animals that you have as pets,34,do_you_have_pets,34,do_you_have_pets,run_03_seed_2024,0.9999886751174927
2474,do you have cats or dogs or something else as a pet,34,do_you_have_pets,34,do_you_have_pets,run_03_seed_2024,0.999992847442627
2475,please tell me the types of pets you have,34,do_you_have_pets,34,do_you_have_pets,run_03_seed_2024,0.9999980926513672
2476,how would you categorize the pets you have,34,do_you_have_pets,34,do_you_have_pets,run_03_seed_2024,0.9999878406524658
2477,tell me about the pets you have,34,do_you_have_pets,34,do_you_have_pets,run_03_seed_2024,0.9999959468841553
2478,do you have friendly or unfriendly pets,34,do_you_have_pets,34,do_you_have_pets,run_03_seed_2024,0.9999990463256836
2479,which pets do you have,34,do_you_have_pets,34,do_you_have_pets,run_03_seed_2024,0.9999938011169434
2480,which type of pets do you have,34,do_you_have_pets,34,do_you_have_pets,run_03_seed_2024,0.999994158744812
2481,what pets do you have,34,do_you_have_pets,34,do_you_have_pets,run_03_seed_2024,0.999987006187439
2482,do you like appreciate cats or dogs more,34,do_you_have_pets,34,do_you_have_pets,run_03_seed_2024,0.9997368454933167
2483,do you like cats or dogs more,34,do_you_have_pets,34,do_you_have_pets,run_03_seed_2024,0.9999805688858032
2484,which kinds of pets do you own,34,do_you_have_pets,34,do_you_have_pets,run_03_seed_2024,0.9999994039535522
2485,do you prefer cats or dogs,34,do_you_have_pets,34,do_you_have_pets,run_03_seed_2024,0.9999957084655762
2486,do you prefer cats or dogs more,34,do_you_have_pets,34,do_you_have_pets,run_03_seed_2024,0.9999632835388184
2487,which kinds of pets do you have,34,do_you_have_pets,34,do_you_have_pets,run_03_seed_2024,0.999998927116394
2488,do you currently have any pets,34,do_you_have_pets,34,do_you_have_pets,run_03_seed_2024,0.9999972581863403
2489,what is the total number of pets that you have,34,do_you_have_pets,34,do_you_have_pets,run_03_seed_2024,0.9994722008705139
2490,please book a meeting room for thusday at 4:00,18,schedule_meeting,18,schedule_meeting,run_03_seed_2024,0.9999785423278809
2491,would you please schedule a meeting room for 4:00 on thursday,18,schedule_meeting,18,schedule_meeting,run_03_seed_2024,0.9999940395355225
2492,could you schedule a meeting room for 4:00 on thursday,18,schedule_meeting,18,schedule_meeting,run_03_seed_2024,0.9999972581863403
2493,will you schedule a conference room for thursday at 4:00,18,schedule_meeting,18,schedule_meeting,run_03_seed_2024,0.8239529132843018
2494,can you reserve a meeting space for 4:00 on thursday,18,schedule_meeting,18,schedule_meeting,run_03_seed_2024,0.9993426203727722
2495,i need to know how to schedule a meeting,18,schedule_meeting,18,schedule_meeting,run_03_seed_2024,0.9999979734420776
2496,please help me figure out how to set up a meeting,18,schedule_meeting,18,schedule_meeting,run_03_seed_2024,0.9999310970306396
2497,i need assistance scheduling a meeting,18,schedule_meeting,18,schedule_meeting,run_03_seed_2024,0.9999974966049194
2498,walk me through the process of scheduling a meeting,18,schedule_meeting,18,schedule_meeting,run_03_seed_2024,0.9998304843902588
2499,help me set up a meeting please,18,schedule_meeting,18,schedule_meeting,run_03_seed_2024,0.9999254941940308
2500,"i need a meeting room between 3-7, are any available",18,schedule_meeting,18,schedule_meeting,run_03_seed_2024,0.9999945163726807
2501,can you tell me if there are meeting rooms available between 1 and 4,18,schedule_meeting,18,schedule_meeting,run_03_seed_2024,0.999998927116394
2502,are meeting rooms free between 8-3,18,schedule_meeting,18,schedule_meeting,run_03_seed_2024,0.9998970031738281
2503,do you know if meeting rooms are open to use 1-2,18,schedule_meeting,18,schedule_meeting,run_03_seed_2024,0.9983636736869812
2504,can you check if meeting rooms are available between 4 and 5,18,schedule_meeting,18,schedule_meeting,run_03_seed_2024,0.9999881982803345
2505,meeting rooms open between one and three pm,18,schedule_meeting,18,schedule_meeting,run_03_seed_2024,0.9999645948410034
2506,check meeting room availability between one and three pm,18,schedule_meeting,18,schedule_meeting,run_03_seed_2024,0.9999724626541138
2507,what meeting rooms are available for meeting 5pm friday,18,schedule_meeting,18,schedule_meeting,run_03_seed_2024,0.999992847442627
2508,"reserve a meeting room for friday, 5pm",18,schedule_meeting,18,schedule_meeting,run_03_seed_2024,0.9999912977218628
2509,one and three pm are there meeting rooms open,18,schedule_meeting,18,schedule_meeting,run_03_seed_2024,0.9999967813491821
2510,friday 5pm schedule a room for meeting,18,schedule_meeting,18,schedule_meeting,run_03_seed_2024,0.9999277591705322
2511,open meeting rooms from one to three pm,18,schedule_meeting,18,schedule_meeting,run_03_seed_2024,0.9999666213989258
2512,can you reserve a room for a friday meeting at 5pm,18,schedule_meeting,18,schedule_meeting,run_03_seed_2024,0.9992664456367493
2513,reserve a meeting room for 5pm on friday,18,schedule_meeting,18,schedule_meeting,run_03_seed_2024,0.9999884366989136
2514,check meeting rooms available between one and three pm,18,schedule_meeting,18,schedule_meeting,run_03_seed_2024,0.9997429251670837
2515,"i need to schedule meeting room for monday at 2:30 pm, please",18,schedule_meeting,18,schedule_meeting,run_03_seed_2024,0.9999974966049194
2516,i would like you to reserve a conference room for noon tomorrow,18,schedule_meeting,23,restaurant_reservation,run_03_seed_2024,0.5804362297058105
2517,please reserve a meeting room for 1:00 pm on tuesday,18,schedule_meeting,18,schedule_meeting,run_03_seed_2024,0.9999691247940063
2518,"go ahead and hold a conference room for friday at 11 am, please",18,schedule_meeting,116,book_hotel,run_03_seed_2024,0.6155776977539062
2519,can you book a meeting room for friday at 9:00 am,18,schedule_meeting,18,schedule_meeting,run_03_seed_2024,0.9998893737792969
2520,which gas would be best,8,gas_type,110,gas,run_03_seed_2024,0.5250152349472046
2521,what type of gas should i use,8,gas_type,8,gas_type,run_03_seed_2024,0.9981924891471863
2522,which type of gas should i get,8,gas_type,8,gas_type,run_03_seed_2024,0.9890581965446472
2523,can you tell me what gas this car takes,8,gas_type,8,gas_type,run_03_seed_2024,0.9999969005584717
2524,can you tell me this vehicles gas type,8,gas_type,8,gas_type,run_03_seed_2024,0.8658244013786316
2525,what fuel should i use for this car,8,gas_type,8,gas_type,run_03_seed_2024,0.9995681643486023
2526,what kind of gas should i use for this car,8,gas_type,8,gas_type,run_03_seed_2024,0.999962329864502
2527,i need to know the gas type for this vehicle,8,gas_type,8,gas_type,run_03_seed_2024,0.9999804496765137
2528,for this car what kind of fuel does it take,8,gas_type,8,gas_type,run_03_seed_2024,0.9996926784515381
2529,i need to know the type of gas for this car,8,gas_type,8,gas_type,run_03_seed_2024,0.9999985694885254
2530,i want to know what kind of gas this car uses,8,gas_type,8,gas_type,run_03_seed_2024,0.9999805688858032
2531,what gas does this car use,8,gas_type,8,gas_type,run_03_seed_2024,0.9999251365661621
2532,what fuel do i put in this car,8,gas_type,8,gas_type,run_03_seed_2024,0.9999568462371826
2533,what type of gas goes into the car,8,gas_type,8,gas_type,run_03_seed_2024,0.9999953508377075
2534,what type of fuel does this car utilize,8,gas_type,8,gas_type,run_03_seed_2024,0.9999947547912598
2535,what type of gas do i put in this new car,8,gas_type,8,gas_type,run_03_seed_2024,0.9999945163726807
2536,what type of gas do i use in this car,8,gas_type,8,gas_type,run_03_seed_2024,0.9997835755348206
2537,is there a certain kind of fuel needed,8,gas_type,8,gas_type,run_03_seed_2024,0.9999712705612183
2538,what gas goes in the vehicle,8,gas_type,110,gas,run_03_seed_2024,0.7397353649139404
2539,what raiting of gas is called for,8,gas_type,42,oos,run_03_seed_2024,0.5347323417663574
2540,what kind of gas goes in,8,gas_type,8,gas_type,run_03_seed_2024,0.985729455947876
2541,can you tell me what kind of gas your car uses,8,gas_type,8,gas_type,run_03_seed_2024,0.9994412064552307
2542,what kind of gas does your car use,8,gas_type,8,gas_type,run_03_seed_2024,0.9999806880950928
2543,the car you are driving uses what kind of gas,8,gas_type,8,gas_type,run_03_seed_2024,0.23144300282001495
2544,what kind of gas can i put into this car,8,gas_type,8,gas_type,run_03_seed_2024,0.9999812841415405
2545,which gas type goes into this car,8,gas_type,8,gas_type,run_03_seed_2024,0.9999754428863525
2546,which type of gas does this car take,8,gas_type,8,gas_type,run_03_seed_2024,0.9999943971633911
2547,i need gas what type do i need for this car,8,gas_type,8,gas_type,run_03_seed_2024,0.999984860420227
2548,what types of gas can i get for this car,8,gas_type,8,gas_type,run_03_seed_2024,0.9939916729927063
2549,which type of gas does my car use,8,gas_type,8,gas_type,run_03_seed_2024,0.9999868869781494
2550,would a socket converter be needed in france,120,plug_type,120,plug_type,run_03_seed_2024,0.9997465014457703
2551,how do i plug stuff in in france,120,plug_type,149,travel_suggestion,run_03_seed_2024,0.7690324783325195
2552,is socket converter required in france,120,plug_type,120,plug_type,run_03_seed_2024,0.9994000196456909
2553,does france use a socket converter,120,plug_type,120,plug_type,run_03_seed_2024,0.9999442100524902
2554,is electricity the same in france,120,plug_type,42,oos,run_03_seed_2024,0.991179883480072
2555,will i need a plug converter when i visit costa rica,120,plug_type,120,plug_type,run_03_seed_2024,0.999836802482605
2556,will i require a plug converter when i visit kenya,120,plug_type,120,plug_type,run_03_seed_2024,0.9999977350234985
2557,will i need to get a plug converter when i visit guam,120,plug_type,120,plug_type,run_03_seed_2024,0.9999966621398926
2558,do i require a plug converter when i visit puerto rico,120,plug_type,120,plug_type,run_03_seed_2024,0.9997159838676453
2559,will i need to have a plug converter when i visit madrid,120,plug_type,120,plug_type,run_03_seed_2024,0.9999765157699585
2560,z uses which type of plug,120,plug_type,120,plug_type,run_03_seed_2024,0.9999368190765381
2561,what sort of plug is used in the caribbean,120,plug_type,120,plug_type,run_03_seed_2024,0.9999072551727295
2562,which plug is used in japan,120,plug_type,120,plug_type,run_03_seed_2024,0.9993898868560791
2563,plug used in china,120,plug_type,120,plug_type,run_03_seed_2024,0.9941169023513794
2564,what kind of plug is used in england,120,plug_type,120,plug_type,run_03_seed_2024,0.9999289512634277
2565,what do i need for a plug in wales,120,plug_type,120,plug_type,run_03_seed_2024,0.9941120743751526
2566,does z used the same plus as we do in the united states,120,plug_type,42,oos,run_03_seed_2024,0.4852927327156067
2567,can i used the same type of plug in z as i do in the us,120,plug_type,120,plug_type,run_03_seed_2024,0.9996833801269531
2568,electrical plugs used in that country,120,plug_type,120,plug_type,run_03_seed_2024,0.9976750016212463
2569,are the electric plugs the same over in that country,120,plug_type,42,oos,run_03_seed_2024,0.6479387879371643
2570,what kind of electrical outlet does that country use,120,plug_type,120,plug_type,run_03_seed_2024,0.8835456967353821
2571,do i need a converter for my electronics when i go to that coutntry,120,plug_type,120,plug_type,run_03_seed_2024,0.9000502824783325
2572,can i plug in my electronics there like normal,120,plug_type,120,plug_type,run_03_seed_2024,0.9979037046432495
2573,is a socket converter necessary if i'm travelling to london,120,plug_type,120,plug_type,run_03_seed_2024,0.999974250793457
2574,are socket converters something i need to bring if going to australia,120,plug_type,120,plug_type,run_03_seed_2024,0.961083173751831
2575,can i use electronic devices in mexico without a socket converter,120,plug_type,120,plug_type,run_03_seed_2024,0.9361623525619507
2576,are socket converters needed if i'm going to cape town,120,plug_type,120,plug_type,run_03_seed_2024,0.9993578791618347
2577,does sweden use the same kind of socket or do i need a converter,120,plug_type,120,plug_type,run_03_seed_2024,0.9999336004257202
2578,what plug type is used internationally,120,plug_type,120,plug_type,run_03_seed_2024,0.9994274377822876
2579,what's the plug type in honduras,120,plug_type,120,plug_type,run_03_seed_2024,0.9999932050704956
2580,when would you change my tires,47,tire_change,47,tire_change,run_03_seed_2024,0.9999841451644897
2581,when is the next time i should get my tires changed,47,tire_change,47,tire_change,run_03_seed_2024,0.9999929666519165
2582,how soon should i get my tires changed,47,tire_change,47,tire_change,run_03_seed_2024,0.9999837875366211
2583,how often should i get my tires changed,47,tire_change,47,tire_change,run_03_seed_2024,0.9999368190765381
2584,do you know when i should get my tires changed next,47,tire_change,47,tire_change,run_03_seed_2024,0.999994158744812
2585,when should my tires be changed,47,tire_change,47,tire_change,run_03_seed_2024,0.9999967813491821
2586,i need to know when i should change my tires,47,tire_change,47,tire_change,run_03_seed_2024,0.9999921321868896
2587,how soon till i need to change my tires,47,tire_change,47,tire_change,run_03_seed_2024,0.9999914169311523
2588,can you tell me when my tires have to be changed,47,tire_change,47,tire_change,run_03_seed_2024,0.9985870122909546
2589,am i almost due for a tire change,47,tire_change,47,tire_change,run_03_seed_2024,0.9988272786140442
2590,when is my car due for an tire change,47,tire_change,47,tire_change,run_03_seed_2024,0.8768385052680969
2591,how do i know when to get the tires changed on my car,47,tire_change,47,tire_change,run_03_seed_2024,0.9988197684288025
2592,how often should my tires be changed,47,tire_change,47,tire_change,run_03_seed_2024,0.9999983310699463
2593,how often should i change the tires on my car,47,tire_change,47,tire_change,run_03_seed_2024,0.9996629953384399
2594,i replaced tires last june when should i do it again,47,tire_change,47,tire_change,run_03_seed_2024,0.9998164772987366
2595,on feb 3rd i changed my tires are they still good,47,tire_change,47,tire_change,run_03_seed_2024,0.974947452545166
2596,my tires are 29 months old should u change them,47,tire_change,47,tire_change,run_03_seed_2024,0.9689406752586365
2597,when do my tires need changing after i replaced them last week,47,tire_change,47,tire_change,run_03_seed_2024,0.9994774460792542
2598,in september i changed my tires are they in need of changing,47,tire_change,47,tire_change,run_03_seed_2024,0.9996576309204102
2599,how do i know if it is time to replace my tires,47,tire_change,47,tire_change,run_03_seed_2024,0.9998464584350586
2600,how long does the average set of tire last before needing replacement,47,tire_change,42,oos,run_03_seed_2024,0.8617914915084839
2601,how long are my tires expected to last before needing to be replaced,47,tire_change,47,tire_change,run_03_seed_2024,0.9976537823677063
2602,how many miles are my tires rated for,47,tire_change,98,tire_pressure,run_03_seed_2024,0.8978110551834106
2603,what is the time for a tire change,47,tire_change,47,tire_change,run_03_seed_2024,0.9910954236984253
2604,my tires should be changed when,47,tire_change,47,tire_change,run_03_seed_2024,0.9999277591705322
2605,tell me when to get my tires changed,47,tire_change,47,tire_change,run_03_seed_2024,0.9999645948410034
2606,when is it time for a change in tires,47,tire_change,47,tire_change,run_03_seed_2024,0.9999444484710693
2607,what is the timeframe for getting my tires changed,47,tire_change,47,tire_change,run_03_seed_2024,0.9997805953025818
2608,tell me when i'll need new tires,47,tire_change,47,tire_change,run_03_seed_2024,0.9999822378158569
2609,when will my tires need to be changed,47,tire_change,47,tire_change,run_03_seed_2024,0.9999467134475708
2610,convert 200 us dollars to british pounds,38,exchange_rate,38,exchange_rate,run_03_seed_2024,0.999832272529602
2611,how many japanese yen are in a us dollar,38,exchange_rate,38,exchange_rate,run_03_seed_2024,0.9985114932060242
2612,how much is 5 us dollars worth in canadian dollars,38,exchange_rate,38,exchange_rate,run_03_seed_2024,0.9999915361404419
2613,can you tell me what 100 british pounds equals in us dollars,38,exchange_rate,38,exchange_rate,run_03_seed_2024,0.9998120665550232
2614,what is the exchange rate between us dollars and japanese yen,38,exchange_rate,38,exchange_rate,run_03_seed_2024,0.9999986886978149
2615,whats the current exchange rate between usd and eur,38,exchange_rate,38,exchange_rate,run_03_seed_2024,0.9999972581863403
2616,what's the exhange rate between mxn and gbp,38,exchange_rate,38,exchange_rate,run_03_seed_2024,0.4298741817474365
2617,what is the current exchange rate between mxn and eur,38,exchange_rate,38,exchange_rate,run_03_seed_2024,0.9896491765975952
2618,what's the exchange rate between ils and usd,38,exchange_rate,38,exchange_rate,run_03_seed_2024,0.9999816417694092
2619,what is the usd mxn exchange rate,38,exchange_rate,38,exchange_rate,run_03_seed_2024,0.9999946355819702
2620,how many mexican pesos is a us dollar worth,38,exchange_rate,38,exchange_rate,run_03_seed_2024,0.9934677481651306
2621,how much is one us dollar in british pounds,38,exchange_rate,38,exchange_rate,run_03_seed_2024,0.9998977184295654
2622,whats the exchange rate for us dollars to british pounds,38,exchange_rate,38,exchange_rate,run_03_seed_2024,0.9999977350234985
2623,what is a british pound worth in mexican pesos,38,exchange_rate,42,oos,run_03_seed_2024,0.40830132365226746
2624,how many mexican pesos can i get for one us dollar,38,exchange_rate,38,exchange_rate,run_03_seed_2024,0.9998527765274048
2625,look up the rate of exchange between pesos and usd,38,exchange_rate,38,exchange_rate,run_03_seed_2024,0.9999822378158569
2626,find me the exchange rate between usd and cad,38,exchange_rate,38,exchange_rate,run_03_seed_2024,0.9999819993972778
2627,what is the exchange rate between euros and pesos,38,exchange_rate,38,exchange_rate,run_03_seed_2024,0.9999957084655762
2628,tell me the current exchange rate between cad and euros,38,exchange_rate,38,exchange_rate,run_03_seed_2024,0.999976396560669
2629,what is the present exchange rate between usd and british pound,38,exchange_rate,38,exchange_rate,run_03_seed_2024,0.9999853372573853
2630,convert 20 yen to dollars,38,exchange_rate,38,exchange_rate,run_03_seed_2024,0.9999352693557739
2631,how many dollars can i get for 20 yen,38,exchange_rate,38,exchange_rate,run_03_seed_2024,0.999948263168335
2632,how many dollars is 20 yen worth,38,exchange_rate,38,exchange_rate,run_03_seed_2024,0.9999775886535645
2633,20 yen is how many dollars,38,exchange_rate,38,exchange_rate,run_03_seed_2024,0.9999394416809082
2634,20 yen equals how many dollars,38,exchange_rate,38,exchange_rate,run_03_seed_2024,0.9998762607574463
2635,is $30 usd more or less in canada,38,exchange_rate,38,exchange_rate,run_03_seed_2024,0.944041907787323
2636,"in canadian dollars, what is $30",38,exchange_rate,5,weather,run_03_seed_2024,0.21322427690029144
2637,what is the conversion of $30 in canadian dollars,38,exchange_rate,38,exchange_rate,run_03_seed_2024,0.9959900975227356
2638,can you please convert $30 usd to canadian dollars,38,exchange_rate,38,exchange_rate,run_03_seed_2024,0.9915751814842224
2639,how much is $30 usd in canadian dollar,38,exchange_rate,38,exchange_rate,run_03_seed_2024,0.9994170665740967
2640,on what day is our next free day,140,next_holiday,140,next_holiday,run_03_seed_2024,0.9999433755874634
2641,on what day is our next day off,140,next_holiday,140,next_holiday,run_03_seed_2024,0.9999908208847046
2642,what day is our next day off,140,next_holiday,140,next_holiday,run_03_seed_2024,0.9999983310699463
2643,is our next day off soon,140,next_holiday,140,next_holiday,run_03_seed_2024,0.9999910593032837
2644,do you know when our next day off is,140,next_holiday,140,next_holiday,run_03_seed_2024,0.9999979734420776
2645,when are we off work next,140,next_holiday,140,next_holiday,run_03_seed_2024,0.9999876022338867
2646,when is the next day we have off,140,next_holiday,140,next_holiday,run_03_seed_2024,0.9999992847442627
2647,when will our next day off be,140,next_holiday,140,next_holiday,run_03_seed_2024,0.9999990463256836
2648,are there any holidays coming and when,140,next_holiday,140,next_holiday,run_03_seed_2024,0.9987614154815674
2649,how many holidays are there and when is the next one here,140,next_holiday,140,next_holiday,run_03_seed_2024,0.9371408224105835
2650,for the holidays when is the next one we do here,140,next_holiday,140,next_holiday,run_03_seed_2024,0.9563227891921997
2651,what holiday is next and when,140,next_holiday,140,next_holiday,run_03_seed_2024,0.9999526739120483
2652,how long before the next holiday here,140,next_holiday,140,next_holiday,run_03_seed_2024,0.9999979734420776
2653,what's the wait period until the next day off,140,next_holiday,140,next_holiday,run_03_seed_2024,0.999998927116394
2654,when will my next vacation day be,140,next_holiday,140,next_holiday,run_03_seed_2024,0.999913215637207
2655,how long do i have to wait to get a day off,140,next_holiday,102,how_busy,run_03_seed_2024,0.9933270215988159
2656,when's the next day off,140,next_holiday,140,next_holiday,run_03_seed_2024,0.9999969005584717
2657,how many days left until the next day out of work,140,next_holiday,140,next_holiday,run_03_seed_2024,0.9991490840911865
2658,tell me the next holiday,140,next_holiday,140,next_holiday,run_03_seed_2024,0.9999911785125732
2659,tell me how long until the next day off,140,next_holiday,140,next_holiday,run_03_seed_2024,0.9999972581863403
2660,i got to know how long until the next day off,140,next_holiday,140,next_holiday,run_03_seed_2024,0.9999991655349731
2661,i wanna know how long until the next day off,140,next_holiday,140,next_holiday,run_03_seed_2024,0.9999985694885254
2662,i need to know how long until the next day off,140,next_holiday,140,next_holiday,run_03_seed_2024,0.9999963045120239
2663,i wanna know the next holiday,140,next_holiday,140,next_holiday,run_03_seed_2024,0.9999728202819824
2664,let me know how long until the next day off,140,next_holiday,140,next_holiday,run_03_seed_2024,0.9999927282333374
2665,i wish to know the next holiday,140,next_holiday,140,next_holiday,run_03_seed_2024,0.9999386072158813
2666,i must know the next holiday,140,next_holiday,140,next_holiday,run_03_seed_2024,0.9997238516807556
2667,i would like to know the next holiday,140,next_holiday,140,next_holiday,run_03_seed_2024,0.9998637437820435
2668,find the next holiday,140,next_holiday,140,next_holiday,run_03_seed_2024,0.9998855590820312
2669,when is the soonest holiday,140,next_holiday,140,next_holiday,run_03_seed_2024,0.9957118034362793
2670,turn volume up to 4,150,change_volume,150,change_volume,run_03_seed_2024,0.9907354712486267
2671,adjust volume setting to 4,150,change_volume,150,change_volume,run_03_seed_2024,0.9999041557312012
2672,keep volume at 4 all the time,150,change_volume,150,change_volume,run_03_seed_2024,0.9999852180480957
2673,put volume setting on number 4,150,change_volume,150,change_volume,run_03_seed_2024,0.9998334646224976
2674,please make sure the volume stays at 4,150,change_volume,150,change_volume,run_03_seed_2024,0.999812662601471
2675,put the volume to 4,150,change_volume,150,change_volume,run_03_seed_2024,0.9999984502792358
2676,volume to 4,150,change_volume,150,change_volume,run_03_seed_2024,0.9999916553497314
2677,turn down your speaker,150,change_volume,150,change_volume,run_03_seed_2024,0.9948086142539978
2678,decrease your decibel level,150,change_volume,150,change_volume,run_03_seed_2024,0.82149738073349
2679,be more quiet,150,change_volume,147,cancel,run_03_seed_2024,0.999779999256134
2680,please lower the sound,150,change_volume,150,change_volume,run_03_seed_2024,0.9324775338172913
2681,speak up,150,change_volume,82,greeting,run_03_seed_2024,0.8561803698539734
2682,not so loud,150,change_volume,30,no,run_03_seed_2024,0.9886465668678284
2683,quieter please,150,change_volume,147,cancel,run_03_seed_2024,0.9785510301589966
2684,increase the volume,150,change_volume,150,change_volume,run_03_seed_2024,0.9999886751174927
2685,turn up the volume,150,change_volume,150,change_volume,run_03_seed_2024,0.9998651742935181
2686,speak louder please,150,change_volume,150,change_volume,run_03_seed_2024,0.9500234127044678
2687,please lower your volume,150,change_volume,150,change_volume,run_03_seed_2024,0.999850869178772
2688,louder please,150,change_volume,150,change_volume,run_03_seed_2024,0.9890746474266052
2689,turn down the volume,150,change_volume,150,change_volume,run_03_seed_2024,0.9999908208847046
2690,can you speak quieter,150,change_volume,119,change_speed,run_03_seed_2024,0.5798161029815674
2691,turn to volume 4,150,change_volume,150,change_volume,run_03_seed_2024,0.9999558925628662
2692,set 4 as the volume,150,change_volume,150,change_volume,run_03_seed_2024,0.99985671043396
2693,turn volume to 4,150,change_volume,150,change_volume,run_03_seed_2024,0.9999251365661621
2694,volume 4 set,150,change_volume,150,change_volume,run_03_seed_2024,0.9999161958694458
2695,volume set to 4,150,change_volume,150,change_volume,run_03_seed_2024,0.9999356269836426
2696,i can't hear you and need you to turn up the volume,150,change_volume,150,change_volume,run_03_seed_2024,0.9962604641914368
2697,turn up your speaker volume,150,change_volume,150,change_volume,run_03_seed_2024,0.9506347179412842
2698,can you speak louder,150,change_volume,150,change_volume,run_03_seed_2024,0.9979283809661865
2699,can you turn up the volume for your speaker,150,change_volume,150,change_volume,run_03_seed_2024,0.9998341798782349
2700,who is in charge of you when you work,57,who_do_you_work_for,57,who_do_you_work_for,run_03_seed_2024,0.9999887943267822
2701,who is responsible for your employment,57,who_do_you_work_for,96,who_made_you,run_03_seed_2024,0.9930144548416138
2702,who do you report to for your work,57,who_do_you_work_for,57,who_do_you_work_for,run_03_seed_2024,0.9999932050704956
2703,let me know who your boss is,57,who_do_you_work_for,57,who_do_you_work_for,run_03_seed_2024,0.9999717473983765
2704,i want to know who your boss is,57,who_do_you_work_for,57,who_do_you_work_for,run_03_seed_2024,0.9999915361404419
2705,would you let me know who your boss is,57,who_do_you_work_for,57,who_do_you_work_for,run_03_seed_2024,0.999987006187439
2706,i would like to know who your boss is,57,who_do_you_work_for,57,who_do_you_work_for,run_03_seed_2024,0.9999740123748779
2707,are you my insubordinate,57,who_do_you_work_for,57,who_do_you_work_for,run_03_seed_2024,0.9647617340087891
2708,does someone else control you,57,who_do_you_work_for,57,who_do_you_work_for,run_03_seed_2024,0.9732736945152283
2709,do i own you,57,who_do_you_work_for,57,who_do_you_work_for,run_03_seed_2024,0.5352550148963928
2710,what firm do you work for,57,who_do_you_work_for,57,who_do_you_work_for,run_03_seed_2024,0.9998260140419006
2711,do you take your orders from me,57,who_do_you_work_for,15,what_are_your_hobbies,run_03_seed_2024,0.4077206552028656
2712,do i control you,57,who_do_you_work_for,57,who_do_you_work_for,run_03_seed_2024,0.3004111051559448
2713,am i in charge of you,57,who_do_you_work_for,57,who_do_you_work_for,run_03_seed_2024,0.8915516138076782
2714,is there another person that controls you,57,who_do_you_work_for,57,who_do_you_work_for,run_03_seed_2024,0.31146758794784546
2715,who do you take your orders from,57,who_do_you_work_for,57,who_do_you_work_for,run_03_seed_2024,0.9988503456115723
2716,would you consider someone else your boss,57,who_do_you_work_for,57,who_do_you_work_for,run_03_seed_2024,0.9988847374916077
2717,do you take orders from someone else,57,who_do_you_work_for,57,who_do_you_work_for,run_03_seed_2024,0.9287036061286926
2718,who controls you,57,who_do_you_work_for,96,who_made_you,run_03_seed_2024,0.9996464252471924
2719,who's your boss,57,who_do_you_work_for,57,who_do_you_work_for,run_03_seed_2024,0.9999669790267944
2720,what company do you work for,57,who_do_you_work_for,57,who_do_you_work_for,run_03_seed_2024,0.999997615814209
2721,who employs you,57,who_do_you_work_for,96,who_made_you,run_03_seed_2024,0.9974954128265381
2722,where do you work,57,who_do_you_work_for,77,where_are_you_from,run_03_seed_2024,0.6483041644096375
2723,who is it that you work for,57,who_do_you_work_for,57,who_do_you_work_for,run_03_seed_2024,0.9999977350234985
2724,whom do you work for,57,who_do_you_work_for,57,who_do_you_work_for,run_03_seed_2024,0.9999978542327881
2725,who is your job with,57,who_do_you_work_for,57,who_do_you_work_for,run_03_seed_2024,0.9973330497741699
2726,what company are you employed by,57,who_do_you_work_for,57,who_do_you_work_for,run_03_seed_2024,0.9992547631263733
2727,what is the name of the place you work at,57,who_do_you_work_for,57,who_do_you_work_for,run_03_seed_2024,0.9952367544174194
2728,what's your boss's name,57,who_do_you_work_for,57,who_do_you_work_for,run_03_seed_2024,0.9976416826248169
2729,who can i talk to above you,57,who_do_you_work_for,55,change_ai_name,run_03_seed_2024,0.6531453728675842
2730,what's the most i can charge on my card,41,credit_limit,70,report_fraud,run_03_seed_2024,0.903872549533844
2731,how much do i have available on my visa card,41,credit_limit,41,credit_limit,run_03_seed_2024,0.8077895045280457
2732,what is my visa credit limit,41,credit_limit,41,credit_limit,run_03_seed_2024,0.9999814033508301
2733,how much of a credit limit does visa allow,41,credit_limit,41,credit_limit,run_03_seed_2024,0.9999358654022217
2734,is there a substantial credit limit on my visa,41,credit_limit,41,credit_limit,run_03_seed_2024,0.9423434138298035
2735,as my visa got a high enough limit on it,41,credit_limit,109,credit_limit_change,run_03_seed_2024,0.9921797513961792
2736,what is my credit max,41,credit_limit,69,credit_score,run_03_seed_2024,0.9884600639343262
2737,what is my credit card spending limit,41,credit_limit,41,credit_limit,run_03_seed_2024,0.9999927282333374
2738,what's my daily spending limit,41,credit_limit,41,credit_limit,run_03_seed_2024,0.9982654452323914
2739,tell me my credit limit,41,credit_limit,41,credit_limit,run_03_seed_2024,0.999946117401123
2740,how much credit do i have on my discover card,41,credit_limit,41,credit_limit,run_03_seed_2024,0.9867398738861084
2741,do i have a monthly spending limit,41,credit_limit,41,credit_limit,run_03_seed_2024,0.9974617958068848
2742,what's the limit on my discover card,41,credit_limit,41,credit_limit,run_03_seed_2024,0.9998040795326233
2743,is there a spending limit,41,credit_limit,41,credit_limit,run_03_seed_2024,0.9925399422645569
2744,what is my credit limit on my discover,41,credit_limit,41,credit_limit,run_03_seed_2024,0.999992847442627
2745,what's my spending limit on my discover,41,credit_limit,41,credit_limit,run_03_seed_2024,0.9998096823692322
2746,how much is my maximum to spend on credit cards,41,credit_limit,41,credit_limit,run_03_seed_2024,0.8882513046264648
2747,what's my discover credit limit,41,credit_limit,41,credit_limit,run_03_seed_2024,0.9999773502349854
2748,how much can i use on my visa,41,credit_limit,41,credit_limit,run_03_seed_2024,0.983191192150116
2749,my visa has what limit,41,credit_limit,41,credit_limit,run_03_seed_2024,0.9995567202568054
2750,tell me my visa limit,41,credit_limit,41,credit_limit,run_03_seed_2024,0.9998898506164551
2751,look up how high my visa limit is,41,credit_limit,41,credit_limit,run_03_seed_2024,0.9995107650756836
2752,what is the limit on my visa,41,credit_limit,41,credit_limit,run_03_seed_2024,0.9999901056289673
2753,what is my state bank of india card credit limit,41,credit_limit,41,credit_limit,run_03_seed_2024,0.999473512172699
2754,calculate the limit i have available for spending on my natwest card,41,credit_limit,41,credit_limit,run_03_seed_2024,0.9931821227073669
2755,tell me my hsbc card credit limit,41,credit_limit,41,credit_limit,run_03_seed_2024,0.9998770952224731
2756,what's the spending limit on my lloyds card,41,credit_limit,41,credit_limit,run_03_seed_2024,0.9956320524215698
2757,i need you to tell me the credit limit for my republic bank card,41,credit_limit,41,credit_limit,run_03_seed_2024,0.9997726082801819
2758,how high is my credit limit,41,credit_limit,41,credit_limit,run_03_seed_2024,0.9999874830245972
2759,i want to know my credit limit,41,credit_limit,41,credit_limit,run_03_seed_2024,0.9999672174453735
2760,is the resataurant busy at 5:00 pm,102,how_busy,102,how_busy,run_03_seed_2024,0.999873161315918
2761,how busy is the cafe at 7:00,102,how_busy,102,how_busy,run_03_seed_2024,0.9999847412109375
2762,would tio's be crowded at 7,102,how_busy,102,how_busy,run_03_seed_2024,0.9874826669692993
2763,can i get a table for four at 8:00,102,how_busy,23,restaurant_reservation,run_03_seed_2024,0.9977689981460571
2764,is the friday's full after 4,102,how_busy,42,oos,run_03_seed_2024,0.9817116260528564
2765,how long is the wait at fridays,102,how_busy,102,how_busy,run_03_seed_2024,0.9999890327453613
2766,is the mexican place crowded at night,102,how_busy,0,restaurant_reviews,run_03_seed_2024,0.8087535500526428
2767,are cool people at the bar at 9:00 pm,102,how_busy,0,restaurant_reviews,run_03_seed_2024,0.7829184532165527
2768,what is the best time to go to get a burger without a line,102,how_busy,90,replacement_card_duration,run_03_seed_2024,0.3649233877658844
2769,how long before i can eat at chic fil a,102,how_busy,102,how_busy,run_03_seed_2024,0.92695152759552
2770,how long to be seated at carrabas,102,how_busy,102,how_busy,run_03_seed_2024,0.9821075797080994
2771,is the wait at pizza hut long,102,how_busy,102,how_busy,run_03_seed_2024,0.9994478821754456
2772,is the breakfast place full in the mornings,102,how_busy,84,order_status,run_03_seed_2024,0.7522052526473999
2773,is the wait more than an hour at the italian place,102,how_busy,102,how_busy,run_03_seed_2024,0.9846364259719849
2774,tell me how busy red robin is at 5 pm,102,how_busy,102,how_busy,run_03_seed_2024,0.9999808073043823
2775,i wanna know how busy denny's is at 5 am,102,how_busy,102,how_busy,run_03_seed_2024,0.99996018409729
2776,i need to know how busy denny's is at 6 am,102,how_busy,102,how_busy,run_03_seed_2024,0.9998130202293396
2777,how busy is red robin around 5 pm,102,how_busy,102,how_busy,run_03_seed_2024,0.9999821186065674
2778,so how busy is the outback steakhouse at 5 pm,102,how_busy,102,how_busy,run_03_seed_2024,0.9999880790710449
2779,tell me mr joes pizza average wait time,102,how_busy,102,how_busy,run_03_seed_2024,0.34610041975975037
2780,is mr joes pizza available for a seating,102,how_busy,18,schedule_meeting,run_03_seed_2024,0.6809494495391846
2781,does mr joes pizza usually have a long wait,102,how_busy,102,how_busy,run_03_seed_2024,0.9983708262443542
2782,can you find out the waiting times for mr joes pizza,102,how_busy,2,account_blocked,run_03_seed_2024,0.4760954678058624
2783,what's the typical wait time for mr joes pizza,102,how_busy,102,how_busy,run_03_seed_2024,0.9977315068244934
2784,how busy is cheesecake factory right now,102,how_busy,102,how_busy,run_03_seed_2024,0.9932287931442261
2785,how long is the wait at cheesecake factory,102,how_busy,102,how_busy,run_03_seed_2024,0.9999991655349731
2786,how long will i have to wait at cheesecake factory,102,how_busy,102,how_busy,run_03_seed_2024,0.9999982118606567
2787,is cheesecake factory busy right now,102,how_busy,102,how_busy,run_03_seed_2024,0.9966800212860107
2788,check how busy cheesecake factory is,102,how_busy,102,how_busy,run_03_seed_2024,0.9997574687004089
2789,is there a long wait at chili's around 5:00,102,how_busy,102,how_busy,run_03_seed_2024,0.9999936819076538
2790,can i do a reservation at sammy's crab shack,9,accept_reservations,9,accept_reservations,run_03_seed_2024,0.9933340549468994
2791,does bill's house of chop suey accept reservations,9,accept_reservations,9,accept_reservations,run_03_seed_2024,0.9994669556617737
2792,check if bj's takes reservations,9,accept_reservations,9,accept_reservations,run_03_seed_2024,0.9998250603675842
2793,does bj's take reservations,9,accept_reservations,9,accept_reservations,run_03_seed_2024,0.9999790191650391
2794,will bj's take reservations,9,accept_reservations,9,accept_reservations,run_03_seed_2024,0.9992430210113525
2795,do you know if i can make reservations at bj's,9,accept_reservations,9,accept_reservations,run_03_seed_2024,0.9999716281890869
2796,tell me if the new york restaurant takes reservations,9,accept_reservations,9,accept_reservations,run_03_seed_2024,0.9867663383483887
2797,can i reserve tables at the new york restaurant,9,accept_reservations,23,restaurant_reservation,run_03_seed_2024,0.3990640938282013
2798,i want to know if the new york restaurant takes reservations,9,accept_reservations,9,accept_reservations,run_03_seed_2024,0.9987062215805054
2799,does the new york restaurant take reservations,9,accept_reservations,9,accept_reservations,run_03_seed_2024,0.9997772574424744
2800,is it possible to make reservations at the new york restaurant,9,accept_reservations,9,accept_reservations,run_03_seed_2024,0.9982351064682007
2801,do you have any idea if the flying wing does reservations,9,accept_reservations,9,accept_reservations,run_03_seed_2024,0.999576985836029
2802,does village inn let you make reservations,9,accept_reservations,9,accept_reservations,run_03_seed_2024,0.9999748468399048
2803,is it possible to get reservations at ihop,9,accept_reservations,9,accept_reservations,run_03_seed_2024,0.9999887943267822
2804,is it possible to reserve a table at white castle,9,accept_reservations,23,restaurant_reservation,run_03_seed_2024,0.9153042435646057
2805,do you think they'll let me reserve a table at the olive garden,9,accept_reservations,23,restaurant_reservation,run_03_seed_2024,0.9993500113487244
2806,do they take reservations at applebeesi,9,accept_reservations,9,accept_reservations,run_03_seed_2024,0.9999926090240479
2807,does applebees do reservations,9,accept_reservations,9,accept_reservations,run_03_seed_2024,0.9999988079071045
2808,can applebees take reservations,9,accept_reservations,9,accept_reservations,run_03_seed_2024,0.9999755620956421
2809,can i get reservations at applebees,9,accept_reservations,9,accept_reservations,run_03_seed_2024,0.999434769153595
2810,does applebees take reservations,9,accept_reservations,9,accept_reservations,run_03_seed_2024,0.999998927116394
2811,tell me if taco bell takes reservations,9,accept_reservations,9,accept_reservations,run_03_seed_2024,0.9998332262039185
2812,any clue as to if taco bell takes reservations,9,accept_reservations,9,accept_reservations,run_03_seed_2024,0.9980023503303528
2813,do you know if taco bell takes reservations,9,accept_reservations,9,accept_reservations,run_03_seed_2024,0.9996954202651978
2814,any idea as to if taco bell takes reservations,9,accept_reservations,9,accept_reservations,run_03_seed_2024,0.9760717153549194
2815,do you know if l'arpege will ask for reservations,9,accept_reservations,9,accept_reservations,run_03_seed_2024,0.9157252311706543
2816,will we have to make reservations for roca,9,accept_reservations,9,accept_reservations,run_03_seed_2024,0.9806498289108276
2817,does osteria francescana take reservations,9,accept_reservations,9,accept_reservations,run_03_seed_2024,0.9998247027397156
2818,do you have any idea if central needs reservations,9,accept_reservations,9,accept_reservations,run_03_seed_2024,0.999866247177124
2819,eleven madison park takes reservations right,9,accept_reservations,9,accept_reservations,run_03_seed_2024,0.9996598958969116
2820,where is my order now,84,order_status,84,order_status,run_03_seed_2024,0.9999206066131592
2821,tell me all updates about my order's status,84,order_status,44,expiration_date,run_03_seed_2024,0.6877887845039368
2822,is my order on its way or what's going on,84,order_status,84,order_status,run_03_seed_2024,0.9997081160545349
2823,how is my order doing right now,84,order_status,84,order_status,run_03_seed_2024,0.9999048709869385
2824,locate my package,84,order_status,84,order_status,run_03_seed_2024,0.9999887943267822
2825,can you monitor my package's progress,84,order_status,58,share_location,run_03_seed_2024,0.9414659142494202
2826,track my order,84,order_status,84,order_status,run_03_seed_2024,0.9999923706054688
2827,tell me where my package is currently,84,order_status,84,order_status,run_03_seed_2024,0.9999645948410034
2828,where is my package en route,84,order_status,84,order_status,run_03_seed_2024,0.9999842643737793
2829,give me the status of my order,84,order_status,84,order_status,run_03_seed_2024,0.9999978542327881
2830,when will i get my order,84,order_status,84,order_status,run_03_seed_2024,0.9999330043792725
2831,tell me where my order is,84,order_status,84,order_status,run_03_seed_2024,0.999896764755249
2832,what is the status of the order i placed with you yesterday,84,order_status,84,order_status,run_03_seed_2024,0.9999563694000244
2833,what's the updated status of my order,84,order_status,84,order_status,run_03_seed_2024,0.9999951124191284
2834,can you help with delivery tracking,84,order_status,138,calculator,run_03_seed_2024,0.916928231716156
2835,i need a delivery tracked,84,order_status,108,direct_deposit,run_03_seed_2024,0.5205957293510437
2836,i need to track my order,84,order_status,84,order_status,run_03_seed_2024,0.9999902248382568
2837,i placed an order and i need it tracked,84,order_status,16,order,run_03_seed_2024,0.9262816905975342
2838,could you track an order for me,84,order_status,16,order,run_03_seed_2024,0.6182874441146851
2839,has my package been sent,84,order_status,84,order_status,run_03_seed_2024,0.999983549118042
2840,what time is my package getting here,84,order_status,84,order_status,run_03_seed_2024,0.9979748129844666
2841,how's my amazon order doing,84,order_status,84,order_status,run_03_seed_2024,0.99953293800354
2842,i need to track a package,84,order_status,84,order_status,run_03_seed_2024,0.9903497695922852
2843,i want to track a package i should be getting,84,order_status,84,order_status,run_03_seed_2024,0.7113053202629089
2844,please track my order,84,order_status,84,order_status,run_03_seed_2024,0.9999980926513672
2845,can you tell me when my item will get here,84,order_status,90,replacement_card_duration,run_03_seed_2024,0.7405127882957458
2846,can you tell me where my item is,84,order_status,81,find_phone,run_03_seed_2024,0.8193621635437012
2847,what's up with my order,84,order_status,84,order_status,run_03_seed_2024,0.999985933303833
2848,are they any updates on my order,84,order_status,84,order_status,run_03_seed_2024,0.999990701675415
2849,i need to track the status of my order,84,order_status,84,order_status,run_03_seed_2024,0.9999736547470093
2850,i'm struggling to remind myself the pin number to my card,89,pin_change,89,pin_change,run_03_seed_2024,0.998757004737854
2851,i'm having trouble remembering the pin number to my card,89,pin_change,89,pin_change,run_03_seed_2024,0.9995112419128418
2852,the pin number to my card has been forgotten,89,pin_change,89,pin_change,run_03_seed_2024,0.7593929767608643
2853,i don't remember the pin number to my card,89,pin_change,89,pin_change,run_03_seed_2024,0.9998770952224731
2854,i do not recall the pin number to my card,89,pin_change,89,pin_change,run_03_seed_2024,0.9998782873153687
2855,i would like to change the name on my checking account,89,pin_change,55,change_ai_name,run_03_seed_2024,0.7541161775588989
2856,i would like to change the name on my credit card account,89,pin_change,55,change_ai_name,run_03_seed_2024,0.8561272025108337
2857,i would like to change the name on my first hawaiian bank account,89,pin_change,144,change_user_name,run_03_seed_2024,0.8392742276191711
2858,i would like to change the name on my first bankcard account,89,pin_change,144,change_user_name,run_03_seed_2024,0.8912667632102966
2859,i would like to change the name on my capital one account,89,pin_change,55,change_ai_name,run_03_seed_2024,0.9699525833129883
2860,change the pin on my savings account to 1234,89,pin_change,89,pin_change,run_03_seed_2024,0.9999969005584717
2861,i want to change my savings account pin to 1234,89,pin_change,89,pin_change,run_03_seed_2024,0.9999955892562866
2862,make 1234 a new pin for my savings account,89,pin_change,89,pin_change,run_03_seed_2024,0.9999889135360718
2863,make 1234 the pin on my savings account,89,pin_change,89,pin_change,run_03_seed_2024,0.9999217987060547
2864,can you make 1234 the pin for my savings account,89,pin_change,89,pin_change,run_03_seed_2024,0.9999945163726807
2865,make my pin 1234 for my checking account,89,pin_change,89,pin_change,run_03_seed_2024,0.9997825026512146
2866,go my to checking account and switch my pin to 1234,89,pin_change,89,pin_change,run_03_seed_2024,0.999846339225769
2867,access my checking account and update my pin to 1234,89,pin_change,89,pin_change,run_03_seed_2024,0.9997801184654236
2868,correct my account pin to 1234 on my checking account,89,pin_change,89,pin_change,run_03_seed_2024,0.9999368190765381
2869,modify my account pin to 1234 on my checking account,89,pin_change,89,pin_change,run_03_seed_2024,0.9999833106994629
2870,tell me the pin number for my checking account,89,pin_change,89,pin_change,run_03_seed_2024,0.9999970197677612
2871,please give me the pin number for my checking account,89,pin_change,89,pin_change,run_03_seed_2024,0.9999978542327881
2872,i need the pin number for my checking account,89,pin_change,89,pin_change,run_03_seed_2024,0.9999991655349731
2873,does my checking account have a pin number,89,pin_change,89,pin_change,run_03_seed_2024,0.9999995231628418
2874,what's the pin number for my checking account,89,pin_change,89,pin_change,run_03_seed_2024,0.9999935626983643
2875,change the code of my savings account to be 1234,89,pin_change,58,share_location,run_03_seed_2024,0.2808993458747864
2876,alter the pin on my savings account to be 1234,89,pin_change,89,pin_change,run_03_seed_2024,0.9999970197677612
2877,what exactly is my pin,89,pin_change,89,pin_change,run_03_seed_2024,0.999916672706604
2878,how do i change the account pin number for me,89,pin_change,89,pin_change,run_03_seed_2024,0.9999979734420776
2879,please tell me how do i change the account pin number,89,pin_change,89,pin_change,run_03_seed_2024,0.9999979734420776
2880,good speaking to you,114,goodbye,114,goodbye,run_03_seed_2024,0.9703819155693054
2881,it was really awesome to talk to you,114,goodbye,114,goodbye,run_03_seed_2024,0.9999347925186157
2882,it was great to speak with you,114,goodbye,114,goodbye,run_03_seed_2024,0.9998010993003845
2883,it was great to talk to you,114,goodbye,114,goodbye,run_03_seed_2024,0.9999351501464844
2884,bye bye then,114,goodbye,114,goodbye,run_03_seed_2024,0.9999585151672363
2885,it was very good to talk to you,114,goodbye,114,goodbye,run_03_seed_2024,0.9999591112136841
2886,good bye then,114,goodbye,114,goodbye,run_03_seed_2024,0.999535322189331
2887,bye,114,goodbye,114,goodbye,run_03_seed_2024,0.9999494552612305
2888,regards,114,goodbye,139,definition,run_03_seed_2024,0.19522330164909363
2889,catch you later,114,goodbye,114,goodbye,run_03_seed_2024,0.9999935626983643
2890,"great talk, thanks",114,goodbye,124,thank_you,run_03_seed_2024,0.9597302079200745
2891,later,114,goodbye,114,goodbye,run_03_seed_2024,0.9987254738807678
2892,goodbye,114,goodbye,114,goodbye,run_03_seed_2024,0.9998112320899963
2893,see you later,114,goodbye,114,goodbye,run_03_seed_2024,0.9999834299087524
2894,"enjoy your day, goodbye",114,goodbye,114,goodbye,run_03_seed_2024,0.9991236329078674
2895,thank you goodbye,114,goodbye,114,goodbye,run_03_seed_2024,0.5101795196533203
2896,"have a good day, bye",114,goodbye,114,goodbye,run_03_seed_2024,0.7522955536842346
2897,that will be all have a nice day!,114,goodbye,107,yes,run_03_seed_2024,0.4807837903499603
2898,"i enjoyed talking to you, bye",114,goodbye,114,goodbye,run_03_seed_2024,0.9997456669807434
2899,it was great talking to you,114,goodbye,114,goodbye,run_03_seed_2024,0.999819815158844
2900,nice seeing you bye,114,goodbye,114,goodbye,run_03_seed_2024,0.9999929666519165
2901,it was nice to chat,114,goodbye,114,goodbye,run_03_seed_2024,0.9999852180480957
2902,it was a pleasure talking to you,114,goodbye,114,goodbye,run_03_seed_2024,0.9997268319129944
2903,ok good chatting goodbye,114,goodbye,114,goodbye,run_03_seed_2024,0.9999791383743286
2904,thanks bye bye!,114,goodbye,114,goodbye,run_03_seed_2024,0.9742453694343567
2905,"that's all i need, i'm going now",114,goodbye,114,goodbye,run_03_seed_2024,0.5348299741744995
2906,"talk to you soon, bye!",114,goodbye,114,goodbye,run_03_seed_2024,0.9796369671821594
2907,"thanks for your help, goodbye!",114,goodbye,124,thank_you,run_03_seed_2024,0.9982051849365234
2908,good bye,114,goodbye,114,goodbye,run_03_seed_2024,0.9998272061347961
2909,signing off,114,goodbye,148,pto_used,run_03_seed_2024,0.396423876285553
2910,why is my bank account locked,2,account_blocked,2,account_blocked,run_03_seed_2024,0.9999445676803589
2911,how do i unlock my bank account,2,account_blocked,2,account_blocked,run_03_seed_2024,0.9993743300437927
2912,can you unlock my bank account,2,account_blocked,2,account_blocked,run_03_seed_2024,0.9999098777770996
2913,how did my bank account get frozen,2,account_blocked,2,account_blocked,run_03_seed_2024,0.9989023208618164
2914,can you help me unlock my bank account,2,account_blocked,2,account_blocked,run_03_seed_2024,0.999953031539917
2915,call my bank and ask them why my account is frozen,2,account_blocked,2,account_blocked,run_03_seed_2024,0.9919123649597168
2916,check with my bank to see why my account is frozen,2,account_blocked,2,account_blocked,run_03_seed_2024,0.9999051094055176
2917,do you know why my bank account is frozen,2,account_blocked,2,account_blocked,run_03_seed_2024,0.9999649524688721
2918,why did my bank place a hold on my bank account,2,account_blocked,2,account_blocked,run_03_seed_2024,0.9999921321868896
2919,are there any problems with my bank account,2,account_blocked,2,account_blocked,run_03_seed_2024,0.9850417971611023
2920,did someone who is unauthorized try to get into my bank account,2,account_blocked,2,account_blocked,run_03_seed_2024,0.9455887675285339
2921,how can i unfreeze my bank account,2,account_blocked,2,account_blocked,run_03_seed_2024,0.9694525599479675
2922,why is there a stop on my deposit account,2,account_blocked,2,account_blocked,run_03_seed_2024,0.9756751656532288
2923,why can't i use my money market account,2,account_blocked,2,account_blocked,run_03_seed_2024,0.9510107636451721
2924,why is there a delay on my checking account,2,account_blocked,2,account_blocked,run_03_seed_2024,0.96745365858078
2925,why is my checking account not working,2,account_blocked,2,account_blocked,run_03_seed_2024,0.9382160902023315
2926,what could cause a hold on my savings account,2,account_blocked,2,account_blocked,run_03_seed_2024,0.9993942975997925
2927,what caused a hold on my us bank account,2,account_blocked,2,account_blocked,run_03_seed_2024,0.9999849796295166
2928,can you check and see why us bank put a hold on my account,2,account_blocked,2,account_blocked,run_03_seed_2024,0.9999542236328125
2929,why does us bank have a hold on my account,2,account_blocked,2,account_blocked,run_03_seed_2024,0.9999868869781494
2930,reasons that us bank would place a hold on my account,2,account_blocked,20,freeze_account,run_03_seed_2024,0.8539058566093445
2931,check to see why us bank placed a hold on my account,2,account_blocked,2,account_blocked,run_03_seed_2024,0.9999704360961914
2932,"is there a problem with my account, it appears to be blocked",2,account_blocked,2,account_blocked,run_03_seed_2024,0.6153648495674133
2933,"what is up with my account, why is it blocked",2,account_blocked,2,account_blocked,run_03_seed_2024,0.9969205856323242
2934,there seems to be an issue with my account,2,account_blocked,2,account_blocked,run_03_seed_2024,0.9750738143920898
2935,can you help me unblock my account,2,account_blocked,2,account_blocked,run_03_seed_2024,0.9996254444122314
2936,"can you check what the problem with my account is, it seems to b e blocked",2,account_blocked,2,account_blocked,run_03_seed_2024,0.9994105100631714
2937,is there a reason you put a hold on my chase account,2,account_blocked,2,account_blocked,run_03_seed_2024,0.9711576104164124
2938,why can't i access my chase account,2,account_blocked,2,account_blocked,run_03_seed_2024,0.9982693195343018
2939,how come my chase account has a hold on it,2,account_blocked,2,account_blocked,run_03_seed_2024,0.9990760087966919
2940,i'd like to know what song this is,21,what_song,21,what_song,run_03_seed_2024,0.9999145269393921
2941,what is this song name,21,what_song,21,what_song,run_03_seed_2024,0.9999310970306396
2942,i need to know this song,21,what_song,21,what_song,run_03_seed_2024,0.9998558759689331
2943,what is the name of this song that's on right now,21,what_song,21,what_song,run_03_seed_2024,0.9999988079071045
2944,i need to know the title of this song,21,what_song,21,what_song,run_03_seed_2024,0.9999673366546631
2945,find out what song is currently on the speakers,21,what_song,21,what_song,run_03_seed_2024,0.99982088804245
2946,look up the name of this song,21,what_song,21,what_song,run_03_seed_2024,0.9999799728393555
2947,can you identify this song for me,21,what_song,118,next_song,run_03_seed_2024,0.651377260684967
2948,tell me what this song is called,21,what_song,21,what_song,run_03_seed_2024,0.9999855756759644
2949,please identify the song we're currently listening to,21,what_song,21,what_song,run_03_seed_2024,0.9989751577377319
2950,what is the title of the song we're listening to right now,21,what_song,21,what_song,run_03_seed_2024,0.9994394183158875
2951,look up the song that's on right now,21,what_song,21,what_song,run_03_seed_2024,0.9977601766586304
2952,can you identify this song that's playing,21,what_song,21,what_song,run_03_seed_2024,0.9995970129966736
2953,find out what song this is,21,what_song,21,what_song,run_03_seed_2024,0.9995867609977722
2954,i need to know what song this is that we're listening to,21,what_song,21,what_song,run_03_seed_2024,0.9999408721923828
2955,tell me the song that is currently playing,21,what_song,21,what_song,run_03_seed_2024,0.9999969005584717
2956,can you identify this song playing through the speaker right now,21,what_song,21,what_song,run_03_seed_2024,0.9924439787864685
2957,tell me what this song is called that's playing,21,what_song,21,what_song,run_03_seed_2024,0.9999955892562866
2958,what is the title of this song,21,what_song,21,what_song,run_03_seed_2024,0.9999731779098511
2959,what is this song called,21,what_song,21,what_song,run_03_seed_2024,0.9999862909317017
2960,what song is currently playing,21,what_song,21,what_song,run_03_seed_2024,0.9999972581863403
2961,what is the information on this song,21,what_song,21,what_song,run_03_seed_2024,0.9998410940170288
2962,what song is this one,21,what_song,21,what_song,run_03_seed_2024,0.9999253749847412
2963,on the speaker do you know what song is on,21,what_song,21,what_song,run_03_seed_2024,0.9987809062004089
2964,on the speaker what song is playing,21,what_song,21,what_song,run_03_seed_2024,0.9999518394470215
2965,do you know what song is playing on the speaker,21,what_song,21,what_song,run_03_seed_2024,0.9999819993972778
2966,at the moment what song is playing on the speaker,21,what_song,21,what_song,run_03_seed_2024,0.9998277425765991
2967,what is playing on the speaker at the moment,21,what_song,21,what_song,run_03_seed_2024,0.9603272080421448
2968,who is the singer on the speaker now,21,what_song,10,smart_home,run_03_seed_2024,0.8008588552474976
2969,what kind of music on the speaker now,21,what_song,106,play_music,run_03_seed_2024,0.7756901383399963
2970,will i be charged transaction fees if i use my american card internationally,137,international_fees,137,international_fees,run_03_seed_2024,0.9999957084655762
2971,will i incur transaction fees if i use my american card internationally,137,international_fees,137,international_fees,run_03_seed_2024,0.9999567270278931
2972,do i have transaction fees if i use my american card internationally,137,international_fees,137,international_fees,run_03_seed_2024,0.999971866607666
2973,could you find out if my bank charges transaction fees on my american card if use internationally,137,international_fees,137,international_fees,run_03_seed_2024,0.9941955208778381
2974,will the bank charge transaction fees if i use my american card internationally,137,international_fees,137,international_fees,run_03_seed_2024,0.9999909400939941
2975,do i get charged extra for using my card in portland,137,international_fees,137,international_fees,run_03_seed_2024,0.9999513626098633
2976,will i get charged for using my credit card in portland,137,international_fees,137,international_fees,run_03_seed_2024,0.8478448987007141
2977,if i'm in portland can i still use my card without getting charged extra,137,international_fees,137,international_fees,run_03_seed_2024,0.9978688955307007
2978,is there a fee for using my card in portland,137,international_fees,137,international_fees,run_03_seed_2024,0.9999089241027832
2979,does using my card in portland charge me extra,137,international_fees,137,international_fees,run_03_seed_2024,0.9983246922492981
2980,what are the transaction fees associated with my discover card if i am in rome,137,international_fees,137,international_fees,run_03_seed_2024,0.9998182654380798
2981,how many transaction fees are there when i use my discover card in rome,137,international_fees,137,international_fees,run_03_seed_2024,0.9999656677246094
2982,are there transaction fees for discover cards used in rome,137,international_fees,137,international_fees,run_03_seed_2024,0.9714833498001099
2983,will using a discover card in rome cause transaction fees,137,international_fees,137,international_fees,run_03_seed_2024,0.9999758005142212
2984,do i have transaction fees when i use my discover card in rome,137,international_fees,137,international_fees,run_03_seed_2024,0.9998834133148193
2985,are there transaction fees using my discover if i'm in cuba,137,international_fees,137,international_fees,run_03_seed_2024,0.962685227394104
2986,when i go to cuba will there be a transaction fee for using my discover card,137,international_fees,137,international_fees,run_03_seed_2024,0.9976867437362671
2987,is there a fee to use my card in france,137,international_fees,137,international_fees,run_03_seed_2024,0.9991913437843323
2988,will i be charged a transaction fee on my discover card in cuba,137,international_fees,137,international_fees,run_03_seed_2024,0.9995489716529846
2989,is there a charge to use my card in france,137,international_fees,137,international_fees,run_03_seed_2024,0.9982195496559143
2990,if i use my discover card in cuba are there transaction fees,137,international_fees,137,international_fees,run_03_seed_2024,0.9999958276748657
2991,are there transaction fees in cuba for using my discover card,137,international_fees,137,international_fees,run_03_seed_2024,0.9999850988388062
2992,so i get charged if i use my card in france,137,international_fees,137,international_fees,run_03_seed_2024,0.9988327622413635
2993,is there an international charge for using my card in france,137,international_fees,137,international_fees,run_03_seed_2024,0.9998742341995239
2994,is there a fee if i use my card in france,137,international_fees,137,international_fees,run_03_seed_2024,0.9999911785125732
2995,is there a charge to use my card in croatia,137,international_fees,137,international_fees,run_03_seed_2024,0.9993680119514465
2996,"in x, will i be charged to use my card",137,international_fees,44,expiration_date,run_03_seed_2024,0.3465704023838043
2997,"in x, what is the charge if i use my card",137,international_fees,137,international_fees,run_03_seed_2024,0.9981204867362976
2998,"if i use my card in x, will there be a charge",137,international_fees,137,international_fees,run_03_seed_2024,0.9960646033287048
2999,will it cost me anything to use my card in turin,137,international_fees,137,international_fees,run_03_seed_2024,0.8729888200759888
3000,what was the date of my last car appointment,37,last_maintenance,37,last_maintenance,run_03_seed_2024,0.9999951124191284
3001,was my car in the shop this past week,37,last_maintenance,37,last_maintenance,run_03_seed_2024,0.9999901056289673
3002,how many weeks ago was my car in the shop,37,last_maintenance,37,last_maintenance,run_03_seed_2024,0.9999463558197021
3003,did i get my car inspected recently,37,last_maintenance,37,last_maintenance,run_03_seed_2024,0.8825522661209106
3004,i cannot remember when i last took my car to the shop,37,last_maintenance,37,last_maintenance,run_03_seed_2024,0.9999990463256836
3005,did i bring my car to the shop last week,37,last_maintenance,37,last_maintenance,run_03_seed_2024,0.9996553659439087
3006,when did i get my car inspected last,37,last_maintenance,37,last_maintenance,run_03_seed_2024,0.9999959468841553
3007,give me the date that i last got my car checked,37,last_maintenance,37,last_maintenance,run_03_seed_2024,0.9998656511306763
3008,did i take my car to the mechanics recently,37,last_maintenance,37,last_maintenance,run_03_seed_2024,0.8825122117996216
3009,tell me when i got my car checked last,37,last_maintenance,37,last_maintenance,run_03_seed_2024,0.9995217323303223
3010,when did i last take my car to the shop,37,last_maintenance,37,last_maintenance,run_03_seed_2024,0.9999991655349731
3011,give me an exact date of when i took my car to the mechanic,37,last_maintenance,37,last_maintenance,run_03_seed_2024,0.9999911785125732
3012,remind me of the last date that i got my car checked,37,last_maintenance,37,last_maintenance,run_03_seed_2024,0.9993639588356018
3013,when was my last visit to the car shop,37,last_maintenance,37,last_maintenance,run_03_seed_2024,0.9999935626983643
3014,when was my car last in the shop,37,last_maintenance,37,last_maintenance,run_03_seed_2024,0.9999986886978149
3015,how long ago did i take my car to the shop,37,last_maintenance,37,last_maintenance,run_03_seed_2024,0.9999889135360718
3016,how long has it been since i last took my car to the shop,37,last_maintenance,37,last_maintenance,run_03_seed_2024,0.9999971389770508
3017,when did i take my car to the shop last,37,last_maintenance,37,last_maintenance,run_03_seed_2024,0.999985933303833
3018,give me the date of my last oil change,37,last_maintenance,37,last_maintenance,run_03_seed_2024,0.9999798536300659
3019,tell me when i last had my oil changed,37,last_maintenance,37,last_maintenance,run_03_seed_2024,0.999994158744812
3020,when was my oil last changed,37,last_maintenance,37,last_maintenance,run_03_seed_2024,0.9997387528419495
3021,what day did i last take my car to the shop,37,last_maintenance,37,last_maintenance,run_03_seed_2024,0.9999995231628418
3022,have i recently had an oil change,37,last_maintenance,123,oil_change_when,run_03_seed_2024,0.9222379326820374
3023,what was the date of the last time i took my car to the shop,37,last_maintenance,37,last_maintenance,run_03_seed_2024,0.9999998807907104
3024,what day did i last take my car in,37,last_maintenance,37,last_maintenance,run_03_seed_2024,0.9999523162841797
3025,tell me when my last oil change was,37,last_maintenance,37,last_maintenance,run_03_seed_2024,0.9999380111694336
3026,i last got my oil changed when,37,last_maintenance,123,oil_change_when,run_03_seed_2024,0.6578438878059387
3027,what day did i last have the oil in my car changed,37,last_maintenance,37,last_maintenance,run_03_seed_2024,0.9999986886978149
3028,what was the date of my last oil change,37,last_maintenance,37,last_maintenance,run_03_seed_2024,0.9999964237213135
3029,i'd like to know the last time my car got looked at,37,last_maintenance,37,last_maintenance,run_03_seed_2024,0.9983322024345398
3030,are there meetings scheduled for today,19,meeting_schedule,19,meeting_schedule,run_03_seed_2024,0.9999957084655762
3031,check today's calendar for meetings,19,meeting_schedule,19,meeting_schedule,run_03_seed_2024,0.9939901828765869
3032,check my schedule for meetings today,19,meeting_schedule,19,meeting_schedule,run_03_seed_2024,0.999990701675415
3033,list meetings on calendar for today,19,meeting_schedule,19,meeting_schedule,run_03_seed_2024,0.9969425797462463
3034,exactly what time is my meeting with robin scheduled for on,19,meeting_schedule,19,meeting_schedule,run_03_seed_2024,0.9999332427978516
3035,for what time is my meeting with marketing scheduled,19,meeting_schedule,19,meeting_schedule,run_03_seed_2024,0.999933123588562
3036,what time is my meeting with design team scheduled for,19,meeting_schedule,19,meeting_schedule,run_03_seed_2024,0.9999034404754639
3037,when is my meeting with infrastructure,19,meeting_schedule,19,meeting_schedule,run_03_seed_2024,0.9999953508377075
3038,when is my meeting with invoicing scheduled,19,meeting_schedule,19,meeting_schedule,run_03_seed_2024,0.9999974966049194
3039,is the meeting with lisa today,19,meeting_schedule,19,meeting_schedule,run_03_seed_2024,0.9975953698158264
3040,are there meetings from 1 to 5 pm,19,meeting_schedule,19,meeting_schedule,run_03_seed_2024,0.9948362112045288
3041,when for i meet jane for our meeting,19,meeting_schedule,19,meeting_schedule,run_03_seed_2024,0.7828138470649719
3042,tell me if i have a meeting with liz today,19,meeting_schedule,19,meeting_schedule,run_03_seed_2024,0.9670665264129639
3043,is there a meeting with sam today,19,meeting_schedule,19,meeting_schedule,run_03_seed_2024,0.9602247476577759
3044,do i have a meeting with paul today,19,meeting_schedule,19,meeting_schedule,run_03_seed_2024,0.9998261332511902
3045,is there any meetings from 5 to 6 pm,19,meeting_schedule,19,meeting_schedule,run_03_seed_2024,0.9992033839225769
3046,when is my meeting with jim scheduled for,19,meeting_schedule,19,meeting_schedule,run_03_seed_2024,0.9999927282333374
3047,are there any meetings between 2 and 5 pm,19,meeting_schedule,19,meeting_schedule,run_03_seed_2024,0.998429000377655
3048,is it possible i have a meeting with kim today,19,meeting_schedule,19,meeting_schedule,run_03_seed_2024,0.9985672235488892
3049,my meeting with alice is scheduled for when,19,meeting_schedule,19,meeting_schedule,run_03_seed_2024,0.999269425868988
3050,when is my meeting with jack for,19,meeting_schedule,19,meeting_schedule,run_03_seed_2024,0.9999829530715942
3051,when is my meeting with ann,19,meeting_schedule,19,meeting_schedule,run_03_seed_2024,0.9999940395355225
3052,do i have any meetings between 1 and 8 pm,19,meeting_schedule,19,meeting_schedule,run_03_seed_2024,0.9999860525131226
3053,i need to know if i have meetings from 3 to 6 pm,19,meeting_schedule,19,meeting_schedule,run_03_seed_2024,0.6930023431777954
3054,do i have any meetings scheduled today,19,meeting_schedule,19,meeting_schedule,run_03_seed_2024,0.999994158744812
3055,give me a summary of today's meetings,19,meeting_schedule,19,meeting_schedule,run_03_seed_2024,0.9999589920043945
3056,tell me when today's meeting is supposed to happen,19,meeting_schedule,19,meeting_schedule,run_03_seed_2024,0.9983060359954834
3057,what time is today's meeting,19,meeting_schedule,19,meeting_schedule,run_03_seed_2024,0.9985337257385254
3058,check the start time of the meeting scheduled for today,19,meeting_schedule,19,meeting_schedule,run_03_seed_2024,0.9999909400939941
3059,am i supposed to attend any meetings today,19,meeting_schedule,19,meeting_schedule,run_03_seed_2024,0.999994158744812
3060,what food do you need to make lasagna,112,ingredients_list,112,ingredients_list,run_03_seed_2024,0.9995760321617126
3061,what ingredients do you need to make lasagna,112,ingredients_list,112,ingredients_list,run_03_seed_2024,0.9999961853027344
3062,what ingredients are needed to make lasgana,112,ingredients_list,112,ingredients_list,run_03_seed_2024,0.999984860420227
3063,what is needed to make lasagna,112,ingredients_list,112,ingredients_list,run_03_seed_2024,0.946749746799469
3064,what is needed to cook lasagna,112,ingredients_list,112,ingredients_list,run_03_seed_2024,0.44758546352386475
3065,give me a recipe for tacos,112,ingredients_list,104,recipe,run_03_seed_2024,0.9988683462142944
3066,what ingredients are in tacos,112,ingredients_list,112,ingredients_list,run_03_seed_2024,0.9999761581420898
3067,tell me what's in tacos,112,ingredients_list,42,oos,run_03_seed_2024,0.4864329397678375
3068,what's a good recipe foe tacos,112,ingredients_list,46,meal_suggestion,run_03_seed_2024,0.6437219381332397
3069,tell me the ingredients for making tom yum,112,ingredients_list,86,cook_time,run_03_seed_2024,0.3856993019580841
3070,i want to know the ingredients for making pizza,112,ingredients_list,104,recipe,run_03_seed_2024,0.8205591440200806
3071,let me know the ingredients i will need for pasta making,112,ingredients_list,112,ingredients_list,run_03_seed_2024,0.9958257675170898
3072,what ingredients are necessary to make spaghetti carbonara,112,ingredients_list,112,ingredients_list,run_03_seed_2024,0.9997952580451965
3073,what do i need to use to make lasagna,112,ingredients_list,112,ingredients_list,run_03_seed_2024,0.999640703201294
3074,how much flour do i need for a strawberry cake,112,ingredients_list,112,ingredients_list,run_03_seed_2024,0.9594563245773315
3075,tell me the ingredients to make an apple pie,112,ingredients_list,104,recipe,run_03_seed_2024,0.9321337342262268
3076,what ingredients are in beef jerkey,112,ingredients_list,112,ingredients_list,run_03_seed_2024,0.9996981620788574
3077,what ingredients does agor agor need,112,ingredients_list,112,ingredients_list,run_03_seed_2024,0.999371349811554
3078,what do i need to make authentic kimchi,112,ingredients_list,112,ingredients_list,run_03_seed_2024,0.9988113641738892
3079,what do i need to make macaroni,112,ingredients_list,112,ingredients_list,run_03_seed_2024,0.9993027448654175
3080,what do i need to buy for spaghetti,112,ingredients_list,112,ingredients_list,run_03_seed_2024,0.9517313838005066
3081,what am i gonna need for sushi,112,ingredients_list,46,meal_suggestion,run_03_seed_2024,0.9301708340644836
3082,what ingredients do i use for pork belly,112,ingredients_list,112,ingredients_list,run_03_seed_2024,0.9967716336250305
3083,what ingredients are in filet mignon,112,ingredients_list,112,ingredients_list,run_03_seed_2024,0.9999732971191406
3084,let me know what ingredients i need to make pasta,112,ingredients_list,112,ingredients_list,run_03_seed_2024,0.9999412298202515
3085,what do i need to make pasta,112,ingredients_list,112,ingredients_list,run_03_seed_2024,0.9985718727111816
3086,give me a list of ingredients for making pasta,112,ingredients_list,112,ingredients_list,run_03_seed_2024,0.7589001655578613
3087,pull up everything i need to make a pasta dish,112,ingredients_list,104,recipe,run_03_seed_2024,0.5504894256591797
3088,tell me all the things i need to buy to make pasta,112,ingredients_list,112,ingredients_list,run_03_seed_2024,0.939461350440979
3089,what do i need to make brownies,112,ingredients_list,112,ingredients_list,run_03_seed_2024,0.9998100399971008
3090,i want to report fraudulent activity on my navy federal card,70,report_fraud,70,report_fraud,run_03_seed_2024,0.999996542930603
3091,i would like to report fraudulent activity on my chase card,70,report_fraud,70,report_fraud,run_03_seed_2024,0.9999984502792358
3092,i need to report fraudulent activity on my usaa card,70,report_fraud,70,report_fraud,run_03_seed_2024,0.9999942779541016
3093,i have to report fraudulent activity on my bank of the west card,70,report_fraud,70,report_fraud,run_03_seed_2024,0.9999980926513672
3094,i have to report fraudulent activity the bank of america card,70,report_fraud,70,report_fraud,run_03_seed_2024,0.9999715089797974
3095,i seem to have a purchase that i didn't make from olive garden on my account,70,report_fraud,16,order,run_03_seed_2024,0.8729533553123474
3096,my online bill has some items that i didn't purchase from penneys,70,report_fraud,16,order,run_03_seed_2024,0.3295579254627228
3097,my account shows a transaction that i didn't make from foot locker,70,report_fraud,70,report_fraud,run_03_seed_2024,0.8279293775558472
3098,my bill shows a purchase from payless shoes but i didn't buy anything,70,report_fraud,3,oil_change_how,run_03_seed_2024,0.4673479497432709
3099,i have some charges on my account from old navy that aren't mine,70,report_fraud,70,report_fraud,run_03_seed_2024,0.9782903790473938
3100,this charge is bs,70,report_fraud,72,directions,run_03_seed_2024,0.2956714928150177
3101,i have a bogus transaction from amazon on my account,70,report_fraud,70,report_fraud,run_03_seed_2024,0.9917586445808411
3102,i have a fraudulent buy from dave's video on my account,70,report_fraud,70,report_fraud,run_03_seed_2024,0.9975546002388
3103,i have a crap transaction from guitar center on my account,70,report_fraud,70,report_fraud,run_03_seed_2024,0.9945321083068848
3104,i think this transaction is bogus,70,report_fraud,68,transactions,run_03_seed_2024,0.6878629326820374
3105,i don't remember buying this,70,report_fraud,119,change_speed,run_03_seed_2024,0.4483470320701599
3106,i have a bs transaction from ebay on my account,70,report_fraud,70,report_fraud,run_03_seed_2024,0.9992710947990417
3107,i've got a fraudulent purchase from kayak on my account,70,report_fraud,70,report_fraud,run_03_seed_2024,0.9997774958610535
3108,do i have a fraudulent transaction on my account,70,report_fraud,70,report_fraud,run_03_seed_2024,0.9999969005584717
3109,i'm pretty sure i have a fraudulent transaction on my account,70,report_fraud,70,report_fraud,run_03_seed_2024,0.9999994039535522
3110,there's a false charge on my account from mcdonald's,70,report_fraud,70,report_fraud,run_03_seed_2024,0.9995779395103455
3111,i think there's a fraudulent charge from mcdonald's on my account,70,report_fraud,70,report_fraud,run_03_seed_2024,0.9999996423721313
3112,i think someone jacked my bank account,70,report_fraud,2,account_blocked,run_03_seed_2024,0.9952821135520935
3113,i saw suspicious activity on my bank account,70,report_fraud,70,report_fraud,run_03_seed_2024,0.9404307007789612
3114,someone else used my account to buy stuff from mcdonald's,70,report_fraud,70,report_fraud,run_03_seed_2024,0.6257927417755127
3115,there's a messed up transaction on my account from mcdonald's,70,report_fraud,70,report_fraud,run_03_seed_2024,0.7334253191947937
3116,i saw a fraudulent transaction,70,report_fraud,70,report_fraud,run_03_seed_2024,0.9999960660934448
3117,i have a false charge on my account from mcdonald's,70,report_fraud,70,report_fraud,run_03_seed_2024,0.9937300682067871
3118,who do i contact to report fraud on my visa,70,report_fraud,70,report_fraud,run_03_seed_2024,0.9998766183853149
3119,there has been unauthorized use of my visa,70,report_fraud,12,report_lost_card,run_03_seed_2024,0.5493308305740356
3120,how many teaspoons will make one tablespoon,31,measurement_conversion,31,measurement_conversion,run_03_seed_2024,0.9204961061477661
3121,i need the conversion between a cup and a tablespoon,31,measurement_conversion,31,measurement_conversion,run_03_seed_2024,0.754072368144989
3122,inform me how many pounds are in 10 kilos,31,measurement_conversion,31,measurement_conversion,run_03_seed_2024,0.9997872710227966
3123,i wanna know how many pounds are in 10 kilos,31,measurement_conversion,31,measurement_conversion,run_03_seed_2024,0.9995962977409363
3124,how do you convert kilos to pounds,31,measurement_conversion,31,measurement_conversion,run_03_seed_2024,0.9999731779098511
3125,how many teaspoons is one tablespoon,31,measurement_conversion,31,measurement_conversion,run_03_seed_2024,0.9732213020324707
3126,i need to convert kilos to pounds,31,measurement_conversion,31,measurement_conversion,run_03_seed_2024,0.9724312424659729
3127,i need to know the conversion between teaspoons and tablespoons,31,measurement_conversion,31,measurement_conversion,run_03_seed_2024,0.9993910789489746
3128,how many pounds are in 10 kilos,31,measurement_conversion,31,measurement_conversion,run_03_seed_2024,0.9997943043708801
3129,can you assist me to convert kilos to pounds,31,measurement_conversion,31,measurement_conversion,run_03_seed_2024,0.997498095035553
3130,let me know how many pounds are in 10 kilos,31,measurement_conversion,31,measurement_conversion,run_03_seed_2024,0.9980040192604065
3131,give me the conversion between ounces and cups,31,measurement_conversion,31,measurement_conversion,run_03_seed_2024,0.9948646426200867
3132,help me convert kilos to pounds,31,measurement_conversion,31,measurement_conversion,run_03_seed_2024,0.9989935755729675
3133,i need to know how many pounds are in 10 kilos,31,measurement_conversion,31,measurement_conversion,run_03_seed_2024,0.9999353885650635
3134,i want to convert kilos to pounds,31,measurement_conversion,31,measurement_conversion,run_03_seed_2024,0.9945178627967834
3135,how can i convert centimeters to inches,31,measurement_conversion,31,measurement_conversion,run_03_seed_2024,0.9999693632125854
3136,how would i change from centimeters to inches,31,measurement_conversion,31,measurement_conversion,run_03_seed_2024,0.9990732669830322
3137,what can i use to convert from centimeters to inches,31,measurement_conversion,31,measurement_conversion,run_03_seed_2024,0.8883379101753235
3138,how can you convert centimeters to inches,31,measurement_conversion,31,measurement_conversion,run_03_seed_2024,0.9999926090240479
3139,how could we convert centimeters to inches,31,measurement_conversion,31,measurement_conversion,run_03_seed_2024,0.9961259961128235
3140,how does measurement slugs convert to measurement lb,31,measurement_conversion,18,schedule_meeting,run_03_seed_2024,0.30112597346305847
3141,how does measurement a convert to measurement b,31,measurement_conversion,31,measurement_conversion,run_03_seed_2024,0.512430727481842
3142,where can i find measurement conversions,31,measurement_conversion,136,current_location,run_03_seed_2024,0.5692465305328369
3143,how many ounces are in 4 pounds,31,measurement_conversion,31,measurement_conversion,run_03_seed_2024,0.999976396560669
3144,how many grams are in 9 kilograms,31,measurement_conversion,31,measurement_conversion,run_03_seed_2024,0.9887416958808899
3145,how many centimeters are in 12 meters,31,measurement_conversion,31,measurement_conversion,run_03_seed_2024,0.9999879598617554
3146,how many inches are in 36 feet,31,measurement_conversion,31,measurement_conversion,run_03_seed_2024,0.9999938011169434
3147,how many millimeters are in 21 centimeters,31,measurement_conversion,31,measurement_conversion,run_03_seed_2024,0.9999891519546509
3148,how many milliliters are in 2 gallons,31,measurement_conversion,31,measurement_conversion,run_03_seed_2024,0.9981153011322021
3149,how many liters are in 1 gallon,31,measurement_conversion,31,measurement_conversion,run_03_seed_2024,0.9937259554862976
3150,i would like it if you would turn the bedroom lights on low until i'm finished reading,10,smart_home,10,smart_home,run_03_seed_2024,0.9958314299583435
3151,i need you to turn the bathroom lights on,10,smart_home,10,smart_home,run_03_seed_2024,0.9997054934501648
3152,set the ceiling fan to low,10,smart_home,10,smart_home,run_03_seed_2024,0.9986957907676697
3153,start the dishwasher,10,smart_home,42,oos,run_03_seed_2024,0.8082065582275391
3154,turn on the tv on channel 6,10,smart_home,10,smart_home,run_03_seed_2024,0.9998502731323242
3155,turn on the microwave for 3 minutes,10,smart_home,32,timer,run_03_seed_2024,0.9599836468696594
3156,"on the tv, turn on",10,smart_home,10,smart_home,run_03_seed_2024,0.9852573275566101
3157,set the tv on,10,smart_home,10,smart_home,run_03_seed_2024,0.999987006187439
3158,how is the temperature at ac,10,smart_home,10,smart_home,run_03_seed_2024,0.9990634322166443
3159,the tv turn it on,10,smart_home,10,smart_home,run_03_seed_2024,0.9999581575393677
3160,oven set it to 350,10,smart_home,10,smart_home,run_03_seed_2024,0.9992287158966064
3161,the temperature at ac is what,10,smart_home,10,smart_home,run_03_seed_2024,0.9992284774780273
3162,tv turn it on,10,smart_home,10,smart_home,run_03_seed_2024,0.9983824491500854
3163,350 set the oven,10,smart_home,10,smart_home,run_03_seed_2024,0.9832682013511658
3164,the oven be set at 350,10,smart_home,10,smart_home,run_03_seed_2024,0.7910659313201904
3165,turn the oven to 350,10,smart_home,10,smart_home,run_03_seed_2024,0.9993830919265747
3166,"at ac, what's the temperature like",10,smart_home,5,weather,run_03_seed_2024,0.7229198813438416
3167,ac temperature is at what,10,smart_home,10,smart_home,run_03_seed_2024,0.9976346492767334
3168,turn on the tv,10,smart_home,10,smart_home,run_03_seed_2024,0.9999788999557495
3169,what is it like the temperature at ac,10,smart_home,10,smart_home,run_03_seed_2024,0.8769860863685608
3170,"to 350, set the oven",10,smart_home,130,sync_device,run_03_seed_2024,0.5697541832923889
3171,please turn the lights down low,10,smart_home,10,smart_home,run_03_seed_2024,0.9998887777328491
3172,can you adjust the lights down,10,smart_home,10,smart_home,run_03_seed_2024,0.9879512190818787
3173,i want the light less bright please,10,smart_home,131,schedule_maintenance,run_03_seed_2024,0.2978072762489319
3174,make the lights darker,10,smart_home,10,smart_home,run_03_seed_2024,0.9978957176208496
3175,please set the oven to 350 f,10,smart_home,10,smart_home,run_03_seed_2024,0.993953287601471
3176,please set the temperature to 70 f,10,smart_home,10,smart_home,run_03_seed_2024,0.9996055960655212
3177,set the oven temperature to 350,10,smart_home,10,smart_home,run_03_seed_2024,0.9999527931213379
3178,i need the temperature set at 70 f,10,smart_home,10,smart_home,run_03_seed_2024,0.9136866331100464
3179,turn up the oven temperature to 350,10,smart_home,10,smart_home,run_03_seed_2024,0.999819815158844
3180,i really need you to find me a hotel with good reviews in phoenix,116,book_hotel,116,book_hotel,run_03_seed_2024,0.9999971389770508
3181,i wanna book a place to stay in phoenix from the 5th to the 9th of march,116,book_hotel,116,book_hotel,run_03_seed_2024,0.9999488592147827
3182,i wanna find a hotel with good reviews in phoenix,116,book_hotel,116,book_hotel,run_03_seed_2024,0.9999985694885254
3183,i want a hotel in phoenix near chase field from january 4th to the 8th,116,book_hotel,116,book_hotel,run_03_seed_2024,0.9999997615814209
3184,i would like to book a place to stay in phoenix from the 5th to the 9th of march,116,book_hotel,116,book_hotel,run_03_seed_2024,0.9999009370803833
3185,i need a hotel in phoenix near chase field from january 4th to the 8th,116,book_hotel,116,book_hotel,run_03_seed_2024,0.9999994039535522
3186,i need a hotel room that is big enough for eleven people from march 10th to the 15th in phoenix,116,book_hotel,116,book_hotel,run_03_seed_2024,0.9999979734420776
3187,i must get a hotel in phoenix near chase field from january 4th to the 8th,116,book_hotel,116,book_hotel,run_03_seed_2024,0.9999963045120239
3188,go ahead and find me a hotel with good reviews in phoenix,116,book_hotel,116,book_hotel,run_03_seed_2024,0.9999996423721313
3189,find me a hotel with good reviews in phoenix,116,book_hotel,116,book_hotel,run_03_seed_2024,0.9999978542327881
3190,i need you to find me a hotel with good reviews in phoenix,116,book_hotel,116,book_hotel,run_03_seed_2024,0.9999991655349731
3191,get me a hotel in phoenix near chase field from january 4th to the 8th,116,book_hotel,116,book_hotel,run_03_seed_2024,0.9999998807907104
3192,i need to get a hotel in phoenix near chase field from january 4th to the 8th,116,book_hotel,116,book_hotel,run_03_seed_2024,0.999995231628418
3193,please book me a place to stay in phoenix from the 5th to the 9th of march,116,book_hotel,116,book_hotel,run_03_seed_2024,0.999972939491272
3194,i need to book a place to stay in phoenix from the 5th to the 9th of march,116,book_hotel,116,book_hotel,run_03_seed_2024,0.9999470710754395
3195,i really gotta book a place to stay in phoenix from the 5th to the 9th of march,116,book_hotel,116,book_hotel,run_03_seed_2024,0.9997032284736633
3196,i need to get a hotel room that is big enough for eleven people from march 10th to the 15th in phoenix,116,book_hotel,116,book_hotel,run_03_seed_2024,0.999993085861206
3197,can you find me a reputable hotel in honolulu,116,book_hotel,116,book_hotel,run_03_seed_2024,0.999976396560669
3198,"i want a hotel with good review in honolulu, can you find one",116,book_hotel,116,book_hotel,run_03_seed_2024,0.9435433745384216
3199,find for me a hotel with great reviews in ho chi minh,116,book_hotel,116,book_hotel,run_03_seed_2024,0.9999480247497559
3200,i need your help to find a good reviewed hotel in washington,116,book_hotel,116,book_hotel,run_03_seed_2024,0.9999942779541016
3201,can you find me a good reviewed hotel in japan,116,book_hotel,116,book_hotel,run_03_seed_2024,0.9999967813491821
3202,i need a hotel between january 1st through 3rd in jacksonville near the stadium,116,book_hotel,116,book_hotel,run_03_seed_2024,0.9691138863563538
3203,find me a place to stay in jacksonville near the stadium from january 1st through 3rd,116,book_hotel,116,book_hotel,run_03_seed_2024,0.9997174143791199
3204,book me a hotel in jacksonville near the stadium from january 1st to 3rd,116,book_hotel,116,book_hotel,run_03_seed_2024,0.999998927116394
3205,id like a room in jacksonville near the stadium between january 1st to 3rd,116,book_hotel,116,book_hotel,run_03_seed_2024,0.9869929552078247
3206,find me a room near the jacksonville stadium between january 1st through january 3rd,116,book_hotel,72,directions,run_03_seed_2024,0.5170561671257019
3207,get me a hotel room big enough for 4 people from may 3 to may 5 in boston,116,book_hotel,116,book_hotel,run_03_seed_2024,0.9999998807907104
3208,i'm travelling to boston on march 2 until march 4 please make a hotel reservation for me,116,book_hotel,116,book_hotel,run_03_seed_2024,0.7719509601593018
3209,i need a hotel room for 4 people from may 3 to may 5 in boston,116,book_hotel,116,book_hotel,run_03_seed_2024,0.9999990463256836
3210,pull up the map and show my location,136,current_location,136,current_location,run_03_seed_2024,0.9999074935913086
3211,where am i currently,136,current_location,136,current_location,run_03_seed_2024,0.9997672438621521
3212,where is my current location,136,current_location,136,current_location,run_03_seed_2024,0.9999370574951172
3213,what's my map location,136,current_location,136,current_location,run_03_seed_2024,0.9999834299087524
3214,find my current location,136,current_location,136,current_location,run_03_seed_2024,0.999966025352478
3215,please tell me the current location,136,current_location,136,current_location,run_03_seed_2024,0.9999055862426758
3216,i want to see my location on the map,136,current_location,136,current_location,run_03_seed_2024,0.9999843835830688
3217,what's the location where i am,136,current_location,136,current_location,run_03_seed_2024,0.9999498128890991
3218,can you tell me my current location,136,current_location,136,current_location,run_03_seed_2024,0.9999916553497314
3219,where am i located on the map,136,current_location,136,current_location,run_03_seed_2024,0.9999802112579346
3220,where am i currently located,136,current_location,136,current_location,run_03_seed_2024,0.999943733215332
3221,show my location on the map,136,current_location,136,current_location,run_03_seed_2024,0.999853253364563
3222,i am currently located in what town,136,current_location,136,current_location,run_03_seed_2024,0.7399293780326843
3223,my current location is what,136,current_location,136,current_location,run_03_seed_2024,0.9999144077301025
3224,give me my location,136,current_location,136,current_location,run_03_seed_2024,0.9999487400054932
3225,tell me where i am,136,current_location,136,current_location,run_03_seed_2024,0.9999587535858154
3226,whats my location,136,current_location,136,current_location,run_03_seed_2024,0.9998893737792969
3227,show my position on the map,136,current_location,136,current_location,run_03_seed_2024,0.9163333773612976
3228,where is my location,136,current_location,136,current_location,run_03_seed_2024,0.9922900795936584
3229,current location please,136,current_location,136,current_location,run_03_seed_2024,0.9724120497703552
3230,display my location on the map,136,current_location,136,current_location,run_03_seed_2024,0.9999001026153564
3231,where am i,136,current_location,136,current_location,run_03_seed_2024,0.9998998641967773
3232,find out where i am on the map,136,current_location,136,current_location,run_03_seed_2024,0.9999550580978394
3233,where am i on the map,136,current_location,136,current_location,run_03_seed_2024,0.9999452829360962
3234,show me where i am on the map please,136,current_location,136,current_location,run_03_seed_2024,0.9999958276748657
3235,open map and pin point my location,136,current_location,58,share_location,run_03_seed_2024,0.639439582824707
3236,show me my location,136,current_location,136,current_location,run_03_seed_2024,0.9999784231185913
3237,what could help me locate myself,136,current_location,136,current_location,run_03_seed_2024,0.9626876711845398
3238,i need assistance with my current location,136,current_location,136,current_location,run_03_seed_2024,0.9974398612976074
3239,where would i search for my location,136,current_location,136,current_location,run_03_seed_2024,0.9677878618240356
3240,what is the weather,5,weather,5,weather,run_03_seed_2024,0.9998947381973267
3241,current weather,5,weather,5,weather,run_03_seed_2024,0.9994296431541443
3242,tell me the weather,5,weather,5,weather,run_03_seed_2024,0.9999356269836426
3243,what's the weather like today,5,weather,5,weather,run_03_seed_2024,0.9899393916130066
3244,what is the weather like,5,weather,5,weather,run_03_seed_2024,0.9999681711196899
3245,show me what the weather is like,5,weather,5,weather,run_03_seed_2024,0.9999642372131348
3246,let's take a look at the weather,5,weather,5,weather,run_03_seed_2024,0.8236604928970337
3247,how is the weather looking in seattle,5,weather,5,weather,run_03_seed_2024,0.9994144439697266
3248,how's the weather in seattle,5,weather,5,weather,run_03_seed_2024,0.9999557733535767
3249,what is the state of the weather in seattle,5,weather,5,weather,run_03_seed_2024,0.9999686479568481
3250,what is the weather forecast looking like for seattle,5,weather,5,weather,run_03_seed_2024,0.9999967813491821
3251,what are the weather conditions like in seattle,5,weather,5,weather,run_03_seed_2024,0.9999984502792358
3252,what is the weather doing now,5,weather,5,weather,run_03_seed_2024,0.9932424426078796
3253,what kind of weather can i expect now,5,weather,5,weather,run_03_seed_2024,0.9923525452613831
3254,tell me what the weather is looking like,5,weather,5,weather,run_03_seed_2024,0.9999665021896362
3255,how is the weather,5,weather,5,weather,run_03_seed_2024,0.9780496954917908
3256,can you tell me the weather forecast,5,weather,5,weather,run_03_seed_2024,0.9999909400939941
3257,could you tell me what the weather is in austin,5,weather,5,weather,run_03_seed_2024,0.9994896650314331
3258,what is the weather doing in austin,5,weather,5,weather,run_03_seed_2024,0.9986854195594788
3259,what about the weather in austin,5,weather,5,weather,run_03_seed_2024,0.9999452829360962
3260,how is the weather in austin,5,weather,5,weather,run_03_seed_2024,0.999291181564331
3261,what is happening with the weather in austin,5,weather,5,weather,run_03_seed_2024,0.9999605417251587
3262,how is that weather,5,weather,5,weather,run_03_seed_2024,0.9126469492912292
3263,how does the weather feel,5,weather,5,weather,run_03_seed_2024,0.9946380257606506
3264,need to know the weather now,5,weather,5,weather,run_03_seed_2024,0.9996253252029419
3265,give weather update now,5,weather,5,weather,run_03_seed_2024,0.9989169836044312
3266,want to know the weather,5,weather,5,weather,run_03_seed_2024,0.999580442905426
3267,tell me the weather for today,5,weather,5,weather,run_03_seed_2024,0.9982668161392212
3268,what is the current weather like,5,weather,5,weather,run_03_seed_2024,0.9999902248382568
3269,las vegas weather today,5,weather,5,weather,run_03_seed_2024,0.5322430729866028
3270,tell me what my federal taxes amount to,94,taxes,94,taxes,run_03_seed_2024,0.9999066591262817
3271,what taxes do i owe,94,taxes,94,taxes,run_03_seed_2024,0.9999436140060425
3272,lets talk about what my federal taxes look like,94,taxes,94,taxes,run_03_seed_2024,0.9999175071716309
3273,what taxes will i owe from my income,94,taxes,94,taxes,run_03_seed_2024,0.9997603297233582
3274,whats the total of my taxes,94,taxes,94,taxes,run_03_seed_2024,0.9998356103897095
3275,what do my federal taxes look like,94,taxes,94,taxes,run_03_seed_2024,0.9999815225601196
3276,how much are the taxes on my income,94,taxes,93,income,run_03_seed_2024,0.7818003296852112
3277,please share my federal taxes total with me,94,taxes,94,taxes,run_03_seed_2024,0.9995306730270386
3278,how much in taxes will i owe,94,taxes,94,taxes,run_03_seed_2024,0.999980092048645
3279,what do my state taxes look like,94,taxes,94,taxes,run_03_seed_2024,0.9999769926071167
3280,whats the total of taxes from my income,94,taxes,94,taxes,run_03_seed_2024,0.9934329986572266
3281,tell me how much my state taxes amount to,94,taxes,94,taxes,run_03_seed_2024,0.999962329864502
3282,whats the total of my federal taxes,94,taxes,94,taxes,run_03_seed_2024,0.9999812841415405
3283,look up how much my state taxes are,94,taxes,94,taxes,run_03_seed_2024,0.9999260902404785
3284,talk to me about the total of my state taxes,94,taxes,94,taxes,run_03_seed_2024,0.9999797344207764
3285,what am i paying in taxes,94,taxes,94,taxes,run_03_seed_2024,0.9999678134918213
3286,what is the total of my state taxes,94,taxes,94,taxes,run_03_seed_2024,0.9999582767486572
3287,how much do i owe the irs,94,taxes,94,taxes,run_03_seed_2024,0.6666727066040039
3288,how much do i pay the irs,94,taxes,94,taxes,run_03_seed_2024,0.9640090465545654
3289,do you know my state tax total,94,taxes,94,taxes,run_03_seed_2024,0.9995977282524109
3290,what's the amount of taxes for my income,94,taxes,94,taxes,run_03_seed_2024,0.9690576791763306
3291,how much are my taxes for my income,94,taxes,94,taxes,run_03_seed_2024,0.6633099913597107
3292,i pay how much of taxes with my income,94,taxes,94,taxes,run_03_seed_2024,0.7382894158363342
3293,how much is my state taxes,94,taxes,94,taxes,run_03_seed_2024,0.9999678134918213
3294,i need the data and price from my state taxes,94,taxes,94,taxes,run_03_seed_2024,0.6322643756866455
3295,do you know the price for my taxes in income,94,taxes,94,taxes,run_03_seed_2024,0.9999229907989502
3296,what is the amount of my state taxes,94,taxes,94,taxes,run_03_seed_2024,0.9999951124191284
3297,what is the price of my state taxes that i owe,94,taxes,94,taxes,run_03_seed_2024,0.9999468326568604
3298,do you know the total for taxes for my income,94,taxes,94,taxes,run_03_seed_2024,0.9449126720428467
3299,what should i squirrel away to pay in taxes,94,taxes,94,taxes,run_03_seed_2024,0.99992835521698
3300,i must pay verizon what minimum amount on my bill,143,min_payment,143,min_payment,run_03_seed_2024,0.9999904632568359
3301,what is the lowest amount i must pay on my verizon bill,143,min_payment,143,min_payment,run_03_seed_2024,0.9992128610610962
3302,"at a minimum, what must i pay on my verizon bill",143,min_payment,111,pay_bill,run_03_seed_2024,0.7298299074172974
3303,what is my minimum verizon bill payment,143,min_payment,143,min_payment,run_03_seed_2024,0.9999727010726929
3304,"what must i pay, at a minimum, on my verizon bill",143,min_payment,143,min_payment,run_03_seed_2024,0.6341914534568787
3305,what's the least i can pay this month,143,min_payment,143,min_payment,run_03_seed_2024,0.9980078339576721
3306,what is my amex minimum payment,143,min_payment,143,min_payment,run_03_seed_2024,0.9998493194580078
3307,what's the minimum payment,143,min_payment,143,min_payment,run_03_seed_2024,0.9999955892562866
3308,what is my minimum payment and when is it due,143,min_payment,143,min_payment,run_03_seed_2024,0.9999254941940308
3309,is there a minimum payment i can make,143,min_payment,143,min_payment,run_03_seed_2024,0.9999819993972778
3310,what is the lowest amount i can pay for my cellphone bill,143,min_payment,143,min_payment,run_03_seed_2024,0.9999756813049316
3311,what is the lowest amount i can pay for my insurance bill,143,min_payment,143,min_payment,run_03_seed_2024,0.9997124075889587
3312,what is the minimum i can pay on my credit card bill,143,min_payment,143,min_payment,run_03_seed_2024,0.9999988079071045
3313,what is the lowest amount i can pay for my medical bill,143,min_payment,143,min_payment,run_03_seed_2024,0.9999945163726807
3314,what is the minimum i can pay on my phone bill,143,min_payment,143,min_payment,run_03_seed_2024,0.9999997615814209
3315,what is the minimum i can pay on my insurance bill,143,min_payment,143,min_payment,run_03_seed_2024,0.9999984502792358
3316,what is the minimum i can pay on my electric bill,143,min_payment,143,min_payment,run_03_seed_2024,0.9999997615814209
3317,what is the minimum i can pay on my gas bill,143,min_payment,143,min_payment,run_03_seed_2024,0.9999971389770508
3318,what is the lowest amount i can pay for my hospital bill,143,min_payment,143,min_payment,run_03_seed_2024,0.9999642372131348
3319,what is the lowest amount i can pay for my car bill,143,min_payment,143,min_payment,run_03_seed_2024,0.9999922513961792
3320,what is the minimum i can pay on my cell phone bill,143,min_payment,143,min_payment,run_03_seed_2024,0.999998927116394
3321,what is the minimum i can pay on my water bill,143,min_payment,143,min_payment,run_03_seed_2024,0.9999979734420776
3322,what is the minimum i can pay on my heating bill,143,min_payment,143,min_payment,run_03_seed_2024,0.9999996423721313
3323,tell me the minimum i can pay on my utilities bill,143,min_payment,143,min_payment,run_03_seed_2024,0.9999994039535522
3324,what is the minimum amount i can pay on my gas bill,143,min_payment,143,min_payment,run_03_seed_2024,0.9999983310699463
3325,do you know the smallest amount i can pay on my water bill,143,min_payment,143,min_payment,run_03_seed_2024,0.9999769926071167
3326,look up the lowest amount i can pay on my electricity bill,143,min_payment,143,min_payment,run_03_seed_2024,0.9999315738677979
3327,what is the minimum payable amount for my rent bill this month,143,min_payment,143,min_payment,run_03_seed_2024,0.9999452829360962
3328,what is the minimum payment on my water bill,143,min_payment,143,min_payment,run_03_seed_2024,0.9999994039535522
3329,"if i wanted to spend the lowest for my electric bill, then how much would it be",143,min_payment,24,traffic,run_03_seed_2024,0.47155675292015076
3330,set whisper mode to off,14,whisper_mode,14,whisper_mode,run_03_seed_2024,0.9999983310699463
3331,switch off whisper mode,14,whisper_mode,14,whisper_mode,run_03_seed_2024,0.9999986886978149
3332,switch whisper mode off,14,whisper_mode,14,whisper_mode,run_03_seed_2024,0.9999996423721313
3333,turn whisper mode off,14,whisper_mode,14,whisper_mode,run_03_seed_2024,0.9999942779541016
3334,"whisper mode, please",14,whisper_mode,14,whisper_mode,run_03_seed_2024,0.9997805953025818
3335,please start whisper mode,14,whisper_mode,14,whisper_mode,run_03_seed_2024,0.9999982118606567
3336,switch over to whisper mode,14,whisper_mode,14,whisper_mode,run_03_seed_2024,0.9999978542327881
3337,leave whisper mode,14,whisper_mode,14,whisper_mode,run_03_seed_2024,0.999996542930603
3338,revert from whisper mode,14,whisper_mode,14,whisper_mode,run_03_seed_2024,0.9999954700469971
3339,whisper mode must be left,14,whisper_mode,14,whisper_mode,run_03_seed_2024,0.9995001554489136
3340,change from whisper mode,14,whisper_mode,14,whisper_mode,run_03_seed_2024,0.9999984502792358
3341,help to turn on whisper mode,14,whisper_mode,14,whisper_mode,run_03_seed_2024,0.9999887943267822
3342,turn on whisper mode,14,whisper_mode,14,whisper_mode,run_03_seed_2024,0.9999152421951294
3343,whisper mode,14,whisper_mode,14,whisper_mode,run_03_seed_2024,0.9999909400939941
3344,start whisper mode,14,whisper_mode,14,whisper_mode,run_03_seed_2024,0.9999986886978149
3345,go to whisper mode until this movie is over,14,whisper_mode,14,whisper_mode,run_03_seed_2024,0.9999955892562866
3346,go to whisper mode until i say to go back to normal,14,whisper_mode,14,whisper_mode,run_03_seed_2024,0.9999845027923584
3347,go into whisper mode until the plane lands,14,whisper_mode,14,whisper_mode,run_03_seed_2024,0.9997624754905701
3348,go to whisper mode for one hour,14,whisper_mode,14,whisper_mode,run_03_seed_2024,0.9999988079071045
3349,go to whisper mode until my morning alarm goes off,14,whisper_mode,14,whisper_mode,run_03_seed_2024,0.6519853472709656
3350,make saound function operate in whisper mode,14,whisper_mode,14,whisper_mode,run_03_seed_2024,0.999670147895813
3351,change audio settings to the whisper option,14,whisper_mode,14,whisper_mode,run_03_seed_2024,0.9927850961685181
3352,change audio to whisper mode,14,whisper_mode,14,whisper_mode,run_03_seed_2024,0.9999872446060181
3353,i want to only use the whisper sound,14,whisper_mode,14,whisper_mode,run_03_seed_2024,0.9999574422836304
3354,change sound setting to whisper,14,whisper_mode,14,whisper_mode,run_03_seed_2024,0.9998987913131714
3355,change to something that's not whisper mode,14,whisper_mode,14,whisper_mode,run_03_seed_2024,0.999966025352478
3356,cancel whisper mode,14,whisper_mode,14,whisper_mode,run_03_seed_2024,0.9996744394302368
3357,get out of whisper mode,14,whisper_mode,14,whisper_mode,run_03_seed_2024,0.9999918937683105
3358,"whisper mode, stop",14,whisper_mode,14,whisper_mode,run_03_seed_2024,0.9889993071556091
3359,stop whisper mode,14,whisper_mode,14,whisper_mode,run_03_seed_2024,0.9999668598175049
3360,stop what you're doing,147,cancel,147,cancel,run_03_seed_2024,0.9999918937683105
3361,this process needs to stop,147,cancel,147,cancel,run_03_seed_2024,0.9916770458221436
3362,stop this process,147,cancel,147,cancel,run_03_seed_2024,0.9999977350234985
3363,"that was a mistake, undo that",147,cancel,114,goodbye,run_03_seed_2024,0.2309418022632599
3364,ignore the previous command,147,cancel,147,cancel,run_03_seed_2024,0.9973117113113403
3365,forget what i told you to do,147,cancel,15,what_are_your_hobbies,run_03_seed_2024,0.490987628698349
3366,please cancel the last input,147,cancel,147,cancel,run_03_seed_2024,0.9999512434005737
3367,please stop the current process,147,cancel,147,cancel,run_03_seed_2024,0.9999996423721313
3368,can you end the current process,147,cancel,147,cancel,run_03_seed_2024,0.9996057152748108
3369,just stop talking,147,cancel,147,cancel,run_03_seed_2024,0.9999964237213135
3370,please stop talking,147,cancel,147,cancel,run_03_seed_2024,0.999998927116394
3371,"stop, just stop",147,cancel,147,cancel,run_03_seed_2024,0.9999407529830933
3372,you can stop talking ai,147,cancel,147,cancel,run_03_seed_2024,0.9988530874252319
3373,stop the process,147,cancel,147,cancel,run_03_seed_2024,0.9999984502792358
3374,can you turn off the process,147,cancel,10,smart_home,run_03_seed_2024,0.7813504934310913
3375,stop talking,147,cancel,147,cancel,run_03_seed_2024,0.9999990463256836
3376,you can cancel the task,147,cancel,147,cancel,run_03_seed_2024,0.9919266700744629
3377,can you cancel that,147,cancel,147,cancel,run_03_seed_2024,0.9999309778213501
3378,can you cancel that request,147,cancel,147,cancel,run_03_seed_2024,0.9998602867126465
3379,"could you cancel that request, please",147,cancel,147,cancel,run_03_seed_2024,0.999193012714386
3380,"can you cancel that request, please",147,cancel,147,cancel,run_03_seed_2024,0.9997960925102234
3381,"can you cancel that, please",147,cancel,147,cancel,run_03_seed_2024,0.9998764991760254
3382,hush,147,cancel,147,cancel,run_03_seed_2024,0.26692986488342285
3383,be quiet,147,cancel,147,cancel,run_03_seed_2024,0.996942937374115
3384,stop it now!,147,cancel,147,cancel,run_03_seed_2024,0.999957799911499
3385,stop talking you are annoying,147,cancel,147,cancel,run_03_seed_2024,0.9999306201934814
3386,you need to shut it,147,cancel,147,cancel,run_03_seed_2024,0.9819973111152649
3387,stop processing,147,cancel,147,cancel,run_03_seed_2024,0.9966611862182617
3388,abort mission,147,cancel,147,cancel,run_03_seed_2024,0.9999349117279053
3389,stop speaking,147,cancel,147,cancel,run_03_seed_2024,0.9999988079071045
3390,are visas needed to travel to jamaica,59,international_visa,59,international_visa,run_03_seed_2024,0.9470481872558594
3391,do i need a visa for south korea,59,international_visa,59,international_visa,run_03_seed_2024,0.9999823570251465
3392,"if i go to columbia, will i need a visa",59,international_visa,59,international_visa,run_03_seed_2024,0.9999840259552002
3393,are visas required to go to cuba,59,international_visa,52,vaccines,run_03_seed_2024,0.5000187754631042
3394,do i need to apply for a visa for my trip to india,59,international_visa,59,international_visa,run_03_seed_2024,0.999112069606781
3395,if i go to indonesia would i need a visa,59,international_visa,59,international_visa,run_03_seed_2024,0.9999972581863403
3396,do i need a visa to travel to indonesia,59,international_visa,59,international_visa,run_03_seed_2024,0.9999309778213501
3397,should i apply for a visa if i am traveling to mexico,59,international_visa,59,international_visa,run_03_seed_2024,0.9996399879455566
3398,is a visa necessary for traveling to south africa,59,international_visa,59,international_visa,run_03_seed_2024,0.9997795224189758
3399,if i want to travel to singapore do i need a visa,59,international_visa,59,international_visa,run_03_seed_2024,0.9999924898147583
3400,do americans need visas in canada,59,international_visa,116,book_hotel,run_03_seed_2024,0.8800387978553772
3401,would i need a visa in taiwan,59,international_visa,59,international_visa,run_03_seed_2024,0.9987892508506775
3402,i'd like to go to malaysia so do i need a visa,59,international_visa,59,international_visa,run_03_seed_2024,0.9999862909317017
3403,is a travel visa needed for thailand,59,international_visa,59,international_visa,run_03_seed_2024,0.9958587288856506
3404,what are the visa requirements for brazil,59,international_visa,74,insurance,run_03_seed_2024,0.3846777677536011
3405,is a travel visa required to visit paraguay,59,international_visa,59,international_visa,run_03_seed_2024,0.9999680519104004
3406,does travelling to st petersburg require a travel visa,59,international_visa,59,international_visa,run_03_seed_2024,0.9997474551200867
3407,should i get a travel visa if i want to go to guyana,59,international_visa,59,international_visa,run_03_seed_2024,0.9990986585617065
3408,will i be able to visit peru without a travel visa,59,international_visa,59,international_visa,run_03_seed_2024,0.9991142153739929
3409,"if i want to go to x, do i need a travel visa",59,international_visa,59,international_visa,run_03_seed_2024,0.999980092048645
3410,can i get to cuba with this visa,59,international_visa,59,international_visa,run_03_seed_2024,0.677376389503479
3411,do i need a visa to get to puerto rico,59,international_visa,59,international_visa,run_03_seed_2024,0.9997672438621521
3412,do i need a visa to go to colombia,59,international_visa,59,international_visa,run_03_seed_2024,0.9999128580093384
3413,do i need a states visa to get to cuba,59,international_visa,59,international_visa,run_03_seed_2024,0.9997403025627136
3414,do i need a us visa for cuba,59,international_visa,59,international_visa,run_03_seed_2024,0.9999628067016602
3415,if i get a visa can i travel to japan,59,international_visa,59,international_visa,run_03_seed_2024,0.9998100399971008
3416,do i need a visa if i'm going to san jose,59,international_visa,59,international_visa,run_03_seed_2024,0.9999483823776245
3417,do i need a visa to travel outside of the us,59,international_visa,59,international_visa,run_03_seed_2024,0.9952698349952698
3418,are visas for international travel,59,international_visa,52,vaccines,run_03_seed_2024,0.45765793323516846
3419,can you travel outside of the united states without a visa,59,international_visa,59,international_visa,run_03_seed_2024,0.8918521404266357
3420,do i need to get any shots before i travel to morocco,52,vaccines,52,vaccines,run_03_seed_2024,0.9999990463256836
3421,do i need to get any shots before i travel to south africa,52,vaccines,52,vaccines,run_03_seed_2024,0.9999985694885254
3422,do i need to get any shots before i travel to zimbabwe,52,vaccines,52,vaccines,run_03_seed_2024,0.9999984502792358
3423,do i need to get any shots before i travel to liberia,52,vaccines,52,vaccines,run_03_seed_2024,0.999998927116394
3424,do i need to get any shots before i travel to spain,52,vaccines,52,vaccines,run_03_seed_2024,0.9999973773956299
3425,are there any required shots to travel to astana,52,vaccines,52,vaccines,run_03_seed_2024,0.9999672174453735
3426,what shots do i need if i'm travelling to odessa,52,vaccines,52,vaccines,run_03_seed_2024,0.9996795654296875
3427,are there any shots i need to travel to karachi,52,vaccines,52,vaccines,run_03_seed_2024,0.9992233514785767
3428,are there any required shots in indonesia,52,vaccines,52,vaccines,run_03_seed_2024,0.999323844909668
3429,what are the required shots in mozambique,52,vaccines,52,vaccines,run_03_seed_2024,0.900604248046875
3430,are more shots needed to travel to argentina,52,vaccines,52,vaccines,run_03_seed_2024,0.9998395442962646
3431,what sorts of vaccinations should i get prior to a trip to hong kong,52,vaccines,52,vaccines,run_03_seed_2024,0.999935507774353
3432,before i embark on a trip to europe should i get more shots,52,vaccines,52,vaccines,run_03_seed_2024,0.9997773766517639
3433,would you need more shots to go to mexico,52,vaccines,52,vaccines,run_03_seed_2024,0.998749852180481
3434,is vaccination necessary for travel to asia,52,vaccines,128,travel_alert,run_03_seed_2024,0.9858121871948242
3435,"do you think my shots would be needed, before traveling to columbia",52,vaccines,52,vaccines,run_03_seed_2024,0.9700438976287842
3436,"will having my shots updated be a good idea, before i travel to south america",52,vaccines,52,vaccines,run_03_seed_2024,0.9697316288948059
3437,should i have my shots up to date before i travel to the virgin islands,52,vaccines,52,vaccines,run_03_seed_2024,0.9998244643211365
3438,"if you were traveling to indonesia, as i am, would you have your shots updated before your visit",52,vaccines,75,what_is_your_name,run_03_seed_2024,0.3745410442352295
3439,are shots required before traveling to china,52,vaccines,52,vaccines,run_03_seed_2024,0.9999642372131348
3440,does cuba require vaccines,52,vaccines,52,vaccines,run_03_seed_2024,0.9974082112312317
3441,which vaccines are meant for cuba,52,vaccines,42,oos,run_03_seed_2024,0.5281301736831665
3442,which vaccines will i need for cuba,52,vaccines,52,vaccines,run_03_seed_2024,0.9997329115867615
3443,do i need a vaccine for the congo,52,vaccines,120,plug_type,run_03_seed_2024,0.7149204015731812
3444,vaccines for my trip to cuba,52,vaccines,52,vaccines,run_03_seed_2024,0.9820677638053894
3445,are there vaccinations needed if i go there,52,vaccines,52,vaccines,run_03_seed_2024,0.9991029500961304
3446,would vaccinations be needed if i go here,52,vaccines,52,vaccines,run_03_seed_2024,0.4959215819835663
3447,"if i travel abroad, do i need vaccinations",52,vaccines,52,vaccines,run_03_seed_2024,0.9965595602989197
3448,"if i travel here, do i need vaccinations",52,vaccines,52,vaccines,run_03_seed_2024,0.9996517896652222
3449,do i need vaccinations if i go this country,52,vaccines,52,vaccines,run_03_seed_2024,0.9999880790710449
3450,i would like to know my vacation days balance,126,pto_balance,126,pto_balance,run_03_seed_2024,0.9996180534362793
3451,"give me vacation days remaining, please",126,pto_balance,126,pto_balance,run_03_seed_2024,0.9965325593948364
3452,how many vacation days do i still have available,126,pto_balance,126,pto_balance,run_03_seed_2024,0.9999269247055054
3453,please tell me the exact number of days i have still for vacation,126,pto_balance,126,pto_balance,run_03_seed_2024,0.9991348385810852
3454,what's the number of vacation days i have left,126,pto_balance,126,pto_balance,run_03_seed_2024,0.99997878074646
3455,what amount of vacation days do i have,126,pto_balance,126,pto_balance,run_03_seed_2024,0.9999841451644897
3456,what is the number of pto days i have left,126,pto_balance,126,pto_balance,run_03_seed_2024,0.9999630451202393
3457,what amount of pto days do i have left,126,pto_balance,126,pto_balance,run_03_seed_2024,0.999874472618103
3458,what are the amount of vacation days i have,126,pto_balance,126,pto_balance,run_03_seed_2024,0.9999831914901733
3459,how much pto days do i have remaining,126,pto_balance,126,pto_balance,run_03_seed_2024,0.9999685287475586
3460,what number of days do i have for vacation,126,pto_balance,126,pto_balance,run_03_seed_2024,0.9999557733535767
3461,what is my remaining amount of pto days,126,pto_balance,126,pto_balance,run_03_seed_2024,0.9976689219474792
3462,what do my pto days amount to,126,pto_balance,126,pto_balance,run_03_seed_2024,0.9997485280036926
3463,what do my vacation days amount to,126,pto_balance,126,pto_balance,run_03_seed_2024,0.9999415874481201
3464,how many days of vacation do i have left,126,pto_balance,126,pto_balance,run_03_seed_2024,0.9998733997344971
3465,what day am i on on vacation and how much do i got left,126,pto_balance,126,pto_balance,run_03_seed_2024,0.7814461588859558
3466,how many vacation days are remaining on my time,126,pto_balance,126,pto_balance,run_03_seed_2024,0.9999171495437622
3467,how many days of vacation are left now,126,pto_balance,126,pto_balance,run_03_seed_2024,0.9992468357086182
3468,how many days on holiday do i have,126,pto_balance,126,pto_balance,run_03_seed_2024,0.9993688464164734
3469,can you see if i have any vacation days available for a request,126,pto_balance,97,pto_request,run_03_seed_2024,0.9913790225982666
3470,how much vacation time have i earned,126,pto_balance,126,pto_balance,run_03_seed_2024,0.9994413256645203
3471,how much vacation time do i have,126,pto_balance,126,pto_balance,run_03_seed_2024,0.9998964071273804
3472,how many weeks of vacation time have i earned,126,pto_balance,126,pto_balance,run_03_seed_2024,0.9999502897262573
3473,how many weeks of vacation time do i have,126,pto_balance,126,pto_balance,run_03_seed_2024,0.9999394416809082
3474,how many days can i take for vacation,126,pto_balance,126,pto_balance,run_03_seed_2024,0.5353402495384216
3475,what is the balance on my vacation days,126,pto_balance,126,pto_balance,run_03_seed_2024,0.9996697902679443
3476,how many days are remaining on my vacation days,126,pto_balance,126,pto_balance,run_03_seed_2024,0.9999572038650513
3477,so i have any vacation days left,126,pto_balance,126,pto_balance,run_03_seed_2024,0.999930739402771
3478,what is the year to date total on my vacation days,126,pto_balance,126,pto_balance,run_03_seed_2024,0.9675359129905701
3479,how many sick days do i have,126,pto_balance,126,pto_balance,run_03_seed_2024,0.9987216591835022
3480,how do i get downtown by foot,72,directions,72,directions,run_03_seed_2024,0.96855628490448
3481,how do i get to the subway by foot,72,directions,72,directions,run_03_seed_2024,0.9997208714485168
3482,how do i get to the train by foot,72,directions,72,directions,run_03_seed_2024,0.9999881982803345
3483,how do i get to central park by foot,72,directions,72,directions,run_03_seed_2024,0.9999806880950928
3484,how do i get to the airport by foot,72,directions,72,directions,run_03_seed_2024,0.9999614953994751
3485,where is the nearest wal mart,72,directions,72,directions,run_03_seed_2024,0.9999887943267822
3486,i want directions to phoenix,72,directions,14,whisper_mode,run_03_seed_2024,0.2468869686126709
3487,i must understand the nearest gas station to glendale,72,directions,72,directions,run_03_seed_2024,0.9999380111694336
3488,i need some directions to phoenix,72,directions,125,shopping_list_update,run_03_seed_2024,0.5504385232925415
3489,give me directions to phoenix,72,directions,63,book_flight,run_03_seed_2024,0.4657858908176422
3490,i must know the closest gas station to glendale,72,directions,72,directions,run_03_seed_2024,0.9959496259689331
3491,where is the nearest fry's,72,directions,72,directions,run_03_seed_2024,0.9999535083770752
3492,where is the nearest papa john's,72,directions,72,directions,run_03_seed_2024,0.999880313873291
3493,i would love to know the closest gas station to glendale,72,directions,72,directions,run_03_seed_2024,0.999333918094635
3494,get me directions to phoenix,72,directions,63,book_flight,run_03_seed_2024,0.6683706641197205
3495,where is the nearest k mart,72,directions,72,directions,run_03_seed_2024,0.9993032217025757
3496,where is the nearest circuit city,72,directions,72,directions,run_03_seed_2024,0.9999750852584839
3497,let me know the nearest gas station to glendale,72,directions,72,directions,run_03_seed_2024,0.9999798536300659
3498,where is the closest gas station to glendale,72,directions,78,distance,run_03_seed_2024,0.9609512686729431
3499,where is the nearest movie theater to time' square,72,directions,72,directions,run_03_seed_2024,0.9999815225601196
3500,where is the closest bathroom to the statue of liberty,72,directions,72,directions,run_03_seed_2024,0.9999732971191406
3501,where is the closest mcdonald's to foxwoods casino,72,directions,72,directions,run_03_seed_2024,0.996493399143219
3502,where is the nearest marijuana dispensary to kentucky fried chicken,72,directions,72,directions,run_03_seed_2024,0.9999902248382568
3503,where is the closest hospital to madison square garden,72,directions,72,directions,run_03_seed_2024,0.9998505115509033
3504,where is the closest pharmacy,72,directions,72,directions,run_03_seed_2024,0.9992902278900146
3505,show me the nearest gas station,72,directions,72,directions,run_03_seed_2024,0.9999228715896606
3506,which hospital is nearest to me,72,directions,72,directions,run_03_seed_2024,0.9986577033996582
3507,i need to know where the hospital closest to me is,72,directions,72,directions,run_03_seed_2024,0.9942175149917603
3508,where is the nearest arco gas station to macdonalds,72,directions,72,directions,run_03_seed_2024,0.9999815225601196
3509,find the closest cvs near galleria mall,72,directions,72,directions,run_03_seed_2024,0.9999938011169434
3510,spell aaron,73,spelling,73,spelling,run_03_seed_2024,0.9993371367454529
3511,how do you spell aaron,73,spelling,73,spelling,run_03_seed_2024,0.9997629523277283
3512,spell the word aaron,73,spelling,73,spelling,run_03_seed_2024,0.9999836683273315
3513,correct spelling for aaron,73,spelling,73,spelling,run_03_seed_2024,0.9969797134399414
3514,spell aaron for me,73,spelling,73,spelling,run_03_seed_2024,0.9989932179450989
3515,"i don't know how to spell apoplectic, can you tell me",73,spelling,73,spelling,run_03_seed_2024,0.9973344802856445
3516,"what is the correct spelling of the word comity, since i do not know",73,spelling,73,spelling,run_03_seed_2024,0.9972041845321655
3517,"do you know how to spell, bourgeois",73,spelling,64,insurance_change,run_03_seed_2024,0.6289708614349365
3518,"how do you spell the word comity, i need to know",73,spelling,73,spelling,run_03_seed_2024,0.9998855590820312
3519,i need to know how to spell the word serendipity,73,spelling,73,spelling,run_03_seed_2024,0.999996542930603
3520,can you tell me the correct spelling of liaison,73,spelling,73,spelling,run_03_seed_2024,0.9997989535331726
3521,what is the proper spelling of corporate,73,spelling,73,spelling,run_03_seed_2024,0.9604050517082214
3522,please tell me how to spell the word coup,73,spelling,73,spelling,run_03_seed_2024,0.9999964237213135
3523,i am not sure how to spell the word liaison,73,spelling,73,spelling,run_03_seed_2024,0.999974250793457
3524,"can you tell me how to spell the word schadenfreude, i don't know how it's spelt",73,spelling,73,spelling,run_03_seed_2024,0.9988815188407898
3525,do you know how to spell curiosity,73,spelling,73,spelling,run_03_seed_2024,0.9999282360076904
3526,spell curiosity for me,73,spelling,73,spelling,run_03_seed_2024,0.9988495111465454
3527,tell me how to spell curiosity,73,spelling,73,spelling,run_03_seed_2024,0.9999856948852539
3528,i need to know the proper spelling of curiosity,73,spelling,73,spelling,run_03_seed_2024,0.9888709187507629
3529,please tell me how curiosity is spelled,73,spelling,73,spelling,run_03_seed_2024,0.9997766613960266
3530,"what's the proper way to spell ""helicopter",73,spelling,73,spelling,run_03_seed_2024,0.9999741315841675
3531,"tell me how to spent ""frightened",73,spelling,64,insurance_change,run_03_seed_2024,0.8512333631515503
3532,"can you spell ""fragile"" for me",73,spelling,73,spelling,run_03_seed_2024,0.9995630383491516
3533,"can you spell out ""wonderful",73,spelling,73,spelling,run_03_seed_2024,0.9999731779098511
3534,"i need to know how to spell ""miranda",73,spelling,73,spelling,run_03_seed_2024,0.9999542236328125
3535,"i need help spelling ""exquisite",73,spelling,73,spelling,run_03_seed_2024,0.9939181804656982
3536,"can you spell out ""annulment",73,spelling,73,spelling,run_03_seed_2024,0.999977707862854
3537,"how do you spell ""exactly",73,spelling,73,spelling,run_03_seed_2024,0.9999336004257202
3538,"how do you spell ""montpelier",73,spelling,73,spelling,run_03_seed_2024,0.9999334812164307
3539,"what's the right way to spell ""emolument",73,spelling,73,spelling,run_03_seed_2024,0.9998528957366943
3540,how are you doing,82,greeting,82,greeting,run_03_seed_2024,0.999993085861206
3541,are you okay,82,greeting,82,greeting,run_03_seed_2024,0.9999576807022095
3542,what are you feeling today,82,greeting,115,what_can_i_ask_you,run_03_seed_2024,0.7641835808753967
3543,is everything ok today,82,greeting,82,greeting,run_03_seed_2024,0.7108777761459351
3544,are you doing alright,82,greeting,82,greeting,run_03_seed_2024,0.9997161030769348
3545,"hello, how's your day",82,greeting,82,greeting,run_03_seed_2024,0.9998466968536377
3546,"hey there, how are you today",82,greeting,82,greeting,run_03_seed_2024,0.9946533441543579
3547,"hello, how is it going",82,greeting,82,greeting,run_03_seed_2024,0.9999369382858276
3548,"hi there, how are you doing",82,greeting,82,greeting,run_03_seed_2024,0.9999328851699829
3549,"hey, how are you",82,greeting,82,greeting,run_03_seed_2024,0.999305009841919
3550,"hey, what's up",82,greeting,82,greeting,run_03_seed_2024,0.999474823474884
3551,"hello, how are you doing",82,greeting,82,greeting,run_03_seed_2024,0.9999903440475464
3552,"hi, how are you",82,greeting,82,greeting,run_03_seed_2024,0.9905375838279724
3553,"hi, how are you today",82,greeting,82,greeting,run_03_seed_2024,0.9785551428794861
3554,"hello, how are things",82,greeting,82,greeting,run_03_seed_2024,0.9999210834503174
3555,hey there,82,greeting,82,greeting,run_03_seed_2024,0.827793300151825
3556,"hey, what's new",82,greeting,82,greeting,run_03_seed_2024,0.984098494052887
3557,it is good to see you,82,greeting,82,greeting,run_03_seed_2024,0.9929879307746887
3558,i'd like to know how you are doing,82,greeting,82,greeting,run_03_seed_2024,0.9995161294937134
3559,hello there,82,greeting,82,greeting,run_03_seed_2024,0.9997445940971375
3560,tell me how you are doing,82,greeting,82,greeting,run_03_seed_2024,0.9999665021896362
3561,"hello there, good morning",82,greeting,82,greeting,run_03_seed_2024,0.8419789671897888
3562,let me know how you are doing,82,greeting,82,greeting,run_03_seed_2024,0.9989965558052063
3563,well hi there,82,greeting,82,greeting,run_03_seed_2024,0.9998076558113098
3564,i want to know how you are doing,82,greeting,82,greeting,run_03_seed_2024,0.9997695088386536
3565,i need to know how you are doing today,82,greeting,82,greeting,run_03_seed_2024,0.9974852800369263
3566,hello there ai,82,greeting,82,greeting,run_03_seed_2024,0.9991294741630554
3567,will you tell me how the ai is doing,82,greeting,82,greeting,run_03_seed_2024,0.9996052384376526
3568,would you tell me how the ai is doing,82,greeting,82,greeting,run_03_seed_2024,0.9992814660072327
3569,hola!,82,greeting,82,greeting,run_03_seed_2024,0.2248588651418686
3570,so please reset your factory settings,88,reset_settings,88,reset_settings,run_03_seed_2024,0.9996594190597534
3571,i need your to reset to factory settings,88,reset_settings,88,reset_settings,run_03_seed_2024,0.9999986886978149
3572,now reset your factory settings,88,reset_settings,88,reset_settings,run_03_seed_2024,0.9996229410171509
3573,revert to the original configuration,88,reset_settings,5,weather,run_03_seed_2024,0.5119694471359253
3574,change back to the factory set up,88,reset_settings,10,smart_home,run_03_seed_2024,0.48309287428855896
3575,change all setting to original ones,88,reset_settings,88,reset_settings,run_03_seed_2024,0.9408259391784668
3576,please reset to factory settings,88,reset_settings,88,reset_settings,run_03_seed_2024,0.9999997615814209
3577,reset all settings to the factory settings,88,reset_settings,88,reset_settings,run_03_seed_2024,0.9999997615814209
3578,can you please revert to factory settings at this time,88,reset_settings,88,reset_settings,run_03_seed_2024,0.9999474287033081
3579,please remove current settings and go back to factory settings now,88,reset_settings,88,reset_settings,run_03_seed_2024,0.999998927116394
3580,please reset to factory settings at once,88,reset_settings,88,reset_settings,run_03_seed_2024,0.9999909400939941
3581,"i would like you to change the settings back to factory default now, please",88,reset_settings,88,reset_settings,run_03_seed_2024,0.9999964237213135
3582,adjust settings back to original factory settings immediately,88,reset_settings,88,reset_settings,run_03_seed_2024,0.9999967813491821
3583,can you reset your factory settings,88,reset_settings,88,reset_settings,run_03_seed_2024,0.9999929666519165
3584,could you please reset your factory settings,88,reset_settings,88,reset_settings,run_03_seed_2024,0.9999486207962036
3585,your factory settings need to be reset,88,reset_settings,88,reset_settings,run_03_seed_2024,0.9998998641967773
3586,go back to your manufacturers' settings,88,reset_settings,88,reset_settings,run_03_seed_2024,0.9933506846427917
3587,prioritize to the settings you started with,88,reset_settings,88,reset_settings,run_03_seed_2024,0.9970329999923706
3588,reset to your original settings,88,reset_settings,88,reset_settings,run_03_seed_2024,0.999997615814209
3589,restart your actions with the original settings you came with,88,reset_settings,88,reset_settings,run_03_seed_2024,0.9997807145118713
3590,please rely on your original settings,88,reset_settings,88,reset_settings,run_03_seed_2024,0.9717331528663635
3591,can you return to the factory fresh settings,88,reset_settings,88,reset_settings,run_03_seed_2024,0.9999954700469971
3592,please return to default settings,88,reset_settings,88,reset_settings,run_03_seed_2024,0.999984622001648
3593,revert to original settings,88,reset_settings,88,reset_settings,run_03_seed_2024,0.999998927116394
3594,start over using factory setting,88,reset_settings,88,reset_settings,run_03_seed_2024,0.4901620149612427
3595,go back to the default settings please,88,reset_settings,88,reset_settings,run_03_seed_2024,0.9999953508377075
3596,revert to factory settings,88,reset_settings,88,reset_settings,run_03_seed_2024,0.9999991655349731
3597,go back to factory settings,88,reset_settings,88,reset_settings,run_03_seed_2024,0.9999997615814209
3598,please turn on factory settings,88,reset_settings,88,reset_settings,run_03_seed_2024,0.9995726943016052
3599,revert back to factory settings,88,reset_settings,88,reset_settings,run_03_seed_2024,0.9999982118606567
3600,tell me what your name is,75,what_is_your_name,75,what_is_your_name,run_03_seed_2024,0.570184051990509
3601,what did they name you,75,what_is_your_name,11,user_name,run_03_seed_2024,0.993429958820343
3602,"hey, how do i call your attention",75,what_is_your_name,75,what_is_your_name,run_03_seed_2024,0.9794655442237854
3603,what's your name,75,what_is_your_name,75,what_is_your_name,run_03_seed_2024,0.9998088479042053
3604,give me your name so i can use you,75,what_is_your_name,75,what_is_your_name,run_03_seed_2024,0.9772070050239563
3605,how should i address you,75,what_is_your_name,75,what_is_your_name,run_03_seed_2024,0.9917780160903931
3606,what do i call you,75,what_is_your_name,75,what_is_your_name,run_03_seed_2024,0.9999507665634155
3607,what's your name anyway,75,what_is_your_name,75,what_is_your_name,run_03_seed_2024,0.9998742341995239
3608,tell me what to call you,75,what_is_your_name,75,what_is_your_name,run_03_seed_2024,0.9999781847000122
3609,can you tell me what you are called,75,what_is_your_name,11,user_name,run_03_seed_2024,0.9876580238342285
3610,what should you be called,75,what_is_your_name,75,what_is_your_name,run_03_seed_2024,0.99657142162323
3611,what should i use when i refer to you,75,what_is_your_name,75,what_is_your_name,run_03_seed_2024,0.984836995601654
3612,how do you say your name,75,what_is_your_name,75,what_is_your_name,run_03_seed_2024,0.9997515082359314
3613,what is your preferred name,75,what_is_your_name,75,what_is_your_name,run_03_seed_2024,0.9912976026535034
3614,what can i call you,75,what_is_your_name,75,what_is_your_name,run_03_seed_2024,0.9992623925209045
3615,what name do you go by,75,what_is_your_name,75,what_is_your_name,run_03_seed_2024,0.9905638694763184
3616,who do i have the pleasure of speaking with,75,what_is_your_name,42,oos,run_03_seed_2024,0.7906566858291626
3617,may i have your name,75,what_is_your_name,75,what_is_your_name,run_03_seed_2024,0.9999048709869385
3618,who am i speaking with,75,what_is_your_name,96,who_made_you,run_03_seed_2024,0.9509516358375549
3619,and your name is,75,what_is_your_name,55,change_ai_name,run_03_seed_2024,0.9455775618553162
3620,"what do i call you, ai",75,what_is_your_name,75,what_is_your_name,run_03_seed_2024,0.6090779900550842
3621,"what name do you go by, ai",75,what_is_your_name,75,what_is_your_name,run_03_seed_2024,0.9974145889282227
3622,"ai, what is your name",75,what_is_your_name,75,what_is_your_name,run_03_seed_2024,0.9986780285835266
3623,"what do they call you, ai",75,what_is_your_name,75,what_is_your_name,run_03_seed_2024,0.8714079856872559
3624,"ai, what is your given name",75,what_is_your_name,75,what_is_your_name,run_03_seed_2024,0.9993680119514465
3625,what name do you want me to use,75,what_is_your_name,75,what_is_your_name,run_03_seed_2024,0.9887890219688416
3626,what do you like to be called,75,what_is_your_name,75,what_is_your_name,run_03_seed_2024,0.9999500513076782
3627,what should i call you,75,what_is_your_name,75,what_is_your_name,run_03_seed_2024,0.9999533891677856
3628,what would you like me to call you,75,what_is_your_name,75,what_is_your_name,run_03_seed_2024,0.9997281432151794
3629,what is your name,75,what_is_your_name,75,what_is_your_name,run_03_seed_2024,0.9982447624206543
3630,how do i set up a direct deposit,108,direct_deposit,108,direct_deposit,run_03_seed_2024,0.9999998807907104
3631,how do i set up direct deposit,108,direct_deposit,108,direct_deposit,run_03_seed_2024,0.9999994039535522
3632,chase account direct deposit options,108,direct_deposit,108,direct_deposit,run_03_seed_2024,0.9986459612846375
3633,set my paycheck to direct deposit to chase account,108,direct_deposit,108,direct_deposit,run_03_seed_2024,0.9999852180480957
3634,activate direct deposit to chase account,108,direct_deposit,108,direct_deposit,run_03_seed_2024,0.9999721050262451
3635,chase account options direct deposit,108,direct_deposit,108,direct_deposit,run_03_seed_2024,0.9995095729827881
3636,bank options direct deposit,108,direct_deposit,108,direct_deposit,run_03_seed_2024,0.999725878238678
3637,how do i set up a direct deposit for my paycheck,108,direct_deposit,108,direct_deposit,run_03_seed_2024,0.9999997615814209
3638,how to activate direct deposit to chase account,108,direct_deposit,108,direct_deposit,run_03_seed_2024,0.9999639987945557
3639,get my paycheck to direct deposit,108,direct_deposit,108,direct_deposit,run_03_seed_2024,0.9999270439147949
3640,direct deposit,108,direct_deposit,108,direct_deposit,run_03_seed_2024,0.9986107349395752
3641,i need a direct deposit,108,direct_deposit,108,direct_deposit,run_03_seed_2024,0.999976634979248
3642,can we get a direct deposit,108,direct_deposit,108,direct_deposit,run_03_seed_2024,0.9999244213104248
3643,set up direct deposit,108,direct_deposit,108,direct_deposit,run_03_seed_2024,0.9999966621398926
3644,i want to set up direct deposit,108,direct_deposit,108,direct_deposit,run_03_seed_2024,0.9999996423721313
3645,setting up direct deposit,108,direct_deposit,108,direct_deposit,run_03_seed_2024,0.9999955892562866
3646,how do i get my paycheck into direct deposit at nations bank,108,direct_deposit,108,direct_deposit,run_03_seed_2024,0.9999016523361206
3647,could you tell me how to set up direct deposit for my check from work at nations bank,108,direct_deposit,108,direct_deposit,run_03_seed_2024,0.9999966621398926
3648,if i want to direct deposit my check into my nations bank account how do i do that,108,direct_deposit,108,direct_deposit,run_03_seed_2024,0.6154183745384216
3649,i need to know how to do direct deposit with my paycheck at nations bank,108,direct_deposit,108,direct_deposit,run_03_seed_2024,0.9999966621398926
3650,could you tell me how to direct deposit my check from work into nations bank,108,direct_deposit,108,direct_deposit,run_03_seed_2024,0.9999880790710449
3651,how does one set up direct deposit to my bank account,108,direct_deposit,108,direct_deposit,run_03_seed_2024,0.9999921321868896
3652,what do i need to do to set up direct deposit,108,direct_deposit,108,direct_deposit,run_03_seed_2024,0.9999988079071045
3653,what is the process of setting up direct deposit,108,direct_deposit,108,direct_deposit,run_03_seed_2024,0.9999939203262329
3654,"if i want to set up direct deposit, how do i do it",108,direct_deposit,108,direct_deposit,run_03_seed_2024,0.9999717473983765
3655,i'm not sure how to set up direct deposit,108,direct_deposit,108,direct_deposit,run_03_seed_2024,0.9999595880508423
3656,can you tell me how to set up direct deposit,108,direct_deposit,108,direct_deposit,run_03_seed_2024,0.9999991655349731
3657,"i'd like my checks to be deposited into my account directly, how do i do that",108,direct_deposit,109,credit_limit_change,run_03_seed_2024,0.6552210450172424
3658,i'd like to set up direct deposit,108,direct_deposit,108,direct_deposit,run_03_seed_2024,0.999998927116394
3659,how do i set up my direct deposit,108,direct_deposit,108,direct_deposit,run_03_seed_2024,0.9999992847442627
3660,what's my bank of america account getting in interest,7,interest_rate,35,balance,run_03_seed_2024,0.9994852542877197
3661,where do i see what interest my mortgage has,7,interest_rate,7,interest_rate,run_03_seed_2024,0.9904181361198425
3662,is there somewhere my personal loan displays the interest rate i'm paying on it,7,interest_rate,7,interest_rate,run_03_seed_2024,0.9996532201766968
3663,what's the apr on my savings account,7,interest_rate,132,apr,run_03_seed_2024,0.9819948077201843
3664,what interest rate am i getting from bank of america,7,interest_rate,7,interest_rate,run_03_seed_2024,0.999961256980896
3665,what interest rate am i getting from wells fargo,7,interest_rate,7,interest_rate,run_03_seed_2024,0.999955415725708
3666,what interest rate is bofi giving me on my cd,7,interest_rate,7,interest_rate,run_03_seed_2024,0.9998928308486938
3667,how do i find the interest rate for my checking account,7,interest_rate,7,interest_rate,run_03_seed_2024,0.9999840259552002
3668,what interest rate am i getting from citrix,7,interest_rate,7,interest_rate,run_03_seed_2024,0.9999608993530273
3669,how can i tell what the interest rate on my money market account is,7,interest_rate,7,interest_rate,run_03_seed_2024,0.9999908208847046
3670,what's my checking account yielding in interest,7,interest_rate,35,balance,run_03_seed_2024,0.5468336343765259
3671,how much interest is my nfcu accrueing,7,interest_rate,7,interest_rate,run_03_seed_2024,0.5182868838310242
3672,what interest rate am i getting from sunflower bank,7,interest_rate,7,interest_rate,run_03_seed_2024,0.9999059438705444
3673,where do i go to find the interest rate on my savings account,7,interest_rate,7,interest_rate,run_03_seed_2024,0.9999680519104004
3674,what interest rate am i getting from nfcu,7,interest_rate,7,interest_rate,run_03_seed_2024,0.9999175071716309
3675,for my savings account i would like to know the interest rate,7,interest_rate,7,interest_rate,run_03_seed_2024,0.9985740184783936
3676,i need my checking account's interest rate,7,interest_rate,7,interest_rate,run_03_seed_2024,0.9973180890083313
3677,tell me the interest for my savings account,7,interest_rate,7,interest_rate,run_03_seed_2024,0.9890643954277039
3678,what's the interest rate on my savings account,7,interest_rate,7,interest_rate,run_03_seed_2024,0.9999910593032837
3679,i want the interest rate for my checking account,7,interest_rate,7,interest_rate,run_03_seed_2024,0.9999861717224121
3680,can i get the interest rate for my checking account,7,interest_rate,7,interest_rate,run_03_seed_2024,0.999954104423523
3681,i need to get the interest rate of my savings account,7,interest_rate,7,interest_rate,run_03_seed_2024,0.9997043013572693
3682,what's my savings account interest,7,interest_rate,7,interest_rate,run_03_seed_2024,0.8983818292617798
3683,what's my savings account interest rate,7,interest_rate,7,interest_rate,run_03_seed_2024,0.9997313618659973
3684,i would like the interest rate for my savings account,7,interest_rate,7,interest_rate,run_03_seed_2024,0.999990701675415
3685,what amount of interest does my checking account earn,7,interest_rate,27,bill_balance,run_03_seed_2024,0.7719624638557434
3686,what does my checking account at chase earn in interest,7,interest_rate,35,balance,run_03_seed_2024,0.9090868234634399
3687,what amount of interest does my checking account at chase earn,7,interest_rate,7,interest_rate,run_03_seed_2024,0.4676780700683594
3688,what interest rate does my checking account come with,7,interest_rate,7,interest_rate,run_03_seed_2024,0.9312533140182495
3689,what does chase pay in interest per year,7,interest_rate,7,interest_rate,run_03_seed_2024,0.9128369092941284
3690,when can i change my credit limit,109,credit_limit_change,109,credit_limit_change,run_03_seed_2024,0.9999412298202515
3691,can i change my credit limit,109,credit_limit_change,109,credit_limit_change,run_03_seed_2024,0.9999974966049194
3692,can i get more credit,109,credit_limit_change,109,credit_limit_change,run_03_seed_2024,0.9993185997009277
3693,i need to change the credit limit i have,109,credit_limit_change,109,credit_limit_change,run_03_seed_2024,0.9999812841415405
3694,you need to tell me how to increase credit limit for my chase card,109,credit_limit_change,109,credit_limit_change,run_03_seed_2024,0.9999704360961914
3695,need to increase credit limit for chase card,109,credit_limit_change,109,credit_limit_change,run_03_seed_2024,0.9999643564224243
3696,i need to increase credit limit for my chase card,109,credit_limit_change,109,credit_limit_change,run_03_seed_2024,0.9999955892562866
3697,please tell me how to increase credit limit for the chase card,109,credit_limit_change,109,credit_limit_change,run_03_seed_2024,0.9999678134918213
3698,tell me how to increase credit limit for chase card,109,credit_limit_change,109,credit_limit_change,run_03_seed_2024,0.9999628067016602
3699,is it possible for me to increase my credit limit by 500 dollars,109,credit_limit_change,109,credit_limit_change,run_03_seed_2024,0.9999954700469971
3700,can my credit limit be increased by 500 dollars,109,credit_limit_change,109,credit_limit_change,run_03_seed_2024,0.9999305009841919
3701,"i would like to increase my credit limit, can i do so by 500 dollars",109,credit_limit_change,109,credit_limit_change,run_03_seed_2024,0.9966463446617126
3702,may i increase my credit limit by 500 dollars,109,credit_limit_change,109,credit_limit_change,run_03_seed_2024,0.999995231628418
3703,could i perhaps increase by credit limit by 500 dollars,109,credit_limit_change,109,credit_limit_change,run_03_seed_2024,0.9999899864196777
3704,can i increase the credit limit on my mastercard,109,credit_limit_change,109,credit_limit_change,run_03_seed_2024,0.9999966621398926
3705,can i increase the credit limit on my visa card,109,credit_limit_change,109,credit_limit_change,run_03_seed_2024,0.9999967813491821
3706,can i increase the credit limit on my discover card,109,credit_limit_change,109,credit_limit_change,run_03_seed_2024,0.9999948740005493
3707,can i increase the credit limit on my capital one card,109,credit_limit_change,109,credit_limit_change,run_03_seed_2024,0.999998927116394
3708,can i increase the credit limit on my travel rewards card,109,credit_limit_change,109,credit_limit_change,run_03_seed_2024,0.999987006187439
3709,how can i get my credit limit to be increased to $1000,109,credit_limit_change,109,credit_limit_change,run_03_seed_2024,0.9998348951339722
3710,can you get my credit limit increased to $1000,109,credit_limit_change,109,credit_limit_change,run_03_seed_2024,0.9997957348823547
3711,how do i get my credit limit increased to $1000,109,credit_limit_change,109,credit_limit_change,run_03_seed_2024,0.9993539452552795
3712,how do i ask for a limit increase on my discover card,109,credit_limit_change,109,credit_limit_change,run_03_seed_2024,0.9957440495491028
3713,can i get my limit increased on my discover card,109,credit_limit_change,109,credit_limit_change,run_03_seed_2024,0.9994702935218811
3714,how can i get a limit increase on my discover card,109,credit_limit_change,109,credit_limit_change,run_03_seed_2024,0.9998897314071655
3715,who do i need to contact to ask for a credit limit increase on my discover card,109,credit_limit_change,109,credit_limit_change,run_03_seed_2024,0.9945554733276367
3716,can you increase my credit limit to $1000,109,credit_limit_change,109,credit_limit_change,run_03_seed_2024,0.999996542930603
3717,can my credit limit be increased to $1000,109,credit_limit_change,109,credit_limit_change,run_03_seed_2024,0.9998220801353455
3718,how do i adjust my credit limit,109,credit_limit_change,41,credit_limit,run_03_seed_2024,0.977780282497406
3719,how can i increase the credit limit on my discover card,109,credit_limit_change,109,credit_limit_change,run_03_seed_2024,0.9999885559082031
3720,what are your hobbies exactly,15,what_are_your_hobbies,15,what_are_your_hobbies,run_03_seed_2024,0.9999970197677612
3721,what are your hobbies in life,15,what_are_your_hobbies,15,what_are_your_hobbies,run_03_seed_2024,0.999932050704956
3722,what are some of your hobbies,15,what_are_your_hobbies,15,what_are_your_hobbies,run_03_seed_2024,0.9999959468841553
3723,i would like to know some of your hobbies,15,what_are_your_hobbies,15,what_are_your_hobbies,run_03_seed_2024,0.999993085861206
3724,would you give me examples of what some of your hobbies are,15,what_are_your_hobbies,15,what_are_your_hobbies,run_03_seed_2024,0.9999847412109375
3725,tell me what some of your hobbies are,15,what_are_your_hobbies,15,what_are_your_hobbies,run_03_seed_2024,0.9999911785125732
3726,i am needing to know what some of your hobbies are,15,what_are_your_hobbies,15,what_are_your_hobbies,run_03_seed_2024,0.9999945163726807
3727,i need you to talk to me about your hobbies,15,what_are_your_hobbies,15,what_are_your_hobbies,run_03_seed_2024,0.9998002648353577
3728,would you tell me about your hobbies,15,what_are_your_hobbies,15,what_are_your_hobbies,run_03_seed_2024,0.9999816417694092
3729,i want to talk to you about your hobbies,15,what_are_your_hobbies,15,what_are_your_hobbies,run_03_seed_2024,0.9997619986534119
3730,give me examples of what some of your hobbies are,15,what_are_your_hobbies,15,what_are_your_hobbies,run_03_seed_2024,0.9999847412109375
3731,what kinds of hobbies do you have,15,what_are_your_hobbies,15,what_are_your_hobbies,run_03_seed_2024,0.999975323677063
3732,what hobbies do you like to do,15,what_are_your_hobbies,15,what_are_your_hobbies,run_03_seed_2024,0.9999173879623413
3733,would you tell me the hobbies the ai has,15,what_are_your_hobbies,15,what_are_your_hobbies,run_03_seed_2024,0.9796226620674133
3734,what are the ai's hobbies,15,what_are_your_hobbies,15,what_are_your_hobbies,run_03_seed_2024,0.9999778270721436
3735,does the ai have hobbies,15,what_are_your_hobbies,15,what_are_your_hobbies,run_03_seed_2024,0.9997947812080383
3736,what kind of hobbies does the ai have,15,what_are_your_hobbies,15,what_are_your_hobbies,run_03_seed_2024,0.987920880317688
3737,can you tell me what hobbies the ai has,15,what_are_your_hobbies,15,what_are_your_hobbies,run_03_seed_2024,0.8357967138290405
3738,what do you engage in during your free time,15,what_are_your_hobbies,15,what_are_your_hobbies,run_03_seed_2024,0.9999798536300659
3739,what kind of things to you like to outside of work,15,what_are_your_hobbies,15,what_are_your_hobbies,run_03_seed_2024,0.6995429396629333
3740,what do you like to do during your leisure time,15,what_are_your_hobbies,15,what_are_your_hobbies,run_03_seed_2024,0.9942730069160461
3741,what kinds of activities to you participate in during your free time,15,what_are_your_hobbies,15,what_are_your_hobbies,run_03_seed_2024,0.999868631362915
3742,what do you do on off days,15,what_are_your_hobbies,15,what_are_your_hobbies,run_03_seed_2024,0.7038990259170532
3743,how to you spend your free time,15,what_are_your_hobbies,15,what_are_your_hobbies,run_03_seed_2024,0.9997634291648865
3744,what do you do after work,15,what_are_your_hobbies,57,who_do_you_work_for,run_03_seed_2024,0.7810136675834656
3745,what do you like to do besides work,15,what_are_your_hobbies,57,who_do_you_work_for,run_03_seed_2024,0.7105742692947388
3746,if you have hobbies tell me some of them,15,what_are_your_hobbies,15,what_are_your_hobbies,run_03_seed_2024,0.9682906866073608
3747,what kind of hobbies are you interested in,15,what_are_your_hobbies,15,what_are_your_hobbies,run_03_seed_2024,0.9980092644691467
3748,any hobbies you like to do,15,what_are_your_hobbies,15,what_are_your_hobbies,run_03_seed_2024,0.9998301267623901
3749,what do you enjoy doing in your off time,15,what_are_your_hobbies,15,what_are_your_hobbies,run_03_seed_2024,0.9999268054962158
3750,"book me a flight to jackson, mississippi from austin texas on american airlines",63,book_flight,63,book_flight,run_03_seed_2024,0.9999585151672363
3751,book me a place to chicago from atlanta united airlines,63,book_flight,63,book_flight,run_03_seed_2024,0.9237054586410522
3752,can you book me a flight to memphis from st louis on delta airlines,63,book_flight,63,book_flight,run_03_seed_2024,0.9999954700469971
3753,book a flight to los angeles from las vegas on american airlines,63,book_flight,63,book_flight,run_03_seed_2024,0.9994726777076721
3754,"book me a flight to dallas from st, paul, minnesota on delta airlines",63,book_flight,63,book_flight,run_03_seed_2024,0.9999947547912598
3755,i need a flight on delta from los angeles to seattle,63,book_flight,63,book_flight,run_03_seed_2024,0.9998598098754883
3756,i need to book a flight on jet blue to boston from new york,63,book_flight,63,book_flight,run_03_seed_2024,0.9990736246109009
3757,can you get me a flight from san francisco to san jose using american airlines,63,book_flight,63,book_flight,run_03_seed_2024,0.9998959302902222
3758,i want a flight from new york to san francisco using delta,63,book_flight,63,book_flight,run_03_seed_2024,0.9998612403869629
3759,get me a flight from barcelona to paris from jet blue,63,book_flight,63,book_flight,run_03_seed_2024,0.9999639987945557
3760,"""i'll be travelling from lax and headed to phl for 120 on the 10th of may",63,book_flight,63,book_flight,run_03_seed_2024,0.4601690173149109
3761,"""i'm fly out from lax to phl this weekend for around $120",63,book_flight,63,book_flight,run_03_seed_2024,0.947481095790863
3762,"""i""m headed out to lax and going to phl for a low price of $120 this weekend on the 12th",63,book_flight,88,reset_settings,run_03_seed_2024,0.5194127559661865
3763,"""i'm going on a flight from lax and going to phl, which is only $120 on june 15th",63,book_flight,63,book_flight,run_03_seed_2024,0.9713592529296875
3764,"""i'll leave to lax and go to phl for $120 on nov 5th",63,book_flight,128,travel_alert,run_03_seed_2024,0.251321941614151
3765,book me a flight from midway to jfk for less than 200 dollars,63,book_flight,63,book_flight,run_03_seed_2024,0.9999996423721313
3766,i need a flight from boston to miami for under 300 dollars,63,book_flight,63,book_flight,run_03_seed_2024,0.9999951124191284
3767,can i fly from atlanta to san francisco for less than 100 dollars,63,book_flight,63,book_flight,run_03_seed_2024,0.956952691078186
3768,book a flight from new york to la for less than 200 dollars,63,book_flight,63,book_flight,run_03_seed_2024,0.9999439716339111
3769,find me a flight from seattle to detroit for less than 200 dollars,63,book_flight,63,book_flight,run_03_seed_2024,0.9999964237213135
3770,i want to a book a roundtrip flight from san antonio to dtw departing on friday and returning on wednesday,63,book_flight,63,book_flight,run_03_seed_2024,0.9999926090240479
3771,i'm looking for a flight from billings to cleveland on may 2 and a return on may 9,63,book_flight,63,book_flight,run_03_seed_2024,0.9999421834945679
3772,i'm looking for flights that depart on the 3rd and return on z from monday to friday,63,book_flight,63,book_flight,run_03_seed_2024,0.8655266165733337
3773,what roundtrip flights from orlando to vegas are available from thursday to monday,63,book_flight,63,book_flight,run_03_seed_2024,0.9992745518684387
3774,are there any roundtrip flights from shanghai to seatac that depart on wednesday and return on the thirty first,63,book_flight,63,book_flight,run_03_seed_2024,0.9999443292617798
3775,make sure i get a delta flight from pittsburgh to arizona,63,book_flight,63,book_flight,run_03_seed_2024,0.999629020690918
3776,book a delta flight to arizona from pittsburgh,63,book_flight,63,book_flight,run_03_seed_2024,0.9989370703697205
3777,schedule a flight from pittsburgh to arizona on delta,63,book_flight,63,book_flight,run_03_seed_2024,0.9999552965164185
3778,i want to fly to atlanta for under 300 from pittsburgh,63,book_flight,63,book_flight,run_03_seed_2024,0.9970075488090515
3779,i need a flight for under 300 from pittsburgh to atlanta,63,book_flight,63,book_flight,run_03_seed_2024,0.9999997615814209
3780,does my shopping list have pop tarts,43,shopping_list,43,shopping_list,run_03_seed_2024,0.999961256980896
3781,can you check to see if my shopping list already has milk,43,shopping_list,43,shopping_list,run_03_seed_2024,0.9988409876823425
3782,did i remember to put oatmeal on my list,43,shopping_list,48,todo_list,run_03_seed_2024,0.9664889574050903
3783,iterate over the items on my grocery list,43,shopping_list,48,todo_list,run_03_seed_2024,0.927804708480835
3784,tell me what i have on my shopping list,43,shopping_list,43,shopping_list,run_03_seed_2024,0.9999933242797852
3785,do i have twinkies on the grocery list,43,shopping_list,48,todo_list,run_03_seed_2024,0.9764769673347473
3786,have i already got eggs down on the shopping list,43,shopping_list,16,order,run_03_seed_2024,0.7651859521865845
3787,recite the items i'm planning to purchase,43,shopping_list,48,todo_list,run_03_seed_2024,0.5786685943603516
3788,what do i currently have on my shopping list,43,shopping_list,43,shopping_list,run_03_seed_2024,0.999995231628418
3789,what's on my to-buy list,43,shopping_list,48,todo_list,run_03_seed_2024,0.9912424087524414
3790,what's on my purchase list,43,shopping_list,48,todo_list,run_03_seed_2024,0.9895555377006531
3791,do i have to buy milk,43,shopping_list,43,shopping_list,run_03_seed_2024,0.9560176134109497
3792,is milk on my shopping list,43,shopping_list,43,shopping_list,run_03_seed_2024,0.9999169111251831
3793,is milk one of my shopping list items,43,shopping_list,43,shopping_list,run_03_seed_2024,0.9987499713897705
3794,am i supposed to buy milk,43,shopping_list,43,shopping_list,run_03_seed_2024,0.865002453327179
3795,is milk one of the things i need to buy,43,shopping_list,8,gas_type,run_03_seed_2024,0.7840186357498169
3796,tell me what's is on my shopping list,43,shopping_list,43,shopping_list,run_03_seed_2024,0.9999895095825195
3797,please read my shopping list,43,shopping_list,43,shopping_list,run_03_seed_2024,0.999988317489624
3798,did you put carrots on the shopping list,43,shopping_list,125,shopping_list_update,run_03_seed_2024,0.9932611584663391
3799,does the shopping list have apples on it,43,shopping_list,43,shopping_list,run_03_seed_2024,0.9994100332260132
3800,are carrots added to the grocery list,43,shopping_list,125,shopping_list_update,run_03_seed_2024,0.9960636496543884
3801,is garlic on my grocery list,43,shopping_list,43,shopping_list,run_03_seed_2024,0.6698405146598816
3802,did carrots get on my shopping list,43,shopping_list,43,shopping_list,run_03_seed_2024,0.9996702671051025
3803,what things are on my shopping list today,43,shopping_list,43,shopping_list,run_03_seed_2024,0.9999270439147949
3804,tell me the items in my shopping list,43,shopping_list,43,shopping_list,run_03_seed_2024,0.9999886751174927
3805,what does my shopping list contain,43,shopping_list,43,shopping_list,run_03_seed_2024,0.9999918937683105
3806,i need to know what's on my shopping list,43,shopping_list,43,shopping_list,run_03_seed_2024,0.9999831914901733
3807,what is on the shopping list,43,shopping_list,43,shopping_list,run_03_seed_2024,0.9999761581420898
3808,please let me know what is on my shopping list,43,shopping_list,43,shopping_list,run_03_seed_2024,0.9999892711639404
3809,let me know what's on my shopping list,43,shopping_list,43,shopping_list,run_03_seed_2024,0.9999912977218628
3810,"text chrissy, i'm on my way",26,text,26,text,run_03_seed_2024,0.9990867376327515
3811,"text dave, i'll be there soon",26,text,26,text,run_03_seed_2024,0.9996086955070496
3812,send davis a text i'll be there in a few,26,text,26,text,run_03_seed_2024,0.9999910593032837
3813,text laura i'll be late for dinner,26,text,26,text,run_03_seed_2024,0.9998433589935303
3814,"text mike, ""i'm running late",26,text,26,text,run_03_seed_2024,0.9909656047821045
3815,tell jim i'm coming home soon,26,text,114,goodbye,run_03_seed_2024,0.384457528591156
3816,i want to tell susan that the meeting has been cancelled,26,text,19,meeting_schedule,run_03_seed_2024,0.6165212988853455
3817,tell fred that i don't have his guitar,26,text,13,repeat,run_03_seed_2024,0.6288444399833679
3818,could you send a text to bill saying no,26,text,26,text,run_03_seed_2024,0.999184787273407
3819,text mark hello,26,text,26,text,run_03_seed_2024,0.9999229907989502
3820,text emily,26,text,26,text,run_03_seed_2024,0.9999452829360962
3821,please text john,26,text,26,text,run_03_seed_2024,0.9999749660491943
3822,i want you to text mark,26,text,26,text,run_03_seed_2024,0.9995728135108948
3823,get a text to mark,26,text,26,text,run_03_seed_2024,0.9998794794082642
3824,can you text walt and tell him to meet me at the car wash,26,text,26,text,run_03_seed_2024,0.9999266862869263
3825,text courtney and inform her about the detour,26,text,26,text,run_03_seed_2024,0.9998613595962524
3826,text dan and tell him to go home,26,text,26,text,run_03_seed_2024,0.999992847442627
3827,text samantha and let her know i will arrive in 10 minutes,26,text,26,text,run_03_seed_2024,0.9795764684677124
3828,text katy and tell her i love her,26,text,26,text,run_03_seed_2024,0.9999659061431885
3829,text jean and tell him to call work,26,text,26,text,run_03_seed_2024,0.9999817609786987
3830,text steve and tell him i am running late,26,text,26,text,run_03_seed_2024,0.999994158744812
3831,i'd like you to text marie and let her know to meet me at the hospital,26,text,26,text,run_03_seed_2024,0.9996978044509888
3832,text jeff and tell him to pay the bill,26,text,26,text,run_03_seed_2024,0.9999700784683228
3833,text mark and tell him to leave now,26,text,26,text,run_03_seed_2024,0.9999948740005493
3834,send jack a text saying hi,26,text,26,text,run_03_seed_2024,0.9999896287918091
3835,send a text that says hi to abby,26,text,26,text,run_03_seed_2024,0.9999982118606567
3836,"i'd like to send a text to jack, say ""hi",26,text,26,text,run_03_seed_2024,0.999902606010437
3837,can you text dave and tell him i like his paper,26,text,26,text,run_03_seed_2024,0.9987025260925293
3838,can you text mary and tell her she is amazing,26,text,26,text,run_03_seed_2024,0.9999949932098389
3839,can you text bill and tell him i love him,26,text,26,text,run_03_seed_2024,0.9998854398727417
3840,what do i owe to jcp,27,bill_balance,27,bill_balance,run_03_seed_2024,0.885611355304718
3841,what is the amount due on my visa,27,bill_balance,41,credit_limit,run_03_seed_2024,0.4681966304779053
3842,how much do i owe visa,27,bill_balance,35,balance,run_03_seed_2024,0.5727577209472656
3843,how much do you think my rent and electric bills are,27,bill_balance,27,bill_balance,run_03_seed_2024,0.9999639987945557
3844,what would you say my gas and phone bills are at,27,bill_balance,27,bill_balance,run_03_seed_2024,0.9835327863693237
3845,i need to know the price of my car payment and insurance please,27,bill_balance,17,jump_start,run_03_seed_2024,0.5209174156188965
3846,what price is my credit card and my water bill at,27,bill_balance,56,bill_due,run_03_seed_2024,0.947698175907135
3847,how much is my water and sewer,27,bill_balance,42,oos,run_03_seed_2024,0.8972272276878357
3848,how much do i need to pay for my electricity and water bills,27,bill_balance,27,bill_balance,run_03_seed_2024,0.9999234676361084
3849,what is the cost of my rent and water bills,27,bill_balance,27,bill_balance,run_03_seed_2024,0.9999101161956787
3850,how much are my rent and cable,27,bill_balance,27,bill_balance,run_03_seed_2024,0.9998961687088013
3851,how much does my water and electricity cost,27,bill_balance,27,bill_balance,run_03_seed_2024,0.996195912361145
3852,what do i owe this month on all my bills,27,bill_balance,27,bill_balance,run_03_seed_2024,0.9999741315841675
3853,"i think all my bills are paid, but can you double check",27,bill_balance,48,todo_list,run_03_seed_2024,0.5920734405517578
3854,"i think i owe about 100 left on my bills, am i forgetting anything",27,bill_balance,111,pay_bill,run_03_seed_2024,0.23193296790122986
3855,what are my bills this month,27,bill_balance,27,bill_balance,run_03_seed_2024,0.9878414273262024
3856,what does my cable bill look like,27,bill_balance,27,bill_balance,run_03_seed_2024,0.9404180645942688
3857,has my electricity bill increased this month how much,27,bill_balance,27,bill_balance,run_03_seed_2024,0.9996641874313354
3858,how expensive is my internet,27,bill_balance,42,oos,run_03_seed_2024,0.6713704466819763
3859,how much will my monthly bill be,27,bill_balance,27,bill_balance,run_03_seed_2024,0.9962819218635559
3860,what are my total bills this month,27,bill_balance,27,bill_balance,run_03_seed_2024,0.9972172975540161
3861,what will i be paying for utilities this month,27,bill_balance,93,income,run_03_seed_2024,0.36561036109924316
3862,how much is my telephone bill this month,27,bill_balance,27,bill_balance,run_03_seed_2024,0.966072142124176
3863,how much is due for my water bill,27,bill_balance,27,bill_balance,run_03_seed_2024,0.979373574256897
3864,how much do i have to pay this month,27,bill_balance,27,bill_balance,run_03_seed_2024,0.5487414002418518
3865,tell me my water bill please,27,bill_balance,27,bill_balance,run_03_seed_2024,0.9266600608825684
3866,is the phone bill the same as last month,27,bill_balance,25,make_call,run_03_seed_2024,0.48280248045921326
3867,whens my insurance due and how much does it cost,27,bill_balance,56,bill_due,run_03_seed_2024,0.734434187412262
3868,how much is the car bill this month,27,bill_balance,27,bill_balance,run_03_seed_2024,0.9918071627616882
3869,what is the electricity bill,27,bill_balance,27,bill_balance,run_03_seed_2024,0.9998908042907715
3870,can i share my location with david,58,share_location,58,share_location,run_03_seed_2024,0.9999866485595703
3871,please send my location to kevin and also to lucy,58,share_location,58,share_location,run_03_seed_2024,0.9999806880950928
3872,how do i share my location with kate and mike,58,share_location,58,share_location,run_03_seed_2024,0.9999948740005493
3873,can you let michael and julie know my location,58,share_location,58,share_location,run_03_seed_2024,0.999991774559021
3874,please let lisa and chris know my location information,58,share_location,58,share_location,run_03_seed_2024,0.9999839067459106
3875,make my location available with david and kate,58,share_location,58,share_location,run_03_seed_2024,0.9998586177825928
3876,i need to give my location to macy and george,58,share_location,58,share_location,run_03_seed_2024,0.9999256134033203
3877,i'd like for this person to know my location,58,share_location,136,current_location,run_03_seed_2024,0.999887228012085
3878,can you indicate my location to my friend,58,share_location,58,share_location,run_03_seed_2024,0.9979223608970642
3879,share my location with this person,58,share_location,58,share_location,run_03_seed_2024,0.9999896287918091
3880,send my location to this individual,58,share_location,58,share_location,run_03_seed_2024,0.9999920129776001
3881,what is my current location,58,share_location,136,current_location,run_03_seed_2024,0.9999871253967285
3882,share location with john,58,share_location,58,share_location,run_03_seed_2024,0.9994516968727112
3883,give ann and scott my location,58,share_location,58,share_location,run_03_seed_2024,0.9907907247543335
3884,could you inform ann and scott of my location,58,share_location,58,share_location,run_03_seed_2024,0.9583360552787781
3885,let ann and scott know where i am,58,share_location,58,share_location,run_03_seed_2024,0.9999545812606812
3886,will you make sure ann and scott know my location,58,share_location,58,share_location,run_03_seed_2024,0.9906129837036133
3887,tell ann and scott where i am,58,share_location,58,share_location,run_03_seed_2024,0.9894502758979797
3888,tell david my location,58,share_location,58,share_location,run_03_seed_2024,0.986280083656311
3889,send david my location,58,share_location,58,share_location,run_03_seed_2024,0.9996765851974487
3890,tell my location to david,58,share_location,58,share_location,run_03_seed_2024,0.9999191761016846
3891,tell david where i am,58,share_location,58,share_location,run_03_seed_2024,0.9593672156333923
3892,share location with david,58,share_location,58,share_location,run_03_seed_2024,0.9998974800109863
3893,show allison how to get to me,58,share_location,64,insurance_change,run_03_seed_2024,0.6328441500663757
3894,send my location to sis,58,share_location,58,share_location,run_03_seed_2024,0.9999961853027344
3895,show cody where i am,58,share_location,58,share_location,run_03_seed_2024,0.9950423240661621
3896,share my location to susan,58,share_location,58,share_location,run_03_seed_2024,0.9999933242797852
3897,share my current location with kristen,58,share_location,58,share_location,run_03_seed_2024,0.9999942779541016
3898,send sarah my current location,58,share_location,58,share_location,run_03_seed_2024,0.9964929223060608
3899,please send my location to rob and mary,58,share_location,58,share_location,run_03_seed_2024,0.9999737739562988
3900,how do i get stuff with visa points,6,redeem_rewards,6,redeem_rewards,run_03_seed_2024,0.4284875988960266
3901,what are my mastercard points good for,6,redeem_rewards,50,rewards_balance,run_03_seed_2024,0.8769855499267578
3902,how many points do i have to cash,6,redeem_rewards,6,redeem_rewards,run_03_seed_2024,0.7832332253456116
3903,where can i cash out my card points,6,redeem_rewards,6,redeem_rewards,run_03_seed_2024,0.9999549388885498
3904,what do i have to do to use my credit points acquired through purchases,6,redeem_rewards,6,redeem_rewards,run_03_seed_2024,0.9993821382522583
3905,how do i use my card reward points for my next flight,6,redeem_rewards,6,redeem_rewards,run_03_seed_2024,0.9984003901481628
3906,how do i go about getting cash for my card points accumulated,6,redeem_rewards,6,redeem_rewards,run_03_seed_2024,0.9996353387832642
3907,tell me how to get my points from credit card use cashed in,6,redeem_rewards,6,redeem_rewards,run_03_seed_2024,0.9999858140945435
3908,i want to use my card reward points,6,redeem_rewards,6,redeem_rewards,run_03_seed_2024,0.9997456669807434
3909,can i redeem my points by transferring them to someone as a gift,6,redeem_rewards,6,redeem_rewards,run_03_seed_2024,0.999699592590332
3910,can i redeem my points on gas,6,redeem_rewards,6,redeem_rewards,run_03_seed_2024,0.9917998909950256
3911,can i redeem my points for flights,6,redeem_rewards,6,redeem_rewards,run_03_seed_2024,0.9997639060020447
3912,can i get cash back for my points,6,redeem_rewards,6,redeem_rewards,run_03_seed_2024,0.9999308586120605
3913,can i use my points to pay my credit card,6,redeem_rewards,6,redeem_rewards,run_03_seed_2024,0.9701558947563171
3914,what are the steps to get my rewards for my visa card,6,redeem_rewards,50,rewards_balance,run_03_seed_2024,0.9999730587005615
3915,how can i cash out my rewards for a visa card,6,redeem_rewards,6,redeem_rewards,run_03_seed_2024,0.9858216643333435
3916,how can i claim my rewards for my visa card,6,redeem_rewards,50,rewards_balance,run_03_seed_2024,0.9819802045822144
3917,how can i get my rewards for my master card,6,redeem_rewards,50,rewards_balance,run_03_seed_2024,0.9999903440475464
3918,where would i get my rewards for my master card,6,redeem_rewards,50,rewards_balance,run_03_seed_2024,0.9999717473983765
3919,let me cash my credit rewards,6,redeem_rewards,6,redeem_rewards,run_03_seed_2024,0.9078486561775208
3920,help me redeem my reward points,6,redeem_rewards,6,redeem_rewards,run_03_seed_2024,0.9840103983879089
3921,put in a request for cashing in credit points,6,redeem_rewards,97,pto_request,run_03_seed_2024,0.5839412212371826
3922,i want to use my credit rewards now,6,redeem_rewards,6,redeem_rewards,run_03_seed_2024,0.9988083839416504
3923,i need to use my credit points,6,redeem_rewards,6,redeem_rewards,run_03_seed_2024,0.9999630451202393
3924,i need to redeem my visa points,6,redeem_rewards,6,redeem_rewards,run_03_seed_2024,0.9559219479560852
3925,whats the policy to redeem my visa reward points,6,redeem_rewards,6,redeem_rewards,run_03_seed_2024,0.9991917014122009
3926,what can i get with my mastercard points,6,redeem_rewards,6,redeem_rewards,run_03_seed_2024,0.9810312390327454
3927,how do i cash in my amex reward points,6,redeem_rewards,6,redeem_rewards,run_03_seed_2024,0.9999918937683105
3928,how do i redeem my visa points,6,redeem_rewards,6,redeem_rewards,run_03_seed_2024,0.9997209906578064
3929,i want to shop using credit card points,6,redeem_rewards,6,redeem_rewards,run_03_seed_2024,0.9999885559082031
3930,play the song called baby shark,106,play_music,106,play_music,run_03_seed_2024,0.9955682158470154
3931,play the song called wreckless love,106,play_music,106,play_music,run_03_seed_2024,0.9886077046394348
3932,play the song called i want it that way,106,play_music,106,play_music,run_03_seed_2024,0.995109498500824
3933,play the song called dancing on the ceiling,106,play_music,106,play_music,run_03_seed_2024,0.7211901545524597
3934,play the song called amazing grace,106,play_music,106,play_music,run_03_seed_2024,0.9413466453552246
3935,get me my slow sounds,106,play_music,89,pin_change,run_03_seed_2024,0.13918182253837585
3936,let me hear my slow songs,106,play_music,48,todo_list,run_03_seed_2024,0.8444472551345825
3937,pull up the songs under slow,106,play_music,42,oos,run_03_seed_2024,0.30687278509140015
3938,i want to hear my slow playlist,106,play_music,106,play_music,run_03_seed_2024,0.9986371397972107
3939,i'm in the mood for slow songs and nothing else,106,play_music,121,maybe,run_03_seed_2024,0.6841707229614258
3940,"the song that goes, ""starships were meant to fly"", play it",106,play_music,108,direct_deposit,run_03_seed_2024,0.3861202001571655
3941,"please play that song that goes, ""starships were meant to fly",106,play_music,106,play_music,run_03_seed_2024,0.942757248878479
3942,"play the song that goes, ""starships were meant to fly",106,play_music,118,next_song,run_03_seed_2024,0.9422516226768494
3943,"can you play the song that goes like, ""starships were meant to fly",106,play_music,106,play_music,run_03_seed_2024,0.9291305541992188
3944,"will you play the song that goes like, ""starships were meant to fly",106,play_music,106,play_music,run_03_seed_2024,0.9789878129959106
3945,drop some beats,106,play_music,25,make_call,run_03_seed_2024,0.5277110934257507
3946,turn on top 20 country hits,106,play_music,10,smart_home,run_03_seed_2024,0.6937861442565918
3947,turn on my tunes,106,play_music,10,smart_home,run_03_seed_2024,0.9864343404769897
3948,please play music by acdc,106,play_music,106,play_music,run_03_seed_2024,0.9999996423721313
3949,play oldschool rap,106,play_music,106,play_music,run_03_seed_2024,0.9948084950447083
3950,put on some metallica music,106,play_music,106,play_music,run_03_seed_2024,0.9900916814804077
3951,play music by ludacris,106,play_music,106,play_music,run_03_seed_2024,0.9999954700469971
3952,bump some jams,106,play_music,42,oos,run_03_seed_2024,0.5609385967254639
3953,play ludacris hits,106,play_music,106,play_music,run_03_seed_2024,0.9936789870262146
3954,play a song,106,play_music,106,play_music,run_03_seed_2024,0.9981527924537659
3955,turn on metallicas greatest hits,106,play_music,150,change_volume,run_03_seed_2024,0.40738704800605774
3956,put on my 90s playlist,106,play_music,106,play_music,run_03_seed_2024,0.8427779674530029
3957,can you play music by led zepplin,106,play_music,106,play_music,run_03_seed_2024,0.9999990463256836
3958,lets play some music by korn,106,play_music,106,play_music,run_03_seed_2024,0.999993085861206
3959,do play the music by linkin park,106,play_music,106,play_music,run_03_seed_2024,0.999994158744812
3960,i need to add something to my calendar for next tuesday,105,calendar_update,105,calendar_update,run_03_seed_2024,0.999970555305481
3961,please clear my calendar,105,calendar_update,105,calendar_update,run_03_seed_2024,0.9999743700027466
3962,take the doctor appointment off my calendar please,105,calendar_update,105,calendar_update,run_03_seed_2024,0.9999809265136719
3963,can you add an event to my calendar,105,calendar_update,105,calendar_update,run_03_seed_2024,0.9999421834945679
3964,erase all events on friday from my calendar,105,calendar_update,105,calendar_update,run_03_seed_2024,0.9999908208847046
3965,remove jess's party from my calendar,105,calendar_update,105,calendar_update,run_03_seed_2024,0.9999560117721558
3966,delete all calendar entries on march 3,105,calendar_update,105,calendar_update,run_03_seed_2024,0.9999651908874512
3967,delete dentist from my calendar,105,calendar_update,105,calendar_update,run_03_seed_2024,0.9999126195907593
3968,cancel doctors appointment from my calendar,105,calendar_update,105,calendar_update,run_03_seed_2024,0.9562931060791016
3969,erase meeting with jeff from my calendar,105,calendar_update,105,calendar_update,run_03_seed_2024,0.9995778203010559
3970,clear my calendar on feb 28,105,calendar_update,105,calendar_update,run_03_seed_2024,0.9999698400497437
3971,cancel event scheduled for this afternoon,105,calendar_update,147,cancel,run_03_seed_2024,0.6202200651168823
3972,please take off my calendar on saturday the 6th birthday party for john,105,calendar_update,105,calendar_update,run_03_seed_2024,0.9999978542327881
3973,i want to take the 8am meeting with sam on monday the 5th off my calendar,105,calendar_update,105,calendar_update,run_03_seed_2024,0.9998899698257446
3974,please remove lunch with sally that is on my calendar on tuesday the 8th,105,calendar_update,105,calendar_update,run_03_seed_2024,0.9999949932098389
3975,i need buy a birthday gift for sue taken off my calendar it is on monday or tuesday last week,105,calendar_update,105,calendar_update,run_03_seed_2024,0.9990463852882385
3976,will you remove the dinner with june on saturday the 4th at 7pm from my calendar,105,calendar_update,105,calendar_update,run_03_seed_2024,0.9991387128829956
3977,can you cancel improv class from my calendar for may 7th,105,calendar_update,105,calendar_update,run_03_seed_2024,0.9984152317047119
3978,clear my calendar for may 3rd,105,calendar_update,105,calendar_update,run_03_seed_2024,0.9999810457229614
3979,take work from my calendar for may 7th,105,calendar_update,105,calendar_update,run_03_seed_2024,0.9997473359107971
3980,clear my calendar for september 6th,105,calendar_update,105,calendar_update,run_03_seed_2024,0.9999681711196899
3981,delete jury duty from my calendar for may 7th,105,calendar_update,105,calendar_update,run_03_seed_2024,0.999880313873291
3982,remove fencing from my calendar for may 7th,105,calendar_update,105,calendar_update,run_03_seed_2024,0.9999872446060181
3983,clear my calendar for february 29th,105,calendar_update,105,calendar_update,run_03_seed_2024,0.9999861717224121
3984,clear my calendar for april 20th,105,calendar_update,105,calendar_update,run_03_seed_2024,0.9999676942825317
3985,clear my calendar for november 11th,105,calendar_update,105,calendar_update,run_03_seed_2024,0.9999908208847046
3986,remove wrestlemania from my calendar for may 7th,105,calendar_update,105,calendar_update,run_03_seed_2024,0.9999676942825317
3987,what can i do to get rid of this event,105,calendar_update,105,calendar_update,run_03_seed_2024,0.7626626491546631
3988,what is the best way to remove this appointment,105,calendar_update,72,directions,run_03_seed_2024,0.19584043323993683
3989,friday needs to be clear on my calendar,105,calendar_update,105,calendar_update,run_03_seed_2024,0.9998775720596313
3990,tell me if you are a human or are a computer,117,are_you_a_bot,117,are_you_a_bot,run_03_seed_2024,0.9999943971633911
3991,would you tell me if you are a human or are a computer,117,are_you_a_bot,117,are_you_a_bot,run_03_seed_2024,0.9999977350234985
3992,provide me with the knowledge of whether you are a human or are a computer,117,are_you_a_bot,117,are_you_a_bot,run_03_seed_2024,0.9999806880950928
3993,let me know if you are a human or are a computer,117,are_you_a_bot,117,are_you_a_bot,run_03_seed_2024,0.9999934434890747
3994,i need to know whether you are a human or are a computer,117,are_you_a_bot,117,are_you_a_bot,run_03_seed_2024,0.9999874830245972
3995,are you real,117,are_you_a_bot,117,are_you_a_bot,run_03_seed_2024,0.9999822378158569
3996,can you tell me if your a bot,117,are_you_a_bot,117,are_you_a_bot,run_03_seed_2024,0.9998469352722168
3997,i want to know if your a bot,117,are_you_a_bot,117,are_you_a_bot,run_03_seed_2024,0.9999067783355713
3998,is this a bot,117,are_you_a_bot,117,are_you_a_bot,run_03_seed_2024,0.9984568357467651
3999,i think your a bot,117,are_you_a_bot,117,are_you_a_bot,run_03_seed_2024,0.9818060398101807
4000,is it true your a real person,117,are_you_a_bot,117,are_you_a_bot,run_03_seed_2024,0.9998437166213989
4001,are you a person that's real,117,are_you_a_bot,117,are_you_a_bot,run_03_seed_2024,0.9999769926071167
4002,are you actually a person,117,are_you_a_bot,117,are_you_a_bot,run_03_seed_2024,0.9999510049819946
4003,are you really real,117,are_you_a_bot,117,are_you_a_bot,run_03_seed_2024,0.9998179078102112
4004,your a bot aren't you,117,are_you_a_bot,117,are_you_a_bot,run_03_seed_2024,0.9956899285316467
4005,could you be human,117,are_you_a_bot,117,are_you_a_bot,run_03_seed_2024,0.9671704769134521
4006,could you be a person,117,are_you_a_bot,117,are_you_a_bot,run_03_seed_2024,0.9998472929000854
4007,are you human,117,are_you_a_bot,117,are_you_a_bot,run_03_seed_2024,0.999950647354126
4008,are you a human or ai computer based,117,are_you_a_bot,117,are_you_a_bot,run_03_seed_2024,0.9999990463256836
4009,would you call yourself a human or a computer,117,are_you_a_bot,117,are_you_a_bot,run_03_seed_2024,0.9997536540031433
4010,how do you describe yourself: as a computer or a human,117,are_you_a_bot,117,are_you_a_bot,run_03_seed_2024,0.9992507100105286
4011,are you computer or human,117,are_you_a_bot,117,are_you_a_bot,run_03_seed_2024,0.9999738931655884
4012,would most people say you are a computer or a human,117,are_you_a_bot,117,are_you_a_bot,run_03_seed_2024,0.9999982118606567
4013,are you real or a computer,117,are_you_a_bot,117,are_you_a_bot,run_03_seed_2024,0.9999983310699463
4014,are you a computer generated voice,117,are_you_a_bot,51,change_accent,run_03_seed_2024,0.9977037310600281
4015,am i talking to a real live person,117,are_you_a_bot,117,are_you_a_bot,run_03_seed_2024,0.9999867677688599
4016,is your voice from a human or is it synthesized,117,are_you_a_bot,117,are_you_a_bot,run_03_seed_2024,0.7299425005912781
4017,are you a person or artificial intelligence,117,are_you_a_bot,117,are_you_a_bot,run_03_seed_2024,0.999535322189331
4018,could you tell me if you're a real person,117,are_you_a_bot,117,are_you_a_bot,run_03_seed_2024,0.9999195337295532
4019,are you a person or robot,117,are_you_a_bot,117,are_you_a_bot,run_03_seed_2024,0.9999942779541016
4020,can i get to work on my fuel tank,110,gas,110,gas,run_03_seed_2024,0.999767005443573
4021,can i get to susan's house with my current tank,110,gas,110,gas,run_03_seed_2024,0.7758528590202332
4022,do i have enough gas to get home,110,gas,110,gas,run_03_seed_2024,0.9999954700469971
4023,do i have enough fuel to travel to san diego from here,110,gas,110,gas,run_03_seed_2024,0.9474079012870789
4024,will i make it to my current destination on this fuel tank,110,gas,110,gas,run_03_seed_2024,0.9904378056526184
4025,can i make it to los angeles with this fuel level,110,gas,110,gas,run_03_seed_2024,0.9996640682220459
4026,can i reach seattle with this amount of fuel,110,gas,8,gas_type,run_03_seed_2024,0.5066057443618774
4027,do i have enough gas in my tank to make it to washington dc,110,gas,110,gas,run_03_seed_2024,0.9998531341552734
4028,do i have enough gas in my car to make it to dallas,110,gas,110,gas,run_03_seed_2024,0.999946117401123
4029,will i run out of gas before i reach atlantic city,110,gas,110,gas,run_03_seed_2024,0.9978523254394531
4030,tell me where my gas tank is,110,gas,110,gas,run_03_seed_2024,0.9999077320098877
4031,where can i find my gas tank,110,gas,110,gas,run_03_seed_2024,0.9997254014015198
4032,where is my gas tank located,110,gas,110,gas,run_03_seed_2024,0.9997968077659607
4033,how many gallons do i have left in my gas tank,110,gas,110,gas,run_03_seed_2024,0.9999940395355225
4034,how's my gasoline how much do i have left,110,gas,35,balance,run_03_seed_2024,0.4210548400878906
4035,what percentage full is my gas tank,110,gas,110,gas,run_03_seed_2024,0.9999986886978149
4036,how full or empty is my tank of gas,110,gas,110,gas,run_03_seed_2024,0.9987947940826416
4037,how much gas do i have left in my tank,110,gas,110,gas,run_03_seed_2024,0.9983534812927246
4038,how full is my gas tank,110,gas,110,gas,run_03_seed_2024,0.9999974966049194
4039,how many more miles can i drive on my current tank,110,gas,110,gas,run_03_seed_2024,0.9996633529663086
4040,how much gas is left in my car,110,gas,110,gas,run_03_seed_2024,0.99997878074646
4041,how full is the gas tank,110,gas,110,gas,run_03_seed_2024,0.9999529123306274
4042,what does the gas meter read,110,gas,110,gas,run_03_seed_2024,0.9949916005134583
4043,how much of the gas do i have left,110,gas,110,gas,run_03_seed_2024,0.9988635778427124
4044,how much gas do i have here,110,gas,110,gas,run_03_seed_2024,0.9959547519683838
4045,how much gas do i have in the tank,110,gas,110,gas,run_03_seed_2024,0.9999974966049194
4046,can you tell me how much gas is in my tank,110,gas,110,gas,run_03_seed_2024,0.9999969005584717
4047,tell me my gas tank levels,110,gas,110,gas,run_03_seed_2024,0.9999823570251465
4048,what is the data of my gas tank,110,gas,110,gas,run_03_seed_2024,0.9999867677688599
4049,how much gas do i have in my tank,110,gas,110,gas,run_03_seed_2024,0.999942421913147
4050,"i want to bring my card on the texas trip in june, will it be expired by then",44,expiration_date,87,damaged_card,run_03_seed_2024,0.5780450701713562
4051,"what's the month, year, and day that my card expires",44,expiration_date,44,expiration_date,run_03_seed_2024,0.9999923706054688
4052,"does my card ending in 1234, or any of my cards, expire soon",44,expiration_date,44,expiration_date,run_03_seed_2024,0.9769531488418579
4053,"does my card have an expiration date and if so, what is it",44,expiration_date,44,expiration_date,run_03_seed_2024,0.9716382622718811
4054,"when does my card expire, the one ending in 1234",44,expiration_date,90,replacement_card_duration,run_03_seed_2024,0.8342497944831848
4055,give me my credit card expiration date,44,expiration_date,44,expiration_date,run_03_seed_2024,0.9999898672103882
4056,what is the expiration month and year on my credit car,44,expiration_date,44,expiration_date,run_03_seed_2024,0.8630160093307495
4057,when is the date of expiration for my first bank card,44,expiration_date,44,expiration_date,run_03_seed_2024,0.9997250437736511
4058,what is the expiration month of my card,44,expiration_date,44,expiration_date,run_03_seed_2024,0.9999741315841675
4059,what is the expiration date of my credit card,44,expiration_date,44,expiration_date,run_03_seed_2024,0.9999552965164185
4060,let me know when my credit card expire,44,expiration_date,44,expiration_date,run_03_seed_2024,0.9999514818191528
4061,when will my citi card expire,44,expiration_date,44,expiration_date,run_03_seed_2024,0.999675989151001
4062,when is my credit card expire,44,expiration_date,44,expiration_date,run_03_seed_2024,0.9999896287918091
4063,when is the expiration month for my card,44,expiration_date,44,expiration_date,run_03_seed_2024,0.9999496936798096
4064,when is the expiration date of my credit card,44,expiration_date,44,expiration_date,run_03_seed_2024,0.9999964237213135
4065,what is the expiration date on my chase card,44,expiration_date,44,expiration_date,run_03_seed_2024,0.9999514818191528
4066,when is the expiration date for me discover,44,expiration_date,44,expiration_date,run_03_seed_2024,0.9913281798362732
4067,when it my citi card expired,44,expiration_date,44,expiration_date,run_03_seed_2024,0.9953582882881165
4068,when is my card expired,44,expiration_date,44,expiration_date,run_03_seed_2024,0.9916785955429077
4069,tell me the expiration date on my credit card,44,expiration_date,44,expiration_date,run_03_seed_2024,0.999937891960144
4070,what month is my card expired in,44,expiration_date,44,expiration_date,run_03_seed_2024,0.9528452157974243
4071,how soon does my credit card expire,44,expiration_date,44,expiration_date,run_03_seed_2024,0.9998434782028198
4072,when will my new credit card arrive,44,expiration_date,90,replacement_card_duration,run_03_seed_2024,0.9999881982803345
4073,what month does my credit card expire,44,expiration_date,44,expiration_date,run_03_seed_2024,0.9999145269393921
4074,what is the date when my visa card will expire,44,expiration_date,44,expiration_date,run_03_seed_2024,0.999995231628418
4075,can you tell me what the date of expiry for my visa card is,44,expiration_date,44,expiration_date,run_03_seed_2024,0.999559223651886
4076,tell me the expiration date for my visa card,44,expiration_date,44,expiration_date,run_03_seed_2024,0.9999792575836182
4077,show me the expiration date for my visa card,44,expiration_date,44,expiration_date,run_03_seed_2024,0.9999314546585083
4078,where should i look for my credit card expiration day,44,expiration_date,44,expiration_date,run_03_seed_2024,0.9873599410057068
4079,when will my credit card no longer be good,44,expiration_date,44,expiration_date,run_03_seed_2024,0.9891217350959778
4080,add to my motivational playlist rap god,141,update_playlist,141,update_playlist,run_03_seed_2024,0.99991774559021
4081,include rap god on the motivational playlist,141,update_playlist,141,update_playlist,run_03_seed_2024,0.7479220032691956
4082,move rap god to my motivational playlist,141,update_playlist,141,update_playlist,run_03_seed_2024,0.999538779258728
4083,in my motivational playlist include the song rap god,141,update_playlist,106,play_music,run_03_seed_2024,0.9137107133865356
4084,add the song rap god to the motivational playlist,141,update_playlist,141,update_playlist,run_03_seed_2024,0.9991647005081177
4085,i need this song on my meditation playlist,141,update_playlist,141,update_playlist,run_03_seed_2024,0.9999146461486816
4086,i want the current song added to my pregame playlist,141,update_playlist,141,update_playlist,run_03_seed_2024,0.9999456405639648
4087,please put this song on my studying playlist,141,update_playlist,141,update_playlist,run_03_seed_2024,0.9998971223831177
4088,please throw this song onto my cleaning playlist,141,update_playlist,141,update_playlist,run_03_seed_2024,0.9958556294441223
4089,i would like the song playing right now put on my driving playlist,141,update_playlist,141,update_playlist,run_03_seed_2024,0.9999526739120483
4090,i want this song on my pregame playlist,141,update_playlist,141,update_playlist,run_03_seed_2024,0.9997342228889465
4091,please add this song to my study playlist,141,update_playlist,141,update_playlist,run_03_seed_2024,0.9999964237213135
4092,can you add this song to my driving playlist,141,update_playlist,141,update_playlist,run_03_seed_2024,0.9999889135360718
4093,will you be sure to add this current song to my sleep playlist,141,update_playlist,141,update_playlist,run_03_seed_2024,0.9999806880950928
4094,please add the song i'm listening to right now to my relaxation playlist,141,update_playlist,141,update_playlist,run_03_seed_2024,0.999997615814209
4095,add this to my rock playlist,141,update_playlist,141,update_playlist,run_03_seed_2024,0.9999771118164062
4096,add what im listening to to my rock playlist,141,update_playlist,141,update_playlist,run_03_seed_2024,0.9999985694885254
4097,i want to put this on my rock playlist,141,update_playlist,141,update_playlist,run_03_seed_2024,0.9991384744644165
4098,add current song to rock playlist,141,update_playlist,141,update_playlist,run_03_seed_2024,0.9984719157218933
4099,add this song to my rock playlist,141,update_playlist,141,update_playlist,run_03_seed_2024,0.9999985694885254
4100,please add this song to my country music playlist,141,update_playlist,141,update_playlist,run_03_seed_2024,0.9999468326568604
4101,i am asking you to add this song to my country music playlist,141,update_playlist,141,update_playlist,run_03_seed_2024,0.9873193502426147
4102,help me add this song to my country music playlist,141,update_playlist,141,update_playlist,run_03_seed_2024,0.9935157299041748
4103,can you add this song to my country music playlist,141,update_playlist,141,update_playlist,run_03_seed_2024,0.9208360314369202
4104,this song needs to be added to my country music playlist,141,update_playlist,141,update_playlist,run_03_seed_2024,0.9458122253417969
4105,this song i'm listening to would be great on my commute playlist,141,update_playlist,141,update_playlist,run_03_seed_2024,0.9999959468841553
4106,i need this song on my jam playlist,141,update_playlist,141,update_playlist,run_03_seed_2024,0.9939756989479065
4107,i want what i'm listening to to be added to my chill playlist,141,update_playlist,141,update_playlist,run_03_seed_2024,0.999930739402771
4108,i need what i'm listening to right now to be put on my exercise playlist,141,update_playlist,141,update_playlist,run_03_seed_2024,0.9999649524688721
4109,put what i'm listening to on my workout playlist,141,update_playlist,141,update_playlist,run_03_seed_2024,0.997960090637207
4110,i do not actually need my reservation anymore,67,cancel_reservation,67,cancel_reservation,run_03_seed_2024,0.999664306640625
4111,i need to cancel my reservation for rob at red robin,67,cancel_reservation,67,cancel_reservation,run_03_seed_2024,0.9999947547912598
4112,cancel my reservation for bob at red robin,67,cancel_reservation,67,cancel_reservation,run_03_seed_2024,0.9999920129776001
4113,i do not want my reservation anymore,67,cancel_reservation,67,cancel_reservation,run_03_seed_2024,0.9994113445281982
4114,i need you to cancel my reservation for 5 at red robin,67,cancel_reservation,67,cancel_reservation,run_03_seed_2024,0.9999097585678101
4115,please cancel my reservation for tim at jb's,67,cancel_reservation,67,cancel_reservation,run_03_seed_2024,0.9999953508377075
4116,i gotta cancel my reservation for barry at red robin,67,cancel_reservation,67,cancel_reservation,run_03_seed_2024,0.9999904632568359
4117,i don't need the reservation anymore,67,cancel_reservation,67,cancel_reservation,run_03_seed_2024,0.9999464750289917
4118,i want you to cancel my reservation for 5 at red robin,67,cancel_reservation,67,cancel_reservation,run_03_seed_2024,0.9999710321426392
4119,i am not in need of my reservation anymore,67,cancel_reservation,67,cancel_reservation,run_03_seed_2024,0.9954215884208679
4120,go ahead and cancel my reservation for 5 at red robin,67,cancel_reservation,67,cancel_reservation,run_03_seed_2024,0.9999983310699463
4121,i wish to cancel my reservation for fred at red robin,67,cancel_reservation,67,cancel_reservation,run_03_seed_2024,0.9999637603759766
4122,i no longer want my reservation anymore,67,cancel_reservation,67,cancel_reservation,run_03_seed_2024,0.9999935626983643
4123,please cancel my reservation for 5 at red robin,67,cancel_reservation,67,cancel_reservation,run_03_seed_2024,0.9999971389770508
4124,i need you to cancel my reservation for smith at the williams diner,67,cancel_reservation,67,cancel_reservation,run_03_seed_2024,0.9999608993530273
4125,i want a cancellation of the dinner reservation for phillips at bernardin's,67,cancel_reservation,67,cancel_reservation,run_03_seed_2024,0.9972750544548035
4126,please delete the reservation for roberts at village tavern,67,cancel_reservation,67,cancel_reservation,run_03_seed_2024,0.9998151659965515
4127,could you cancel my reservation for winters at the palace tonight,67,cancel_reservation,67,cancel_reservation,run_03_seed_2024,0.9999954700469971
4128,i would like you to cancel the dinner reservation for williams at the palace tonight,67,cancel_reservation,67,cancel_reservation,run_03_seed_2024,0.9999986886978149
4129,i have to cancel my reservation after all,67,cancel_reservation,67,cancel_reservation,run_03_seed_2024,0.9999926090240479
4130,"cancel my reservation for dinner tonight, please",67,cancel_reservation,67,cancel_reservation,run_03_seed_2024,0.9999774694442749
4131,i need to cancel my reservation after all,67,cancel_reservation,67,cancel_reservation,run_03_seed_2024,0.9999934434890747
4132,"i have to cancel my reservation after all, please",67,cancel_reservation,67,cancel_reservation,run_03_seed_2024,0.9999929666519165
4133,"cancel my reservation for dinner this saturday, please",67,cancel_reservation,67,cancel_reservation,run_03_seed_2024,0.9999568462371826
4134,"cancel my reservation for dinner this friday, please",67,cancel_reservation,67,cancel_reservation,run_03_seed_2024,0.9999760389328003
4135,cancel my reservation for dinner this saturday,67,cancel_reservation,67,cancel_reservation,run_03_seed_2024,0.9999985694885254
4136,cancel my reservation for dinner tonight,67,cancel_reservation,67,cancel_reservation,run_03_seed_2024,0.9999904632568359
4137,i have to cancel my reservation,67,cancel_reservation,67,cancel_reservation,run_03_seed_2024,0.9999970197677612
4138,"i need to cancel my reservation after all, please",67,cancel_reservation,67,cancel_reservation,run_03_seed_2024,0.9999916553497314
4139,i need my dinner reservation canceled,67,cancel_reservation,67,cancel_reservation,run_03_seed_2024,0.999972939491272
4140,i would like to hear something funny,36,tell_joke,36,tell_joke,run_03_seed_2024,0.9999829530715942
4141,do you have any monkey jokes,36,tell_joke,36,tell_joke,run_03_seed_2024,0.9998635053634644
4142,know any dad jokes,36,tell_joke,36,tell_joke,run_03_seed_2024,0.9999203681945801
4143,tell me a dog joke,36,tell_joke,36,tell_joke,run_03_seed_2024,0.9999642372131348
4144,heard any good jokes,36,tell_joke,36,tell_joke,run_03_seed_2024,0.9995835423469543
4145,i want to hear a joke about elephants,36,tell_joke,36,tell_joke,run_03_seed_2024,0.9854643940925598
4146,i'd like to hear a lawyer joke,36,tell_joke,36,tell_joke,run_03_seed_2024,0.9999740123748779
4147,tell me a blonde joke,36,tell_joke,36,tell_joke,run_03_seed_2024,0.9999927282333374
4148,do you know any dad jokes,36,tell_joke,36,tell_joke,run_03_seed_2024,0.9998235106468201
4149,tell me a joke about elephants,36,tell_joke,36,tell_joke,run_03_seed_2024,0.999991774559021
4150,tell me a joke about the subject of sailing,36,tell_joke,36,tell_joke,run_03_seed_2024,0.998970627784729
4151,give me a joke about water,36,tell_joke,36,tell_joke,run_03_seed_2024,0.9991607666015625
4152,give me a joke about the topic of television,36,tell_joke,36,tell_joke,run_03_seed_2024,0.9996651411056519
4153,give me a joke about the subject of bugs,36,tell_joke,36,tell_joke,run_03_seed_2024,0.9961018562316895
4154,tell me a joke about the topic of mice,36,tell_joke,36,tell_joke,run_03_seed_2024,0.999690055847168
4155,i would like to hear a joke,36,tell_joke,36,tell_joke,run_03_seed_2024,0.999990701675415
4156,will you tell me a joke,36,tell_joke,36,tell_joke,run_03_seed_2024,0.9999942779541016
4157,let's hear a joke!,36,tell_joke,15,what_are_your_hobbies,run_03_seed_2024,0.2976762056350708
4158,"i could use a laugh, got any jokes",36,tell_joke,36,tell_joke,run_03_seed_2024,0.9073519706726074
4159,can you tell me something funny about science,36,tell_joke,36,tell_joke,run_03_seed_2024,0.9999839067459106
4160,can you share something funny about traveling,36,tell_joke,36,tell_joke,run_03_seed_2024,0.9996452331542969
4161,i want to hear your best joke,36,tell_joke,36,tell_joke,run_03_seed_2024,0.9987084865570068
4162,tell me a good joke,36,tell_joke,36,tell_joke,run_03_seed_2024,0.9999825954437256
4163,tell me something funny about horses,36,tell_joke,36,tell_joke,run_03_seed_2024,0.9999986886978149
4164,i want to hear something funny about history,36,tell_joke,36,tell_joke,run_03_seed_2024,0.9999881982803345
4165,can you share a humorous joke with me,36,tell_joke,36,tell_joke,run_03_seed_2024,0.9777717590332031
4166,i want to hear something funny about politicsi,36,tell_joke,36,tell_joke,run_03_seed_2024,0.9999630451202393
4167,let's hear a joke from you please,36,tell_joke,36,tell_joke,run_03_seed_2024,0.999698281288147
4168,tell me something funny about the middle ages,36,tell_joke,36,tell_joke,run_03_seed_2024,0.9997567534446716
4169,do you know any jokes,36,tell_joke,36,tell_joke,run_03_seed_2024,0.9999866485595703
4170,would it be possible to change your name to coraline,55,change_ai_name,55,change_ai_name,run_03_seed_2024,0.9999969005584717
4171,would it be okay to change your name to daphne,55,change_ai_name,55,change_ai_name,run_03_seed_2024,0.9999959468841553
4172,id like to change your name to max,55,change_ai_name,55,change_ai_name,run_03_seed_2024,0.9999983310699463
4173,what do you think about changing your name to heath,55,change_ai_name,55,change_ai_name,run_03_seed_2024,0.9464085698127747
4174,lets start calling you allan,55,change_ai_name,55,change_ai_name,run_03_seed_2024,0.9999090433120728
4175,i would like to start calling you heath,55,change_ai_name,55,change_ai_name,run_03_seed_2024,0.9999560117721558
4176,what do you think about me calling you cora,55,change_ai_name,75,what_is_your_name,run_03_seed_2024,0.5812181830406189
4177,im going to call you xander,55,change_ai_name,55,change_ai_name,run_03_seed_2024,0.9965735673904419
4178,can we change your name to clara,55,change_ai_name,55,change_ai_name,run_03_seed_2024,0.9999985694885254
4179,how about lets start calling you juliette,55,change_ai_name,55,change_ai_name,run_03_seed_2024,0.9995169639587402
4180,i want to start calling you owen,55,change_ai_name,55,change_ai_name,run_03_seed_2024,0.9999948740005493
4181,can i call you arnold instead,55,change_ai_name,55,change_ai_name,run_03_seed_2024,0.960771918296814
4182,how about i call you sue,55,change_ai_name,55,change_ai_name,run_03_seed_2024,0.8422113656997681
4183,can i start calling you fred,55,change_ai_name,55,change_ai_name,run_03_seed_2024,0.9999960660934448
4184,can i rename you bob,55,change_ai_name,55,change_ai_name,run_03_seed_2024,0.9999638795852661
4185,i want to rename you joe,55,change_ai_name,55,change_ai_name,run_03_seed_2024,0.9858611822128296
4186,"your new name is joe, okay",55,change_ai_name,55,change_ai_name,run_03_seed_2024,0.9999805688858032
4187,i'm going to start calling you joe,55,change_ai_name,55,change_ai_name,run_03_seed_2024,0.9999970197677612
4188,you are going to be called joe now,55,change_ai_name,55,change_ai_name,run_03_seed_2024,0.9060391783714294
4189,start responding to joe,55,change_ai_name,114,goodbye,run_03_seed_2024,0.9669686555862427
4190,i'm changing your name to joe,55,change_ai_name,55,change_ai_name,run_03_seed_2024,0.9999037981033325
4191,i'd like to start calling you buddy,55,change_ai_name,55,change_ai_name,run_03_seed_2024,0.9999635219573975
4192,i'd like to start calling you jake,55,change_ai_name,55,change_ai_name,run_03_seed_2024,0.9996700286865234
4193,i'd like to start calling you lover,55,change_ai_name,55,change_ai_name,run_03_seed_2024,0.9999266862869263
4194,i'd like to start calling you friend,55,change_ai_name,55,change_ai_name,run_03_seed_2024,0.999967098236084
4195,i want to change your name to shelby,55,change_ai_name,55,change_ai_name,run_03_seed_2024,0.9999992847442627
4196,i'd rather call you gloria,55,change_ai_name,55,change_ai_name,run_03_seed_2024,0.993429958820343
4197,i'm changing your name to goliath,55,change_ai_name,55,change_ai_name,run_03_seed_2024,0.9999607801437378
4198,is it okay to change your name to samson,55,change_ai_name,55,change_ai_name,run_03_seed_2024,0.9999984502792358
4199,can i call you james instead,55,change_ai_name,55,change_ai_name,run_03_seed_2024,0.9985637068748474
4200,what your numerical digit to display as your age,99,how_old_are_you,15,what_are_your_hobbies,run_03_seed_2024,0.7945271134376526
4201,how old will you be,99,how_old_are_you,99,how_old_are_you,run_03_seed_2024,0.9999864101409912
4202,how old will you be this year,99,how_old_are_you,99,how_old_are_you,run_03_seed_2024,0.9992325305938721
4203,whats your age,99,how_old_are_you,99,how_old_are_you,run_03_seed_2024,0.999963641166687
4204,when is your birthday,99,how_old_are_you,99,how_old_are_you,run_03_seed_2024,0.9999631643295288
4205,when were you made,99,how_old_are_you,99,how_old_are_you,run_03_seed_2024,0.9732338190078735
4206,whats your age range,99,how_old_are_you,99,how_old_are_you,run_03_seed_2024,0.998815655708313
4207,could you tell me how old you are,99,how_old_are_you,99,how_old_are_you,run_03_seed_2024,0.9999884366989136
4208,would you tell me how old you are,99,how_old_are_you,99,how_old_are_you,run_03_seed_2024,0.9999927282333374
4209,your date of birth,99,how_old_are_you,99,how_old_are_you,run_03_seed_2024,0.9998111128807068
4210,your birthday please,99,how_old_are_you,99,how_old_are_you,run_03_seed_2024,0.8814331293106079
4211,can you tell me your birthday,99,how_old_are_you,99,how_old_are_you,run_03_seed_2024,0.9998321533203125
4212,whens your birthday,99,how_old_are_you,99,how_old_are_you,run_03_seed_2024,0.9087411761283875
4213,what's your bday,99,how_old_are_you,77,where_are_you_from,run_03_seed_2024,0.9554558396339417
4214,how old were you on your last birthday,99,how_old_are_you,99,how_old_are_you,run_03_seed_2024,0.9999914169311523
4215,how many years have you been alive,99,how_old_are_you,99,how_old_are_you,run_03_seed_2024,0.999967098236084
4216,can i ask your age,99,how_old_are_you,99,how_old_are_you,run_03_seed_2024,0.9693583250045776
4217,do you mind if i ask how old you are,99,how_old_are_you,99,how_old_are_you,run_03_seed_2024,0.9844560623168945
4218,may i ask your age,99,how_old_are_you,99,how_old_are_you,run_03_seed_2024,0.9859785437583923
4219,i need to know your age,99,how_old_are_you,99,how_old_are_you,run_03_seed_2024,0.9999253749847412
4220,please tell me your age,99,how_old_are_you,99,how_old_are_you,run_03_seed_2024,0.9999783039093018
4221,can you tell me your age,99,how_old_are_you,99,how_old_are_you,run_03_seed_2024,0.9999833106994629
4222,when's your birthday,99,how_old_are_you,99,how_old_are_you,run_03_seed_2024,0.9997105002403259
4223,how young are you,99,how_old_are_you,82,greeting,run_03_seed_2024,0.9990033507347107
4224,what's your age right now,99,how_old_are_you,99,how_old_are_you,run_03_seed_2024,0.9992945194244385
4225,how old would you be,99,how_old_are_you,99,how_old_are_you,run_03_seed_2024,0.9998175501823425
4226,do you know how old you are,99,how_old_are_you,99,how_old_are_you,run_03_seed_2024,0.9999808073043823
4227,how old,99,how_old_are_you,99,how_old_are_you,run_03_seed_2024,0.9999294281005859
4228,what's your date of birth,99,how_old_are_you,99,how_old_are_you,run_03_seed_2024,0.9999039173126221
4229,how old are you turning,99,how_old_are_you,99,how_old_are_you,run_03_seed_2024,0.9999520778656006
4230,i need to rent an suv in charlestown for the first week in june who do you suggest,40,car_rental,40,car_rental,run_03_seed_2024,0.9654055833816528
4231,find a decent rental care for next week at the philadelphia airport,40,car_rental,40,car_rental,run_03_seed_2024,0.9522156715393066
4232,who can i rent a car from next month in orlando,40,car_rental,40,car_rental,run_03_seed_2024,0.9997005462646484
4233,"i need to rent a car kfor one week in ocean city, nj so who has the best deal",40,car_rental,40,car_rental,run_03_seed_2024,0.9966037273406982
4234,"find me a car rental for the weekend in asheville, nc via priceline",40,car_rental,40,car_rental,run_03_seed_2024,0.999622106552124
4235,what is the phone number of the car rental place,40,car_rental,42,oos,run_03_seed_2024,0.6693956851959229
4236,"book a rental car to rhode island for friday, tomorrow",40,car_rental,40,car_rental,run_03_seed_2024,0.9971811771392822
4237,"alexa, book a rental car to los angeles county in 2 hours",40,car_rental,40,car_rental,run_03_seed_2024,0.9993993043899536
4238,can you book a car rental today to new york city to philadelphia,40,car_rental,40,car_rental,run_03_seed_2024,0.9999305009841919
4239,book a car rental to miami florida today,40,car_rental,40,car_rental,run_03_seed_2024,0.9999086856842041
4240,"siri, book a car rental to the poconos today right now",40,car_rental,40,car_rental,run_03_seed_2024,0.9810684323310852
4241,where in syracuse can i book a car,40,car_rental,40,car_rental,run_03_seed_2024,0.9991818070411682
4242,"in x, help me book a car",40,car_rental,40,car_rental,run_03_seed_2024,0.9987136125564575
4243,book me a car rental in wichita,40,car_rental,40,car_rental,run_03_seed_2024,0.9999737739562988
4244,how many places in dallas can i rent a car,40,car_rental,40,car_rental,run_03_seed_2024,0.9989748001098633
4245,where can i rent a car in singapore,40,car_rental,40,car_rental,run_03_seed_2024,0.9953983426094055
4246,"march 2nd through march 18th, i'm going to need a jeep in frankfort",40,car_rental,28,improve_credit_score,run_03_seed_2024,0.47650405764579773
4247,rent a car for 3/1 through 3/3 in boston; i'd prefer an suv,40,car_rental,40,car_rental,run_03_seed_2024,0.8837065100669861
4248,can i rent a sports car in augusta for 3/4 through 3/8,40,car_rental,40,car_rental,run_03_seed_2024,0.9986764788627625
4249,"in tampa, i'd like to rent a sedan from 4/1 until 4/5",40,car_rental,40,car_rental,run_03_seed_2024,0.5854895114898682
4250,i'm going to need a coupe car in sedona from 5/1 until 5/4,40,car_rental,40,car_rental,run_03_seed_2024,0.8086324334144592
4251,schedule a rental car starting monday the 5th thru friday the 9th at rent a car in town,40,car_rental,40,car_rental,run_03_seed_2024,0.9937708973884583
4252,"can you find a rental car for me that is available this monday through thursday , any make will do",40,car_rental,40,car_rental,run_03_seed_2024,0.8314412832260132
4253,i need to rent a car from traveler's rent a car downtown and make it from friday the 6th to monday the 9th cheapest available,40,car_rental,40,car_rental,run_03_seed_2024,0.9999229907989502
4254,i want a rental car that is available tomorrow and that i can keep for four days please find me one,40,car_rental,40,car_rental,run_03_seed_2024,0.9608559608459473
4255,"find me a rental car for next week , from friday the 5th thru monday the 8th, any kind",40,car_rental,40,car_rental,run_03_seed_2024,0.9980149269104004
4256,i need to rent a car for may 8th to may 25th in danville and i'd like a ford,40,car_rental,40,car_rental,run_03_seed_2024,0.9988056421279907
4257,i need to rent a car for may 10th to may 15th in lizton and i'd like a bmw,40,car_rental,40,car_rental,run_03_seed_2024,0.9999085664749146
4258,i need to rent a car for may 3rd to may 5th in indianapolis and i'd like a mercedes,40,car_rental,40,car_rental,run_03_seed_2024,0.9998034834861755
4259,i need to rent a car for may 11thto may 13th in chicago and i'd like a coupe,40,car_rental,40,car_rental,run_03_seed_2024,0.9998315572738647
4260,what should i do to get my car jump started,17,jump_start,17,jump_start,run_03_seed_2024,0.9999841451644897
4261,what do i need to do to get my car jump started,17,jump_start,17,jump_start,run_03_seed_2024,0.9999556541442871
4262,how can i go about jump starting my car,17,jump_start,17,jump_start,run_03_seed_2024,0.9999854564666748
4263,what steps should be taken to jump start a car,17,jump_start,17,jump_start,run_03_seed_2024,0.9999595880508423
4264,what can i do to jump start my car,17,jump_start,17,jump_start,run_03_seed_2024,0.9999144077301025
4265,how do i jump start my car,17,jump_start,17,jump_start,run_03_seed_2024,0.9999895095825195
4266,i need to know how to get my car jump started,17,jump_start,17,jump_start,run_03_seed_2024,0.999969482421875
4267,my car needs a jump start; what do i need to do,17,jump_start,17,jump_start,run_03_seed_2024,0.9992563128471375
4268,tell me how to jump start my car,17,jump_start,17,jump_start,run_03_seed_2024,0.9999910593032837
4269,what steps should i take if i think my car battery is dead,17,jump_start,17,jump_start,run_03_seed_2024,0.9999932050704956
4270,"i'm almost certain my car battery died, please tell me what to do",17,jump_start,17,jump_start,run_03_seed_2024,0.9995738863945007
4271,please give me a quick tutorial on jump starting my car,17,jump_start,17,jump_start,run_03_seed_2024,0.9999850988388062
4272,"will you guide me through the process to jump start my car, please",17,jump_start,17,jump_start,run_03_seed_2024,0.98459792137146
4273,what steps do i need to follow to jump start my car,17,jump_start,17,jump_start,run_03_seed_2024,0.9999680519104004
4274,what do i do if my car battery died,17,jump_start,17,jump_start,run_03_seed_2024,0.9999604225158691
4275,what do i do if i suspect my car battery is dead,17,jump_start,17,jump_start,run_03_seed_2024,0.9999771118164062
4276,i need instructions to walk me through jump starting my car,17,jump_start,17,jump_start,run_03_seed_2024,0.9999958276748657
4277,"i believe that my car battery has died, what do i do next",17,jump_start,17,jump_start,run_03_seed_2024,0.999322772026062
4278,"can you give me instructions on how to jump start my car, please",17,jump_start,17,jump_start,run_03_seed_2024,0.9999599456787109
4279,i wanna know how to jump start my car,17,jump_start,17,jump_start,run_03_seed_2024,0.9999891519546509
4280,what do i do now that my battery is dead,17,jump_start,17,jump_start,run_03_seed_2024,0.9991692304611206
4281,my car battery is dead what do i do,17,jump_start,17,jump_start,run_03_seed_2024,0.9999136924743652
4282,i would like to jump start my car,17,jump_start,17,jump_start,run_03_seed_2024,0.9999415874481201
4283,i really need to jump start my car,17,jump_start,17,jump_start,run_03_seed_2024,0.9999538660049438
4284,what should i do now that my car battery is dead,17,jump_start,17,jump_start,run_03_seed_2024,0.9999921321868896
4285,what do i need to do now that my battery is dead,17,jump_start,17,jump_start,run_03_seed_2024,0.9998397827148438
4286,i have to jump start my car,17,jump_start,17,jump_start,run_03_seed_2024,0.9999630451202393
4287,what shall i do now that my battery is dead,17,jump_start,17,jump_start,run_03_seed_2024,0.9992151260375977
4288,i gotta jump start my car,17,jump_start,17,jump_start,run_03_seed_2024,0.9999712705612183
4289,what is the process for jump starting my car,17,jump_start,17,jump_start,run_03_seed_2024,0.9999580383300781
4290,what's a good italian meal,46,meal_suggestion,46,meal_suggestion,run_03_seed_2024,0.9999924898147583
4291,i'm looking for a meal that's from the asian cuisine,46,meal_suggestion,46,meal_suggestion,run_03_seed_2024,0.9973269701004028
4292,i'm feeling like a greek meal and need some suggestions,46,meal_suggestion,46,meal_suggestion,run_03_seed_2024,0.9983602166175842
4293,"indian cuisine suits me and i'd like a meal suggestion, please",46,meal_suggestion,46,meal_suggestion,run_03_seed_2024,0.9925808906555176
4294,"what's a good, popular american meal",46,meal_suggestion,46,meal_suggestion,run_03_seed_2024,0.9980643391609192
4295,i'd like a meal suggestion from thailand,46,meal_suggestion,46,meal_suggestion,run_03_seed_2024,0.9987909197807312
4296,tell me what meal to eat from texas,46,meal_suggestion,46,meal_suggestion,run_03_seed_2024,0.9932680726051331
4297,can you give me a meal suggestion from the south,46,meal_suggestion,46,meal_suggestion,run_03_seed_2024,0.9999154806137085
4298,i want to try a meal from ireland,46,meal_suggestion,46,meal_suggestion,run_03_seed_2024,0.9910344481468201
4299,i want a meal from vietnam to be suggested to me,46,meal_suggestion,46,meal_suggestion,run_03_seed_2024,0.742252767086029
4300,what are good thai dishes,46,meal_suggestion,46,meal_suggestion,run_03_seed_2024,0.9997828602790833
4301,i would like thai food,46,meal_suggestion,46,meal_suggestion,run_03_seed_2024,0.8751400113105774
4302,can you recommend thai food,46,meal_suggestion,46,meal_suggestion,run_03_seed_2024,0.9887182712554932
4303,i need a thai food suggestion,46,meal_suggestion,46,meal_suggestion,run_03_seed_2024,0.998278021812439
4304,thai food suggestions,46,meal_suggestion,46,meal_suggestion,run_03_seed_2024,0.9982313513755798
4305,i need options or italian tonight,46,meal_suggestion,46,meal_suggestion,run_03_seed_2024,0.17268560826778412
4306,do you have any recommendations for korean,46,meal_suggestion,46,meal_suggestion,run_03_seed_2024,0.4174138009548187
4307,do you have any ideas for a mexican meal,46,meal_suggestion,46,meal_suggestion,run_03_seed_2024,0.9999880790710449
4308,what kind of indian would you recommend,46,meal_suggestion,46,meal_suggestion,run_03_seed_2024,0.9438270926475525
4309,what would you suggest for japanese,46,meal_suggestion,46,meal_suggestion,run_03_seed_2024,0.37720781564712524
4310,i need to know what's good for chinese around here,46,meal_suggestion,145,restaurant_suggestion,run_03_seed_2024,0.9654664993286133
4311,i want to make something from ethiopia for dinner,46,meal_suggestion,46,meal_suggestion,run_03_seed_2024,0.9981247782707214
4312,i need some ideas for a mexican meal,46,meal_suggestion,46,meal_suggestion,run_03_seed_2024,0.9996570348739624
4313,i want to eat something from turkey,46,meal_suggestion,145,restaurant_suggestion,run_03_seed_2024,0.962011992931366
4314,i need a good italian dish,46,meal_suggestion,46,meal_suggestion,run_03_seed_2024,0.7517470121383667
4315,i need a good meal idea from italy,46,meal_suggestion,46,meal_suggestion,run_03_seed_2024,0.9999566078186035
4316,do you have any suggested roman recipes,46,meal_suggestion,104,recipe,run_03_seed_2024,0.6196092963218689
4317,can you give me a american dinner suggestion,46,meal_suggestion,46,meal_suggestion,run_03_seed_2024,0.9999688863754272
4318,tell me what to make for dinner,46,meal_suggestion,46,meal_suggestion,run_03_seed_2024,0.9999891519546509
4319,do you know what is for dinner,46,meal_suggestion,46,meal_suggestion,run_03_seed_2024,0.9997194409370422
4320,what do i need to do to cook a chicken,104,recipe,97,pto_request,run_03_seed_2024,0.36749833822250366
4321,how do i go about cooking a 10lb turkey,104,recipe,64,insurance_change,run_03_seed_2024,0.9570053219795227
4322,how do i get started making homemade pizza dough,104,recipe,104,recipe,run_03_seed_2024,0.8868977427482605
4323,what instructions do i need to bake a cake from scratch,104,recipe,112,ingredients_list,run_03_seed_2024,0.9763670563697815
4324,how do i make lasagna,104,recipe,104,recipe,run_03_seed_2024,0.9991809725761414
4325,how do you make pasta,104,recipe,104,recipe,run_03_seed_2024,0.9981414079666138
4326,how do you prepare omelet,104,recipe,104,recipe,run_03_seed_2024,0.7903777360916138
4327,how do you prepare taco,104,recipe,104,recipe,run_03_seed_2024,0.8498177528381348
4328,how do you make fried rice,104,recipe,104,recipe,run_03_seed_2024,0.9999775886535645
4329,how do you cooked eggs,104,recipe,104,recipe,run_03_seed_2024,0.8879212141036987
4330,what's a good chili recipe,104,recipe,104,recipe,run_03_seed_2024,0.9997851252555847
4331,i need a recipe for chili,104,recipe,104,recipe,run_03_seed_2024,0.9992275238037109
4332,search for chili recipes,104,recipe,104,recipe,run_03_seed_2024,0.9745284914970398
4333,search for a chili recipe for me,104,recipe,104,recipe,run_03_seed_2024,0.9997417330741882
4334,find me a recipe for chili,104,recipe,104,recipe,run_03_seed_2024,0.9999970197677612
4335,show me ideas for hamburger,104,recipe,42,oos,run_03_seed_2024,0.931693971157074
4336,can you get me recipes for eggs please,104,recipe,104,recipe,run_03_seed_2024,0.9457422494888306
4337,show me how to make tuna casserole please,104,recipe,104,recipe,run_03_seed_2024,0.9993758797645569
4338,recipes for garlic bread please,104,recipe,138,calculator,run_03_seed_2024,0.6768246293067932
4339,please tell me a recipe for this meal,104,recipe,46,meal_suggestion,run_03_seed_2024,0.5834134221076965
4340,can you find me a pork recipe,104,recipe,104,recipe,run_03_seed_2024,0.9999567270278931
4341,can you find me a brisket recipe,104,recipe,104,recipe,run_03_seed_2024,0.9975405931472778
4342,can you find me a rice recipe,104,recipe,104,recipe,run_03_seed_2024,0.9999613761901855
4343,can you find me a salsa recipe,104,recipe,104,recipe,run_03_seed_2024,0.9997285008430481
4344,scan you find me a chicken recipe,104,recipe,104,recipe,run_03_seed_2024,0.999498724937439
4345,i need a pasta recipe,104,recipe,104,recipe,run_03_seed_2024,0.9992996454238892
4346,i want a recipe for roasted veggies,104,recipe,104,recipe,run_03_seed_2024,0.9977282881736755
4347,what is in a burrito recipe,104,recipe,104,recipe,run_03_seed_2024,0.9977524876594543
4348,give me a tuna salad recipe,104,recipe,104,recipe,run_03_seed_2024,0.9393816590309143
4349,find a recipe for baked ziti,104,recipe,104,recipe,run_03_seed_2024,0.9975887537002563
4350,how much money do i make,93,income,93,income,run_03_seed_2024,0.9999817609786987
4351,how much money do i earn,93,income,93,income,run_03_seed_2024,0.99998939037323
4352,what amount of money do i earn,93,income,93,income,run_03_seed_2024,0.9997712969779968
4353,what do i take home,93,income,93,income,run_03_seed_2024,0.24230575561523438
4354,how much do i take home yearly,93,income,93,income,run_03_seed_2024,0.9974270462989807
4355,how much do i earn,93,income,93,income,run_03_seed_2024,0.999994158744812
4356,what's my yearly salary,93,income,93,income,run_03_seed_2024,0.9999982118606567
4357,what's my salary,93,income,93,income,run_03_seed_2024,0.9999959468841553
4358,how much do i earn a year,93,income,93,income,run_03_seed_2024,0.9998754262924194
4359,what do i make annually,93,income,93,income,run_03_seed_2024,0.991138756275177
4360,what do i bring in over a year,93,income,93,income,run_03_seed_2024,0.9527428150177002
4361,please tell me what amount i'm earning,93,income,94,taxes,run_03_seed_2024,0.6827612519264221
4362,can you please tell me my income,93,income,93,income,run_03_seed_2024,0.9999865293502808
4363,how much money am i earning,93,income,35,balance,run_03_seed_2024,0.4399147629737854
4364,what is my compensation,93,income,48,todo_list,run_03_seed_2024,0.1747179627418518
4365,how much am i paid,93,income,93,income,run_03_seed_2024,0.8474858403205872
4366,how much do i get paid,93,income,93,income,run_03_seed_2024,0.9986414313316345
4367,what is my income this year,93,income,93,income,run_03_seed_2024,0.9999866485595703
4368,how much money do i make from work,93,income,93,income,run_03_seed_2024,0.9999922513961792
4369,what will i make this year,93,income,93,income,run_03_seed_2024,0.9971478581428528
4370,what will i get paid this year,93,income,79,payday,run_03_seed_2024,0.9904136061668396
4371,how much am i paid a year,93,income,93,income,run_03_seed_2024,0.9999278783798218
4372,how much money am i making this year at work,93,income,93,income,run_03_seed_2024,0.9996821880340576
4373,what's my salary for this year,93,income,93,income,run_03_seed_2024,0.9999910593032837
4374,what is my current salary,93,income,93,income,run_03_seed_2024,0.9998742341995239
4375,what's the amount of my income,93,income,93,income,run_03_seed_2024,0.9999712705612183
4376,what amount is my income,93,income,93,income,run_03_seed_2024,0.9999431371688843
4377,i want to know my income,93,income,93,income,run_03_seed_2024,0.9999966621398926
4378,what is my payment going to be,93,income,93,income,run_03_seed_2024,0.8293738961219788
4379,how much is the pay offered for my work,93,income,93,income,run_03_seed_2024,0.8137967586517334
4380,"alexa, buy a new television",16,order,16,order,run_03_seed_2024,0.9991379976272583
4381,place my order alexa,16,order,84,order_status,run_03_seed_2024,0.9984651803970337
4382,"siri, place my amazon order",16,order,84,order_status,run_03_seed_2024,0.9870644807815552
4383,"alexa, buy my grocery list",16,order,16,order,run_03_seed_2024,0.3974631428718567
4384,purchase grass seed from the store,16,order,16,order,run_03_seed_2024,0.43046846985816956
4385,find inner tube and buy it for me,16,order,84,order_status,run_03_seed_2024,0.7671950459480286
4386,can you order me some nacho chips,16,order,16,order,run_03_seed_2024,0.9952577948570251
4387,i'd like to buy something,16,order,16,order,run_03_seed_2024,0.9983793497085571
4388,"i need to buy something, please",16,order,16,order,run_03_seed_2024,0.9772327542304993
4389,i'd like to buy a lamp online,16,order,16,order,run_03_seed_2024,0.9881083369255066
4390,order all items on my shopping list,16,order,16,order,run_03_seed_2024,0.9998772144317627
4391,get me an order of creatine powder,16,order,16,order,run_03_seed_2024,0.6971595287322998
4392,place an order for my whole shopping list,16,order,43,shopping_list,run_03_seed_2024,0.7962607145309448
4393,"order me some doritos, please",16,order,16,order,run_03_seed_2024,0.9799672961235046
4394,place an order for my entire shopping list,16,order,16,order,run_03_seed_2024,0.9914765954017639
4395,can you buy something,16,order,16,order,run_03_seed_2024,0.9999086856842041
4396,make a purchase of doritos,16,order,16,order,run_03_seed_2024,0.9966359734535217
4397,i'd like to you order everything that's on my shopping list,16,order,16,order,run_03_seed_2024,0.9999969005584717
4398,please buy me something,16,order,16,order,run_03_seed_2024,0.999796450138092
4399,order my whole shopping list,16,order,16,order,run_03_seed_2024,0.9909660816192627
4400,can you order some more eggs for me since i just ran out,16,order,16,order,run_03_seed_2024,0.9698562622070312
4401,i've used the last can of tuna fish and need you to order a new case of it,16,order,16,order,run_03_seed_2024,0.9716386198997498
4402,i've just run out of butter and need you to order me some more,16,order,16,order,run_03_seed_2024,0.9997633099555969
4403,i'm out of milk so you will order me some more,16,order,16,order,run_03_seed_2024,0.9998925924301147
4404,can you place an order for the olive oil i just finished,16,order,16,order,run_03_seed_2024,0.914872944355011
4405,please go on amazon so i can buy bluetooth speakers,16,order,10,smart_home,run_03_seed_2024,0.237753227353096
4406,will you please go on amazon so i can buy speakers,16,order,16,order,run_03_seed_2024,0.8449910283088684
4407,where can i find bluetooth speakers,16,order,42,oos,run_03_seed_2024,0.6533250212669373
4408,what is the price of bluetooth speakers on amazon,16,order,42,oos,run_03_seed_2024,0.975872278213501
4409,please order some more pepsi,16,order,16,order,run_03_seed_2024,0.9954937696456909
4410,i need to know traffic patterns heading to the george washington bridge from manhattan,24,traffic,24,traffic,run_03_seed_2024,0.8939197063446045
4411,"can you give me a traffic update for driving routes nearest ocean city, new jersey from philadelphia",24,traffic,24,traffic,run_03_seed_2024,0.9998984336853027
4412,"what will traffic be like nearest the george washington bridge, new york",24,traffic,24,traffic,run_03_seed_2024,0.9966057538986206
4413,"what traffic can i expect on the way to the newark, new jersey from philadelphia",24,traffic,24,traffic,run_03_seed_2024,0.9994244575500488
4414,can you tell me the traffic situation from philadelphia to the new jersey turnpike,24,traffic,24,traffic,run_03_seed_2024,0.9998013377189636
4415,"how is the traffic normally driving into downtown washington, dc, from baltimore at 4:00 pm",24,traffic,24,traffic,run_03_seed_2024,0.984711229801178
4416,how is traffic nearest the ben franklin bridge philadelphia heading to the new jersey turnpike,24,traffic,24,traffic,run_03_seed_2024,0.9639862179756165
4417,i need to know what traffic is going to be like at 3:00 pm on the new jersey turnpike heading into camden from north jersey,24,traffic,24,traffic,run_03_seed_2024,0.9999958276748657
4418,"what kind of traffic can i expect driving to newark, new jersey on i-95 from philadelphia at noon",24,traffic,24,traffic,run_03_seed_2024,0.9996687173843384
4419,"i need to know what traffic looks like nearest the smithsonian institute in washington, dc for the next hour",24,traffic,24,traffic,run_03_seed_2024,0.9999102354049683
4420,please tell me how traffic from the new jersey turnpike into the lincoln tunnel looks currently,24,traffic,24,traffic,run_03_seed_2024,0.7138755321502686
4421,is there traffic on i-95 north to new york from philadelphia,24,traffic,24,traffic,run_03_seed_2024,0.9999858140945435
4422,"can you tell me what the traffic is usually like at 7:00 pm from philadelphia to ocean city, new jersey",24,traffic,24,traffic,run_03_seed_2024,0.9999754428863525
4423,will there be heavy traffic near downtown philadelphia from lincoln drive in the next two hours,24,traffic,24,traffic,run_03_seed_2024,0.9997637867927551
4424,what does post rush hour traffic generally look like heading into the lincoln tunnel in manhattan from new jersey,24,traffic,24,traffic,run_03_seed_2024,0.9985508322715759
4425,is traffic good or bad at 9:00 on the way to detroit,24,traffic,24,traffic,run_03_seed_2024,0.9999761581420898
4426,what kind of traffic is there at 9:00 on the route to detroit,24,traffic,24,traffic,run_03_seed_2024,0.9999809265136719
4427,how is the traffic at 9:00 on the way to detroit,24,traffic,24,traffic,run_03_seed_2024,0.999991774559021
4428,what kind of traffic can i expect at 9:00 on the route to detroit,24,traffic,24,traffic,run_03_seed_2024,0.9995643496513367
4429,how bad is traffic at 9:00 going to detroit,24,traffic,24,traffic,run_03_seed_2024,0.999971866607666
4430,is there traffic right now on my route to work,24,traffic,24,traffic,run_03_seed_2024,0.9999957084655762
4431,"going to work, will there be traffic",24,traffic,24,traffic,run_03_seed_2024,0.9986099004745483
4432,is there traffic on my work route,24,traffic,24,traffic,run_03_seed_2024,0.9999825954437256
4433,is there traffic expected,24,traffic,24,traffic,run_03_seed_2024,0.9999810457229614
4434,"on my way to work, is there traffic",24,traffic,24,traffic,run_03_seed_2024,0.999215841293335
4435,on the way to work is there traffic,24,traffic,24,traffic,run_03_seed_2024,0.9999004602432251
4436,is there traffic on the way to work,24,traffic,24,traffic,run_03_seed_2024,0.999996542930603
4437,will i encounter traffic,24,traffic,24,traffic,run_03_seed_2024,0.9999005794525146
4438,is there traffic on the way,24,traffic,24,traffic,run_03_seed_2024,0.9999868869781494
4439,whats the traffic for the drive to the nearest restaurant,24,traffic,24,traffic,run_03_seed_2024,0.9995765089988708
4440,"can i get some more checkbooks sent to me, please",127,order_checks,127,order_checks,run_03_seed_2024,0.9999638795852661
4441,could i get some more checkbooks sent to me,127,order_checks,127,order_checks,run_03_seed_2024,0.9999918937683105
4442,"can i get some more checkbooks mailed to me, please",127,order_checks,127,order_checks,run_03_seed_2024,0.9999768733978271
4443,can i get some more checkbooks sent to me,127,order_checks,127,order_checks,run_03_seed_2024,0.9999181032180786
4444,"could i get some more checkbooks sent to me, please",127,order_checks,127,order_checks,run_03_seed_2024,0.9999872446060181
4445,how do i order some checkbooks for my chase account,127,order_checks,127,order_checks,run_03_seed_2024,0.9999922513961792
4446,for checkbooks can i order them for my chase account,127,order_checks,127,order_checks,run_03_seed_2024,0.9981138706207275
4447,am i able to order more checkbooks for my chase account,127,order_checks,127,order_checks,run_03_seed_2024,0.9999985694885254
4448,for my chase account can i order some checkbooks,127,order_checks,127,order_checks,run_03_seed_2024,0.9998515844345093
4449,is there a way to order checkbooks for a chase account,127,order_checks,127,order_checks,run_03_seed_2024,0.9999557733535767
4450,can you overnight me a few checkbooks,127,order_checks,127,order_checks,run_03_seed_2024,0.9955422282218933
4451,send me more checkbooks please,127,order_checks,127,order_checks,run_03_seed_2024,0.9999433755874634
4452,please mail me more checkbooks,127,order_checks,127,order_checks,run_03_seed_2024,0.9999867677688599
4453,i need more checkbooks mailed as soon as possible,127,order_checks,127,order_checks,run_03_seed_2024,0.9981302618980408
4454,i'd like more checkbooks mailed to me,127,order_checks,127,order_checks,run_03_seed_2024,0.999951958656311
4455,how do i order some more checks for my bank of the west account,127,order_checks,127,order_checks,run_03_seed_2024,0.9999949932098389
4456,how do i order some more checks for my bank of america account,127,order_checks,127,order_checks,run_03_seed_2024,0.9999983310699463
4457,how do i order some more checks for my chase account,127,order_checks,127,order_checks,run_03_seed_2024,0.9999973773956299
4458,how do i order some more checks for my usaa account,127,order_checks,127,order_checks,run_03_seed_2024,0.9999986886978149
4459,how do i order some more checks for my navy federal account,127,order_checks,127,order_checks,run_03_seed_2024,0.9999990463256836
4460,i'm out of all my checks can i get some new ones,127,order_checks,127,order_checks,run_03_seed_2024,0.9997386336326599
4461,i'm out of my checks i need some new ones,127,order_checks,127,order_checks,run_03_seed_2024,0.9980819225311279
4462,can i get some new checks i'm out of mine,127,order_checks,127,order_checks,run_03_seed_2024,0.9997355341911316
4463,"i need to order some new checks, i'm all out of them",127,order_checks,127,order_checks,run_03_seed_2024,0.9831342697143555
4464,i am in need of new checks i'm completely out of mine,127,order_checks,127,order_checks,run_03_seed_2024,0.9997304081916809
4465,may i order more checks for my well's fargo account,127,order_checks,127,order_checks,run_03_seed_2024,0.9999945163726807
4466,do you know how i order more checks for my well's fargo account,127,order_checks,127,order_checks,run_03_seed_2024,0.9999990463256836
4467,what do i do to order new checkbooks for my well's fargo account,127,order_checks,127,order_checks,run_03_seed_2024,0.9999639987945557
4468,how do i order more checkbooks for my well's fargo account,127,order_checks,127,order_checks,run_03_seed_2024,0.999998927116394
4469,where do i go to order more checks for my well's fargo account,127,order_checks,127,order_checks,run_03_seed_2024,0.9999960660934448
4470,my card got declined; why,49,card_declined,49,card_declined,run_03_seed_2024,0.9962669014930725
4471,can you help me understand why my card got declined,49,card_declined,49,card_declined,run_03_seed_2024,0.9999992847442627
4472,why was my card not accepted,49,card_declined,49,card_declined,run_03_seed_2024,0.9999992847442627
4473,can you tell me why my card got declined,49,card_declined,49,card_declined,run_03_seed_2024,0.9999974966049194
4474,i was at publix trying to buy some food but my card wouldnt work,49,card_declined,49,card_declined,run_03_seed_2024,0.9347766637802124
4475,who do i need to contact to find out why my card got declined,49,card_declined,49,card_declined,run_03_seed_2024,0.9999935626983643
4476,i need to know why my card got declined,49,card_declined,49,card_declined,run_03_seed_2024,0.9999988079071045
4477,"how do i fix my card, it was declined",49,card_declined,49,card_declined,run_03_seed_2024,0.9991281628608704
4478,why did my card get declined at public when i was trying to buy food,49,card_declined,49,card_declined,run_03_seed_2024,0.999975323677063
4479,i was trying to buy food at publix but my card got declined,49,card_declined,49,card_declined,run_03_seed_2024,0.9999966621398926
4480,i was trying to use my card to get food at publix but it got declined,49,card_declined,49,card_declined,run_03_seed_2024,0.9999923706054688
4481,how can i fix my card being declined,49,card_declined,49,card_declined,run_03_seed_2024,0.9999845027923584
4482,"i was trying to get food at publix, why was my card declined",49,card_declined,49,card_declined,run_03_seed_2024,0.9999997615814209
4483,do you know why my card got declined,49,card_declined,49,card_declined,run_03_seed_2024,0.9999991655349731
4484,why my card stop working,49,card_declined,49,card_declined,run_03_seed_2024,0.9998224377632141
4485,my card declined,49,card_declined,49,card_declined,run_03_seed_2024,0.9992393255233765
4486,i was in australia trying to buy chips and my cards got declined,49,card_declined,49,card_declined,run_03_seed_2024,0.9976270794868469
4487,i was in thailand trying to buy candies and my card got declined,49,card_declined,49,card_declined,run_03_seed_2024,0.9999926090240479
4488,why was my card got declined when i am trying to pay for dinner when i am in vietnam,49,card_declined,49,card_declined,run_03_seed_2024,0.9997038245201111
4489,i could not buy food using my card when i was in vietnam,49,card_declined,49,card_declined,run_03_seed_2024,0.9129347801208496
4490,i was in thailand and i could not use my card to buy snacks,49,card_declined,49,card_declined,run_03_seed_2024,0.6579701900482178
4491,can you explain why i couldn't use my card at target,49,card_declined,49,card_declined,run_03_seed_2024,0.9998526573181152
4492,why was my card not working at target,49,card_declined,49,card_declined,run_03_seed_2024,0.9999983310699463
4493,my credit card was turned down at target and i'd like to know why,49,card_declined,49,card_declined,run_03_seed_2024,0.4967901110649109
4494,how come i got declined,49,card_declined,42,oos,run_03_seed_2024,0.6442995071411133
4495,why can't i use my credit card,49,card_declined,87,damaged_card,run_03_seed_2024,0.8821806311607361
4496,why won't you let me pay with my credit card,49,card_declined,111,pay_bill,run_03_seed_2024,0.5766621828079224
4497,why did i get rejected on my card,49,card_declined,49,card_declined,run_03_seed_2024,0.987074613571167
4498,how come my credit card isn't working,49,card_declined,41,credit_limit,run_03_seed_2024,0.904805064201355
4499,why didn't my card work,49,card_declined,49,card_declined,run_03_seed_2024,0.9962602853775024
4500,how much has the dow changed today,42,oos,42,oos,run_03_seed_2024,0.9219740033149719
4501,how many prime numbers are there between 0 and 100,42,oos,42,oos,run_03_seed_2024,0.9968698620796204
4502,can you tell me how to solve simple algebraic equations with one variable,42,oos,149,travel_suggestion,run_03_seed_2024,0.49640506505966187
4503,can you dim the brightness of my screen,42,oos,58,share_location,run_03_seed_2024,0.8105050921440125
4504,what is the account number to the internet service i have,42,oos,42,oos,run_03_seed_2024,0.7878037095069885
4505,can you see a hdmi cord,42,oos,58,share_location,run_03_seed_2024,0.3234984278678894
4506,what veggies can i pair with mushrooms,42,oos,130,sync_device,run_03_seed_2024,0.5187709927558899
4507,can you put the car in fuel efficient mode,42,oos,14,whisper_mode,run_03_seed_2024,0.6716241836547852
4508,at what age can someone get a card,42,oos,91,new_card,run_03_seed_2024,0.9798080325126648
4509,please find today's most read stories from the new york times todayi,42,oos,42,oos,run_03_seed_2024,0.9146764278411865
4510,how do i get red wine out of a couch cushion,42,oos,122,w2,run_03_seed_2024,0.4623792767524719
4511,can you tell me who sells dixie paper plates,42,oos,42,oos,run_03_seed_2024,0.9992029070854187
4512,who invented the internet,42,oos,42,oos,run_03_seed_2024,0.8387579917907715
4513,what big news happened over the weekend,42,oos,136,current_location,run_03_seed_2024,0.5746500492095947
4514,what is happening in politicsu,42,oos,5,weather,run_03_seed_2024,0.25700435042381287
4515,how is my driving,42,oos,81,find_phone,run_03_seed_2024,0.3192463219165802
4516,is the earth flat,42,oos,118,next_song,run_03_seed_2024,0.27362576127052307
4517,what is the best way to clean ceiling fans,42,oos,104,recipe,run_03_seed_2024,0.9994706511497498
4518,please tell me the status of the government shutdown,42,oos,42,oos,run_03_seed_2024,0.971441924571991
4519,what oil is best for chicken,42,oos,3,oil_change_how,run_03_seed_2024,0.9119795560836792
4520,what is today's big article in the washington post,42,oos,5,weather,run_03_seed_2024,0.7822190523147583
4521,has there been anything breaking this afternoon,42,oos,84,order_status,run_03_seed_2024,0.9114909768104553
4522,what are yahoo's top stories right now,42,oos,136,current_location,run_03_seed_2024,0.45104363560676575
4523,what's at movies,42,oos,43,shopping_list,run_03_seed_2024,0.4950714111328125
4524,what is the amount of blood needed to stay alive,42,oos,112,ingredients_list,run_03_seed_2024,0.940355658531189
4525,can you add a bag to my reservation,42,oos,9,accept_reservations,run_03_seed_2024,0.2733570635318756
4526,can you auto-pilot the car,42,oos,55,change_ai_name,run_03_seed_2024,0.207943394780159
4527,wash windshield,42,oos,114,goodbye,run_03_seed_2024,0.8998517394065857
4528,can you tell me what credit cards i have open,42,oos,132,apr,run_03_seed_2024,0.6595611572265625
4529,did the stock market finish up for the day,42,oos,42,oos,run_03_seed_2024,0.9750891327857971
4530,what is the population of south africa,42,oos,42,oos,run_03_seed_2024,0.7782849669456482
4531,watch the fbi,42,oos,147,cancel,run_03_seed_2024,0.24646124243736267
4532,can you find the answer to number 26 in this algebra two textbook,42,oos,25,make_call,run_03_seed_2024,0.7267294526100159
4533,how to remove a stripped bolt,42,oos,64,insurance_change,run_03_seed_2024,0.35931265354156494
4534,which stocks have lost the least today,42,oos,136,current_location,run_03_seed_2024,0.40803980827331543
4535,what are some things i can do on the way to work,42,oos,149,travel_suggestion,run_03_seed_2024,0.5928109288215637
4536,how many steps have i taken today,42,oos,148,pto_used,run_03_seed_2024,0.9990109205245972
4537,can you fill in my credit card number on the screen,42,oos,42,oos,run_03_seed_2024,0.9348262548446655
4538,who won the patriots game last nightu,42,oos,42,oos,run_03_seed_2024,0.4635949730873108
4539,is anything being newscasted about the threat of famine in chadu,42,oos,42,oos,run_03_seed_2024,0.40676945447921753
4540,what are the different types of tvs,42,oos,42,oos,run_03_seed_2024,0.6659308671951294
4541,do laundry,42,oos,138,calculator,run_03_seed_2024,0.5582830905914307
4542,what did trump do todayu,42,oos,42,oos,run_03_seed_2024,0.8901793956756592
4543,how many miles does my car currently have,42,oos,142,mpg,run_03_seed_2024,0.982772171497345
4544,close all internet tabs,42,oos,118,next_song,run_03_seed_2024,0.6142690181732178
4545,can you sell stocks for me,42,oos,115,what_can_i_ask_you,run_03_seed_2024,0.22733233869075775
4546,how do you treat an iron skillet,42,oos,104,recipe,run_03_seed_2024,0.3346859812736511
4547,how much has microsoft's stock changed over the last year,42,oos,42,oos,run_03_seed_2024,0.9978083968162537
4548,what is the best product for removing soap scum,42,oos,42,oos,run_03_seed_2024,0.9961112141609192
4549,read text,42,oos,26,text,run_03_seed_2024,0.9693663120269775
4550,park the car,42,oos,42,oos,run_03_seed_2024,0.516040563583374
4551,show me a list of top rated airlines,42,oos,136,current_location,run_03_seed_2024,0.3496451675891876
4552,may i finish washing then i give you please,42,oos,55,change_ai_name,run_03_seed_2024,0.9864228367805481
4553,do i have overdraft protection,42,oos,48,todo_list,run_03_seed_2024,0.3169296085834503
4554,can you delete my saved credit card,42,oos,12,report_lost_card,run_03_seed_2024,0.2715872526168823
4555,can you give me the most current market news,42,oos,42,oos,run_03_seed_2024,0.9997736811637878
4556,did the supreme court nominee get approvedu,42,oos,44,expiration_date,run_03_seed_2024,0.19393238425254822
4557,which company has gone up the most today,42,oos,42,oos,run_03_seed_2024,0.9999862909317017
4558,who were the superbowl 23 champions,42,oos,42,oos,run_03_seed_2024,0.9963324666023254
4559,can you tell me how to clean a fish tank,42,oos,42,oos,run_03_seed_2024,0.43017250299453735
4560,open cnn websiteo,42,oos,58,share_location,run_03_seed_2024,0.8322959542274475
4561,how do i make my android phone more secure,42,oos,130,sync_device,run_03_seed_2024,0.9896830320358276
4562,i need to update my address,42,oos,10,smart_home,run_03_seed_2024,0.48377159237861633
4563,what is that crunchy stuff on creme bruleo,42,oos,143,min_payment,run_03_seed_2024,0.2434624284505844
4564,which airports do southwest service around the greater new york city area,42,oos,22,meaning_of_life,run_03_seed_2024,0.401797354221344
4565,can you retrieve client d's file please,42,oos,138,calculator,run_03_seed_2024,0.7564384341239929
4566,can you list all channels of a certain category,42,oos,76,reminder,run_03_seed_2024,0.8783563375473022
4567,where does jelly come from,42,oos,77,where_are_you_from,run_03_seed_2024,0.28702354431152344
4568,can you tell me the s&p average,42,oos,93,income,run_03_seed_2024,0.8703305721282959
4569,how would you rate the airport i am traveling to,42,oos,110,gas,run_03_seed_2024,0.994882345199585
4570,am i too old to be a sugar babyo,42,oos,144,change_user_name,run_03_seed_2024,0.5268771648406982
4571,what was the closing number of the nasdaq today,42,oos,42,oos,run_03_seed_2024,0.9084319472312927
4572,has ko gone up or down,42,oos,119,change_speed,run_03_seed_2024,0.7014565467834473
4573,how many cars average are on the road daily,42,oos,126,pto_balance,run_03_seed_2024,0.49884745478630066
4574,what does the plus sign mean on my dashboard,42,oos,139,definition,run_03_seed_2024,0.39334383606910706
4575,how is ford's stock doing,42,oos,42,oos,run_03_seed_2024,0.5688382983207703
4576,what is my checking account number,42,oos,35,balance,run_03_seed_2024,0.6496034860610962
4577,when should i remove my snow tires,42,oos,47,tire_change,run_03_seed_2024,0.9999536275863647
4578,which stocks gained the most today,42,oos,42,oos,run_03_seed_2024,0.9983265995979309
4579,what is the fee for a cash advance,42,oos,61,translate,run_03_seed_2024,0.6953309178352356
4580,tell me about the earthquake in california that happened this morning,42,oos,42,oos,run_03_seed_2024,0.8015937209129333
4581,change color contrast,42,oos,42,oos,run_03_seed_2024,0.46640971302986145
4582,what is the golden ratio's number,42,oos,42,oos,run_03_seed_2024,0.7643166184425354
4583,is the bank open on mlk day,42,oos,10,smart_home,run_03_seed_2024,0.7890812158584595
4584,can i deposit a check,42,oos,108,direct_deposit,run_03_seed_2024,0.3111560046672821
4585,"from the second of the left ,the pink one",42,oos,35,balance,run_03_seed_2024,0.29428285360336304
4586,go and check the fridge,42,oos,42,oos,run_03_seed_2024,0.9882094860076904
4587,can you tell me the score of the heat game,42,oos,42,oos,run_03_seed_2024,0.8804065585136414
4588,can you mark this note as important,42,oos,58,share_location,run_03_seed_2024,0.46283966302871704
4589,can you tell me how to multiply two fractions,42,oos,104,recipe,run_03_seed_2024,0.5748347043991089
4590,i want to find a new car under $25000,42,oos,40,car_rental,run_03_seed_2024,0.9997783303260803
4591,when is the next full moon,42,oos,140,next_holiday,run_03_seed_2024,0.9993120431900024
4592,how do i change the windshield wipers,42,oos,3,oil_change_how,run_03_seed_2024,0.5059947967529297
4593,why is the sky blue,42,oos,42,oos,run_03_seed_2024,0.8224955797195435
4594,should i do a complete stop at red lights,42,oos,0,restaurant_reviews,run_03_seed_2024,0.5428900718688965
4595,are all televisions high definition,42,oos,139,definition,run_03_seed_2024,0.619948148727417
4596,can you tell me today's headlines pleasei,42,oos,42,oos,run_03_seed_2024,0.6361247301101685
4597,who invented custardo,42,oos,96,who_made_you,run_03_seed_2024,0.8784245848655701
4598,how to be millionare,42,oos,72,directions,run_03_seed_2024,0.2095063477754593
4599,when does the stock market update,42,oos,42,oos,run_03_seed_2024,0.9996552467346191
4600,can you tell me how to get gum out of my rug,42,oos,136,current_location,run_03_seed_2024,0.41008779406547546
4601,how can i get a better rate on my card,42,oos,91,new_card,run_03_seed_2024,0.998335063457489
4602,open up internet browser,42,oos,118,next_song,run_03_seed_2024,0.24986226856708527
4603,it is white colour,42,oos,30,no,run_03_seed_2024,0.9400558471679688
4604,what makes pi so mathematically important,42,oos,115,what_can_i_ask_you,run_03_seed_2024,0.4085366129875183
4605,why can you have the square root of a negative number,42,oos,42,oos,run_03_seed_2024,0.9700653553009033
4606,how much time do i have left on my 0% apr,42,oos,132,apr,run_03_seed_2024,0.9872376918792725
4607,what are the highest-rated android phones,42,oos,4,time,run_03_seed_2024,0.462628573179245
4608,what time do i need to arrive to make it on time,42,oos,78,distance,run_03_seed_2024,0.4266502261161804
4609,find articles about the protests in parisi,42,oos,42,oos,run_03_seed_2024,0.6771069765090942
4610,can you tell me how fast the average airplane enroute to california goes,42,oos,42,oos,run_03_seed_2024,0.9999939203262329
4611,how many hurricanes are in an average hurricane season,42,oos,31,measurement_conversion,run_03_seed_2024,0.694709300994873
4612,how does my current htc phone compare to other android phones,42,oos,42,oos,run_03_seed_2024,0.4284220337867737
4613,what movies are available,42,oos,42,oos,run_03_seed_2024,0.6436486840248108
4614,how many items are in a bakers dozen,42,oos,73,spelling,run_03_seed_2024,0.2731669545173645
4615,what articles are written at the cnn site about the women's march,42,oos,89,pin_change,run_03_seed_2024,0.8147066831588745
4616,when does napa close,42,oos,102,how_busy,run_03_seed_2024,0.753718376159668
4617,what is the current price of tsla,42,oos,42,oos,run_03_seed_2024,0.8368845582008362
4618,when will world war 3 begin,42,oos,102,how_busy,run_03_seed_2024,0.8845754861831665
4619,what's going on in the world today,42,oos,42,oos,run_03_seed_2024,0.8183794021606445
4620,what battery percentage is my phone at,42,oos,81,find_phone,run_03_seed_2024,0.5383080244064331
4621,can you sign out of my bank login,42,oos,35,balance,run_03_seed_2024,0.8513157963752747
4622,what is one standard deviation,42,oos,95,date,run_03_seed_2024,0.6451815366744995
4623,has the market been up or down since the beginning of this year,42,oos,42,oos,run_03_seed_2024,0.44568097591400146
4624,how many moons does mars have,42,oos,99,how_old_are_you,run_03_seed_2024,0.6610330939292908
4625,what is the cashback rate for my credit card,42,oos,132,apr,run_03_seed_2024,0.622852087020874
4626,who has the best record in the nba,42,oos,42,oos,run_03_seed_2024,0.9904736876487732
4627,how long is the bank open until,42,oos,78,distance,run_03_seed_2024,0.9659063816070557
4628,what are some good games for my android phone,42,oos,42,oos,run_03_seed_2024,0.6296781301498413
4629,can my grace period be extended any possible way,42,oos,143,min_payment,run_03_seed_2024,0.7500341534614563
4630,how much over will overdraft protection cover,42,oos,27,bill_balance,run_03_seed_2024,0.41955071687698364
4631,how fast am i going,42,oos,82,greeting,run_03_seed_2024,0.8773191571235657
4632,who was the first person to discover cells,42,oos,42,oos,run_03_seed_2024,0.7906010746955872
4633,how many people died in yesterday's storm,42,oos,73,spelling,run_03_seed_2024,0.9549649357795715
4634,how much memory do i have left on this phone,42,oos,27,bill_balance,run_03_seed_2024,0.4003140330314636
4635,can i set up mobile deposits,42,oos,83,alarm,run_03_seed_2024,0.3728029727935791
4636,sell three calls of of nvda,42,oos,42,oos,run_03_seed_2024,0.6451441049575806
4637,what bills is congress talking about passing or blocking today,42,oos,95,date,run_03_seed_2024,0.2074836939573288
4638,how much data does my phone have left this month,42,oos,27,bill_balance,run_03_seed_2024,0.333330899477005
4639,how do i add someone to my account,42,oos,133,transfer,run_03_seed_2024,0.6178904175758362
4640,how much money would my house sell for,42,oos,35,balance,run_03_seed_2024,0.6762219071388245
4641,how do i install new cabinets,42,oos,64,insurance_change,run_03_seed_2024,0.8858534693717957
4642,is there a fee for cancelling a flight i've booked,42,oos,86,cook_time,run_03_seed_2024,0.623842179775238
4643,delete the contact uncle john from my phone,42,oos,130,sync_device,run_03_seed_2024,0.9605764150619507
4644,search my contacts for the auto repair place,42,oos,84,order_status,run_03_seed_2024,0.3032597303390503
4645,does my carrier have coverage in europe,42,oos,74,insurance,run_03_seed_2024,0.502273440361023
4646,is there a cheaper rate with another carrier for my mobile,42,oos,19,meeting_schedule,run_03_seed_2024,0.30726298689842224
4647,what are the limits in my phone plan,42,oos,42,oos,run_03_seed_2024,0.8960296511650085
4648,is there a way to change your houses address,42,oos,55,change_ai_name,run_03_seed_2024,0.9956263303756714
4649,does dhl deliver to my address,42,oos,130,sync_device,run_03_seed_2024,0.6272215843200684
4650,how frequently is the bus running today,42,oos,72,directions,run_03_seed_2024,0.7372069358825684
4651,is there a better bus route i should be taking,42,oos,24,traffic,run_03_seed_2024,0.8398569822311401
4652,what stores are at my local mall,42,oos,42,oos,run_03_seed_2024,0.5626258254051208
4653,i need to get kalee added to my phone plan,42,oos,130,sync_device,run_03_seed_2024,0.9985702037811279
4654,what is the price of other company's similar phone plans,42,oos,42,oos,run_03_seed_2024,0.9989223480224609
4655,how long do i have to wait to get my refund,42,oos,56,bill_due,run_03_seed_2024,0.5360333323478699
4656,how long does it take the irs to issue a tax refund,42,oos,94,taxes,run_03_seed_2024,0.927791178226471
4657,do you know if it is possible to close my savings account,42,oos,89,pin_change,run_03_seed_2024,0.5139500498771667
4658,how hard is it to close a bank account at wells fargo,42,oos,20,freeze_account,run_03_seed_2024,0.737895667552948
4659,add my wife as an authorized user to checking account 20905432,42,oos,58,share_location,run_03_seed_2024,0.4578723609447479
4660,i would like to upgrade to full coverage for my car,42,oos,141,update_playlist,run_03_seed_2024,0.2573896646499634
4661,who has the cheapest insurance for my model car in the area,42,oos,42,oos,run_03_seed_2024,0.999854564666748
4662,tell me the value on my current car,42,oos,142,mpg,run_03_seed_2024,0.8992621898651123
4663,where can i list my vehicle for sell,42,oos,43,shopping_list,run_03_seed_2024,0.8109186291694641
4664,what is the price to buy more data on my phone,42,oos,105,calendar_update,run_03_seed_2024,0.39198949933052063
4665,i need to add a person to my bank account,42,oos,20,freeze_account,run_03_seed_2024,0.9950492978096008
4666,who is the best local real estate agent,42,oos,42,oos,run_03_seed_2024,0.9997780919075012
4667,i want to install new tiles in my kitchen,42,oos,29,change_language,run_03_seed_2024,0.542568564414978
4668,what's the way for delta to cancel a flight,42,oos,62,carry_on,run_03_seed_2024,0.8150505423545837
4669,read the phone number for mom in my phone contacts,42,oos,81,find_phone,run_03_seed_2024,0.9866641759872437
4670,create a contact labeled mom,42,oos,53,reminder_update,run_03_seed_2024,0.60389244556427
4671,do other providers have better coverage than my cell carrier,42,oos,141,update_playlist,run_03_seed_2024,0.538453996181488
4672,does centurytel offer any better plans than the one i'm on,42,oos,5,weather,run_03_seed_2024,0.4221743643283844
4673,"what's going on in the world today, anything major",42,oos,73,spelling,run_03_seed_2024,0.4930572509765625
4674,what is the extra digits that are sometimes included on my zip code,42,oos,143,min_payment,run_03_seed_2024,0.4737715721130371
4675,what's the extended zipcode for my address,42,oos,143,min_payment,run_03_seed_2024,0.822148323059082
4676,is there an alternate bus stop close to my home i can use,42,oos,72,directions,run_03_seed_2024,0.9991262555122375
4677,what stores are in the local mall,42,oos,42,oos,run_03_seed_2024,0.49684572219848633
4678,"add mary to my phone plan, please",42,oos,130,sync_device,run_03_seed_2024,0.9995286464691162
4679,how much is it to get more data on my phone plan,42,oos,130,sync_device,run_03_seed_2024,0.7319526672363281
4680,can i use direct deposit for my tax refund,42,oos,122,w2,run_03_seed_2024,0.8079566359519958
4681,how much of a refund will i get this year,42,oos,27,bill_balance,run_03_seed_2024,0.6777281165122986
4682,please take all my money out of my checking account and close the account,42,oos,133,transfer,run_03_seed_2024,0.5000969171524048
4683,what are cars like mine selling for online,42,oos,46,meal_suggestion,run_03_seed_2024,0.39008966088294983
4684,what's the blue book value of my car,42,oos,142,mpg,run_03_seed_2024,0.8067826628684998
4685,what are the last 4 digits of my credit card number,42,oos,42,oos,run_03_seed_2024,0.7632842659950256
4686,switch over to low power mode to preserve battery life,42,oos,65,todo_list_update,run_03_seed_2024,0.41180235147476196
4687,show me the most popular nonfiction book currently on the market,42,oos,42,oos,run_03_seed_2024,0.9948282837867737
4688,can you recommend some fiction books,42,oos,46,meal_suggestion,run_03_seed_2024,0.62117600440979
4689,how can i repair a broken watch,42,oos,72,directions,run_03_seed_2024,0.6118788719177246
4690,what's out at the theaters right now,42,oos,5,weather,run_03_seed_2024,0.4047764837741852
4691,what is the most popular movie currently in theaters,42,oos,42,oos,run_03_seed_2024,0.9999992847442627
4692,what is the cheapest new car for this year,42,oos,42,oos,run_03_seed_2024,0.9575183987617493
4693,show me new cars with the highest safety rating,42,oos,19,meeting_schedule,run_03_seed_2024,0.6124572157859802
4694,i am looking for a suit for work,42,oos,104,recipe,run_03_seed_2024,0.4645721912384033
4695,i need to find a black suit under $100,42,oos,131,schedule_maintenance,run_03_seed_2024,0.5547634959220886
4696,what is a good laptop for gaming,42,oos,46,meal_suggestion,run_03_seed_2024,0.758172869682312
4697,"show me laptops for sale that are under $2,000",42,oos,136,current_location,run_03_seed_2024,0.334682822227478
4698,which element on the periodic table is k,42,oos,55,change_ai_name,run_03_seed_2024,0.8855322599411011
4699,what kind of bonds do molecules have,42,oos,115,what_can_i_ask_you,run_03_seed_2024,0.37649005651474
4700,how much is my car worth used,42,oos,148,pto_used,run_03_seed_2024,0.42748498916625977
4701,look up prices for parking at the airport over the weekend,42,oos,83,alarm,run_03_seed_2024,0.40382522344589233
4702,what is the best way for dealing with the airport,42,oos,62,carry_on,run_03_seed_2024,0.4748271107673645
4703,what are my hours this week at work,42,oos,93,income,run_03_seed_2024,0.9898368716239929
4704,can you check my voicemail,42,oos,48,todo_list,run_03_seed_2024,0.4105495512485504
4705,how many voicemails are currently in my inbox,42,oos,42,oos,run_03_seed_2024,0.974518895149231
4706,i would like to know how long a charge is suppose to last on my phone,42,oos,28,improve_credit_score,run_03_seed_2024,0.846354067325592
4707,check battery health on this device,42,oos,21,what_song,run_03_seed_2024,0.5319485068321228
4708,what is a well reviewed book for a teenage girl to read,42,oos,116,book_hotel,run_03_seed_2024,0.7672095894813538
4709,i want to find new cyberpunk fiction books,42,oos,119,change_speed,run_03_seed_2024,0.38706010580062866
4710,what channel is cw on,42,oos,42,oos,run_03_seed_2024,0.38396528363227844
4711,what is the most rented movie this week,42,oos,42,oos,run_03_seed_2024,0.9999643564224243
4712,what is a good movie to go see in theaters for a family with young kids,42,oos,149,travel_suggestion,run_03_seed_2024,0.9995254278182983
4713,i would like to find a stylish suit for a party,42,oos,89,pin_change,run_03_seed_2024,0.35078656673431396
4714,can you give me suggestions for a professional suit under $200,42,oos,46,meal_suggestion,run_03_seed_2024,0.663800060749054
4715,when is it cheapest to travel to hawaii,42,oos,128,travel_alert,run_03_seed_2024,0.9883390665054321
4716,i need a laptop with 16gb of ram,42,oos,111,pay_bill,run_03_seed_2024,0.4953972399234772
4717,what is the best reviewed laptop available on the market,42,oos,42,oos,run_03_seed_2024,0.9901538491249084
4718,give me information about the element carbon and its reactions with hydrogen,42,oos,58,share_location,run_03_seed_2024,0.29658621549606323
4719,what is a good chemistry experiment to learn from,42,oos,46,meal_suggestion,run_03_seed_2024,0.27855661511421204
4720,how much is this years model of my car cost,42,oos,27,bill_balance,run_03_seed_2024,0.9725568294525146
4721,how do i best deal with the airport,42,oos,88,reset_settings,run_03_seed_2024,0.13408587872982025
4722,remind me of the address for my workplace please,42,oos,53,reminder_update,run_03_seed_2024,0.29628169536590576
4723,what time do i have to go to work today,42,oos,19,meeting_schedule,run_03_seed_2024,0.5903384685516357
4724,how many voicemail messages do i have,42,oos,126,pto_balance,run_03_seed_2024,0.5983539819717407
4725,erase all voicemails in my inbox please,42,oos,51,change_accent,run_03_seed_2024,0.5419124960899353
4726,can you look up grocery coupons for me,42,oos,57,who_do_you_work_for,run_03_seed_2024,0.2772085964679718
4727,what is money used for,42,oos,35,balance,run_03_seed_2024,0.7985584139823914
4728,what are some natural remedies to help ease stress,42,oos,149,travel_suggestion,run_03_seed_2024,0.7287260890007019
4729,what are some good methods of relieving stress,42,oos,149,travel_suggestion,run_03_seed_2024,0.594750702381134
4730,how do you make sure a bridge doesn't fall down,42,oos,40,car_rental,run_03_seed_2024,0.4668441712856293
4731,what is the median salary for someone with an engineering degree,42,oos,93,income,run_03_seed_2024,0.534143328666687
4732,what size pipes are used for sinks,42,oos,41,credit_limit,run_03_seed_2024,0.4579261541366577
4733,why would the water be turned off,42,oos,140,next_holiday,run_03_seed_2024,0.8505710959434509
4734,what is a good sink filter for water,42,oos,139,definition,run_03_seed_2024,0.3769649267196655
4735,what does water taste like,42,oos,5,weather,run_03_seed_2024,0.4210200011730194
4736,are there any sales on groceries today,42,oos,5,weather,run_03_seed_2024,0.7406091094017029
4737,when was my lawn last mowed,42,oos,79,payday,run_03_seed_2024,0.963831901550293
4738,what store has the best deals going on right now,42,oos,42,oos,run_03_seed_2024,0.9999336004257202
4739,can you tell me the best time to visit downtown when driving,42,oos,78,distance,run_03_seed_2024,0.9259591102600098
4740,am i currently connected to wifi,42,oos,93,income,run_03_seed_2024,0.6461872458457947
4741,is there an internet outage in my area,42,oos,42,oos,run_03_seed_2024,0.9998438358306885
4742,tell me about personal finance,42,oos,82,greeting,run_03_seed_2024,0.32109716534614563
4743,does amazon collect my personal information,42,oos,42,oos,run_03_seed_2024,0.8477759957313538
4744,check the status of my amazon orders for me,42,oos,84,order_status,run_03_seed_2024,0.9987614154815674
4745,what is the official language of romania,42,oos,29,change_language,run_03_seed_2024,0.9649935364723206
4746,show me the best times to book flights for traveling to another country,42,oos,63,book_flight,run_03_seed_2024,0.9311755895614624
4747,disconnect from wifi immediately please,42,oos,130,sync_device,run_03_seed_2024,0.7948890328407288
4748,am i connected to wifi,42,oos,93,income,run_03_seed_2024,0.3356080651283264
4749,list the contents of my safety deposit box at the bank,42,oos,48,todo_list,run_03_seed_2024,0.515775740146637
4750,what's the more secure bank vault,42,oos,150,change_volume,run_03_seed_2024,0.1903739720582962
4751,what coupons do i have for restaurants,42,oos,48,todo_list,run_03_seed_2024,0.570993959903717
4752,how do i make money,42,oos,104,recipe,run_03_seed_2024,0.9983128309249878
4753,can you give me some stress management tips,42,oos,42,oos,run_03_seed_2024,0.33588549494743347
4754,how unhealthy is stress,42,oos,73,spelling,run_03_seed_2024,0.18942895531654358
4755,what's the best way to build a skyscraper,42,oos,104,recipe,run_03_seed_2024,0.9733046293258667
4756,find engineering programs to apply to,42,oos,51,change_accent,run_03_seed_2024,0.24538132548332214
4757,what kind of glue is used for gluing pipes together,42,oos,141,update_playlist,run_03_seed_2024,0.4332416355609894
4758,check to see how many miles are on my car,42,oos,142,mpg,run_03_seed_2024,0.7986598014831543
4759,how do i change my windshield wipers,42,oos,42,oos,run_03_seed_2024,0.5903363227844238
4760,how many ppm of particulate is in my local water,42,oos,5,weather,run_03_seed_2024,0.34632861614227295
4761,what color is water,42,oos,56,bill_due,run_03_seed_2024,0.45439016819000244
4762,is anything on my grocery list on sale today,42,oos,48,todo_list,run_03_seed_2024,0.9960739612579346
4763,how long does it take for grass seed to grow on my lawn,42,oos,86,cook_time,run_03_seed_2024,0.5310108065605164
4764,please activate a wireless hotspot so i can use the internet,42,oos,51,change_accent,run_03_seed_2024,0.25625064969062805
4765,look up a good broker for mutual funds,42,oos,104,recipe,run_03_seed_2024,0.9809101223945618
4766,what are the best personal finance practices,42,oos,42,oos,run_03_seed_2024,0.9278598427772522
4767,will amazon ship an order even if there was a pricing mistake,42,oos,84,order_status,run_03_seed_2024,0.6399887800216675
4768,where did mandarin originate from,42,oos,77,where_are_you_from,run_03_seed_2024,0.9033709764480591
4769,what are some of the most visited countries for people looking to travel abroad,42,oos,42,oos,run_03_seed_2024,0.9875158071517944
4770,tell me which wifi network you are connected to right now,42,oos,99,how_old_are_you,run_03_seed_2024,0.8318241238594055
4771,what is my current signal strength,42,oos,4,time,run_03_seed_2024,0.6043335795402527
4772,if i'm locked in a bank vault what's the best way to get out,42,oos,90,replacement_card_duration,run_03_seed_2024,0.34397777915000916
4773,how do i upgrade my operating system,42,oos,122,w2,run_03_seed_2024,0.8780681490898132
4774,how much ram does my computer have,42,oos,48,todo_list,run_03_seed_2024,0.5599847435951233
4775,is it ok to feed dogs people food,42,oos,42,oos,run_03_seed_2024,0.7347835302352905
4776,how do you fix a leaking sink,42,oos,64,insurance_change,run_03_seed_2024,0.26632189750671387
4777,how do you unclog a toilet,42,oos,104,recipe,run_03_seed_2024,0.8769749999046326
4778,can you tell me local crime in my area,42,oos,42,oos,run_03_seed_2024,0.9991400241851807
4779,what's the power consumption of my fridge,42,oos,54,food_last,run_03_seed_2024,0.9934072494506836
4780,what is the warranty on my microwave,42,oos,60,calendar,run_03_seed_2024,0.23357455432415009
4781,how do i use my microwaves defrost,42,oos,6,redeem_rewards,run_03_seed_2024,0.8888322114944458
4782,how do you get red wine out of the carpet,42,oos,31,measurement_conversion,run_03_seed_2024,0.6211824417114258
4783,how do i get stains out of the carpet,42,oos,72,directions,run_03_seed_2024,0.42059165239334106
4784,what is the highest quality carpet available,42,oos,42,oos,run_03_seed_2024,0.5345366597175598
4785,has everyone come home from school,42,oos,42,oos,run_03_seed_2024,0.6833649277687073
4786,what time did my daughter get home from her date,42,oos,44,expiration_date,run_03_seed_2024,0.47139787673950195
4787,is my computer free from viruses,42,oos,84,order_status,run_03_seed_2024,0.4779054820537567
4788,are you allowed to call someone a dirty name as part of free speech,42,oos,55,change_ai_name,run_03_seed_2024,0.8184980154037476
4789,can you really get arrested for yelling fire in a crowded theater,42,oos,51,change_accent,run_03_seed_2024,0.284142404794693
4790,what amendment guarantees the freedom of speech to americans,42,oos,58,share_location,run_03_seed_2024,0.7504076957702637
4791,do employers have to honor freedom of speech,42,oos,110,gas,run_03_seed_2024,0.43415993452072144
4792,what's the average score on a round of golf,42,oos,117,are_you_a_bot,run_03_seed_2024,0.285249799489975
4793,where is the closest driving range,42,oos,72,directions,run_03_seed_2024,0.9994204044342041
4794,when does tiger woods play next,42,oos,42,oos,run_03_seed_2024,0.493851900100708
4795,how can i improve my golf swing,42,oos,28,improve_credit_score,run_03_seed_2024,0.4312475323677063
4796,are your step-parent's parents considered your grandparents,42,oos,77,where_are_you_from,run_03_seed_2024,0.2805103361606598
4797,what's a good gift to get for your grandparents,42,oos,77,where_are_you_from,run_03_seed_2024,0.30826547741889954
4798,what year did my grandparents get married,42,oos,44,expiration_date,run_03_seed_2024,0.496754914522171
4799,fun gift ideas to give to grandparents,42,oos,58,share_location,run_03_seed_2024,0.356584757566452
4800,which came first; greek mythology or roman mythology,42,oos,28,improve_credit_score,run_03_seed_2024,0.5853990316390991
4801,how many greek mythology characters are there,42,oos,42,oos,run_03_seed_2024,0.9790270328521729
4802,who created the world in greek mythology,42,oos,42,oos,run_03_seed_2024,0.9965519905090332
4803,what was hercules the god of,42,oos,42,oos,run_03_seed_2024,0.5360757112503052
4804,how many harry potter books are there,42,oos,42,oos,run_03_seed_2024,0.5925536155700684
4805,what is harry's real name,42,oos,75,what_is_your_name,run_03_seed_2024,0.755793571472168
4806,who played ronald weasly,42,oos,96,who_made_you,run_03_seed_2024,0.8865989446640015
4807,how do you repel a bear when you're out on a hike,42,oos,64,insurance_change,run_03_seed_2024,0.46397876739501953
4808,where's the best place to hike in the rockies,42,oos,149,travel_suggestion,run_03_seed_2024,0.9956112504005432
4809,what should i wear to hike,42,oos,115,what_can_i_ask_you,run_03_seed_2024,0.5636448860168457
4810,what is the main cause of becoming homeless,42,oos,99,how_old_are_you,run_03_seed_2024,0.2771230638027191
4811,how many people are jobless in america,42,oos,73,spelling,run_03_seed_2024,0.6461378335952759
4812,how many homeless people are there,42,oos,42,oos,run_03_seed_2024,0.8449584245681763
4813,where are most homeless people,42,oos,42,oos,run_03_seed_2024,0.9999184608459473
4814,are indians nowadays reminiscent of a decade ago,42,oos,58,share_location,run_03_seed_2024,0.5732747316360474
4815,what were indians like 100 years ago,42,oos,99,how_old_are_you,run_03_seed_2024,0.9412809014320374
4816,how old is jennifer aniston,42,oos,99,how_old_are_you,run_03_seed_2024,0.6871219277381897
4817,i need tips on how to overcome insomnia,42,oos,72,directions,run_03_seed_2024,0.21278652548789978
4818,how many people have insomnia,42,oos,42,oos,run_03_seed_2024,0.18225052952766418
4819,what causes dyslexia,42,oos,115,what_can_i_ask_you,run_03_seed_2024,0.23451046645641327
4820,is insomnia curable,42,oos,42,oos,run_03_seed_2024,0.20298342406749725
4821,what are sigmund freud's most famous books,42,oos,42,oos,run_03_seed_2024,0.9968383312225342
4822,what year was jane austen born,42,oos,42,oos,run_03_seed_2024,0.9007911682128906
4823,where is te lawrence,42,oos,58,share_location,run_03_seed_2024,0.86700439453125
4824,who is jane goodall,42,oos,42,oos,run_03_seed_2024,0.8889263868331909
4825,how long does it take to get your yellow belt in karate,42,oos,78,distance,run_03_seed_2024,0.9987455606460571
4826,what's the most practiced form of mma in the world,42,oos,42,oos,run_03_seed_2024,0.9999139308929443
4827,what is the highest belt in karate,42,oos,42,oos,run_03_seed_2024,0.6165852546691895
4828,where does jiu jitsu originate,42,oos,42,oos,run_03_seed_2024,0.6452197432518005
4829,what's the proper subject verb order in japanese,42,oos,8,gas_type,run_03_seed_2024,0.5082138180732727
4830,how do i learn more about linguistics,42,oos,89,pin_change,run_03_seed_2024,0.4178668260574341
4831,what kind of paint do makeup artists use,42,oos,42,oos,run_03_seed_2024,0.7522304654121399
4832,the bus moves with tyre,42,oos,72,directions,run_03_seed_2024,0.6552536487579346
4833,how the bus moves,42,oos,72,directions,run_03_seed_2024,0.9996651411056519
4834,what are some good resources to learn about mental illness,42,oos,115,what_can_i_ask_you,run_03_seed_2024,0.557570219039917
4835,are people with a mental illness eligible for disability,42,oos,0,restaurant_reviews,run_03_seed_2024,0.3113715350627899
4836,how many people suffer from mental illness,42,oos,73,spelling,run_03_seed_2024,0.6049466729164124
4837,how can i get help for my mental health,42,oos,89,pin_change,run_03_seed_2024,0.43738460540771484
4838,what's trending now,42,oos,82,greeting,run_03_seed_2024,0.8656007051467896
4839,what's the first romantic movie ever made,42,oos,96,who_made_you,run_03_seed_2024,0.6084178686141968
4840,"when was the term ""zombie"" first used",42,oos,42,oos,run_03_seed_2024,0.6418124437332153
4841,what kind of traits do vampires have,42,oos,46,meal_suggestion,run_03_seed_2024,0.2751574218273163
4842,what do mummies eat,42,oos,42,oos,run_03_seed_2024,0.646550178527832
4843,send information on flood clean up to my phone,42,oos,130,sync_device,run_03_seed_2024,0.9999523162841797
4844,what's the cost of buying a sump pump,42,oos,148,pto_used,run_03_seed_2024,0.39885544776916504
4845,recommend a flood clean up service,42,oos,114,goodbye,run_03_seed_2024,0.4144313633441925
4846,what is the safest model of airplane to fly in,42,oos,42,oos,run_03_seed_2024,0.9998007416725159
4847,what year was the first airplane built in,42,oos,42,oos,run_03_seed_2024,0.9999918937683105
4848,what's the best reviewed local roof repair place,42,oos,42,oos,run_03_seed_2024,0.5172545909881592
4849,what's the best type of plan to upgrade to,42,oos,115,what_can_i_ask_you,run_03_seed_2024,0.6125093698501587
4850,give me a suggestion for roofers,42,oos,46,meal_suggestion,run_03_seed_2024,0.9815929532051086
4851,where can i buy new shingles,42,oos,16,order,run_03_seed_2024,0.2801111042499542
4852,what's the safest pet to be around toddlers,42,oos,102,how_busy,run_03_seed_2024,0.5736719965934753
4853,why is my dog vomiting after eating,42,oos,56,bill_due,run_03_seed_2024,0.3650882840156555
4854,tiger,42,oos,77,where_are_you_from,run_03_seed_2024,0.49006521701812744
4855,what's the average rent of apartments in my city,42,oos,86,cook_time,run_03_seed_2024,0.28806543350219727
4856,are there any apartments for rent nearby,42,oos,5,weather,run_03_seed_2024,0.6504473090171814
4857,what are apartment prices now,42,oos,115,what_can_i_ask_you,run_03_seed_2024,0.2379024773836136
4858,what's the highest building in the world,42,oos,42,oos,run_03_seed_2024,0.7417638301849365
4859,where is the closest architecture college,42,oos,72,directions,run_03_seed_2024,0.9993689656257629
4860,where can i submit my architecture plans,42,oos,58,share_location,run_03_seed_2024,0.9829871654510498
4861,who is the best architecture,42,oos,42,oos,run_03_seed_2024,0.992324948310852
4862,please give me a listing of all the bottled water brands in the area,42,oos,51,change_accent,run_03_seed_2024,0.727565348148346
4863,what are the lowest prices of bottled water at costco,42,oos,0,restaurant_reviews,run_03_seed_2024,0.891968309879303
4864,how do they filter pollutants out of bottled water,42,oos,27,bill_balance,run_03_seed_2024,0.8371469974517822
4865,what's the cost of bottled water,42,oos,27,bill_balance,run_03_seed_2024,0.9993671774864197
4866,what's the cost to have a business card printed,42,oos,90,replacement_card_duration,run_03_seed_2024,0.9799253940582275
4867,when can i get a business card printed locally,42,oos,90,replacement_card_duration,run_03_seed_2024,0.992717981338501
4868,what to use to design my business cards,42,oos,43,shopping_list,run_03_seed_2024,0.20133687555789948
4869,download all the photos off my phone into the cloud,42,oos,130,sync_device,run_03_seed_2024,0.9759232997894287
4870,tell me about that kind of cameras,42,oos,96,who_made_you,run_03_seed_2024,0.41317132115364075
4871,how much is the new nikon camera,42,oos,42,oos,run_03_seed_2024,0.7179015874862671
4872,what kind of camera should i buy,42,oos,8,gas_type,run_03_seed_2024,0.945588231086731
4873,how much candy have i consumed this week,42,oos,71,spending_history,run_03_seed_2024,0.9763299226760864
4874,how many flavors of mnm's are there,42,oos,42,oos,run_03_seed_2024,0.9834837317466736
4875,who makes milky way bars,42,oos,144,change_user_name,run_03_seed_2024,0.6957905292510986
4876,how safe is it to consume the substance h2o,42,oos,42,oos,run_03_seed_2024,0.7440111637115479
4877,how many elements are on the periodic table,42,oos,0,restaurant_reviews,run_03_seed_2024,0.41131219267845154
4878,what's the chemical composition of a fart,42,oos,42,oos,run_03_seed_2024,0.22596165537834167
4879,what is phosphorus on the periodic table,42,oos,143,min_payment,run_03_seed_2024,0.5569567680358887
4880,look up some christmas songs for me,42,oos,139,definition,run_03_seed_2024,0.5152435302734375
4881,is espn covering the golden state warriors game,42,oos,42,oos,run_03_seed_2024,0.9458026885986328
4882,how many calories does doing 20 situps burn,42,oos,135,calories,run_03_seed_2024,0.9960015416145325
4883,what is a normal resting heart rate,42,oos,8,gas_type,run_03_seed_2024,0.3154434263706207
4884,should i run every day,42,oos,52,vaccines,run_03_seed_2024,0.6618741750717163
4885,how many months do i left in my hbo subscription,42,oos,50,rewards_balance,run_03_seed_2024,0.4993756413459778
4886,when does game of thrones return on hbo,42,oos,42,oos,run_03_seed_2024,0.9319344162940979
4887,cancel my subscription to scientific american,42,oos,67,cancel_reservation,run_03_seed_2024,0.7666949033737183
4888,i'd like to renew my subscription to playboy,42,oos,111,pay_bill,run_03_seed_2024,0.8479219675064087
4889,what are popular lifestyle magazines,42,oos,115,what_can_i_ask_you,run_03_seed_2024,0.8721465468406677
4890,what are popular sports magazines,42,oos,42,oos,run_03_seed_2024,0.9765059351921082
4891,how can i use make up to cover a cut on my cheek,42,oos,6,redeem_rewards,run_03_seed_2024,0.3423602879047394
4892,what's the best make-up to cover a black eye,42,oos,42,oos,run_03_seed_2024,0.559403121471405
4893,send me videos of how to do a smoky eye,42,oos,64,insurance_change,run_03_seed_2024,0.9332717061042786
4894,whats the best rated lipstick,42,oos,42,oos,run_03_seed_2024,0.7111402153968811
4895,when will the government file another antitrust suit against microsoft,42,oos,56,bill_due,run_03_seed_2024,0.4914029538631439
4896,when will microsoft drop support for windows 7,42,oos,86,cook_time,run_03_seed_2024,0.4895392656326294
4897,how do i make a sentence have stylized strike out in microsoft word,42,oos,46,meal_suggestion,run_03_seed_2024,0.2066393792629242
4898,how can i control where microsoft word inserts a page break,42,oos,28,improve_credit_score,run_03_seed_2024,0.6135898232460022
4899,what are the current prices for mushrooms,42,oos,0,restaurant_reviews,run_03_seed_2024,0.7053382396697998
4900,what bands are touring in my city this week,42,oos,136,current_location,run_03_seed_2024,0.5069337487220764
4901,i need for you to look up some of the major gods in mythology,42,oos,108,direct_deposit,run_03_seed_2024,0.3342702388763428
4902,what was the original name of jesus in egyptian myth,42,oos,38,exchange_rate,run_03_seed_2024,0.1535826474428177
4903,was the god osiris a titan or an old god,42,oos,58,share_location,run_03_seed_2024,0.39690226316452026
4904,tell me who aphrodite is,42,oos,42,oos,run_03_seed_2024,0.8596535921096802
4905,what activities can i to do outside today,42,oos,149,travel_suggestion,run_03_seed_2024,0.7582815289497375
4906,when will the daffodils bloom this year,42,oos,56,bill_due,run_03_seed_2024,0.5178105235099792
4907,what zelda games are available on the switch,42,oos,72,directions,run_03_seed_2024,0.42966800928115845
4908,i want to buy some nintendo switch game,42,oos,16,order,run_03_seed_2024,0.9298009276390076
4909,how much does a nintendo switch cost,42,oos,90,replacement_card_duration,run_03_seed_2024,0.5976747870445251
4910,show me a cool nintendo switch game,42,oos,119,change_speed,run_03_seed_2024,0.37877386808395386
4911,can you check how many miles i walked today when i was out get the info from my phone,42,oos,78,distance,run_03_seed_2024,0.6353715062141418
4912,can you check how many steps i have walked in the last week from my phone app,42,oos,28,improve_credit_score,run_03_seed_2024,0.2649647295475006
4913,what should i do if it hurts when i pee,42,oos,60,calendar,run_03_seed_2024,0.6926384568214417
4914,what are the symptoms of cancer,42,oos,136,current_location,run_03_seed_2024,0.42233529686927795
4915,how many pokemon have i caught in my pokemon go app,42,oos,103,application_status,run_03_seed_2024,0.8609196543693542
4916,tell me what pokemon is,42,oos,136,current_location,run_03_seed_2024,0.6840696930885315
4917,has the school my kids go to been in the news for any reason,42,oos,54,food_last,run_03_seed_2024,0.7457623481750488
4918,are there any school closures today,42,oos,95,date,run_03_seed_2024,0.29716581106185913
4919,how long is the school year,42,oos,42,oos,run_03_seed_2024,0.9928015470504761
4920,why did a bunch of christians go off murdering muslims in the middle ages,42,oos,70,report_fraud,run_03_seed_2024,0.17280346155166626
4921,what was the point of the crusades,42,oos,42,oos,run_03_seed_2024,0.96294105052948
4922,what other countries speak the english language,42,oos,29,change_language,run_03_seed_2024,0.9999792575836182
4923,why doesn't english have consistent forms,42,oos,141,update_playlist,run_03_seed_2024,0.29173174500465393
4924,do they speak english in australia,42,oos,61,translate,run_03_seed_2024,0.34893569350242615
4925,who teaches english near me,42,oos,144,change_user_name,run_03_seed_2024,0.681696891784668
4926,can you see what the budget for the united states military was in 2018,42,oos,42,oos,run_03_seed_2024,0.9999587535858154
4927,can you look at what the oldest age is someone can enlist in the army,42,oos,149,travel_suggestion,run_03_seed_2024,0.26995861530303955
4928,how many years do you need to be in the army to get a college tuition,42,oos,78,distance,run_03_seed_2024,0.9272528290748596
4929,where are most the servicemen right now,42,oos,42,oos,run_03_seed_2024,0.9854652285575867
4930,what movies are playing at my local cinemax,42,oos,149,travel_suggestion,run_03_seed_2024,0.7363484501838684
4931,what time is a star is born showing,42,oos,42,oos,run_03_seed_2024,0.9518688321113586
4932,what movies are playing,42,oos,42,oos,run_03_seed_2024,0.7639315128326416
4933,can you get me the scores from the games that were played last night,42,oos,77,where_are_you_from,run_03_seed_2024,0.684667706489563
4934,has there been any times when lebron james was arrested,42,oos,37,last_maintenance,run_03_seed_2024,0.7022796869277954
4935,what are the new player rankings for the nhl,42,oos,90,replacement_card_duration,run_03_seed_2024,0.4114568531513214
4936,who won in the gsw vs suns game last night,42,oos,42,oos,run_03_seed_2024,0.9908884763717651
4937,give me the news on the newspaper today,42,oos,42,oos,run_03_seed_2024,0.5049787163734436
4938,tell me a list of my local papers,42,oos,76,reminder,run_03_seed_2024,0.7689609527587891
4939,what's the newspaper today,42,oos,95,date,run_03_seed_2024,0.7471305131912231
4940,would you let me know who won the gold metal in gymnastics at the olympics,42,oos,42,oos,run_03_seed_2024,0.8161284923553467
4941,"at the olympics, what country won the gold medal in basketball",42,oos,51,change_accent,run_03_seed_2024,0.6610070466995239
4942,where will the next olympics be hosted,42,oos,140,next_holiday,run_03_seed_2024,0.536784827709198
4943,when are the winter olympic games,42,oos,42,oos,run_03_seed_2024,0.9410286545753479
4944,what films are in the running for best song at this year's oscars,42,oos,145,restaurant_suggestion,run_03_seed_2024,0.5095572471618652
4945,who are the nominees for best picture this year,42,oos,42,oos,run_03_seed_2024,0.9917506575584412
4946,give me information on the oscars,42,oos,42,oos,run_03_seed_2024,0.9997442364692688
4947,tell me about the oscars,42,oos,42,oos,run_03_seed_2024,0.9964491128921509
4948,why did we elect this woman who made amazon leave and take its jobs with it,42,oos,114,goodbye,run_03_seed_2024,0.5433275103569031
4949,how many people live in vermillion,42,oos,42,oos,run_03_seed_2024,0.9820380210876465
4950,what's a good way to organize my tools in my garage,42,oos,146,travel_notification,run_03_seed_2024,0.22181682288646698
4951,what's the cost of a good pegboard,42,oos,86,cook_time,run_03_seed_2024,0.7104530930519104
4952,is the stop sign around the corner still knocked over,42,oos,42,oos,run_03_seed_2024,0.7377197742462158
4953,is there a fork in the road sign at main & 1st avenue,42,oos,149,travel_suggestion,run_03_seed_2024,0.5272382497787476
4954,are there cameras hidden in stop lights,42,oos,133,transfer,run_03_seed_2024,0.2163071185350418
4955,what does a flashing yellow light mean,42,oos,139,definition,run_03_seed_2024,0.5596774816513062
4956,what is the deadline to register at university of georgia,42,oos,0,restaurant_reviews,run_03_seed_2024,0.5435448288917542
4957,what universities are nearby to me and highly rated,42,oos,72,directions,run_03_seed_2024,0.9218226075172424
4958,what are the top rated universities within my state,42,oos,11,user_name,run_03_seed_2024,0.2660469710826874
4959,will the anti-vaxxers die off if no one gives them vaccines,42,oos,125,shopping_list_update,run_03_seed_2024,0.8887596726417542
4960,how safe is the herpes vaccine they give women,42,oos,56,bill_due,run_03_seed_2024,0.437398225069046
4961,where can i get the flu shot,42,oos,72,directions,run_03_seed_2024,0.598829448223114
4962,when do i have to get the mmr,42,oos,56,bill_due,run_03_seed_2024,0.5866916179656982
4963,how much are the clorox detergents,42,oos,27,bill_balance,run_03_seed_2024,0.6404240131378174
4964,when will nightwish be touring through my city,42,oos,101,pto_request_status,run_03_seed_2024,0.34013891220092773
4965,does iron maiden have any new releases,42,oos,55,change_ai_name,run_03_seed_2024,0.5495924949645996
4966,tell me something about linkin park,42,oos,42,oos,run_03_seed_2024,0.42943626642227173
4967,i need you to check the resistance of a coil wrapped 6 times with an id of 25mm,42,oos,111,pay_bill,run_03_seed_2024,0.9386333227157593
4968,can you tell me whether the knicks will play the lakers this week,42,oos,42,oos,run_03_seed_2024,0.41773027181625366
4969,what do you do if your 4 year old just ate playdoh,42,oos,77,where_are_you_from,run_03_seed_2024,0.47162893414497375
4970,when do the kids get out of school today,42,oos,86,cook_time,run_03_seed_2024,0.4460426867008209
4971,please check up on my son's homework,42,oos,84,order_status,run_03_seed_2024,0.19354167580604553
4972,give me a list of the top three landscaping companies nearby,42,oos,42,oos,run_03_seed_2024,0.9901478886604309
4973,when should you mow your grass after it's rained,42,oos,15,what_are_your_hobbies,run_03_seed_2024,0.5810906291007996
4974,how much sugar was in my urine this morning,42,oos,93,income,run_03_seed_2024,0.9963655471801758
4975,what's a good blouse to wear with pink shoes,42,oos,149,travel_suggestion,run_03_seed_2024,0.7225698828697205
4976,what are the best jeans in my size,42,oos,42,oos,run_03_seed_2024,0.999980092048645
4977,how much does it cost to spay a puppy,42,oos,27,bill_balance,run_03_seed_2024,0.5623459219932556
4978,what's the best style shoe to wear to the prom,42,oos,58,share_location,run_03_seed_2024,0.520611047744751
4979,can you tell me about that tornado that just tore up alabama,42,oos,33,flip_coin,run_03_seed_2024,0.545809268951416
4980,tell me what the hot topics are that are trending on google,42,oos,42,oos,run_03_seed_2024,0.9997757077217102
4981,what happened with the summit between trump and jong,42,oos,58,share_location,run_03_seed_2024,0.5726087093353271
4982,check and see what the local news in broadcasting,42,oos,42,oos,run_03_seed_2024,0.951090395450592
4983,please uninstall this intrusive social media app,42,oos,130,sync_device,run_03_seed_2024,0.34783145785331726
4984,upload the pictures to the correct album,42,oos,58,share_location,run_03_seed_2024,0.5957089066505432
4985,i have a super runny nose and want to find a doctor,42,oos,58,share_location,run_03_seed_2024,0.382489949464798
4986,which medicine to relieve my cough,42,oos,58,share_location,run_03_seed_2024,0.7230152487754822
4987,how do i get rid of blocked nose at home,42,oos,64,insurance_change,run_03_seed_2024,0.37037932872772217
4988,how do i get rid of sore throat at home,42,oos,141,update_playlist,run_03_seed_2024,0.41696417331695557
4989,how can i make my living room appear to be bigger than it is,42,oos,10,smart_home,run_03_seed_2024,0.9461028575897217
4990,i'd like to find some curtains that look good in this room,42,oos,145,restaurant_suggestion,run_03_seed_2024,0.8812852501869202
4991,how to paint walls,42,oos,58,share_location,run_03_seed_2024,0.20259585976600647
4992,how to fix walls,42,oos,29,change_language,run_03_seed_2024,0.46897968649864197
4993,can you tell me the purpose of a safe deposit box,42,oos,128,travel_alert,run_03_seed_2024,0.9058648347854614
4994,can you store a gun in a safe deposit box,42,oos,128,travel_alert,run_03_seed_2024,0.8569892048835754
4995,how do you get a safe deposit box,42,oos,108,direct_deposit,run_03_seed_2024,0.7966910004615784
4996,look up how to apply cream to smooth itchiness,42,oos,38,exchange_rate,run_03_seed_2024,0.4818575382232666
4997,"how do i deal with angry, painful red bumps",42,oos,97,pto_request,run_03_seed_2024,0.2523549199104309
4998,where should i go if i hammered a nail through my foot,42,oos,125,shopping_list_update,run_03_seed_2024,0.36683550477027893
4999,how long does it take to call an ambulance,42,oos,86,cook_time,run_03_seed_2024,0.8203439712524414
5000,how to get the right medicine,42,oos,72,directions,run_03_seed_2024,0.9945524334907532
5001,how to take care of the sick,42,oos,42,oos,run_03_seed_2024,0.45139235258102417
5002,do vegans really want to blame cows for climate change,42,oos,128,travel_alert,run_03_seed_2024,0.38801056146621704
5003,give me a recommendation for a local landscaper,42,oos,46,meal_suggestion,run_03_seed_2024,0.6420432925224304
5004,i need to hire a grass treatment specialist,42,oos,111,pay_bill,run_03_seed_2024,0.7995575070381165
5005,when is the best time of year for pruning,42,oos,42,oos,run_03_seed_2024,0.6800872087478638
5006,find someone local who mows lawns,42,oos,42,oos,run_03_seed_2024,0.9878805875778198
5007,create a speech on historical events surrounding albert einstein,42,oos,119,change_speed,run_03_seed_2024,0.24963423609733582
5008,create a pamphlet on albert einsteins childhood,42,oos,111,pay_bill,run_03_seed_2024,0.6234170198440552
5009,what is albert einstein famous for,42,oos,27,bill_balance,run_03_seed_2024,0.42320919036865234
5010,when was albert einstein born,42,oos,42,oos,run_03_seed_2024,0.9029451608657837
5011,when will cameron release the sequel to avatar,42,oos,56,bill_due,run_03_seed_2024,0.8989702463150024
5012,can you please start the avatar movie for me,42,oos,10,smart_home,run_03_seed_2024,0.8758005499839783
5013,is the movie avatar culturally insensitive,42,oos,28,improve_credit_score,run_03_seed_2024,0.19314531981945038
5014,could you create a new avatar for me,42,oos,53,reminder_update,run_03_seed_2024,0.22046716511249542
5015,does bill gates still have any material participation in the running of microsoft,42,oos,42,oos,run_03_seed_2024,0.9618021845817566
5016,tell me more about bill gates,42,oos,56,bill_due,run_03_seed_2024,0.5133298635482788
5017,give me the weather forecast for today,42,oos,5,weather,run_03_seed_2024,0.9999802112579346
5018,what is bitcoin trading for currently,42,oos,42,oos,run_03_seed_2024,0.9367440938949585
5019,where can i have a black and white photo blown up to poster size,42,oos,51,change_accent,run_03_seed_2024,0.3132238984107971
5020,adjust the contrast of the black and white photos,42,oos,51,change_accent,run_03_seed_2024,0.7200368046760559
5021,can you colorize a black and white photo,42,oos,51,change_accent,run_03_seed_2024,0.8036410808563232
5022,add color to the black and white photos,42,oos,125,shopping_list_update,run_03_seed_2024,0.17693476378917694
5023,how many people were killed in the boston marathon by bombers,42,oos,5,weather,run_03_seed_2024,0.3395894169807434
5024,compile a list of historical events from the boston marathon,42,oos,105,calendar_update,run_03_seed_2024,0.31225016713142395
5025,time my next run at the boston marathon,42,oos,79,payday,run_03_seed_2024,0.9209954738616943
5026,when will the next boston marathon be,42,oos,140,next_holiday,run_03_seed_2024,0.9999127388000488
5027,look up which animal is represented in this year's chinese new year,42,oos,141,update_playlist,run_03_seed_2024,0.4044089615345001
5028,what is the animal for this chinese new year,42,oos,42,oos,run_03_seed_2024,0.8590463995933533
5029,would it be legal to have battles to the death in a homemade colosseum,42,oos,29,change_language,run_03_seed_2024,0.5255566239356995
5030,do the romans still use the colosseum for anything today,42,oos,42,oos,run_03_seed_2024,0.6920772790908813
5031,where is the colosseum,42,oos,42,oos,run_03_seed_2024,0.605448305606842
5032,"can you really time your compressions to queen's ""another one bites the dust""",42,oos,15,what_are_your_hobbies,run_03_seed_2024,0.37356024980545044
5033,do i have to put my mouth on theirs when doing cpr,42,oos,48,todo_list,run_03_seed_2024,0.9035837650299072
5034,what is the breath to compression ratio for cpr,42,oos,27,bill_balance,run_03_seed_2024,0.3129657804965973
5035,tell me how to perform cpr,42,oos,72,directions,run_03_seed_2024,0.4732789397239685
5036,create a for-while loop that continues 10 times,42,oos,111,pay_bill,run_03_seed_2024,0.9189549684524536
5037,where are classes taught near me for c++,42,oos,42,oos,run_03_seed_2024,0.7784671187400818
5038,"declare a variable named ""golf""",42,oos,111,pay_bill,run_03_seed_2024,0.5290116667747498
5039,how do i write c++,42,oos,104,recipe,run_03_seed_2024,0.6416385769844055
5040,is the depiction of gold mining in the movie the ballad of buster scruggs realistic,42,oos,58,share_location,run_03_seed_2024,0.28824710845947266
5041,do you own the mineral rights to gold nuggets you find in your back yard,42,oos,15,what_are_your_hobbies,run_03_seed_2024,0.42087113857269287
5042,where is the best place to mine for gold,42,oos,149,travel_suggestion,run_03_seed_2024,0.6826348900794983
5043,when was the gold rush,42,oos,79,payday,run_03_seed_2024,0.8662644624710083
5044,make a list of facts about green book,42,oos,129,fun_fact,run_03_seed_2024,0.7885826826095581
5045,find out when green book was created,42,oos,42,oos,run_03_seed_2024,0.9981327652931213
5046,who wrote green book,42,oos,96,who_made_you,run_03_seed_2024,0.9914318323135376
5047,what's the main export by the peoples of greenland,42,oos,143,min_payment,run_03_seed_2024,0.3318229913711548
5048,how many people still live on greenland,42,oos,42,oos,run_03_seed_2024,0.9941211342811584
5049,scan my photos and tell me which hair style is most suiting for my face,42,oos,2,account_blocked,run_03_seed_2024,0.5211517810821533
5050,create several photos of me with different hair styles,42,oos,58,share_location,run_03_seed_2024,0.8032113909721375
5051,latest hair styles for long natural hair,42,oos,86,cook_time,run_03_seed_2024,0.9279949069023132
5052,show video of hair styling tips,42,oos,133,transfer,run_03_seed_2024,0.32516753673553467
5053,did a man really die trying to be loved by a horse,42,oos,92,roll_dice,run_03_seed_2024,0.2811928391456604
5054,how many acres do you need to buy a horse,42,oos,78,distance,run_03_seed_2024,0.567415714263916
5055,get me a picture of a horse,42,oos,64,insurance_change,run_03_seed_2024,0.27041393518447876
5056,does eating poop really help your gut fauna,42,oos,57,who_do_you_work_for,run_03_seed_2024,0.4914643168449402
5057,is there a vaccine for ebola,42,oos,42,oos,run_03_seed_2024,0.8558326363563538
5058,find out how many latin scholars there are at the university of chicago,42,oos,62,carry_on,run_03_seed_2024,0.6510981321334839
5059,make a list of side hustles i could start today to make a little extra cash,42,oos,65,todo_list_update,run_03_seed_2024,0.5503354668617249
5060,make a list of stocks that would be good to invest in to start making money,42,oos,145,restaurant_suggestion,run_03_seed_2024,0.42727822065353394
5061,how can i add my signature to the proposed bill legalizing prostitution,42,oos,143,min_payment,run_03_seed_2024,0.6726856827735901
5062,what's the roi doing arbitrage with ebay,42,oos,118,next_song,run_03_seed_2024,0.16918645799160004
5063,do women still bare their chests for beads at mardi gras,42,oos,0,restaurant_reviews,run_03_seed_2024,0.3849671483039856
5064,when's the next mardi gras going to be,42,oos,140,next_holiday,run_03_seed_2024,0.8462234735488892
5065,what is the best way to kill microbes,42,oos,104,recipe,run_03_seed_2024,0.8858656287193298
5066,start a speech on microbes for me,42,oos,119,change_speed,run_03_seed_2024,0.9679930210113525
5067,inform me of what microbes are,42,oos,74,insurance,run_03_seed_2024,0.898454487323761
5068,what is the top 10 best modems,42,oos,42,oos,run_03_seed_2024,0.9280065894126892
5069,what is the time signature for the castlevania song bloody tears,42,oos,118,next_song,run_03_seed_2024,0.4643624424934387
5070,can you tell me what key frank zappa's keep it greasy is in,42,oos,143,min_payment,run_03_seed_2024,0.41896936297416687
5071,please go to wikipedia and search for articles related to nsa,42,oos,51,change_accent,run_03_seed_2024,0.5925713777542114
5072,can the nsa crack the encryption on my iphone,42,oos,118,next_song,run_03_seed_2024,0.2780275344848633
5073,does the nsa listen to me,42,oos,56,bill_due,run_03_seed_2024,0.29351168870925903
5074,could you pull up the nsa website,42,oos,82,greeting,run_03_seed_2024,0.3404421806335449
5075,can you see if the octopus eggs have hatched yet,42,oos,10,smart_home,run_03_seed_2024,0.6517049670219421
5076,what do you do if your cat eats an octopus,42,oos,15,what_are_your_hobbies,run_03_seed_2024,0.9333319067955017
5077,find out which museum houses the most post modern art in new york state,42,oos,42,oos,run_03_seed_2024,0.9997897744178772
5078,look up the top 3 selling post modern artists in the united states,42,oos,143,min_payment,run_03_seed_2024,0.8722392320632935
5079,create a portrait for me using post modern art,42,oos,111,pay_bill,run_03_seed_2024,0.5376461744308472
5080,find me examples of post modern art,42,oos,136,current_location,run_03_seed_2024,0.3747267723083496
5081,find the names of all the rain forests located in south america,42,oos,5,weather,run_03_seed_2024,0.9841678738594055
5082,does cutting down the rain forest really add to global warming,42,oos,141,update_playlist,run_03_seed_2024,0.6313543319702148
5083,what's the current demand for wood from rain forests,42,oos,5,weather,run_03_seed_2024,0.9817302227020264
5084,what's the current prevailing interest rate for mortgages in my area,42,oos,7,interest_rate,run_03_seed_2024,0.9999188184738159
5085,how's the real estate market doing this week,42,oos,117,are_you_a_bot,run_03_seed_2024,0.5428436994552612
5086,please list my real estate for sale,42,oos,130,sync_device,run_03_seed_2024,0.26694998145103455
5087,make an ad to sell my real estate,42,oos,133,transfer,run_03_seed_2024,0.8828502893447876
5088,what's the status of robotic servants from japan,42,oos,22,meaning_of_life,run_03_seed_2024,0.16659756004810333
5089,finish the final touches on my newest robotic creation,42,oos,118,next_song,run_03_seed_2024,0.23443999886512756
5090,can a robot really travel back in time,42,oos,128,travel_alert,run_03_seed_2024,0.592679500579834
5091,program my new robot to bring me snacks,42,oos,53,reminder_update,run_03_seed_2024,0.5660819411277771
5092,how long would it take you to die of thirst in the sahara desert,42,oos,78,distance,run_03_seed_2024,0.9998419284820557
5093,can a samurai sword deflect a bullet,42,oos,51,change_accent,run_03_seed_2024,0.6757734417915344
5094,how much for a samurai sword,42,oos,27,bill_balance,run_03_seed_2024,0.8144774436950684
5095,make a list of what materials have been used for spacesuits,42,oos,70,report_fraud,run_03_seed_2024,0.2616926431655884
5096,what size space suit should you get based on your girth,42,oos,77,where_are_you_from,run_03_seed_2024,0.7145117521286011
5097,see if you can purchase a spacesuit online,42,oos,16,order,run_03_seed_2024,0.9939223527908325
5098,compile a folder of paintings of sparta,42,oos,111,pay_bill,run_03_seed_2024,0.4271019995212555
5099,display history of sparta,42,oos,42,oos,run_03_seed_2024,0.4620971083641052
5100,compile a list of articles pertaining to venture capital funding for me,42,oos,65,todo_list_update,run_03_seed_2024,0.6555177569389343
5101,start a portfolio on venture capital funding for me to look over,42,oos,10,smart_home,run_03_seed_2024,0.6196582913398743
5102,how do i get venture capital for my app,42,oos,122,w2,run_03_seed_2024,0.493863582611084
5103,what's the latest vc funded company,42,oos,42,oos,run_03_seed_2024,0.5126847624778748
5104,i'd like to hire a wedding planner and need help finding one,42,oos,25,make_call,run_03_seed_2024,0.6921859979629517
5105,how to plan for weddings,42,oos,64,insurance_change,run_03_seed_2024,0.94019615650177
5106,find out how many whales are currently in monterey bay,42,oos,42,oos,run_03_seed_2024,0.9685062170028687
5107,make a chart of the different types of whales,42,oos,128,travel_alert,run_03_seed_2024,0.3368489742279053
5108,what did my best friend do in the kitchen while we were gone,42,oos,76,reminder,run_03_seed_2024,0.8555204272270203
5109,what's my boss' home address,42,oos,42,oos,run_03_seed_2024,0.7558503150939941
5110,what's it like to have parents who actually love you,42,oos,96,who_made_you,run_03_seed_2024,0.9971377849578857
5111,is there any news if my parents survived the crash,42,oos,84,order_status,run_03_seed_2024,0.8598545789718628
5112,tell me who gives the best motivational speeches on the web,42,oos,42,oos,run_03_seed_2024,0.9998341798782349
5113,find an article on celebrities who made it out of poverty,42,oos,42,oos,run_03_seed_2024,0.9081687927246094
5114,send me a motivational quote everyday for the next week,42,oos,51,change_accent,run_03_seed_2024,0.6035983562469482
5115,who is the hardest working man in hollywood,42,oos,57,who_do_you_work_for,run_03_seed_2024,0.8748956322669983
5116,tell me where i can get more information on getting a job at the post office,42,oos,42,oos,run_03_seed_2024,0.8306441307067871
5117,pull up the classifieds and read the career section to me,42,oos,42,oos,run_03_seed_2024,0.19957180321216583
5118,help me find a new position as a programmer,42,oos,16,order,run_03_seed_2024,0.8675523400306702
5119,what's the best career search website,42,oos,104,recipe,run_03_seed_2024,0.9852168560028076
5120,write the next chapter of my biography and let me know when you have finished it,42,oos,56,bill_due,run_03_seed_2024,0.39047297835350037
5121,give me a list of the biographies written by nyu professors after 2001,42,oos,48,todo_list,run_03_seed_2024,0.2973613142967224
5122,i would like for you to start a biography on me,42,oos,55,change_ai_name,run_03_seed_2024,0.41956865787506104
5123,show me all biographies on teddy kennedy,42,oos,68,transactions,run_03_seed_2024,0.9817071557044983
5124,find out what supplies i am missing and will need on my upcoming camping trip,42,oos,62,carry_on,run_03_seed_2024,0.4923814833164215
5125,what are the camping restrictions at bear island,42,oos,0,restaurant_reviews,run_03_seed_2024,0.9528504014015198
5126,find articles that can help me advance my position in my work field,42,oos,136,current_location,run_03_seed_2024,0.7962602972984314
5127,show me what one should do to get ahead in a tech corporation,42,oos,77,where_are_you_from,run_03_seed_2024,0.16526111960411072
5128,get me a copy of a book on negotiation in the workplace,42,oos,116,book_hotel,run_03_seed_2024,0.7961861491203308
5129,look up ways for me to advance my job placement,42,oos,77,where_are_you_from,run_03_seed_2024,0.3057602047920227
5130,see if there is a recipe to make a casserole without any dairy,42,oos,104,recipe,run_03_seed_2024,0.5548292994499207
5131,tell me in how many different colors i can get dinner plates from pier one imports,42,oos,86,cook_time,run_03_seed_2024,0.6847915053367615
5132,tell me amazon's choice for a set of 4 dinner plates,42,oos,46,meal_suggestion,run_03_seed_2024,0.9993637204170227
5133,find out where i can by melamine dinner plates,42,oos,42,oos,run_03_seed_2024,0.8889235258102417
5134,find out what the maximum memory size is that i can buy in a dvd,42,oos,42,oos,run_03_seed_2024,0.9813326597213745
5135,tell me who makes the best dvd's for movie storage,42,oos,42,oos,run_03_seed_2024,0.9969105124473572
5136,how many dvds do i currently have on file,42,oos,110,gas,run_03_seed_2024,0.2561350166797638
5137,give me a listing of all my dvd's,42,oos,44,expiration_date,run_03_seed_2024,0.6644477248191833
5138,look up the conversion rate for the euro to dollar exchange,42,oos,38,exchange_rate,run_03_seed_2024,0.9999924898147583
5139,how do i put a lens that's fallen out back in my glasses,42,oos,130,sync_device,run_03_seed_2024,0.3328864872455597
5140,i need you to order a new pair of eyeglasses for me,42,oos,16,order,run_03_seed_2024,0.99565589427948
5141,tell me what my current eyeglasses prescription is,42,oos,4,time,run_03_seed_2024,0.3806787133216858
5142,show me examples of cute eyeglass frames,42,oos,42,oos,run_03_seed_2024,0.5374592542648315
5143,make a list of all sites in the us where spirits have been seen at night,42,oos,116,book_hotel,run_03_seed_2024,0.6134077906608582
5144,tell me how to get rid of a spirit that's haunting me,42,oos,64,insurance_change,run_03_seed_2024,0.7978610992431641
5145,show me how to contact a paranormal spirit,42,oos,64,insurance_change,run_03_seed_2024,0.9751245975494385
5146,tell me a scary story,42,oos,33,flip_coin,run_03_seed_2024,0.2378913313150406
5147,show me the goals of my local police department in terms of reducing crime,42,oos,42,oos,run_03_seed_2024,0.8177984952926636
5148,make a list of goals i need to meet in order to write a book,42,oos,63,book_flight,run_03_seed_2024,0.6680874228477478
5149,what is the distance between the goal posts in football,42,oos,86,cook_time,run_03_seed_2024,0.7273420691490173
5150,remind me what my weight loss goals are,42,oos,136,current_location,run_03_seed_2024,0.43197017908096313
5151,give me a list of tax attorneys that practice in my city,42,oos,94,taxes,run_03_seed_2024,0.6269750595092773
5152,tell me how i can file a pleading in circuit court,42,oos,64,insurance_change,run_03_seed_2024,0.3525387644767761
5153,give me the number of a traffic attorney near here,42,oos,24,traffic,run_03_seed_2024,0.9913542866706848
5154,what are the top rated local lawyers,42,oos,42,oos,run_03_seed_2024,0.9760876893997192
5155,find out how many miles the mississippi waterway runs,42,oos,4,time,run_03_seed_2024,0.5088667869567871
5156,tell me what the longest tributary is in venezuela,42,oos,15,what_are_your_hobbies,run_03_seed_2024,0.415132611989975
5157,please book another boat for this weekends trip,42,oos,18,schedule_meeting,run_03_seed_2024,0.7266319990158081
5158,get me a list of universities that provide full scholarships in arizona,42,oos,108,direct_deposit,run_03_seed_2024,0.9759309887886047
5159,tell me where to go to get my son enrolled in public kindergarten,42,oos,77,where_are_you_from,run_03_seed_2024,0.575298011302948
5160,"do a job search on monstercom for jobs in the tech field in arlington, va",42,oos,54,food_last,run_03_seed_2024,0.4445590078830719
5161,"i need to find work, help me connect to a local business through linkedin",42,oos,116,book_hotel,run_03_seed_2024,0.4062872529029846
5162,detail a list of possible job openings in the miami public school system,42,oos,116,book_hotel,run_03_seed_2024,0.7364251017570496
5163,look for a position similar to mine that is open around my area,42,oos,42,oos,run_03_seed_2024,0.871783435344696
5164,find out where one can get involved in discussing local election issues,42,oos,42,oos,run_03_seed_2024,0.9521480202674866
5165,give me a list of the top 5 issues people have in this country,42,oos,116,book_hotel,run_03_seed_2024,0.4579293429851532
5166,what is the government department that regulates emissions,42,oos,27,bill_balance,run_03_seed_2024,0.28014659881591797
5167,what's the highest rated social services non-profit,42,oos,132,apr,run_03_seed_2024,0.189229816198349
5168,explain to me the process of evaporation,42,oos,96,who_made_you,run_03_seed_2024,0.36302515864372253
5169,how do i write an iep for a high schooler,42,oos,97,pto_request,run_03_seed_2024,0.7821194529533386
5170,tell me how to refinish a wooden desk,42,oos,64,insurance_change,run_03_seed_2024,0.682752251625061
5171,tell me how to make a lesson plan,42,oos,64,insurance_change,run_03_seed_2024,0.8867793679237366
5172,tell me where i can get the cheapest tennis balls on the internet,42,oos,72,directions,run_03_seed_2024,0.9739133715629578
5173,play the current tennis match on the tv in the living room,42,oos,10,smart_home,run_03_seed_2024,0.7137046456336975
5174,give me a list of the top 10 tennis players in the world,42,oos,86,cook_time,run_03_seed_2024,0.617688000202179
5175,make a chart of all the tennis scores from this year,42,oos,33,flip_coin,run_03_seed_2024,0.41292867064476013
5176,find the best prices for toothpaste at any store within a 5 mile radius of my location,42,oos,84,order_status,run_03_seed_2024,0.610561192035675
5177,tell me what the best shampoo is for someone with dry scalp,42,oos,129,fun_fact,run_03_seed_2024,0.9277027249336243
5178,what's the best price on a gray xl ll bean men's parka,42,oos,118,next_song,run_03_seed_2024,0.3678138256072998
5179,tell me who has the cheapest watch bands on ebay,42,oos,42,oos,run_03_seed_2024,0.999975323677063
5180,how do i set the time on my tag heuer,42,oos,10,smart_home,run_03_seed_2024,0.6527167558670044
5181,tell me the steps as to how to begin a career as a journalist,42,oos,64,insurance_change,run_03_seed_2024,0.5318624377250671
5182,give me prices on a copy of the mla grammar handbook,42,oos,56,bill_due,run_03_seed_2024,0.172047957777977
5183,put words on the paper about what you want,42,oos,147,cancel,run_03_seed_2024,0.984941303730011
5184,put into words what you want,42,oos,147,cancel,run_03_seed_2024,0.45547163486480713
5185,what kind of foods are border collies allergic to,42,oos,42,oos,run_03_seed_2024,0.17276833951473236
5186,find out how i can best clip my dog's nails,42,oos,6,redeem_rewards,run_03_seed_2024,0.5982720255851746
5187,what is the lifespan of a border collie,42,oos,86,cook_time,run_03_seed_2024,0.1421889364719391
5188,look up daily dog kennels in my area,42,oos,4,time,run_03_seed_2024,0.30558931827545166
5189,give me a list of grocery stores that sell japanese sweet potatoes,42,oos,112,ingredients_list,run_03_seed_2024,0.9894844889640808
5190,tell me the price of bananas at whole foods this week,42,oos,78,distance,run_03_seed_2024,0.29050469398498535
5191,call the grocery store and get their operational hours,42,oos,25,make_call,run_03_seed_2024,0.9868892431259155
5192,call an uber to take me to the closest grocery store,42,oos,72,directions,run_03_seed_2024,0.5943453311920166
5193,show me how many community centers are located within 5 miles of my location,42,oos,50,rewards_balance,run_03_seed_2024,0.40765380859375
5194,which houses do not have automatic spot lights in front of their garage,42,oos,42,oos,run_03_seed_2024,0.8273285031318665
5195,are all the street lamps working on my street,42,oos,42,oos,run_03_seed_2024,0.6621547341346741
5196,make a list of all community gardens near me,42,oos,76,reminder,run_03_seed_2024,0.43788689374923706
5197,tell me where to send my resume in order to get a job at delta airlines,42,oos,116,book_hotel,run_03_seed_2024,0.48652100563049316
5198,review my resume for spelling errors,42,oos,106,play_music,run_03_seed_2024,0.6222405433654785
5199,please print out copies of my resume,42,oos,58,share_location,run_03_seed_2024,0.8053035736083984
5200,please spell check my resume,42,oos,84,order_status,run_03_seed_2024,0.922296941280365
5201,where can i get 100% merino wool t-shirts on the internet,42,oos,51,change_accent,run_03_seed_2024,0.4873752295970917
5202,show me all listings on amazon for leather belts for men,42,oos,68,transactions,run_03_seed_2024,0.4165879487991333
5203,tell me how many blue ties i own,42,oos,148,pto_used,run_03_seed_2024,0.6267767548561096
5204,who is the start of the movie almost famous,42,oos,42,oos,run_03_seed_2024,0.9999924898147583
5205,search up someone who plays in a movie,42,oos,42,oos,run_03_seed_2024,0.9943746328353882
5206,search up the cast in the walking dead,42,oos,78,distance,run_03_seed_2024,0.42897143959999084
5207,tell me about the amusement park,42,oos,42,oos,run_03_seed_2024,0.7625235915184021
5208,what's the amusement park like,42,oos,10,smart_home,run_03_seed_2024,0.255231112241745
5209,take a ride on the ferris wheel,42,oos,111,pay_bill,run_03_seed_2024,0.3647727072238922
5210,go on the ferris wheel,42,oos,118,next_song,run_03_seed_2024,0.8882479071617126
5211,what is the cost of four double a batteries,42,oos,99,how_old_are_you,run_03_seed_2024,0.2966609001159668
5212,instruct a list of all the brands of cereal manufactured by kelloggs,42,oos,112,ingredients_list,run_03_seed_2024,0.32685819268226624
5213,compare prices of malt-o-meal to kelloggs,42,oos,58,share_location,run_03_seed_2024,0.9590089917182922
5214,what kinds of cereal are gluten free,42,oos,15,what_are_your_hobbies,run_03_seed_2024,0.32091107964515686
5215,what kinds of cereal are low sugar,42,oos,0,restaurant_reviews,run_03_seed_2024,0.4044720530509949
5216,what is the last time the living room was vacuumed,42,oos,4,time,run_03_seed_2024,0.9774109721183777
5217,search all movies created by disney in the 1980's,42,oos,54,food_last,run_03_seed_2024,0.5476181507110596
5218,does disney world close when it storms,42,oos,123,oil_change_when,run_03_seed_2024,0.1844642460346222
5219,mickey mouse is a huge part of disney,42,oos,55,change_ai_name,run_03_seed_2024,0.8159336447715759
5220,what are the hours for disney world,42,oos,0,restaurant_reviews,run_03_seed_2024,0.8896005749702454
5221,what time did i get the last text message i received,42,oos,148,pto_used,run_03_seed_2024,0.487996369600296
5222,please read me the last text message i received,42,oos,42,oos,run_03_seed_2024,0.5834589600563049
5223,read my friend's text message,42,oos,26,text,run_03_seed_2024,0.9226023554801941
5224,watch the stories on instagram,42,oos,118,next_song,run_03_seed_2024,0.185598224401474
5225,update my status on instagram,42,oos,84,order_status,run_03_seed_2024,0.8172051310539246
5226,can you check on what it would cost me to upgrade my iphone with t-mobile,42,oos,48,todo_list,run_03_seed_2024,0.8070912957191467
5227,please alert me when my iphone battery falls below 30%,42,oos,42,oos,run_03_seed_2024,0.48453035950660706
5228,can you look at when the next iphone is due out,42,oos,56,bill_due,run_03_seed_2024,0.5730793476104736
5229,what type of industries do innovation managers work in,42,oos,15,what_are_your_hobbies,run_03_seed_2024,0.25600799918174744
5230,what are the requirements of a lab technician,42,oos,28,improve_credit_score,run_03_seed_2024,0.2915172874927521
5231,generate a list of 20 songs that include the word love in the title,42,oos,21,what_song,run_03_seed_2024,0.29393669962882996
5232,create a 500 word letter expressing love,42,oos,73,spelling,run_03_seed_2024,0.39381662011146545
5233,find a couple's therapist who can help me and my wife,42,oos,42,oos,run_03_seed_2024,0.9695797562599182
5234,what does the average cost of an engagement ring,42,oos,42,oos,run_03_seed_2024,0.7811942100524902
5235,what is popular in fashion right now,42,oos,112,ingredients_list,run_03_seed_2024,0.31639012694358826
5236,does denim go with anything,42,oos,96,who_made_you,run_03_seed_2024,0.6261979341506958
5237,accept incoming phone call,42,oos,25,make_call,run_03_seed_2024,0.9999375343322754
5238,deny incoming phone call,42,oos,25,make_call,run_03_seed_2024,0.9945533275604248
5239,what do i wear on my feet when it rains,42,oos,56,bill_due,run_03_seed_2024,0.474973201751709
5240,what do i put on my feet,42,oos,93,income,run_03_seed_2024,0.9787161946296692
5241,what are the words to the chorus for this song,42,oos,118,next_song,run_03_seed_2024,0.9252464175224304
5242,display the song lyrics for me,42,oos,118,next_song,run_03_seed_2024,0.9905498623847961
5243,"google ""odell beckham free agency""",42,oos,42,oos,run_03_seed_2024,0.1814001202583313
5244,clear my search history,42,oos,10,smart_home,run_03_seed_2024,0.5775570869445801
5245,compare the new life growth in trees when the seasons change,42,oos,123,oil_change_when,run_03_seed_2024,0.6269524693489075
5246,plant all your flowers just after easter in early april,42,oos,116,book_hotel,run_03_seed_2024,0.3703014552593231
5247,find a good toy to give a 5 year old boy that costs less than $40,42,oos,114,goodbye,run_03_seed_2024,0.42974063754081726
5248,find out where i can buy a barbie doll for my niece,42,oos,16,order,run_03_seed_2024,0.4765552580356598
5249,look on amazon for the price of a nitendo switch,42,oos,42,oos,run_03_seed_2024,0.7063148617744446
5250,what brand was the last advertisement for,42,oos,68,transactions,run_03_seed_2024,0.993432879447937
5251,how do i skip all of the advertisements,42,oos,143,min_payment,run_03_seed_2024,0.48723194003105164
5252,make a list of decor i would need to have a titanic themed birthday party,42,oos,65,todo_list_update,run_03_seed_2024,0.5437233448028564
5253,aquire the soundtracks from the movie if i stay and add them to my ipod,42,oos,125,shopping_list_update,run_03_seed_2024,0.6815792918205261
5254,"i watched ""were the millers"" on netflix last night",42,oos,58,share_location,run_03_seed_2024,0.33087465167045593
5255,"can you find ""were the millers"" on hulu",42,oos,42,oos,run_03_seed_2024,0.5671636462211609
5256,"how many people have held the role of county attorney bearing the family name ""dixon""",42,oos,5,weather,run_03_seed_2024,0.45572221279144287
5257,tell me about the candidates running for local office in my area,42,oos,42,oos,run_03_seed_2024,0.9081900119781494
5258,find out who is the representative of my district,42,oos,42,oos,run_03_seed_2024,0.8063779473304749
5259,generate a list of the past 10 judge executives,42,oos,48,todo_list,run_03_seed_2024,0.7773647308349609
5260,look up the email address of the local police,42,oos,42,oos,run_03_seed_2024,0.9994449019432068
5261,how many hits have i done today,42,oos,56,bill_due,run_03_seed_2024,0.5509899258613586
5262,change out the older photos with the newer ones,42,oos,53,reminder_update,run_03_seed_2024,0.40580588579177856
5263,organize photos by year they were taken,42,oos,148,pto_used,run_03_seed_2024,0.9094135761260986
5264,can you group my photos by location,42,oos,58,share_location,run_03_seed_2024,0.9997345805168152
5265,organize my photos by date please,42,oos,56,bill_due,run_03_seed_2024,0.7198938727378845
5266,tell me what my local park's policy is on letting dogs off of leashes,42,oos,71,spending_history,run_03_seed_2024,0.3262332081794739
5267,look up the operating hours of my local park on weekends,42,oos,42,oos,run_03_seed_2024,0.9970447421073914
5268,how many parks are within 20 miles of me,42,oos,99,how_old_are_you,run_03_seed_2024,0.5987181067466736
5269,check to see if i still have allergy medication,42,oos,60,calendar,run_03_seed_2024,0.8772236108779907
5270,sign me up for the writing class you told me about 2 days ago,42,oos,83,alarm,run_03_seed_2024,0.3457443416118622
5271,find articles on essay writing for beginners,42,oos,143,min_payment,run_03_seed_2024,0.17914454638957977
5272,how long should an essay be,42,oos,86,cook_time,run_03_seed_2024,0.9991303086280823
5273,how do you start an essay,42,oos,42,oos,run_03_seed_2024,0.862231433391571
5274,what should you do if your laundry machine is making a high pitched whine,42,oos,65,todo_list_update,run_03_seed_2024,0.3963208496570587
5275,find out who the best appliance repairman is for the downtown area,42,oos,42,oos,run_03_seed_2024,0.9999788999557495
5276,look up local repair shops that work on vacuum cleaners,42,oos,57,who_do_you_work_for,run_03_seed_2024,0.2960338294506073
5277,can i get a sear's appliance repairman,42,oos,51,change_accent,run_03_seed_2024,0.8956544995307922
5278,find directions to the sunshine car wash from my house,42,oos,105,calendar_update,run_03_seed_2024,0.8786982297897339
5279,can you book me an appointment at a car wash,42,oos,131,schedule_maintenance,run_03_seed_2024,0.9116987586021423
5280,what brush can i use to wash my car that won't scratch it,42,oos,17,jump_start,run_03_seed_2024,0.6245436668395996
5281,please clean the car windows,42,oos,13,repeat,run_03_seed_2024,0.23187631368637085
5282,vacuum out the car,42,oos,10,smart_home,run_03_seed_2024,0.15449118614196777
5283,schedule an appointment with the credit counselor for tuesday,42,oos,105,calendar_update,run_03_seed_2024,0.9328392148017883
5284,find a credit mentoring service number for me please,42,oos,69,credit_score,run_03_seed_2024,0.34898367524147034
5285,how much does it cost to get two jackets dry cleaned,42,oos,78,distance,run_03_seed_2024,0.9510017037391663
5286,look up articles on the green dry cleaning industry,42,oos,4,time,run_03_seed_2024,0.37339144945144653
5287,find a cleaner that specializes in suede,42,oos,9,accept_reservations,run_03_seed_2024,0.7048942446708679
5288,when should you use a dry cleaner,42,oos,46,meal_suggestion,run_03_seed_2024,0.7735407948493958
5289,create emergency phone numbers list,42,oos,130,sync_device,run_03_seed_2024,0.5911480784416199
5290,do sets of 25 set-ups each morning til you have completed your goal,42,oos,55,change_ai_name,run_03_seed_2024,0.6594088077545166
5291,keep a note of how many miles you walk a day,42,oos,99,how_old_are_you,run_03_seed_2024,0.9483134150505066
5292,how much weight should i lift to get buff,42,oos,110,gas,run_03_seed_2024,0.3863341510295868
5293,what's a good stretch to do to limber up,42,oos,149,travel_suggestion,run_03_seed_2024,0.9791181087493896
5294,look up the most requested famous person for quotes,42,oos,42,oos,run_03_seed_2024,0.9998774528503418
5295,what is the most famous quote on the internet,42,oos,42,oos,run_03_seed_2024,0.9998595714569092
5296,make a list of the top 100 famous quotes,42,oos,100,rollover_401k,run_03_seed_2024,0.26535454392433167
5297,show me the top 10 quotes by mark twain,42,oos,42,oos,run_03_seed_2024,0.7949615120887756
5298,what do you do if you can't stop vomiting,42,oos,15,what_are_your_hobbies,run_03_seed_2024,0.8901731371879578
5299,what should i take for a cold,42,oos,112,ingredients_list,run_03_seed_2024,0.7695119380950928
5300,"i have too many credit cards, is there any way you can help me organize them",42,oos,11,user_name,run_03_seed_2024,0.3257599472999573
5301,find a credit counseling service for me on the web,42,oos,28,improve_credit_score,run_03_seed_2024,0.668647825717926
5302,explain how to reduce my debt burden,42,oos,42,oos,run_03_seed_2024,0.4407981336116791
5303,look up the current auto loan rate at chase bank,42,oos,7,interest_rate,run_03_seed_2024,0.9986751675605774
5304,look up student loan offers on google,42,oos,73,spelling,run_03_seed_2024,0.28004270792007446
5305,check current prime mortgage rate,42,oos,7,interest_rate,run_03_seed_2024,0.9737386107444763
5306,what should you do if you can't be bothered to get out of bed,42,oos,75,what_is_your_name,run_03_seed_2024,0.2952750325202942
5307,send me a quote from a motivational speaker twice a day,42,oos,15,what_are_your_hobbies,run_03_seed_2024,0.4011174738407135
5308,find me a book on motivational speaking from amazon,42,oos,16,order,run_03_seed_2024,0.6752092242240906
5309,check to see if i need a pass to use the parking garages downtown,42,oos,149,travel_suggestion,run_03_seed_2024,0.6537764072418213
5310,can you check to see which parking garages are open downtown,42,oos,48,todo_list,run_03_seed_2024,0.5234871506690979
5311,how much does it cost to use the parking garage downtown,42,oos,78,distance,run_03_seed_2024,0.5855200290679932
5312,what's a good way of backing out of a parking spot,42,oos,77,where_are_you_from,run_03_seed_2024,0.9338427782058716
5313,search the web for monthly parking near my house,42,oos,27,bill_balance,run_03_seed_2024,0.5028750896453857
5314,find out where parking is close to the stadium,42,oos,72,directions,run_03_seed_2024,0.8580442667007446
5315,how do i get perfect alignment with the curb,42,oos,64,insurance_change,run_03_seed_2024,0.5057922005653381
5316,describe to me how i can learn to make small talk,42,oos,104,recipe,run_03_seed_2024,0.9980432987213135
5317,explain how small talk helps bind groups together,42,oos,90,replacement_card_duration,run_03_seed_2024,0.43799567222595215
5318,what do you do all day while i'm at work,42,oos,15,what_are_your_hobbies,run_03_seed_2024,0.989107072353363
5319,"so, hang out around this house often",42,oos,114,goodbye,run_03_seed_2024,0.8891456127166748
5320,tell me the best way to freshen the smell in my car,42,oos,72,directions,run_03_seed_2024,0.8058173656463623
5321,where's the closest car wash my car smells,42,oos,10,smart_home,run_03_seed_2024,0.8268468976020813
5322,how much is auto febreeze on amazon,42,oos,42,oos,run_03_seed_2024,0.9624313116073608
5323,find out how to deodorize a car,42,oos,40,car_rental,run_03_seed_2024,0.7185154557228088
5324,see if you can find a good vegetable wash for me,42,oos,46,meal_suggestion,run_03_seed_2024,0.46608060598373413
5325,look up website on container gardening,42,oos,4,time,run_03_seed_2024,0.6066451668739319
5326,are we allowed to wash our cars during the drought,42,oos,39,uber,run_03_seed_2024,0.5252083539962769
5327,request a refund on the car wax i bought yesterday,42,oos,53,reminder_update,run_03_seed_2024,0.23271946609020233
5328,i'd like to hire someone to wash my car,42,oos,25,make_call,run_03_seed_2024,0.3184490203857422
5329,find out what gentlemen are wearing to weddings these days,42,oos,48,todo_list,run_03_seed_2024,0.4554702043533325
5330,find me articles on appropriate wedding attire,42,oos,136,current_location,run_03_seed_2024,0.872908890247345
5331,zip the back of the brides maid dress,42,oos,150,change_volume,run_03_seed_2024,0.23201678693294525
5332,rent the tuxedo the day before,42,oos,56,bill_due,run_03_seed_2024,0.3411305844783783
5333,find available letter writing classes at the local community college,42,oos,31,measurement_conversion,run_03_seed_2024,0.7743582725524902
5334,find me a graphic tutorial on writing longhand,42,oos,144,change_user_name,run_03_seed_2024,0.4163001477718353
5335,order me a book of stamps and envelopes,42,oos,16,order,run_03_seed_2024,0.8900571465492249
5336,start listening to me dictate a letter,42,oos,72,directions,run_03_seed_2024,0.6373401284217834
5337,"email my boss, tell him i wont be in today",42,oos,58,share_location,run_03_seed_2024,0.8083500266075134
5338,are the schools closed,42,oos,0,restaurant_reviews,run_03_seed_2024,0.39652496576309204
5339,let me know what time the patriots game starts,42,oos,4,time,run_03_seed_2024,0.9970408082008362
5340,tell me how long until the nascar race begins,42,oos,99,how_old_are_you,run_03_seed_2024,0.731904923915863
5341,are there any sales on liquor,42,oos,140,next_holiday,run_03_seed_2024,0.9407673478126526
5342,what shows are on tonight,42,oos,42,oos,run_03_seed_2024,0.9999105930328369
5343,are there any new job postings in my area in the last hour for jobs on craigslist,42,oos,54,food_last,run_03_seed_2024,0.8459312915802002
5344,see if there are any employment agencies hiring managers right now,42,oos,58,share_location,run_03_seed_2024,0.9356632232666016
5345,can you tell me what the best places are to look for a job online,42,oos,145,restaurant_suggestion,run_03_seed_2024,0.9917904138565063
5346,sign me up for the slack employment forum,42,oos,139,definition,run_03_seed_2024,0.7767527103424072
5347,please replay the last five minutes,42,oos,32,timer,run_03_seed_2024,0.9928123354911804
5348,can you enable subtitles,42,oos,77,where_are_you_from,run_03_seed_2024,0.46422362327575684
5349,consult the gq website to find what men wear to weddings,42,oos,58,share_location,run_03_seed_2024,0.879019021987915
5350,order me a blue pin stripe suit from saville row,42,oos,89,pin_change,run_03_seed_2024,0.9988827109336853
5351,what's in fashion this month,42,oos,5,weather,run_03_seed_2024,0.19333229959011078
5352,is it too late to wear white,42,oos,5,weather,run_03_seed_2024,0.9104865193367004
5353,how many calories does jumping up and down burn,42,oos,135,calories,run_03_seed_2024,0.9828975796699524
5354,how many push-ups do i need to do to get ripped,42,oos,78,distance,run_03_seed_2024,0.7298957705497742
5355,fill up my water bottle for the gym,42,oos,68,transactions,run_03_seed_2024,0.39778998494148254
5356,pick out an excerise outfit for me,42,oos,136,current_location,run_03_seed_2024,0.34021908044815063
5357,find out how long a cold should last before i call a doctor,42,oos,52,vaccines,run_03_seed_2024,0.8935832381248474
5358,what should i take for nausea,42,oos,112,ingredients_list,run_03_seed_2024,0.6005581021308899
5359,how do you relieve a hangover,42,oos,75,what_is_your_name,run_03_seed_2024,0.5932292938232422
5360,what is a good home remedy for a rash,42,oos,46,meal_suggestion,run_03_seed_2024,0.44491004943847656
5361,"i have a rash, what can i use for it",42,oos,115,what_can_i_ask_you,run_03_seed_2024,0.4367603659629822
5362,can you order some ointment for me,42,oos,16,order,run_03_seed_2024,0.9999295473098755
5363,how do i get rid of an itchy rash,42,oos,58,share_location,run_03_seed_2024,0.46623650193214417
5364,forward the text i just got from henry to giselle,42,oos,26,text,run_03_seed_2024,0.9916331768035889
5365,please read the text message i just received,42,oos,26,text,run_03_seed_2024,0.9997841715812683
5366,save my text on my laptop hard drive,42,oos,26,text,run_03_seed_2024,0.6789905428886414
5367,what time does my ex-boss leave the office,42,oos,4,time,run_03_seed_2024,0.6386066675186157
5368,how much does gun ammunition cost,42,oos,27,bill_balance,run_03_seed_2024,0.9691534042358398
5369,restart my newspaper delivery for monday,42,oos,42,oos,run_03_seed_2024,0.9093199372291565
5370,are there any messages,42,oos,5,weather,run_03_seed_2024,0.3980766832828522
5371,what's that smell,42,oos,107,yes,run_03_seed_2024,0.8322508335113525
5372,get me a list of the best savings account rates right now,42,oos,42,oos,run_03_seed_2024,0.6716920733451843
5373,is beer legal in this state,42,oos,42,oos,run_03_seed_2024,0.9993200302124023
5374,get me articles and pics of different types of household bugs for this area,42,oos,58,share_location,run_03_seed_2024,0.3678297996520996
5375,what should i do if i saw a cockroach in my house,42,oos,65,todo_list_update,run_03_seed_2024,0.3448115289211273
5376,look up articles on squealing brakes for ford f-150's,42,oos,140,next_holiday,run_03_seed_2024,0.2314462661743164
5377,please answer the phone and put it on speaker on the tv,42,oos,10,smart_home,run_03_seed_2024,0.9631423950195312
5378,can you tell me who's calling me,42,oos,11,user_name,run_03_seed_2024,0.9697227478027344
5379,answer the phone,42,oos,81,find_phone,run_03_seed_2024,0.8601495623588562
5380,ignore call,42,oos,25,make_call,run_03_seed_2024,0.9999819993972778
5381,find out what type of wax is needed for a late model ford sedan,42,oos,112,ingredients_list,run_03_seed_2024,0.6696950197219849
5382,what's the first thing you should do to wash your car,42,oos,15,what_are_your_hobbies,run_03_seed_2024,0.9720578193664551
5383,what supplies do i need to clean my car,42,oos,17,jump_start,run_03_seed_2024,0.632927417755127
5384,look up articles on car washing at home,42,oos,142,mpg,run_03_seed_2024,0.7066067457199097
5385,how old is the oldest person that is in the guiness book of world records,42,oos,5,weather,run_03_seed_2024,0.7229715585708618
5386,how could i get into the guiness book of world records,42,oos,130,sync_device,run_03_seed_2024,0.3824215531349182
5387,what person is the heaviest ever recorded,42,oos,42,oos,run_03_seed_2024,0.8651622533798218
5388,who has the longest hair ever,42,oos,42,oos,run_03_seed_2024,0.9930632710456848
5389,can you look at what average reviews say about the new windows phone on amazon for me,42,oos,42,oos,run_03_seed_2024,0.49249887466430664
5390,tell me a summary of reviews that oakley frogskins get on amazon,42,oos,42,oos,run_03_seed_2024,0.669935405254364
5391,make me a list of the top ten reviewed hiking boots on jetcom,42,oos,93,income,run_03_seed_2024,0.28164738416671753
5392,show me a tabulation of reviews for lcd tv's on amazon,42,oos,0,restaurant_reviews,run_03_seed_2024,0.6782636642456055
5393,can you tell me what happened to han solo in episode 4,42,oos,38,exchange_rate,run_03_seed_2024,0.5182395577430725
5394,how many movies are in the star wars series,42,oos,42,oos,run_03_seed_2024,0.8222181797027588
5395,how many star wars movies are there,42,oos,42,oos,run_03_seed_2024,0.9998217225074768
5396,who plays han solo,42,oos,96,who_made_you,run_03_seed_2024,0.7827014327049255
5397,which movie is it that someone says perfectly balanced as all things should be,42,oos,26,text,run_03_seed_2024,0.29961565136909485
5398,what movie is the line today is our independence day from,42,oos,95,date,run_03_seed_2024,0.9458515644073486
5399,what movie is it that says today is a good day to die,42,oos,140,next_holiday,run_03_seed_2024,0.5760205388069153
5400,what movie does it's just a flesh wound come from,42,oos,33,flip_coin,run_03_seed_2024,0.2800881564617157
5401,is michonne wrong for not working with the kingdom to put on the fair,42,oos,30,no,run_03_seed_2024,0.6148063540458679
5402,which actors have played more than 1 comic book character,42,oos,42,oos,run_03_seed_2024,0.9129064679145813
5403,what marvel movie did mark ruffalo first appear in,42,oos,112,ingredients_list,run_03_seed_2024,0.4234711229801178
5404,why did negan return to his jail cell,42,oos,114,goodbye,run_03_seed_2024,0.3238363564014435
5405,is there more than one occult that a person can join,42,oos,55,change_ai_name,run_03_seed_2024,0.4348020553588867
5406,can i summon a demon using just an ouija board,42,oos,28,improve_credit_score,run_03_seed_2024,0.30286309123039246
5407,what's the best way to drown a witch,42,oos,72,directions,run_03_seed_2024,0.6187940239906311
5408,what does it mean to join the occult,42,oos,5,weather,run_03_seed_2024,0.8449784517288208
5409,did madison really bathe in the potomac naked,42,oos,129,fun_fact,run_03_seed_2024,0.47185570001602173
5410,can you explain a good risk strategy to me,42,oos,46,meal_suggestion,run_03_seed_2024,0.7103069424629211
5411,what are the rules for chess,42,oos,48,todo_list,run_03_seed_2024,0.6776826977729797
5412,fill out the paperwork for tonys new daycare center,42,oos,103,application_status,run_03_seed_2024,0.5055731534957886
5413,i need to find a new babysitter,42,oos,64,insurance_change,run_03_seed_2024,0.9918721318244934
5414,get me a list of divorce attorneys in the new york area,42,oos,77,where_are_you_from,run_03_seed_2024,0.3256853222846985
5415,how long does it take to get a divorce finalized,42,oos,78,distance,run_03_seed_2024,0.5639737844467163
5416,where can i find the best divorce lawyer,42,oos,42,oos,run_03_seed_2024,0.8973976969718933
5417,make me a map of all earthquake hotspots in the continental us,42,oos,48,todo_list,run_03_seed_2024,0.8583843111991882
5418,how much damage did the last earthquake here do,42,oos,68,transactions,run_03_seed_2024,0.998824417591095
5419,what was the latest tremor on the richter scale,42,oos,42,oos,run_03_seed_2024,0.6505303978919983
5420,get me articles on earthquake preparedness,42,oos,89,pin_change,run_03_seed_2024,0.3056003153324127
5421,what is appropriate to spend on a bouquet of flowers for mother's day,42,oos,60,calendar,run_03_seed_2024,0.7331072688102722
5422,get me a list of personal conservation tips that i can use around the house,42,oos,42,oos,run_03_seed_2024,0.36904820799827576
5423,look up the average temperature changes over the last 30 years for my area,42,oos,68,transactions,run_03_seed_2024,0.6352934837341309
5424,is the polar vortex of 2019 apart of global warming,42,oos,58,share_location,run_03_seed_2024,0.6496425867080688
5425,what is global warming,42,oos,99,how_old_are_you,run_03_seed_2024,0.20931586623191833
5426,can you book me a tee time at cantigny at 2 pm on saturday,42,oos,23,restaurant_reservation,run_03_seed_2024,0.9967319965362549
5427,what's the best golf club to use on the lower nine,42,oos,46,meal_suggestion,run_03_seed_2024,0.4541357159614563
5428,how do i stop my child from setting small animals on fire for amusement,42,oos,125,shopping_list_update,run_03_seed_2024,0.6109023690223694
5429,review chapter 6 with my son and verify his math homework answers,42,oos,58,share_location,run_03_seed_2024,0.5224764943122864
5430,can you look up how i shoot a time lapse video on my iphone camera or is it even possible,42,oos,48,todo_list,run_03_seed_2024,0.45334315299987793
5431,how do i turn up the resolution that i am taking pictures in on my camera phone,42,oos,143,min_payment,run_03_seed_2024,0.8803181648254395
5432,print out the photos i took today,42,oos,58,share_location,run_03_seed_2024,0.7761527299880981
5433,can you find me sheet music for the beatles white album online,42,oos,106,play_music,run_03_seed_2024,0.9828117489814758
5434,find me a good band instructor or two to compare in my area,42,oos,149,travel_suggestion,run_03_seed_2024,0.6423032879829407
5435,can i get a starter course for the trumpet,42,oos,51,change_accent,run_03_seed_2024,0.771156370639801
5436,how many keys does a xylophone have,42,oos,1,nutrition_info,run_03_seed_2024,0.3518488109111786
5437,how many polar bears are still alive in the arctic,42,oos,86,cook_time,run_03_seed_2024,0.382850706577301
5438,are polar bears on the endangered species list,42,oos,48,todo_list,run_03_seed_2024,0.6477999687194824
5439,what is the life expectancy of a polar bear,42,oos,22,meaning_of_life,run_03_seed_2024,0.9363441467285156
5440,can a polar bear live in alabama,42,oos,51,change_accent,run_03_seed_2024,0.9541394710540771
5441,when will george rr martin publish the next game of thrones book,42,oos,140,next_holiday,run_03_seed_2024,0.9662935733795166
5442,show me the new york times most popular book list for this week,42,oos,43,shopping_list,run_03_seed_2024,0.19300664961338043
5443,how many books are in piers anthony virtual mode series,42,oos,51,change_accent,run_03_seed_2024,0.9348159432411194
5444,"order the new book titled ""ghost work""",42,oos,16,order,run_03_seed_2024,0.9032658934593201
5445,please check if god is really living in a small apartment in brussels,42,oos,108,direct_deposit,run_03_seed_2024,0.6880092620849609
5446,what did the mesopotamians call the creator of the universe,42,oos,96,who_made_you,run_03_seed_2024,0.43393516540527344
5447,put on an educational program about buddhism,42,oos,147,cancel,run_03_seed_2024,0.6430127620697021
5448,what happens if you're skydiving and your parachute doesn't open,42,oos,29,change_language,run_03_seed_2024,0.24168600142002106
5449,research how many deaths has resulted from skydiving,42,oos,42,oos,run_03_seed_2024,0.45158088207244873
5450,how many people die each year while skydiving,42,oos,42,oos,run_03_seed_2024,0.9932544827461243
5451,google the price of skydiving in florida,42,oos,58,share_location,run_03_seed_2024,0.4720834195613861
5452,in what movie did mrs congeniality feature a contestant championing for world peace,42,oos,77,where_are_you_from,run_03_seed_2024,0.24631230533123016
5453,"has there ever been total world peace, where no nations in the world are at war",42,oos,42,oos,run_03_seed_2024,0.9997487664222717
5454,name the leader from tibet that stands firm for world peace,42,oos,55,change_ai_name,run_03_seed_2024,0.8780522346496582
5455,what will it take to achieve world peace,42,oos,86,cook_time,run_03_seed_2024,0.23493710160255432
5456,was einstein right to be scared of spooky action at a distance,42,oos,2,account_blocked,run_03_seed_2024,0.4178832173347473
5457,what is the nature of the big bang theory,42,oos,27,bill_balance,run_03_seed_2024,0.49208885431289673
5458,how does the etheric body operate,42,oos,5,weather,run_03_seed_2024,0.43166491389274597
5459,do we actually have a soul,42,oos,111,pay_bill,run_03_seed_2024,0.2119886577129364
5460,where can i find cheap rental skis nearby,42,oos,42,oos,run_03_seed_2024,0.5423004031181335
5461,check the nanny cam and send the feed to my phone,42,oos,130,sync_device,run_03_seed_2024,0.9680909514427185
5462,how much should i tip on this bill,42,oos,27,bill_balance,run_03_seed_2024,0.9992838501930237
5463,send me live feed of the pre-game prediction show on my phone,42,oos,81,find_phone,run_03_seed_2024,0.46109792590141296
5464,what are the scores of other teams in this division,42,oos,42,oos,run_03_seed_2024,0.9810160994529724
5465,look up pitcher stats on jake rooney,42,oos,132,apr,run_03_seed_2024,0.49181586503982544
5466,what teams are playing right now,42,oos,21,what_song,run_03_seed_2024,0.9990240335464478
5467,is it too late to upgrade to first class,42,oos,5,weather,run_03_seed_2024,0.9878312945365906
5468,"according to my fitness tracker, how many push ups have i done today",42,oos,130,sync_device,run_03_seed_2024,0.700222373008728
5469,renew gym membership,42,oos,114,goodbye,run_03_seed_2024,0.39416199922561646
5470,what's my budget for today's shopping trip,42,oos,94,taxes,run_03_seed_2024,0.3242892026901245
5471,can you find my car in the parking lot,42,oos,10,smart_home,run_03_seed_2024,0.47992566227912903
5472,what's the best hand to have in texas hold em,42,oos,42,oos,run_03_seed_2024,0.4780268371105194
5473,is gambling legal in my state,42,oos,42,oos,run_03_seed_2024,0.9949812293052673
5474,fold my hand,42,oos,10,smart_home,run_03_seed_2024,0.43367892503738403
5475,what time did i put in my first load of laundry,42,oos,66,timezone,run_03_seed_2024,0.39633575081825256
5476,how much time is left on my laundry,42,oos,27,bill_balance,run_03_seed_2024,0.506593644618988
5477,report outage to my electric provider,42,oos,58,share_location,run_03_seed_2024,0.7733842134475708
5478,power up my generator,42,oos,10,smart_home,run_03_seed_2024,0.7465249300003052
5479,call up instructables website and find article on bike assembly,42,oos,25,make_call,run_03_seed_2024,0.36550286412239075
5480,find schematics for ikea desk assembly,42,oos,89,pin_change,run_03_seed_2024,0.3704185485839844
5481,search information on how to apply foundation,42,oos,104,recipe,run_03_seed_2024,0.5216147899627686
5482,find instructions on how to play taboo,42,oos,42,oos,run_03_seed_2024,0.9723117351531982
5483,what casino game has the best odds,42,oos,42,oos,run_03_seed_2024,0.9999943971633911
5484,tell me how much energy i have consumed so far this year,42,oos,71,spending_history,run_03_seed_2024,0.4115980267524719
5485,give me an energy usage breakdown for march,42,oos,42,oos,run_03_seed_2024,0.8171496391296387
5486,how many kilowatts have i used this month,42,oos,148,pto_used,run_03_seed_2024,0.9999682903289795
5487,what's my current electric bill,42,oos,27,bill_balance,run_03_seed_2024,0.9998716115951538
5488,can you locate the television remote,42,oos,99,how_old_are_you,run_03_seed_2024,0.933441162109375
5489,where did i last place my remote,42,oos,4,time,run_03_seed_2024,0.4342019855976105
5490,do you know where the remote is,42,oos,136,current_location,run_03_seed_2024,0.8406651020050049
5491,have you seen the remote,42,oos,10,smart_home,run_03_seed_2024,0.6153360605239868
5492,please ping the rfid in my wallet and tell me where it's at right now,42,oos,58,share_location,run_03_seed_2024,0.9812720417976379
5493,can you detect where i placed my wallet,42,oos,42,oos,run_03_seed_2024,0.7822896838188171
5494,give me my wallet location,42,oos,136,current_location,run_03_seed_2024,0.9982761144638062
5495,find my wallet,42,oos,81,find_phone,run_03_seed_2024,0.7845693826675415
5496,can you give me the gps location of harvey,42,oos,136,current_location,run_03_seed_2024,0.9983764886856079
5497,where's my buddy steve right this second,42,oos,10,smart_home,run_03_seed_2024,0.20277003943920135
5498,locate jenny at her present position,42,oos,25,make_call,run_03_seed_2024,0.7873572707176208
5499,let me know where jim is right now,42,oos,136,current_location,run_03_seed_2024,0.45234090089797974
