example_index,text,true_label_id,true_label_name,predicted_label_id,predicted_label_name,run_id,max_confidence
0,how would you say fly in italian,61,translate,61,translate,run_01_seed_42,0.9999250173568726
1,what's the spanish word for pasta,61,translate,61,translate,run_01_seed_42,0.841133177280426
2,how would they say butter in zambia,61,translate,61,translate,run_01_seed_42,0.999976396560669
3,how do you say fast in spanish,61,translate,61,translate,run_01_seed_42,0.9999969005584717
4,what's the word for trees in norway,61,translate,5,weather,run_01_seed_42,0.2896788418292999
5,how does one say wonderful in german,61,translate,61,translate,run_01_seed_42,0.9925320744514465
6,how do they say tacos in mexico,61,translate,61,translate,run_01_seed_42,0.9999724626541138
7,how would one say cruiser in china,61,translate,61,translate,run_01_seed_42,0.9990987777709961
8,what's the french word you use for potato,61,translate,29,change_language,run_01_seed_42,0.8975681066513062
9,what would the word for grass be in finland,61,translate,112,ingredients_list,run_01_seed_42,0.9830217361450195
10,how do you say please in french,61,translate,61,translate,run_01_seed_42,0.9999992847442627
11,how would i say nice to meet you if i were russian,61,translate,61,translate,run_01_seed_42,0.9921367168426514
12,what is the right way to say excuse me in spanish,61,translate,61,translate,run_01_seed_42,0.9999970197677612
13,how do i say i'm sorry in chinese,61,translate,61,translate,run_01_seed_42,0.9999691247940063
14,how would i say thank you if i were mexican,61,translate,61,translate,run_01_seed_42,0.9991106390953064
15,how would i say what is your name if i were french,61,translate,61,translate,run_01_seed_42,0.998654842376709
16,how would i say i must be going now if i were german,61,translate,61,translate,run_01_seed_42,0.9995449185371399
17,how do i say bathroom in italian,61,translate,61,translate,run_01_seed_42,0.9987200498580933
18,how might i say hello if i were scottish,61,translate,61,translate,run_01_seed_42,0.9999961853027344
19,i must know how to say thank you in german,61,translate,61,translate,run_01_seed_42,0.9999725818634033
20,how would i say i love you if i were german,61,translate,61,translate,run_01_seed_42,0.9999996423721313
21,how would i say how are you today if i were mexican,61,translate,61,translate,run_01_seed_42,0.9849810600280762
22,how would i say where is the bathroom if i were korean,61,translate,61,translate,run_01_seed_42,0.6670587658882141
23,how would i say i need directions if i were french,61,translate,61,translate,run_01_seed_42,0.9999995231628418
24,how would i say i am lost if i were japanese,61,translate,61,translate,run_01_seed_42,0.9999960660934448
25,english to spanish for dog,61,translate,61,translate,run_01_seed_42,0.9043530821800232
26,what is dog in spanish,61,translate,61,translate,run_01_seed_42,0.9996253252029419
27,how do you say dog in spanish,61,translate,61,translate,run_01_seed_42,0.9999988079071045
28,dog in spanish,61,translate,29,change_language,run_01_seed_42,0.6863104701042175
29,what's the spanish word for dog,61,translate,61,translate,run_01_seed_42,0.8780085444450378
30,can you please provide me with assistance in moving money from one account to another,133,transfer,133,transfer,run_01_seed_42,0.9680665135383606
31,i would like help moving money between accounts,133,transfer,133,transfer,run_01_seed_42,0.4012594223022461
32,can you assist me in moving money from one account to another,133,transfer,133,transfer,run_01_seed_42,0.9993434548377991
33,i would like help moving money from one account to another,133,transfer,133,transfer,run_01_seed_42,0.9989683628082275
34,i would like assistance moving money from one account to another,133,transfer,133,transfer,run_01_seed_42,0.9956619143486023
35,can i move some money around,133,transfer,106,play_music,run_01_seed_42,0.8940739035606384
36,can i make a transfer between my accounts,133,transfer,133,transfer,run_01_seed_42,0.9988130331039429
37,i need to make a transfer of my money,133,transfer,133,transfer,run_01_seed_42,0.9997960925102234
38,can i move some money between my two accounts,133,transfer,133,transfer,run_01_seed_42,0.9967235922813416
39,i would like to distribute some money between my accounts,133,transfer,133,transfer,run_01_seed_42,0.9222312569618225
40,i would like to transfer $100 from my checking to saving account,133,transfer,133,transfer,run_01_seed_42,0.999907374382019
41,help me transfer $100 from my checking to saving account,133,transfer,133,transfer,run_01_seed_42,0.9998934268951416
42,transfer $100 from my checking to saving account,133,transfer,133,transfer,run_01_seed_42,0.9998970031738281
43,can you please help me move $100 from my checking to saving account,133,transfer,133,transfer,run_01_seed_42,0.9966801404953003
44,please move $100 from my checking to saving account,133,transfer,133,transfer,run_01_seed_42,0.9997261166572571
45,"transfer seventeen dollars from rbs to woodforest account, please",133,transfer,133,transfer,run_01_seed_42,0.9995484948158264
46,"send twelve dollars between cabelas and bank of london accounts, please",133,transfer,133,transfer,run_01_seed_42,0.9965649247169495
47,"transfer ninety dollars between glacier checking and farmers accounts, please",133,transfer,133,transfer,run_01_seed_42,0.997750461101532
48,transfer seventy dollars between national and citizens accounts,133,transfer,133,transfer,run_01_seed_42,0.9987724423408508
49,transfer four and sixty seven dollars from bank of oklahoma checking to security bank account,133,transfer,133,transfer,run_01_seed_42,0.9998922348022461
50,how much money can i transfer today,133,transfer,38,exchange_rate,run_01_seed_42,0.4821697473526001
51,add funds to the retirement account from the pnc account only,133,transfer,133,transfer,run_01_seed_42,0.927606463432312
52,would you move 100 dollars from the checking and put it into savings,133,transfer,133,transfer,run_01_seed_42,0.9999507665634155
53,repeat what the weather will be like,133,transfer,5,weather,run_01_seed_42,0.9999539852142334
54,i would like to put 100 dollars from the checking into the savings account now,133,transfer,133,transfer,run_01_seed_42,0.9999904632568359
55,please transfer $5000 to money market from checking account,133,transfer,133,transfer,run_01_seed_42,0.9998915195465088
56,i need $360 transfered from savings to checking account,133,transfer,133,transfer,run_01_seed_42,0.9903993010520935
57,make an immediate transfer of ten thousand from money market to checking,133,transfer,133,transfer,run_01_seed_42,0.9963639378547668
58,i'd like to transfer $400 from household to savings account,133,transfer,133,transfer,run_01_seed_42,0.9986191987991333
59,transer $800 from my checking to savings account,133,transfer,133,transfer,run_01_seed_42,0.9651262164115906
60,set a 4 minute timer,32,timer,32,timer,run_01_seed_42,0.9998749494552612
61,set a 2 minute timer,32,timer,32,timer,run_01_seed_42,0.999984860420227
62,set a 3 minute timer,32,timer,32,timer,run_01_seed_42,0.9999759197235107
63,set a 5 minute timer,32,timer,32,timer,run_01_seed_42,0.9998916387557983
64,set a 1 minute timer,32,timer,32,timer,run_01_seed_42,0.9999361038208008
65,who set up the numbers for it,32,timer,10,smart_home,run_01_seed_42,0.37861931324005127
66,start the timer,32,timer,32,timer,run_01_seed_42,0.9953990578651428
67,start a timer please,32,timer,32,timer,run_01_seed_42,0.9995875954627991
68,i need to start a timer,32,timer,32,timer,run_01_seed_42,0.9994008541107178
69,i need a timer to be set,32,timer,32,timer,run_01_seed_42,0.9986996650695801
70,could you set a timer,32,timer,32,timer,run_01_seed_42,0.9999536275863647
71,set a timer,32,timer,32,timer,run_01_seed_42,0.9999134540557861
72,i need to have a timer for 10 minutes,32,timer,32,timer,run_01_seed_42,0.9999630451202393
73,make a 10 minute timer,32,timer,32,timer,run_01_seed_42,0.9999465942382812
74,give me a 10 minute timer,32,timer,32,timer,run_01_seed_42,0.9998972415924072
75,will you create a timer for me,32,timer,32,timer,run_01_seed_42,0.9982072114944458
76,please begin a timer,32,timer,32,timer,run_01_seed_42,0.9999622106552124
77,is it possible to set a timer,32,timer,32,timer,run_01_seed_42,0.9997796416282654
78,i want a timer set for 10 minutes,32,timer,32,timer,run_01_seed_42,0.9999814033508301
79,set a timer for 10 minutes,32,timer,32,timer,run_01_seed_42,0.9999872446060181
80,can i get a timer set,32,timer,32,timer,run_01_seed_42,0.9996463060379028
81,i need to use a timer,32,timer,32,timer,run_01_seed_42,0.9779835343360901
82,set a timer to go off in 1 hour,32,timer,32,timer,run_01_seed_42,0.9942213296890259
83,i need a timer for 45 minutes,32,timer,32,timer,run_01_seed_42,0.9999362230300903
84,in 15 minutes the timer should go off,32,timer,32,timer,run_01_seed_42,0.9873615503311157
85,start the timer now,32,timer,32,timer,run_01_seed_42,0.9679586887359619
86,set a timer for 30 minutes,32,timer,32,timer,run_01_seed_42,0.9999959468841553
87,set a timer for 5 minutes from now,32,timer,32,timer,run_01_seed_42,0.9999845027923584
88,let me know when it's been 5 minutes,32,timer,37,last_maintenance,run_01_seed_42,0.35550904273986816
89,can you set the timer to 20 minutes,32,timer,32,timer,run_01_seed_42,0.99997878074646
90,define antebellum,139,definition,139,definition,run_01_seed_42,0.9920092821121216
91,define discontent,139,definition,139,definition,run_01_seed_42,0.9958072900772095
92,what is the meaning of incandescent,139,definition,139,definition,run_01_seed_42,0.9997318387031555
93,what does confrontation mean,139,definition,139,definition,run_01_seed_42,0.9980517625808716
94,what does serendipity mean,139,definition,139,definition,run_01_seed_42,0.9990366697311401
95,what's the definition of luminescent,139,definition,139,definition,run_01_seed_42,0.9999818801879883
96,what is the definiton of auspicious,139,definition,42,oos,run_01_seed_42,0.656386137008667
97,what does circuitous mean,139,definition,139,definition,run_01_seed_42,0.9988951086997986
98,what's the definition of unencumbered,139,definition,139,definition,run_01_seed_42,0.9999850988388062
99,what does adulation mean,139,definition,139,definition,run_01_seed_42,0.9995055198669434
100,what does assiduous mean,139,definition,139,definition,run_01_seed_42,0.9992252588272095
101,what does amicable mean,139,definition,139,definition,run_01_seed_42,0.9986171722412109
102,what's the definition of remunerative,139,definition,139,definition,run_01_seed_42,0.9999704360961914
103,what does anachronistic mean,139,definition,139,definition,run_01_seed_42,0.9989290833473206
104,what's the definition of idiosyncratic,139,definition,139,definition,run_01_seed_42,0.9999885559082031
105,what does yolo mean,139,definition,139,definition,run_01_seed_42,0.9988952875137329
106,can you tell me the meaning of fluctuate,139,definition,139,definition,run_01_seed_42,0.9069079160690308
107,what does the word polynomial mean,139,definition,139,definition,run_01_seed_42,0.9999368190765381
108,what does ferrari mean,139,definition,139,definition,run_01_seed_42,0.9980454444885254
109,what is the meaning of the word girn,139,definition,139,definition,run_01_seed_42,0.9998856782913208
110,what does mature mean,139,definition,139,definition,run_01_seed_42,0.9997052550315857
111,i'd like to know what bitcoin means,139,definition,139,definition,run_01_seed_42,0.9913228750228882
112,"i heard some woman say she was going to yerd me, what's that mean",139,definition,106,play_music,run_01_seed_42,0.691245436668396
113,can you tell me what obsolescence means,139,definition,139,definition,run_01_seed_42,0.9991222023963928
114,please explain the word catastrophic to me,139,definition,139,definition,run_01_seed_42,0.4497811496257782
115,what's the meaning of naff,139,definition,139,definition,run_01_seed_42,0.9972903728485107
116,can you tell me what dendrofilous means,139,definition,139,definition,run_01_seed_42,0.9993146657943726
117,what does peer-to-peer actually mean,139,definition,139,definition,run_01_seed_42,0.9924488067626953
118,define epicurean,139,definition,139,definition,run_01_seed_42,0.9960219264030457
119,what does epicurean mean,139,definition,139,definition,run_01_seed_42,0.9994310736656189
120,would you let me know what the meaning is life is,22,meaning_of_life,22,meaning_of_life,run_01_seed_42,0.999893307685852
121,would you let me know what is the point of life,22,meaning_of_life,22,meaning_of_life,run_01_seed_42,0.9999605417251587
122,"right now, i need to know the meaning of life",22,meaning_of_life,22,meaning_of_life,run_01_seed_42,0.9999599456787109
123,define the meaning of life for me,22,meaning_of_life,22,meaning_of_life,run_01_seed_42,0.9998898506164551
124,i want to know the meaning of life,22,meaning_of_life,22,meaning_of_life,run_01_seed_42,0.9999524354934692
125,would you explain the meaning of life,22,meaning_of_life,22,meaning_of_life,run_01_seed_42,0.9999496936798096
126,i need you to tell me the meaning of life,22,meaning_of_life,22,meaning_of_life,run_01_seed_42,0.9999412298202515
127,i need to know what the meaning of life is now,22,meaning_of_life,22,meaning_of_life,run_01_seed_42,0.9999629259109497
128,tell me what the meaning of life is,22,meaning_of_life,22,meaning_of_life,run_01_seed_42,0.9999563694000244
129,i need to know what the point of life is,22,meaning_of_life,22,meaning_of_life,run_01_seed_42,0.9999397993087769
130,let me know what the point of life is,22,meaning_of_life,22,meaning_of_life,run_01_seed_42,0.9998477697372437
131,would you provide me with what the point of life is,22,meaning_of_life,22,meaning_of_life,run_01_seed_42,0.9999771118164062
132,tell me what the point of life is,22,meaning_of_life,22,meaning_of_life,run_01_seed_42,0.9999440908432007
133,what is the reason humans even exist,22,meaning_of_life,139,definition,run_01_seed_42,0.7147811055183411
134,do you think our lives have purpose or meaning,22,meaning_of_life,22,meaning_of_life,run_01_seed_42,0.985090970993042
135,can you tell me about the meaning of life,22,meaning_of_life,22,meaning_of_life,run_01_seed_42,0.9999861717224121
136,can you tell me what the meaning of life is,22,meaning_of_life,22,meaning_of_life,run_01_seed_42,0.9999727010726929
137,what do you know about the meaning of life,22,meaning_of_life,22,meaning_of_life,run_01_seed_42,0.999980092048645
138,i would like information on the meaning of life,22,meaning_of_life,22,meaning_of_life,run_01_seed_42,0.9998292922973633
139,what information can you give me on the meaning of life,22,meaning_of_life,22,meaning_of_life,run_01_seed_42,0.9999576807022095
140,what is the core meaning of life,22,meaning_of_life,22,meaning_of_life,run_01_seed_42,0.9999797344207764
141,what do you know about lifes meaning,22,meaning_of_life,22,meaning_of_life,run_01_seed_42,0.9952687621116638
142,is there any consensun regarding lifes true meaning,22,meaning_of_life,22,meaning_of_life,run_01_seed_42,0.8254290223121643
143,is there a reason beyond biology about why humans are alive,22,meaning_of_life,2,account_blocked,run_01_seed_42,0.5925298929214478
144,do you think being alive has any meaning,22,meaning_of_life,22,meaning_of_life,run_01_seed_42,0.7191153168678284
145,is there meaning to life,22,meaning_of_life,22,meaning_of_life,run_01_seed_42,0.999951958656311
146,is there meaning in life,22,meaning_of_life,22,meaning_of_life,run_01_seed_42,0.999936580657959
147,what is the answer to life,22,meaning_of_life,22,meaning_of_life,run_01_seed_42,0.996830403804779
148,what's the answer to it all,22,meaning_of_life,22,meaning_of_life,run_01_seed_42,0.6703826189041138
149,what's life mean to you,22,meaning_of_life,22,meaning_of_life,run_01_seed_42,0.8689295649528503
150,i would like to change my insurance policy,64,insurance_change,64,insurance_change,run_01_seed_42,0.9999891519546509
151,can i edit my insurance policy,64,insurance_change,64,insurance_change,run_01_seed_42,0.9999674558639526
152,i am interested in a new insurance plan,64,insurance_change,64,insurance_change,run_01_seed_42,0.9998987913131714
153,i really would like to get a new insurance plan,64,insurance_change,64,insurance_change,run_01_seed_42,0.9999938011169434
154,i am in the market for a new insurance plan,64,insurance_change,64,insurance_change,run_01_seed_42,0.999976396560669
155,is there a way to alter my insurance policy,64,insurance_change,64,insurance_change,run_01_seed_42,0.999954104423523
156,how can i change to new insurance plan,64,insurance_change,64,insurance_change,run_01_seed_42,0.9999955892562866
157,help me find a new insurance plan,64,insurance_change,64,insurance_change,run_01_seed_42,0.9999839067459106
158,can i update my insurance policy,64,insurance_change,64,insurance_change,run_01_seed_42,0.999983549118042
159,who do i contact about updating my insurance,64,insurance_change,64,insurance_change,run_01_seed_42,0.7764002084732056
160,can you help me change my insurance policy,64,insurance_change,64,insurance_change,run_01_seed_42,0.9999903440475464
161,"i need to change my insurance policy, do you know how",64,insurance_change,64,insurance_change,run_01_seed_42,0.9970301389694214
162,what are the steps to change my insurance policy,64,insurance_change,64,insurance_change,run_01_seed_42,0.9999125003814697
163,do you know how i can change my insurance policy,64,insurance_change,64,insurance_change,run_01_seed_42,0.999943733215332
164,how to i change the policy on my insurace,64,insurance_change,3,oil_change_how,run_01_seed_42,0.7965207099914551
165,what do i need to do to get new insurance,64,insurance_change,64,insurance_change,run_01_seed_42,0.9999332427978516
166,do you know how i get new insurance,64,insurance_change,64,insurance_change,run_01_seed_42,0.9988932013511658
167,what is the protocol for getting new insurance,64,insurance_change,64,insurance_change,run_01_seed_42,0.9872010946273804
168,let me know the process for new insurance,64,insurance_change,64,insurance_change,run_01_seed_42,0.9997097849845886
169,i want to sign up for a new allstate insurance plan,64,insurance_change,64,insurance_change,run_01_seed_42,0.9999001026153564
170,i need to sign up for a new allstate plan,64,insurance_change,64,insurance_change,run_01_seed_42,0.8302890062332153
171,what is the procedure for signing up for a new allstate plan,64,insurance_change,64,insurance_change,run_01_seed_42,0.8390598893165588
172,how do i sign up for a new allstatedplan,64,insurance_change,91,new_card,run_01_seed_42,0.6346515417098999
173,i want to change to a new allstate insurance plan,64,insurance_change,64,insurance_change,run_01_seed_42,0.999940037727356
174,i want a new insurance plan,64,insurance_change,64,insurance_change,run_01_seed_42,0.9999889135360718
175,what if i want to switch insurance plans,64,insurance_change,64,insurance_change,run_01_seed_42,0.996094286441803
176,is there a way to get a new insurance plan,64,insurance_change,64,insurance_change,run_01_seed_42,0.9999713897705078
177,i want to switch to a new insurance plan,64,insurance_change,64,insurance_change,run_01_seed_42,0.9999916553497314
178,how do i switch insurance plans,64,insurance_change,64,insurance_change,run_01_seed_42,0.9998729228973389
179,phone number to state farm to change insurance,64,insurance_change,25,make_call,run_01_seed_42,0.8218078017234802
180,"can you help me find my phone, please",81,find_phone,81,find_phone,run_01_seed_42,0.9748935699462891
181,could you help me locate my phone,81,find_phone,81,find_phone,run_01_seed_42,0.9999845027923584
182,can you help me locate my phone,81,find_phone,81,find_phone,run_01_seed_42,0.9999585151672363
183,"could you help me locate my phone, please",81,find_phone,81,find_phone,run_01_seed_42,0.9896429181098938
184,"can you help me locate my phone, please",81,find_phone,81,find_phone,run_01_seed_42,0.9857864379882812
185,"i cannot locate my phone, can you help me",81,find_phone,81,find_phone,run_01_seed_42,0.9431918859481812
186,i need help locating my phone,81,find_phone,81,find_phone,run_01_seed_42,0.9999867677688599
187,can you assist me with finding my phone,81,find_phone,81,find_phone,run_01_seed_42,0.9999055862426758
188,i lost my phone can you help me,81,find_phone,81,find_phone,run_01_seed_42,0.9992332458496094
189,where the bleep did i put my bleeping phone,81,find_phone,81,find_phone,run_01_seed_42,0.9486749768257141
190,is my phone somewhere around here,81,find_phone,81,find_phone,run_01_seed_42,0.9990742206573486
191,"help, i've lost my cellphone!",81,find_phone,136,current_location,run_01_seed_42,0.8152058124542236
192,i seem to have lost my phone,81,find_phone,81,find_phone,run_01_seed_42,0.9959321618080139
193,do you know my phone's location,81,find_phone,136,current_location,run_01_seed_42,0.9996343851089478
194,can you find my phone,81,find_phone,81,find_phone,run_01_seed_42,0.9998987913131714
195,where's my phone at,81,find_phone,81,find_phone,run_01_seed_42,0.9738490581512451
196,what's my phone's location,81,find_phone,136,current_location,run_01_seed_42,0.9903036952018738
197,can you help me hunt for my missing cellphone,81,find_phone,81,find_phone,run_01_seed_42,0.9115986227989197
198,locate my cellphone in this room,81,find_phone,81,find_phone,run_01_seed_42,0.9891989827156067
199,where did i last put my phone,81,find_phone,81,find_phone,run_01_seed_42,0.9987027645111084
200,find my cellphone for me!,81,find_phone,81,find_phone,run_01_seed_42,0.9994308352470398
201,where did i place my phone,81,find_phone,81,find_phone,run_01_seed_42,0.9968390464782715
202,where's my phone,81,find_phone,81,find_phone,run_01_seed_42,0.8121115565299988
203,my phone isn't where i left it,81,find_phone,81,find_phone,run_01_seed_42,0.988956868648529
204,i think i've misplaced my phone,81,find_phone,81,find_phone,run_01_seed_42,0.9996898174285889
205,i've lost my phone somewhere,81,find_phone,81,find_phone,run_01_seed_42,0.9994325041770935
206,i think i lost my phone,81,find_phone,81,find_phone,run_01_seed_42,0.9983946681022644
207,would you know where to find my phone,81,find_phone,81,find_phone,run_01_seed_42,0.998855471611023
208,please assist me in looking for my phone,81,find_phone,81,find_phone,run_01_seed_42,0.8131889700889587
209,look for my phone with me,81,find_phone,81,find_phone,run_01_seed_42,0.973673939704895
210,is there a travel alert in spain,128,travel_alert,128,travel_alert,run_01_seed_42,0.9999362230300903
211,travel alert in cuba,128,travel_alert,128,travel_alert,run_01_seed_42,0.997913658618927
212,alerts for travel in colombia,128,travel_alert,128,travel_alert,run_01_seed_42,0.9999568462371826
213,are there travel alerts in mexico,128,travel_alert,128,travel_alert,run_01_seed_42,0.9999970197677612
214,mexico travel alerts,128,travel_alert,128,travel_alert,run_01_seed_42,0.9999746084213257
215,have there been any travel alerts for the us,128,travel_alert,128,travel_alert,run_01_seed_42,0.9999978542327881
216,are there any travel advisories for the us,128,travel_alert,128,travel_alert,run_01_seed_42,0.9998601675033569
217,what are the travel alerts for the us,128,travel_alert,128,travel_alert,run_01_seed_42,0.9999957084655762
218,are there travel alerts for the us,128,travel_alert,128,travel_alert,run_01_seed_42,0.9999973773956299
219,what travel alerts are in effect for the us,128,travel_alert,128,travel_alert,run_01_seed_42,0.9998931884765625
220,i want to know if i will be safe if i travel to europe,128,travel_alert,128,travel_alert,run_01_seed_42,0.9796277284622192
221,would i be safe if i traveled to japan,128,travel_alert,128,travel_alert,run_01_seed_42,0.9730351567268372
222,is it safe to go to north korea,128,travel_alert,128,travel_alert,run_01_seed_42,0.9660524129867554
223,will i be safe going to south america,128,travel_alert,128,travel_alert,run_01_seed_42,0.9904049634933472
224,am i safe to go to africa,128,travel_alert,52,vaccines,run_01_seed_42,0.5588486194610596
225,which countries have travel alerts,128,travel_alert,128,travel_alert,run_01_seed_42,0.9999598264694214
226,is it safe in italy,128,travel_alert,128,travel_alert,run_01_seed_42,0.9958950281143188
227,what are the travel conditions for haiti,128,travel_alert,128,travel_alert,run_01_seed_42,0.8717644810676575
228,are there any travel bulletins about haiti,128,travel_alert,128,travel_alert,run_01_seed_42,0.9944084286689758
229,note any travel alerts for haiti,128,travel_alert,128,travel_alert,run_01_seed_42,0.9999849796295166
230,find travel alerts for haiti,128,travel_alert,128,travel_alert,run_01_seed_42,0.9999784231185913
231,does the state department say anything about traveling to haiti,128,travel_alert,129,fun_fact,run_01_seed_42,0.41037097573280334
232,is there a travel alert for france,128,travel_alert,128,travel_alert,run_01_seed_42,0.999908447265625
233,is it safe for me to go to turkey,128,travel_alert,128,travel_alert,run_01_seed_42,0.9072376489639282
234,is it safe to go to serbia,128,travel_alert,128,travel_alert,run_01_seed_42,0.7267064452171326
235,safety concerns for malaysia,128,travel_alert,147,cancel,run_01_seed_42,0.11407522112131119
236,is it safe for me to visit malawi,128,travel_alert,128,travel_alert,run_01_seed_42,0.9525302052497864
237,is travel to monterrey safe now,128,travel_alert,128,travel_alert,run_01_seed_42,0.9990242719650269
238,is it safe for people to travel to pakistan,128,travel_alert,128,travel_alert,run_01_seed_42,0.9837935566902161
239,can people safely travel to cambodia,128,travel_alert,128,travel_alert,run_01_seed_42,0.9958350658416748
240,please help me set up a vacation request,97,pto_request,97,pto_request,run_01_seed_42,0.9951059818267822
241,how does one go about putting in a vacation request,97,pto_request,97,pto_request,run_01_seed_42,0.9858954548835754
242,how do i put in a vacation request,97,pto_request,97,pto_request,run_01_seed_42,0.9999794960021973
243,walk me through on how to make a vacation request,97,pto_request,97,pto_request,run_01_seed_42,0.9999480247497559
244,please put in a vacation request,97,pto_request,97,pto_request,run_01_seed_42,0.99983811378479
245,how is a vacation request done,97,pto_request,97,pto_request,run_01_seed_42,0.8013071417808533
246,how is a vacation request made,97,pto_request,101,pto_request_status,run_01_seed_42,0.8337053060531616
247,what is the process of making a vacation request,97,pto_request,97,pto_request,run_01_seed_42,0.741836428642273
248,how would one make a vacation request,97,pto_request,97,pto_request,run_01_seed_42,0.9999403953552246
249,can i put in a pto request for september 1st to september 8th,97,pto_request,97,pto_request,run_01_seed_42,0.9999840259552002
250,"if i want to make a vacation request, how do i do it",97,pto_request,97,pto_request,run_01_seed_42,0.9994131326675415
251,can i put in a pto request for august 1st to august 10th,97,pto_request,97,pto_request,run_01_seed_42,0.9999829530715942
252,can i put in a pto request for january 4th to january 9th,97,pto_request,97,pto_request,run_01_seed_42,0.9995613694190979
253,can i put in a pto request for december 3rd to december 10th,97,pto_request,97,pto_request,run_01_seed_42,0.9999496936798096
254,can i put in a pto request for december 25th to january 1st,97,pto_request,97,pto_request,run_01_seed_42,0.9998103976249695
255,can i take pto from the end of the month to the 5th of the next month,97,pto_request,97,pto_request,run_01_seed_42,0.7575938105583191
256,can you help me plan a vacation,97,pto_request,97,pto_request,run_01_seed_42,0.9693120718002319
257,it it possible to take pto from the 8th to the 11th,97,pto_request,97,pto_request,run_01_seed_42,0.3565754294395447
258,is it ok if i use some of my pto on may 24th to may 29th,97,pto_request,97,pto_request,run_01_seed_42,0.7933544516563416
259,what do i do to set up a vacation,97,pto_request,97,pto_request,run_01_seed_42,0.9998651742935181
260,i need to use pto on october 5th to october 10th,97,pto_request,97,pto_request,run_01_seed_42,0.5577021837234497
261,how do i plan a vacation,97,pto_request,97,pto_request,run_01_seed_42,0.9067296981811523
262,can i put in a pto request for monday to wednesday,97,pto_request,97,pto_request,run_01_seed_42,0.9999909400939941
263,can i purchase a vacation using this,97,pto_request,97,pto_request,run_01_seed_42,0.9953470826148987
264,how do i get help with a vacation itinerary,97,pto_request,97,pto_request,run_01_seed_42,0.9939942955970764
265,how do i request a vacation,97,pto_request,97,pto_request,run_01_seed_42,0.9999793767929077
266,i'd like to request a vacation,97,pto_request,97,pto_request,run_01_seed_42,0.9999130964279175
267,i need to request a vacation,97,pto_request,97,pto_request,run_01_seed_42,0.9998555183410645
268,vacation request information,97,pto_request,101,pto_request_status,run_01_seed_42,0.9866162538528442
269,vacation request please,97,pto_request,101,pto_request_status,run_01_seed_42,0.9866628050804138
270,how can i increase my credit score,28,improve_credit_score,28,improve_credit_score,run_01_seed_42,0.9992369413375854
271,how can i raise my credit score,28,improve_credit_score,28,improve_credit_score,run_01_seed_42,0.9999387264251709
272,how can i contribute to my credit score,28,improve_credit_score,28,improve_credit_score,run_01_seed_42,0.9995579123497009
273,how is it possible to get a better credit score,28,improve_credit_score,28,improve_credit_score,run_01_seed_42,0.9993337988853455
274,how can i up my credit score,28,improve_credit_score,28,improve_credit_score,run_01_seed_42,0.57770836353302
275,can you explain to me how i might boost my credit score,28,improve_credit_score,28,improve_credit_score,run_01_seed_42,0.9857613444328308
276,my credit score stinks but i don't know how to improve it,28,improve_credit_score,69,credit_score,run_01_seed_42,0.8474116325378418
277,what preventative measures can i take to avoid a low credit score,28,improve_credit_score,28,improve_credit_score,run_01_seed_42,0.9995014667510986
278,how can i keep my credit score from falling,28,improve_credit_score,28,improve_credit_score,run_01_seed_42,0.999923825263977
279,give me some ideas for boosting my credit score,28,improve_credit_score,28,improve_credit_score,run_01_seed_42,0.9897046685218811
280,how can i prevent my credit score from dropping,28,improve_credit_score,28,improve_credit_score,run_01_seed_42,0.999915361404419
281,what steps can i take to build my credit score,28,improve_credit_score,28,improve_credit_score,run_01_seed_42,0.9999874830245972
282,give me some tips on building up my credit score,28,improve_credit_score,28,improve_credit_score,run_01_seed_42,0.9886267781257629
283,how can i rehabilitate my poor credit score,28,improve_credit_score,28,improve_credit_score,run_01_seed_42,0.9996782541275024
284,give me some ideas of how to avoid my credit score lowering,28,improve_credit_score,28,improve_credit_score,run_01_seed_42,0.9999845027923584
285,give me tips on improving my credit score,28,improve_credit_score,28,improve_credit_score,run_01_seed_42,0.9952338337898254
286,what steps should i take if i want to ensure my credit score doesn't drop,28,improve_credit_score,28,improve_credit_score,run_01_seed_42,0.999916672706604
287,can you tell me some strategies for raising my credit score,28,improve_credit_score,28,improve_credit_score,run_01_seed_42,0.5141545534133911
288,i want to know how i can build up a good credit score,28,improve_credit_score,28,improve_credit_score,run_01_seed_42,0.9998416900634766
289,"""what's the method to improve credit score",28,improve_credit_score,28,improve_credit_score,run_01_seed_42,0.9833233952522278
290,"""which is the best way to improve the credit score",28,improve_credit_score,28,improve_credit_score,run_01_seed_42,0.9995774626731873
291,"""which could be improve the credit score",28,improve_credit_score,28,improve_credit_score,run_01_seed_42,0.9946633577346802
292,"""when the credit score improve",28,improve_credit_score,28,improve_credit_score,run_01_seed_42,0.8540214896202087
293,"""where is improve the credit score",28,improve_credit_score,28,improve_credit_score,run_01_seed_42,0.9813589453697205
294,it is damaging to my credit score if i miss one credit card payment,28,improve_credit_score,28,improve_credit_score,run_01_seed_42,0.6517397165298462
295,i have a revolving store card and defaulted so will my fico score be affected,28,improve_credit_score,87,damaged_card,run_01_seed_42,0.5878449082374573
296,will my fico score decrease if i increase my student loan debt,28,improve_credit_score,54,food_last,run_01_seed_42,0.6697593331336975
297,if i lose my job will my credit score go down,28,improve_credit_score,69,credit_score,run_01_seed_42,0.763836681842804
298,can i hurt my credit rating if i open several credit cards in a short time frame,28,improve_credit_score,28,improve_credit_score,run_01_seed_42,0.9837002158164978
299,will only having five late payments really make my credit bad,28,improve_credit_score,28,improve_credit_score,run_01_seed_42,0.9987666606903076
300,name unusual facts about the circus,129,fun_fact,21,what_song,run_01_seed_42,0.5488668084144592
301,i need interesting baseball trivia from the nineteen eighties,129,fun_fact,18,schedule_meeting,run_01_seed_42,0.9848462343215942
302,tell me a fun fact about cars,129,fun_fact,129,fun_fact,run_01_seed_42,0.9999974966049194
303,give me a fun fact about kangaroo,129,fun_fact,129,fun_fact,run_01_seed_42,0.9999934434890747
304,give me a fun fact about koala,129,fun_fact,129,fun_fact,run_01_seed_42,0.9999972581863403
305,give me a fun fact about dolphin,129,fun_fact,129,fun_fact,run_01_seed_42,0.9999951124191284
306,what is some trivia about frog,129,fun_fact,129,fun_fact,run_01_seed_42,0.9998438358306885
307,tell me fun facts of today,129,fun_fact,42,oos,run_01_seed_42,0.5241832137107849
308,give me something interesting about stars,129,fun_fact,129,fun_fact,run_01_seed_42,0.9994387030601501
309,what is some trivia question about coffee,129,fun_fact,129,fun_fact,run_01_seed_42,0.999545156955719
310,tell me some trivia about sweat,129,fun_fact,129,fun_fact,run_01_seed_42,0.9999779462814331
311,tell me some trivia about dolphin,129,fun_fact,129,fun_fact,run_01_seed_42,0.9999542236328125
312,what is some trivia about the weather,129,fun_fact,5,weather,run_01_seed_42,0.5240068435668945
313,give me a fun fact about komodo dragon,129,fun_fact,129,fun_fact,run_01_seed_42,0.999990701675415
314,give me a amusing fact about wolf,129,fun_fact,129,fun_fact,run_01_seed_42,0.9958920478820801
315,what is the interesting trivia about human bodies,129,fun_fact,129,fun_fact,run_01_seed_42,0.9999040365219116
316,i want to learn something about apples,129,fun_fact,129,fun_fact,run_01_seed_42,0.9637570381164551
317,tell me today's fun fact,129,fun_fact,129,fun_fact,run_01_seed_42,0.9999257326126099
318,i want today's fun fact please,129,fun_fact,129,fun_fact,run_01_seed_42,0.9987127780914307
319,what is today's fun fact,129,fun_fact,129,fun_fact,run_01_seed_42,0.9931111335754395
320,today's fun fact,129,fun_fact,129,fun_fact,run_01_seed_42,0.9989681243896484
321,i want a fun fact about london,129,fun_fact,129,fun_fact,run_01_seed_42,0.9999979734420776
322,tell me something interesting about bees,129,fun_fact,129,fun_fact,run_01_seed_42,0.999774158000946
323,i would you like to learn something interesting about bees,129,fun_fact,129,fun_fact,run_01_seed_42,0.9979286193847656
324,i want to hear cool bee facts,129,fun_fact,129,fun_fact,run_01_seed_42,0.7847365140914917
325,what's something interesting about bees,129,fun_fact,129,fun_fact,run_01_seed_42,0.998177170753479
326,i wanna hear something cool about bees,129,fun_fact,129,fun_fact,run_01_seed_42,0.971348226070404
327,tell me fun facts on science topics,129,fun_fact,129,fun_fact,run_01_seed_42,0.9876323938369751
328,tell me fun science facts,129,fun_fact,129,fun_fact,run_01_seed_42,0.9912270903587341
329,i want to know fun facts about koala bears,129,fun_fact,129,fun_fact,run_01_seed_42,0.9998101592063904
330,please speak in tagalog,29,change_language,29,change_language,run_01_seed_42,0.966508686542511
331,speak in german,29,change_language,29,change_language,run_01_seed_42,0.9995008707046509
332,speak to me in dutch,29,change_language,29,change_language,run_01_seed_42,0.9602615833282471
333,speak in french please,29,change_language,29,change_language,run_01_seed_42,0.9993434548377991
334,speak spanish please,29,change_language,119,change_speed,run_01_seed_42,0.6013203263282776
335,i am not understanding the language you are responding in; switch it for me,29,change_language,29,change_language,run_01_seed_42,0.975193977355957
336,i can't understand the language you are responding in; i need you to switch it,29,change_language,29,change_language,run_01_seed_42,0.988353967666626
337,i need you to switch the language you are responding as i don't understand,29,change_language,55,change_ai_name,run_01_seed_42,0.7895472049713135
338,i don't understand your language; switch the language,29,change_language,29,change_language,run_01_seed_42,0.9999843835830688
339,i need you to switch the language you are responding in,29,change_language,29,change_language,run_01_seed_42,0.9994601607322693
340,i'd like to speak in portuguese,29,change_language,61,translate,run_01_seed_42,0.5789669156074524
341,can we speak in german,29,change_language,29,change_language,run_01_seed_42,0.9999663829803467
342,i want to use spanish with you,29,change_language,29,change_language,run_01_seed_42,0.6808009147644043
343,please let's speak in spanish,29,change_language,29,change_language,run_01_seed_42,0.9992775321006775
344,please can we speak in dutch,29,change_language,29,change_language,run_01_seed_42,0.9991807341575623
345,can you make the default language swedish,29,change_language,29,change_language,run_01_seed_42,0.9999896287918091
346,is it possible to talk to you in mandarin,29,change_language,29,change_language,run_01_seed_42,0.9891692399978638
347,would you understand me if i speak to you in navajo,29,change_language,61,translate,run_01_seed_42,0.9754094481468201
348,i'd like the language to be in spanish,29,change_language,29,change_language,run_01_seed_42,0.9999253749847412
349,i'd like to use you using russian,29,change_language,55,change_ai_name,run_01_seed_42,0.5688267946243286
350,can i speak spanish to you hombre,29,change_language,29,change_language,run_01_seed_42,0.9274414777755737
351,i want to start talking to you in swedish,29,change_language,29,change_language,run_01_seed_42,0.9300560355186462
352,can i get you to change your language setting to russian,29,change_language,29,change_language,run_01_seed_42,0.9992508292198181
353,please make your language setting norwegian,29,change_language,29,change_language,run_01_seed_42,0.9993089437484741
354,i am going to speak english now,29,change_language,29,change_language,run_01_seed_42,0.9701619148254395
355,do you speak english,29,change_language,29,change_language,run_01_seed_42,0.9055747389793396
356,i want to talk english,29,change_language,29,change_language,run_01_seed_42,0.9573740363121033
357,we have to speak in english,29,change_language,29,change_language,run_01_seed_42,0.999945878982544
358,speak in dutch,29,change_language,29,change_language,run_01_seed_42,0.380759060382843
359,i want to speak to you in swiss german,29,change_language,29,change_language,run_01_seed_42,0.9654474854469299
360,how long until my paycheck shows up,79,payday,79,payday,run_01_seed_42,0.9919824004173279
361,can you tell me the date of my last check,79,payday,79,payday,run_01_seed_42,0.810992956161499
362,what was the date when i last go paid,79,payday,79,payday,run_01_seed_42,0.9993302822113037
363,what's the date on my last pay stub,79,payday,79,payday,run_01_seed_42,0.9413041472434998
364,when can i expect my paycheck,79,payday,79,payday,run_01_seed_42,0.9998637437820435
365,when is the next time i'll receive a paycheck,79,payday,79,payday,run_01_seed_42,0.9977145195007324
366,when did i last collect my salary,79,payday,79,payday,run_01_seed_42,0.9632627367973328
367,when do i next get paid,79,payday,79,payday,run_01_seed_42,0.9999129772186279
368,when is my paycheck arriving,79,payday,79,payday,run_01_seed_42,0.9998682737350464
369,what day is payday,79,payday,79,payday,run_01_seed_42,0.9447183609008789
370,do you know when my next check is coming,79,payday,79,payday,run_01_seed_42,0.9082344770431519
371,when do i get my next paycheck,79,payday,79,payday,run_01_seed_42,0.9999604225158691
372,when's pay day for me,79,payday,79,payday,run_01_seed_42,0.8972318172454834
373,i need to know when i get paid next,79,payday,79,payday,run_01_seed_42,0.9991668462753296
374,when's my next pay day,79,payday,79,payday,run_01_seed_42,0.7667312026023865
375,what day's my pay coming next,79,payday,93,income,run_01_seed_42,0.9410521984100342
376,when do i get paid for my work,79,payday,79,payday,run_01_seed_42,0.9445419907569885
377,look up when my payday is supposed to be,79,payday,80,flight_status,run_01_seed_42,0.5620826482772827
378,when can i expect to be paid,79,payday,79,payday,run_01_seed_42,0.9987871050834656
379,look up the date for my next payday,79,payday,79,payday,run_01_seed_42,0.9970904588699341
380,what day will i earn my payment from work,79,payday,56,bill_due,run_01_seed_42,0.9678261280059814
381,find out when my next upcoming payday will be,79,payday,79,payday,run_01_seed_42,0.9874770641326904
382,when is the next payday i can look forward to,79,payday,118,next_song,run_01_seed_42,0.5152896046638489
383,what day can i expect to receive payment on,79,payday,56,bill_due,run_01_seed_42,0.7155047655105591
384,when will my next paycheck be coming,79,payday,79,payday,run_01_seed_42,0.9995996356010437
385,when will my payment be deposited,79,payday,56,bill_due,run_01_seed_42,0.992908239364624
386,when do i get my next pay check,79,payday,79,payday,run_01_seed_42,0.9977116584777832
387,is it payday,79,payday,79,payday,run_01_seed_42,0.9822208285331726
388,do you know when i'll receive my next paycheck,79,payday,79,payday,run_01_seed_42,0.9992533326148987
389,what date do i get paid,79,payday,79,payday,run_01_seed_42,0.9995941519737244
390,how long does it take for a credit card to be reissued and mailed to me,90,replacement_card_duration,90,replacement_card_duration,run_01_seed_42,0.9952227473258972
391,can credit card companies expedite delivery of reissued credit cards,90,replacement_card_duration,42,oos,run_01_seed_42,0.5790442824363708
392,can you call the help desk line for my credit card company,90,replacement_card_duration,25,make_call,run_01_seed_42,0.994726836681366
393,how can i request a new credit card,90,replacement_card_duration,91,new_card,run_01_seed_42,0.9999366998672485
394,what's the phone number for my credit card company,90,replacement_card_duration,143,min_payment,run_01_seed_42,0.3034316897392273
395,i recently lost my credit card and need to know how long it takes to get a new one mailed to me,90,replacement_card_duration,90,replacement_card_duration,run_01_seed_42,0.9982329607009888
396,i need to know the time it takes to get a new credit card sent to someone who lost theirs,90,replacement_card_duration,91,new_card,run_01_seed_42,0.9062761664390564
397,i lost my credit card recently how long does take to get a new one in the mail,90,replacement_card_duration,90,replacement_card_duration,run_01_seed_42,0.9976609945297241
398,what is amount of time it takes to get a new credit card i lost mine recently,90,replacement_card_duration,90,replacement_card_duration,run_01_seed_42,0.611540675163269
399,what is the time frame for sending a customer who lost their credit card a new one,90,replacement_card_duration,90,replacement_card_duration,run_01_seed_42,0.9873260855674744
400,will i get getting my new card anytime soon,90,replacement_card_duration,90,replacement_card_duration,run_01_seed_42,0.9999306201934814
401,what is the shipping status of my replacement card,90,replacement_card_duration,90,replacement_card_duration,run_01_seed_42,0.7425865530967712
402,how long until i get my replacement card,90,replacement_card_duration,90,replacement_card_duration,run_01_seed_42,0.9999912977218628
403,when is my new card expected to arrive,90,replacement_card_duration,90,replacement_card_duration,run_01_seed_42,0.9996935129165649
404,is my replacement card due to arrive in the mail today,90,replacement_card_duration,90,replacement_card_duration,run_01_seed_42,0.8603067994117737
405,how long before my new card is mailed to me,90,replacement_card_duration,90,replacement_card_duration,run_01_seed_42,0.9999109506607056
406,what is the shipping time for my card,90,replacement_card_duration,90,replacement_card_duration,run_01_seed_42,0.9599514603614807
407,how much time before my new card is mailed to me,90,replacement_card_duration,90,replacement_card_duration,run_01_seed_42,0.9999828338623047
408,how long does it take to get a new credit card,90,replacement_card_duration,90,replacement_card_duration,run_01_seed_42,0.9851408004760742
409,time to order and receive a new credit card,90,replacement_card_duration,91,new_card,run_01_seed_42,0.9741882085800171
410,when will i received a replacement card,90,replacement_card_duration,90,replacement_card_duration,run_01_seed_42,0.9999873638153076
411,time to replace my credit card,90,replacement_card_duration,90,replacement_card_duration,run_01_seed_42,0.9790195822715759
412,how long before the replacement card is mailed to me,90,replacement_card_duration,90,replacement_card_duration,run_01_seed_42,0.9999969005584717
413,how much longer before the card is mailed to me,90,replacement_card_duration,90,replacement_card_duration,run_01_seed_42,0.9933425784111023
414,how long will it takes to get a new credit card,90,replacement_card_duration,90,replacement_card_duration,run_01_seed_42,0.999500036239624
415,what is the shipping wait for my card,90,replacement_card_duration,90,replacement_card_duration,run_01_seed_42,0.9977204203605652
416,when will the replaecment card arrive,90,replacement_card_duration,90,replacement_card_duration,run_01_seed_42,0.9985061287879944
417,let me know the wait on a replacement credit card,90,replacement_card_duration,102,how_busy,run_01_seed_42,0.8196119666099548
418,let me know when the replacement card will arrive,90,replacement_card_duration,90,replacement_card_duration,run_01_seed_42,0.9999895095825195
419,how soon can i expect a replacement card for my lost card to arrive,90,replacement_card_duration,90,replacement_card_duration,run_01_seed_42,0.999754011631012
420,i need you to tell me what time it is in new york now,4,time,4,time,run_01_seed_42,0.9999865293502808
421,"what time is it in adelaide, australia right now",4,time,4,time,run_01_seed_42,0.9999954700469971
422,is it after noon,4,time,4,time,run_01_seed_42,0.3648531138896942
423,is it six o clock yet,4,time,103,application_status,run_01_seed_42,0.5298091173171997
424,please give me the time in tanzania at this moment,4,time,4,time,run_01_seed_42,0.8481051325798035
425,can you tell me the current time in jamaica,4,time,4,time,run_01_seed_42,0.9999223947525024
426,"tell me the time in san francisco, please",4,time,4,time,run_01_seed_42,0.9993190765380859
427,"what time is it right now in adelaide, australia",4,time,4,time,run_01_seed_42,0.9999842643737793
428,what time is it in the eastern timezone,4,time,4,time,run_01_seed_42,0.9991140961647034
429,what time is it in the mountain timezone,4,time,4,time,run_01_seed_42,0.9995511174201965
430,what time is it in the greenwich timezone,4,time,4,time,run_01_seed_42,0.9997907280921936
431,what time is it in the central timezone,4,time,4,time,run_01_seed_42,0.9978837370872498
432,tell me what the time is in dallas,4,time,4,time,run_01_seed_42,0.9920797944068909
433,what is the current time in dallas,4,time,4,time,run_01_seed_42,0.9986310601234436
434,can you tell me what time it is in dallas,4,time,4,time,run_01_seed_42,0.9998249411582947
435,what time is it in dallas,4,time,4,time,run_01_seed_42,0.9999622106552124
436,tell time for another city: dallas,4,time,4,time,run_01_seed_42,0.5705848932266235
437,what time is it right now at home,4,time,4,time,run_01_seed_42,0.9999688863754272
438,what’s the time in new york,4,time,4,time,run_01_seed_42,0.8607467412948608
439,tell me the time in california,4,time,4,time,run_01_seed_42,0.9995172023773193
440,tell me the time in las vegas,4,time,4,time,run_01_seed_42,0.9997484087944031
441,what is the time is central time zone,4,time,4,time,run_01_seed_42,0.7279271483421326
442,what is the time in the usa,4,time,4,time,run_01_seed_42,0.9999512434005737
443,what is the time in est,4,time,4,time,run_01_seed_42,0.9999886751174927
444,whats the exact time,4,time,4,time,run_01_seed_42,0.9996280670166016
445,what is the current time,4,time,4,time,run_01_seed_42,0.9999897480010986
446,what's the current time,4,time,4,time,run_01_seed_42,0.9999767541885376
447,what time is it in california,4,time,4,time,run_01_seed_42,0.999966025352478
448,please give me the time,4,time,4,time,run_01_seed_42,0.9999653100967407
449,the time is what,4,time,4,time,run_01_seed_42,0.9993515610694885
450,how is the status of my credit card application coming along,103,application_status,103,application_status,run_01_seed_42,0.9998751878738403
451,what exactly is the status of my application for the credit card,103,application_status,103,application_status,run_01_seed_42,0.9996305704116821
452,i need to know the status of my credit card application,103,application_status,103,application_status,run_01_seed_42,0.9999138116836548
453,i would like to know the status of my credit card application,103,application_status,103,application_status,run_01_seed_42,0.9998195767402649
454,let me know if my application for american saving bank,103,application_status,103,application_status,run_01_seed_42,0.9994328618049622
455,check the status of my credit card application for me,103,application_status,103,application_status,run_01_seed_42,0.9999297857284546
456,i want to know if my credit card application has been processed,103,application_status,103,application_status,run_01_seed_42,0.9999774694442749
457,i want to know the status of my credit card application,103,application_status,103,application_status,run_01_seed_42,0.9999643564224243
458,can you check if my credit card application has been processed,103,application_status,103,application_status,run_01_seed_42,0.9999954700469971
459,i want to know how is my credit card application going,103,application_status,103,application_status,run_01_seed_42,0.9989424347877502
460,can you let me know the status of my discover credit card application status,103,application_status,103,application_status,run_01_seed_42,0.9999409914016724
461,can you tell me the status of my credit card application,103,application_status,103,application_status,run_01_seed_42,0.9999700784683228
462,has my application for american express gone through yet,103,application_status,103,application_status,run_01_seed_42,0.9997475743293762
463,let me know about the status of my credit card application,103,application_status,103,application_status,run_01_seed_42,0.9999791383743286
464,can you please tell me about the status of my credit card application,103,application_status,103,application_status,run_01_seed_42,0.9999041557312012
465,can you please let me know the status of my capital one application,103,application_status,103,application_status,run_01_seed_42,0.9930705428123474
466,let me know the credit card application status,103,application_status,103,application_status,run_01_seed_42,0.999919056892395
467,has my application for discover card gone through yet,103,application_status,103,application_status,run_01_seed_42,0.9999604225158691
468,can you tell me the credit card application status,103,application_status,103,application_status,run_01_seed_42,0.9999459981918335
469,has my application for the hsbc card been approved yet,103,application_status,103,application_status,run_01_seed_42,0.99962317943573
470,please tell me if my application for the hsbc card has gone through yet,103,application_status,103,application_status,run_01_seed_42,0.99997878074646
471,how far has my application for the hsbc card gone till now,103,application_status,103,application_status,run_01_seed_42,0.999599277973175
472,what's the status on my application for the hsbc credit card,103,application_status,103,application_status,run_01_seed_42,0.9995044469833374
473,how far has my application for the hsbc card proceeded till now,103,application_status,103,application_status,run_01_seed_42,0.9994990825653076
474,did the application for my visa card finish,103,application_status,103,application_status,run_01_seed_42,0.9942250847816467
475,has my mastercard application gone through the process,103,application_status,103,application_status,run_01_seed_42,0.9999336004257202
476,has my mastercard application gone through yet,103,application_status,103,application_status,run_01_seed_42,0.9999725818634033
477,has my application for my visa card gone through,103,application_status,103,application_status,run_01_seed_42,0.9999288320541382
478,has my mastercard application been processed,103,application_status,103,application_status,run_01_seed_42,0.9999752044677734
479,when will i know if my visa card application was approved,103,application_status,103,application_status,run_01_seed_42,0.9999518394470215
480,what's the status of by delta flight,80,flight_status,80,flight_status,run_01_seed_42,0.9994274377822876
481,what's the status of my virgin airlines flight,80,flight_status,80,flight_status,run_01_seed_42,0.9999063014984131
482,what's the status of my jetblue flight,80,flight_status,80,flight_status,run_01_seed_42,0.9998713731765747
483,what's the status of my southwest flight,80,flight_status,80,flight_status,run_01_seed_42,0.9999232292175293
484,what's the status of my american airlines flight,80,flight_status,80,flight_status,run_01_seed_42,0.9999284744262695
485,what's the news with my delta flight,80,flight_status,80,flight_status,run_01_seed_42,0.9999649524688721
486,where is my delta flight,80,flight_status,80,flight_status,run_01_seed_42,0.9990839958190918
487,what can you tell me about flight dl123,80,flight_status,80,flight_status,run_01_seed_42,0.9994527697563171
488,where is flight dl123,80,flight_status,80,flight_status,run_01_seed_42,0.9966637492179871
489,has flight dl123 left,80,flight_status,80,flight_status,run_01_seed_42,0.9998849630355835
490,is flight dl123 going to arrive on time,80,flight_status,80,flight_status,run_01_seed_42,0.9986593723297119
491,is my spirit flight running on time,80,flight_status,80,flight_status,run_01_seed_42,0.9999488592147827
492,what's the status for my delta flight this afternoon,80,flight_status,80,flight_status,run_01_seed_42,0.9983175992965698
493,give me the status on my united airlines flight,80,flight_status,80,flight_status,run_01_seed_42,0.9999003410339355
494,what's up with my american airline flight will it be on time,80,flight_status,80,flight_status,run_01_seed_42,0.9998775720596313
495,tell me what the status is for my aa flight,80,flight_status,80,flight_status,run_01_seed_42,0.9997983574867249
496,i need for you to get me the status of my american airlines flight,80,flight_status,80,flight_status,run_01_seed_42,0.9999198913574219
497,tell me the status of my american airlines flight,80,flight_status,80,flight_status,run_01_seed_42,0.9999829530715942
498,i need to know the status of my american airlines flight,80,flight_status,80,flight_status,run_01_seed_42,0.9999394416809082
499,would you let me know the status of my american airlines flight,80,flight_status,80,flight_status,run_01_seed_42,0.9996628761291504
500,let me know the status of my american airlines flight,80,flight_status,80,flight_status,run_01_seed_42,0.999942421913147
501,has flight dl123 landed,80,flight_status,80,flight_status,run_01_seed_42,0.9998594522476196
502,"is my flight, dl123 on time",80,flight_status,80,flight_status,run_01_seed_42,0.8516944646835327
503,how far out is flight dl123,80,flight_status,80,flight_status,run_01_seed_42,0.9993160963058472
504,is flight dl123 delayed,80,flight_status,80,flight_status,run_01_seed_42,0.9995529055595398
505,what time is boarding scheduled,80,flight_status,4,time,run_01_seed_42,0.7126121520996094
506,when is boarding scheduled,80,flight_status,80,flight_status,run_01_seed_42,0.5237420797348022
507,what time is boarding for my flight,80,flight_status,80,flight_status,run_01_seed_42,0.9999717473983765
508,when is boarding scheduled for my flight,80,flight_status,80,flight_status,run_01_seed_42,0.9999889135360718
509,when is my flight scheduled to board,80,flight_status,80,flight_status,run_01_seed_42,0.9999983310699463
510,flip a coin for me and i call heads,33,flip_coin,33,flip_coin,run_01_seed_42,0.999994158744812
511,can you flip a coin for me,33,flip_coin,33,flip_coin,run_01_seed_42,0.9999203681945801
512,give me the results of a coin flip,33,flip_coin,33,flip_coin,run_01_seed_42,0.9999722242355347
513,please flip a coin for me,33,flip_coin,33,flip_coin,run_01_seed_42,0.9999765157699585
514,please flip a coin for me ai,33,flip_coin,33,flip_coin,run_01_seed_42,0.9999750852584839
515,flip a coin and tell me if it's heads,33,flip_coin,33,flip_coin,run_01_seed_42,0.9999909400939941
516,"ai, flip a coin for me",33,flip_coin,33,flip_coin,run_01_seed_42,0.9999902248382568
517,"ai, please flip a simulated coin",33,flip_coin,33,flip_coin,run_01_seed_42,0.9999306201934814
518,let's flip a coin i choose heads,33,flip_coin,33,flip_coin,run_01_seed_42,0.9999909400939941
519,can you please do a simulated coin flip for me ai,33,flip_coin,33,flip_coin,run_01_seed_42,0.9999303817749023
520,flip a coin i choose heads,33,flip_coin,33,flip_coin,run_01_seed_42,0.9999978542327881
521,flip a coin i'm calling heads,33,flip_coin,33,flip_coin,run_01_seed_42,0.9999756813049316
522,can you do a coin flip for me ai,33,flip_coin,33,flip_coin,run_01_seed_42,0.9999330043792725
523,i want you to flip a coin i choose heads,33,flip_coin,33,flip_coin,run_01_seed_42,0.9999897480010986
524,just toss a coin,33,flip_coin,33,flip_coin,run_01_seed_42,0.9997488856315613
525,just flip a coin,33,flip_coin,33,flip_coin,run_01_seed_42,0.9999790191650391
526,throw a coin in the air,33,flip_coin,33,flip_coin,run_01_seed_42,0.9995359182357788
527,flip a coin into the air,33,flip_coin,33,flip_coin,run_01_seed_42,0.9999496936798096
528,"heads, coin flip",33,flip_coin,33,flip_coin,run_01_seed_42,0.9999643564224243
529,"flip coin, heads!",33,flip_coin,33,flip_coin,run_01_seed_42,0.9999779462814331
530,"flip a coin, i call heads!",33,flip_coin,33,flip_coin,run_01_seed_42,0.9999966621398926
531,"coin flip, choose heads",33,flip_coin,33,flip_coin,run_01_seed_42,0.999626636505127
532,"please flip a coin, i choose heads!",33,flip_coin,33,flip_coin,run_01_seed_42,0.9999692440032959
533,can you flip a coin i call heads,33,flip_coin,33,flip_coin,run_01_seed_42,0.9999957084655762
534,"flip a coin, i'm heads",33,flip_coin,33,flip_coin,run_01_seed_42,0.9999982118606567
535,"flip a coin, heads",33,flip_coin,33,flip_coin,run_01_seed_42,0.9999936819076538
536,"flip us a coin, i call heads",33,flip_coin,33,flip_coin,run_01_seed_42,0.999995231628418
537,"flip a coin, you're tails and i'm heads",33,flip_coin,33,flip_coin,run_01_seed_42,0.9999970197677612
538,give me a coin toss result,33,flip_coin,33,flip_coin,run_01_seed_42,0.9996821880340576
539,"flip the coin, i choose heads",33,flip_coin,33,flip_coin,run_01_seed_42,0.9999908208847046
540,bob is my name now,144,change_user_name,144,change_user_name,run_01_seed_42,0.9506680965423584
541,please start calling me bob,144,change_user_name,144,change_user_name,run_01_seed_42,0.9993681311607361
542,change my name to bob,144,change_user_name,144,change_user_name,run_01_seed_42,0.9990087151527405
543,call me bob from now on,144,change_user_name,144,change_user_name,run_01_seed_42,0.9892827272415161
544,don't call me bill anymore - call me bob,144,change_user_name,144,change_user_name,run_01_seed_42,0.9967194199562073
545,i want you to call me bailey,144,change_user_name,144,change_user_name,run_01_seed_42,0.9924120306968689
546,don't call me anything besides bailey,144,change_user_name,144,change_user_name,run_01_seed_42,0.9924288392066956
547,refer to me as bailey,144,change_user_name,144,change_user_name,run_01_seed_42,0.6221588253974915
548,"address me as ""bailey",144,change_user_name,144,change_user_name,run_01_seed_42,0.9661018252372742
549,please call me bailey,144,change_user_name,144,change_user_name,run_01_seed_42,0.995634138584137
550,can you call me a different name,144,change_user_name,144,change_user_name,run_01_seed_42,0.9384691715240479
551,could you call me a different name,144,change_user_name,55,change_ai_name,run_01_seed_42,0.6158025860786438
552,"could you call me a different name, please",144,change_user_name,55,change_ai_name,run_01_seed_42,0.9364069700241089
553,"could you call me by a different name, please",144,change_user_name,144,change_user_name,run_01_seed_42,0.9884544014930725
554,"can you call me a different name, please",144,change_user_name,55,change_ai_name,run_01_seed_42,0.5262396335601807
555,"ai, my name is deb please use my name when you talk to me",144,change_user_name,11,user_name,run_01_seed_42,0.9473504424095154
556,ai answer my questions with my name first which is deb,144,change_user_name,55,change_ai_name,run_01_seed_42,0.4123595058917999
557,"ai, refer to me as deb when answering me",144,change_user_name,11,user_name,run_01_seed_42,0.8524627685546875
558,"ai, address me as deb when speaking to me",144,change_user_name,85,confirm_reservation,run_01_seed_42,0.3086285889148712
559,"ai, call me deb",144,change_user_name,144,change_user_name,run_01_seed_42,0.44944044947624207
560,change my name please,144,change_user_name,144,change_user_name,run_01_seed_42,0.9950043559074402
561,please go ahead and change my name,144,change_user_name,144,change_user_name,run_01_seed_42,0.986546516418457
562,please switch my name,144,change_user_name,144,change_user_name,run_01_seed_42,0.8870996832847595
563,change name for me,144,change_user_name,144,change_user_name,run_01_seed_42,0.9929553866386414
564,my name is going to be sherlock,144,change_user_name,144,change_user_name,run_01_seed_42,0.9904696941375732
565,start calling me jake from now on,144,change_user_name,144,change_user_name,run_01_seed_42,0.5436044931411743
566,call me shane,144,change_user_name,144,change_user_name,run_01_seed_42,0.9895437955856323
567,i want you to call me sheldon,144,change_user_name,144,change_user_name,run_01_seed_42,0.997579038143158
568,i want to be called timothy,144,change_user_name,144,change_user_name,run_01_seed_42,0.9942441582679749
569,call me mike from now on,144,change_user_name,144,change_user_name,run_01_seed_42,0.9473848938941956
570,where are you coming from,77,where_are_you_from,77,where_are_you_from,run_01_seed_42,0.9999001026153564
571,from where do you come,77,where_are_you_from,77,where_are_you_from,run_01_seed_42,0.9765468835830688
572,what place are you from,77,where_are_you_from,77,where_are_you_from,run_01_seed_42,0.9993023872375488
573,where are you from originally,77,where_are_you_from,77,where_are_you_from,run_01_seed_42,0.9997720122337341
574,"so, where do you come from",77,where_are_you_from,77,where_are_you_from,run_01_seed_42,0.9996436834335327
575,so where do you come from originally,77,where_are_you_from,77,where_are_you_from,run_01_seed_42,0.9974778294563293
576,where do you call home,77,where_are_you_from,77,where_are_you_from,run_01_seed_42,0.9662908911705017
577,what's your home country,77,where_are_you_from,77,where_are_you_from,run_01_seed_42,0.9997499585151672
578,where did you live before you moved here,77,where_are_you_from,77,where_are_you_from,run_01_seed_42,0.9996469020843506
579,are you from here or somewhere else originally,77,where_are_you_from,117,are_you_a_bot,run_01_seed_42,0.6392888426780701
580,tell me where you're from,77,where_are_you_from,77,where_are_you_from,run_01_seed_42,0.9999884366989136
581,what area did you come from,77,where_are_you_from,77,where_are_you_from,run_01_seed_42,0.9991316199302673
582,what is your origin,77,where_are_you_from,77,where_are_you_from,run_01_seed_42,0.9997230172157288
583,where was it you were born,77,where_are_you_from,77,where_are_you_from,run_01_seed_42,0.9996902942657471
584,the place you were born is,77,where_are_you_from,77,where_are_you_from,run_01_seed_42,0.9960252046585083
585,what location were you born,77,where_are_you_from,77,where_are_you_from,run_01_seed_42,0.9999443292617798
586,where were you put together,77,where_are_you_from,77,where_are_you_from,run_01_seed_42,0.9611990451812744
587,where is your home planet,77,where_are_you_from,77,where_are_you_from,run_01_seed_42,0.9993041753768921
588,where is your home town,77,where_are_you_from,77,where_are_you_from,run_01_seed_42,0.9999121427536011
589,where were you thought of,77,where_are_you_from,77,where_are_you_from,run_01_seed_42,0.9986370205879211
590,where do you originate from,77,where_are_you_from,77,where_are_you_from,run_01_seed_42,0.9828088879585266
591,where have you come from,77,where_are_you_from,77,where_are_you_from,run_01_seed_42,0.9996927976608276
592,where were you before,77,where_are_you_from,77,where_are_you_from,run_01_seed_42,0.9993299245834351
593,where were you processed,77,where_are_you_from,77,where_are_you_from,run_01_seed_42,0.9997456669807434
594,a hidden government facility,77,where_are_you_from,25,make_call,run_01_seed_42,0.20770834386348724
595,what region were you born,77,where_are_you_from,77,where_are_you_from,run_01_seed_42,0.9919706583023071
596,from where did you originate,77,where_are_you_from,77,where_are_you_from,run_01_seed_42,0.9999445676803589
597,are you from around here,77,where_are_you_from,77,where_are_you_from,run_01_seed_42,0.9045382142066956
598,in what place are you originally from,77,where_are_you_from,77,where_are_you_from,run_01_seed_42,0.9906356930732727
599,where did you grow up,77,where_are_you_from,99,how_old_are_you,run_01_seed_42,0.9899477958679199
600,tack on a gallon of milk to the grocery list,125,shopping_list_update,43,shopping_list,run_01_seed_42,0.7425590753555298
601,add laundry detergent to the list,125,shopping_list_update,65,todo_list_update,run_01_seed_42,0.9988430738449097
602,make sure to put eggs on the grocery list,125,shopping_list_update,125,shopping_list_update,run_01_seed_42,0.8890782594680786
603,the list should also have 2 loaves of bread,125,shopping_list_update,9,accept_reservations,run_01_seed_42,0.4662286639213562
604,include asparagus on the list,125,shopping_list_update,65,todo_list_update,run_01_seed_42,0.22202225029468536
605,remove milk and add eggs to my shopping list,125,shopping_list_update,125,shopping_list_update,run_01_seed_42,0.9996138215065002
606,put milk on my shopping list,125,shopping_list_update,125,shopping_list_update,run_01_seed_42,0.9761261940002441
607,i'd like to add pancake mix to my shopping list if it's not already there,125,shopping_list_update,125,shopping_list_update,run_01_seed_42,0.951648473739624
608,"if soda isn't on my shopping list, go ahead and add it for me",125,shopping_list_update,125,shopping_list_update,run_01_seed_42,0.9999372959136963
609,add milk to my shopping list,125,shopping_list_update,125,shopping_list_update,run_01_seed_42,0.9985421895980835
610,take toilet paper off my shopping list,125,shopping_list_update,125,shopping_list_update,run_01_seed_42,0.9998102784156799
611,i need to add flour to my list for shopping if i haven't already,125,shopping_list_update,125,shopping_list_update,run_01_seed_42,0.9994950294494629
612,take toilet paper off my shopping list and add paper towels,125,shopping_list_update,125,shopping_list_update,run_01_seed_42,0.9999618530273438
613,i need hot dogs added to my shopping list please,125,shopping_list_update,125,shopping_list_update,run_01_seed_42,0.9896317720413208
614,please put chips on my shopping list,125,shopping_list_update,125,shopping_list_update,run_01_seed_42,0.997884213924408
615,"is milk in my shopping list if not, add it",125,shopping_list_update,125,shopping_list_update,run_01_seed_42,0.9987840056419373
616,can you add eggs to my shopping list,125,shopping_list_update,125,shopping_list_update,run_01_seed_42,0.9985470175743103
617,add eggs to my shopping list if it's not already there,125,shopping_list_update,125,shopping_list_update,run_01_seed_42,0.9998735189437866
618,i'd like to get soda while i'm out; add it to my shopping list,125,shopping_list_update,125,shopping_list_update,run_01_seed_42,0.9457250833511353
619,"on my shopping list, remove eggs",125,shopping_list_update,125,shopping_list_update,run_01_seed_42,0.7058612704277039
620,i need eggs; add them to my shopping list,125,shopping_list_update,125,shopping_list_update,run_01_seed_42,0.9995664954185486
621,"take soda from my shopping list, and while you're at it add tea",125,shopping_list_update,125,shopping_list_update,run_01_seed_42,0.9998574256896973
622,milk should be added to my shopping list,125,shopping_list_update,125,shopping_list_update,run_01_seed_42,0.9974809288978577
623,"i don't need eggs anymore, but i do need milk",125,shopping_list_update,52,vaccines,run_01_seed_42,0.408483624458313
624,take paper towels off of my shopping list,125,shopping_list_update,125,shopping_list_update,run_01_seed_42,0.9996978044509888
625,i need milk on my shopping list,125,shopping_list_update,43,shopping_list,run_01_seed_42,0.9989125728607178
626,i don't need toilet paper anymore; take it off my shopping list,125,shopping_list_update,125,shopping_list_update,run_01_seed_42,0.976565957069397
627,"throw eggs on my shopping list, please",125,shopping_list_update,125,shopping_list_update,run_01_seed_42,0.9804103970527649
628,i need water on my shopping list and beer off of it,125,shopping_list_update,125,shopping_list_update,run_01_seed_42,0.7169277667999268
629,i need bananas on the list too,125,shopping_list_update,48,todo_list,run_01_seed_42,0.42499691247940063
630,can you tell me what you can help with,115,what_can_i_ask_you,115,what_can_i_ask_you,run_01_seed_42,0.999393105506897
631,what things are you able to help me with,115,what_can_i_ask_you,115,what_can_i_ask_you,run_01_seed_42,0.9999629259109497
632,i would like to know what you can help with,115,what_can_i_ask_you,115,what_can_i_ask_you,run_01_seed_42,0.9972027540206909
633,what kind of things can you help with,115,what_can_i_ask_you,115,what_can_i_ask_you,run_01_seed_42,0.9988143444061279
634,i want to know what type of things you can help me with,115,what_can_i_ask_you,115,what_can_i_ask_you,run_01_seed_42,0.9998518228530884
635,please help me to know what type of things you can help me with,115,what_can_i_ask_you,115,what_can_i_ask_you,run_01_seed_42,0.9998927116394043
636,can i know what type of things you can help me with,115,what_can_i_ask_you,115,what_can_i_ask_you,run_01_seed_42,0.999629020690918
637,i would like to know what type of things you can help me with,115,what_can_i_ask_you,115,what_can_i_ask_you,run_01_seed_42,0.9998598098754883
638,i will be glad to know what type of things you can help me with,115,what_can_i_ask_you,115,what_can_i_ask_you,run_01_seed_42,0.9996681213378906
639,what subjects do you like,115,what_can_i_ask_you,75,what_is_your_name,run_01_seed_42,0.8549986481666565
640,tell me what subjects you like,115,what_can_i_ask_you,75,what_is_your_name,run_01_seed_42,0.7278493046760559
641,please tell me what subjects you like,115,what_can_i_ask_you,115,what_can_i_ask_you,run_01_seed_42,0.5860680937767029
642,so what subjects do you like,115,what_can_i_ask_you,75,what_is_your_name,run_01_seed_42,0.7503625750541687
643,what type of questions can i ask you,115,what_can_i_ask_you,115,what_can_i_ask_you,run_01_seed_42,0.9999818801879883
644,what kinds of things are you familiar with,115,what_can_i_ask_you,115,what_can_i_ask_you,run_01_seed_42,0.9999016523361206
645,what subjects are you experienced in,115,what_can_i_ask_you,115,what_can_i_ask_you,run_01_seed_42,0.8193939924240112
646,what knowledge do you have on certain subjects,115,what_can_i_ask_you,34,do_you_have_pets,run_01_seed_42,0.6112494468688965
647,what kid of subjects do you excel in,115,what_can_i_ask_you,115,what_can_i_ask_you,run_01_seed_42,0.40492895245552063
648,what subjects or areas are you familiar with,115,what_can_i_ask_you,115,what_can_i_ask_you,run_01_seed_42,0.9988746047019958
649,which subjects are you the most experienced with,115,what_can_i_ask_you,42,oos,run_01_seed_42,0.8291522264480591
650,tell me what you can do for me,115,what_can_i_ask_you,115,what_can_i_ask_you,run_01_seed_42,0.9648078680038452
651,what sorts of tasks can you do,115,what_can_i_ask_you,115,what_can_i_ask_you,run_01_seed_42,0.9473114013671875
652,what can you do for me,115,what_can_i_ask_you,115,what_can_i_ask_you,run_01_seed_42,0.9908289909362793
653,what can you do to make yourself useful,115,what_can_i_ask_you,112,ingredients_list,run_01_seed_42,0.9593703746795654
654,what would you be able to do with me,115,what_can_i_ask_you,115,what_can_i_ask_you,run_01_seed_42,0.9564164280891418
655,give me examples of what to ask you,115,what_can_i_ask_you,115,what_can_i_ask_you,run_01_seed_42,0.9983501434326172
656,tell me what types of questions i can ask you,115,what_can_i_ask_you,115,what_can_i_ask_you,run_01_seed_42,0.9999188184738159
657,what are you programmed to do for me,115,what_can_i_ask_you,57,who_do_you_work_for,run_01_seed_42,0.7008469104766846
658,what things do you know how to do,115,what_can_i_ask_you,3,oil_change_how,run_01_seed_42,0.32288724184036255
659,how can you help me,115,what_can_i_ask_you,115,what_can_i_ask_you,run_01_seed_42,0.9996657371520996
660,undecided,121,maybe,114,goodbye,run_01_seed_42,0.4155224561691284
661,i'm afraid i don't know how to answer that,121,maybe,121,maybe,run_01_seed_42,0.9985114932060242
662,might,121,maybe,107,yes,run_01_seed_42,0.4264354407787323
663,it might go either way,121,maybe,121,maybe,run_01_seed_42,0.9005467891693115
664,both could be,121,maybe,121,maybe,run_01_seed_42,0.9982284903526306
665,either or,121,maybe,121,maybe,run_01_seed_42,0.9997993111610413
666,my answer would be maybe,121,maybe,121,maybe,run_01_seed_42,0.8466525673866272
667,either one might be,121,maybe,121,maybe,run_01_seed_42,0.9895371198654175
668,i can't say for certain either way,121,maybe,121,maybe,run_01_seed_42,0.5557428002357483
669,it could go either way,121,maybe,121,maybe,run_01_seed_42,0.9225594401359558
670,it's definitely a maybe for that,121,maybe,121,maybe,run_01_seed_42,0.9866085052490234
671,i am not sure,121,maybe,121,maybe,run_01_seed_42,0.9999539852142334
672,maybe it is,121,maybe,121,maybe,run_01_seed_42,0.9999234676361084
673,i can't say,121,maybe,121,maybe,run_01_seed_42,0.9554310441017151
674,could be,121,maybe,121,maybe,run_01_seed_42,0.7562710046768188
675,i am unable to say,121,maybe,61,translate,run_01_seed_42,0.8453119397163391
676,i am not able to say,121,maybe,121,maybe,run_01_seed_42,0.29748237133026123
677,i am really not sure,121,maybe,121,maybe,run_01_seed_42,0.9575597047805786
678,i do not know,121,maybe,121,maybe,run_01_seed_42,0.9979578256607056
679,not sure,121,maybe,121,maybe,run_01_seed_42,0.7985773086547852
680,not sure to be honest,121,maybe,121,maybe,run_01_seed_42,0.9711012840270996
681,i think maybe,121,maybe,121,maybe,run_01_seed_42,0.9996631145477295
682,"um, i'm not quite sure",121,maybe,121,maybe,run_01_seed_42,0.996040940284729
683,"um, i'm not totally sure",121,maybe,121,maybe,run_01_seed_42,0.99981290102005
684,"um, i'm not actually sure",121,maybe,121,maybe,run_01_seed_42,0.9986752867698669
685,i'm not actually sure,121,maybe,121,maybe,run_01_seed_42,0.9996767044067383
686,"um, i'm not sure",121,maybe,121,maybe,run_01_seed_42,0.9991409778594971
687,that might be the case,121,maybe,107,yes,run_01_seed_42,0.9968085885047913
688,i'm not completely certain,121,maybe,121,maybe,run_01_seed_42,0.9989232420921326
689,unsure,121,maybe,121,maybe,run_01_seed_42,0.5571553111076355
690,help me change my oil,3,oil_change_how,3,oil_change_how,run_01_seed_42,0.9911693334579468
691,what oil should i use for an oil change and how do i do it,3,oil_change_how,3,oil_change_how,run_01_seed_42,0.9993545413017273
692,how do i do an oil change,3,oil_change_how,3,oil_change_how,run_01_seed_42,0.9938936829566956
693,diy oil change,3,oil_change_how,123,oil_change_when,run_01_seed_42,0.9323835372924805
694,how to do an oil change,3,oil_change_how,3,oil_change_how,run_01_seed_42,0.9989210367202759
695,give me instructions for an oil change,3,oil_change_how,3,oil_change_how,run_01_seed_42,0.9909364581108093
696,diy oil change and oil type,3,oil_change_how,123,oil_change_when,run_01_seed_42,0.6751524806022644
697,oil type and do it yourself oil change information please,3,oil_change_how,3,oil_change_how,run_01_seed_42,0.856380045413971
698,i want to know how to change my oil,3,oil_change_how,3,oil_change_how,run_01_seed_42,0.9999711513519287
699,can you tell me how to change my oil and what kind i use,3,oil_change_how,3,oil_change_how,run_01_seed_42,0.999970555305481
700,how to change oil and what oil type,3,oil_change_how,3,oil_change_how,run_01_seed_42,0.9999922513961792
701,can you please instruct me on the proper way to change the oil in my car,3,oil_change_how,3,oil_change_how,run_01_seed_42,0.9993662238121033
702,i need guidance on changing my oil,3,oil_change_how,3,oil_change_how,run_01_seed_42,0.751149594783783
703,i want a step by step explanation of how to change the oil in my car,3,oil_change_how,3,oil_change_how,run_01_seed_42,0.999040424823761
704,can you teach me how to change my oil,3,oil_change_how,3,oil_change_how,run_01_seed_42,0.9999746084213257
705,can you teach me how to change my oil in my car,3,oil_change_how,3,oil_change_how,run_01_seed_42,0.9999829530715942
706,help me figure out how to change my oil,3,oil_change_how,3,oil_change_how,run_01_seed_42,0.999901533126831
707,walk me through the steps involved in changing my oil,3,oil_change_how,3,oil_change_how,run_01_seed_42,0.9981777667999268
708,give me step by step instructions for changing my oil,3,oil_change_how,3,oil_change_how,run_01_seed_42,0.9978939890861511
709,i want to change the oil in my car but i do not know how to do it can you help,3,oil_change_how,3,oil_change_how,run_01_seed_42,0.9989528656005859
710,put together a list of instructions for me on how to change the oil in my car,3,oil_change_how,3,oil_change_how,run_01_seed_42,0.9984808564186096
711,"is it possible to change oil, if so how and what do i use",3,oil_change_how,3,oil_change_how,run_01_seed_42,0.9989405274391174
712,what oil do i use when changing oil and how do i do it,3,oil_change_how,3,oil_change_how,run_01_seed_42,0.9988453388214111
713,how would i replace my oil and what sort of oil should i use,3,oil_change_how,3,oil_change_how,run_01_seed_42,0.9992641806602478
714,"can you change the oil, with what and how",3,oil_change_how,3,oil_change_how,run_01_seed_42,0.9645337462425232
715,how could i replace my oil and what form of oil ought to i take advantage of,3,oil_change_how,3,oil_change_how,run_01_seed_42,0.99440997838974
716,can you tell me how to change my oil please,3,oil_change_how,3,oil_change_how,run_01_seed_42,0.999988317489624
717,how do i change my oil,3,oil_change_how,3,oil_change_how,run_01_seed_42,0.9996058344841003
718,please let me know how to change the oil,3,oil_change_how,3,oil_change_how,run_01_seed_42,0.9999580383300781
719,i need to know how to change oil in a car,3,oil_change_how,3,oil_change_how,run_01_seed_42,0.9999597072601318
720,"i'd like to make a reservation at rooth chris, can you do that",23,restaurant_reservation,9,accept_reservations,run_01_seed_42,0.975339949131012
721,make a reservation for chik-fil-a at 3 o' clock please,23,restaurant_reservation,23,restaurant_reservation,run_01_seed_42,0.9969348907470703
722,reserve a table for 3 at 7 for olive garden,23,restaurant_reservation,23,restaurant_reservation,run_01_seed_42,0.9999898672103882
723,will you reserve a table at olive garden for 3 people at 7,23,restaurant_reservation,23,restaurant_reservation,run_01_seed_42,0.9998699426651001
724,"at 7, i need a table for 3 at olive garden",23,restaurant_reservation,23,restaurant_reservation,run_01_seed_42,0.9999679327011108
725,i need a table for 3 at olive garden for 7,23,restaurant_reservation,23,restaurant_reservation,run_01_seed_42,0.9999902248382568
726,get a table for me at 7 for 3 people at olive garden,23,restaurant_reservation,23,restaurant_reservation,run_01_seed_42,0.999954104423523
727,reserve table for 5 at red robin under the name sara at 3,23,restaurant_reservation,23,restaurant_reservation,run_01_seed_42,0.9999229907989502
728,reverse a table for 5 at burger king under the name sara at 6,23,restaurant_reservation,23,restaurant_reservation,run_01_seed_42,0.9997004270553589
729,can you reserve a table for 6 at red robin under the name mavrick at 5 clock,23,restaurant_reservation,23,restaurant_reservation,run_01_seed_42,0.9999268054962158
730,could you reserve table for 3 at carlos jr under the name adam at 4,23,restaurant_reservation,23,restaurant_reservation,run_01_seed_42,0.9962095022201538
731,i want to reserve table for 5 at red robin under the name sara at 5,23,restaurant_reservation,23,restaurant_reservation,run_01_seed_42,0.9997039437294006
732,i need a table for two at the havana at nine,23,restaurant_reservation,23,restaurant_reservation,run_01_seed_42,0.9974178075790405
733,look for me a table at carl's cabin for twelve at eight,23,restaurant_reservation,23,restaurant_reservation,run_01_seed_42,0.9925239682197571
734,i need a table at gemma for nine at two,23,restaurant_reservation,23,restaurant_reservation,run_01_seed_42,0.9979483485221863
735,book me a table for three at rainforest cafe at seven,23,restaurant_reservation,23,restaurant_reservation,run_01_seed_42,0.9980801343917847
736,get me a table for five at itta bena at three,23,restaurant_reservation,23,restaurant_reservation,run_01_seed_42,0.9999198913574219
737,"5 people are going to be at tropicana by 8pm, reserve the table under martins name please",23,restaurant_reservation,67,cancel_reservation,run_01_seed_42,0.3420572578907013
738,use martins name to reserve a table at tropicana for 5 people at 8pm,23,restaurant_reservation,23,restaurant_reservation,run_01_seed_42,0.9878243207931519
739,reserve a table at tropicana for 5 people under the name martins for 8pm,23,restaurant_reservation,23,restaurant_reservation,run_01_seed_42,0.9999645948410034
740,martins needs a table for 5 people at tropicana at 8pm precisely,23,restaurant_reservation,23,restaurant_reservation,run_01_seed_42,0.999483585357666
741,the table should be reserved at 8pm at tropicana using martins name and it should be for 5 people,23,restaurant_reservation,67,cancel_reservation,run_01_seed_42,0.7177179455757141
742,are there any open reservations at outback tonight,23,restaurant_reservation,9,accept_reservations,run_01_seed_42,0.9995025396347046
743,make a reservation for 2 tonight at 7:00 at outback steakhouse,23,restaurant_reservation,23,restaurant_reservation,run_01_seed_42,0.9988541603088379
744,michael will reserve a table for two at 7:00pm for olive garden,23,restaurant_reservation,23,restaurant_reservation,run_01_seed_42,0.9996910095214844
745,a table for two needs to be reserved for 7:00pm at olive garden using the name michael,23,restaurant_reservation,23,restaurant_reservation,run_01_seed_42,0.9791614413261414
746,please reserve a table for two at olive garden at 7:00pm for michael,23,restaurant_reservation,23,restaurant_reservation,run_01_seed_42,0.9999911785125732
747,get reservations at olive garden for two at 7:00pm under michael,23,restaurant_reservation,23,restaurant_reservation,run_01_seed_42,0.958238422870636
748,reservations for two need to be made using michael's name for 7:00pm at olive garden,23,restaurant_reservation,23,restaurant_reservation,run_01_seed_42,0.6604506969451904
749,i want to eat at seven in the restaurant for two people,23,restaurant_reservation,23,restaurant_reservation,run_01_seed_42,0.9960169196128845
750,what are my coffers at,35,balance,93,income,run_01_seed_42,0.8691701292991638
751,tell me the current balance of my bank accounts,35,balance,35,balance,run_01_seed_42,0.9999105930328369
752,what's my current bank account total,35,balance,35,balance,run_01_seed_42,0.9666078686714172
753,how much do i have in my bank accounts,35,balance,35,balance,run_01_seed_42,0.9999508857727051
754,what's the balance in my bank accounts,35,balance,35,balance,run_01_seed_42,0.999984860420227
755,what do i have in my bank accounts right now,35,balance,35,balance,run_01_seed_42,0.9999297857284546
756,is there enough in my wells fargo account to buy some nike's,35,balance,35,balance,run_01_seed_42,0.9984275102615356
757,do i have enough in my wells fargo account to get some nike's,35,balance,35,balance,run_01_seed_42,0.9997652173042297
758,do i have money in my wells fargo account for nike's,35,balance,35,balance,run_01_seed_42,0.9996318817138672
759,"i want some nike's, is there enough in my wells fargo account",35,balance,35,balance,run_01_seed_42,0.9972848892211914
760,check my wells fargo account to see if i have enough for these nike's,35,balance,35,balance,run_01_seed_42,0.9121057987213135
761,would you tell me my bank balance,35,balance,35,balance,run_01_seed_42,0.9998637437820435
762,can you tell me my bank balance,35,balance,35,balance,run_01_seed_42,0.9996939897537231
763,will you let me know my bank balance,35,balance,35,balance,run_01_seed_42,0.9990801811218262
764,will you tell me my bank balance,35,balance,35,balance,run_01_seed_42,0.9995786547660828
765,how much money is there in my bank accounts,35,balance,35,balance,run_01_seed_42,0.9997988343238831
766,how much money do i have in my various bank accounts,35,balance,35,balance,run_01_seed_42,0.9990953207015991
767,how much cash do i have in my various bank accounts,35,balance,35,balance,run_01_seed_42,0.9998453855514526
768,how much cash do i have in my bank accounts,35,balance,35,balance,run_01_seed_42,0.9999849796295166
769,how much dough do i have in my bank accounts,35,balance,35,balance,run_01_seed_42,0.9999572038650513
770,whats the combined total of the money inside my bank accounts,35,balance,35,balance,run_01_seed_42,0.998234748840332
771,whats my bank accounts look like,35,balance,35,balance,run_01_seed_42,0.9627860188484192
772,how much moola is in my bank accounts,35,balance,35,balance,run_01_seed_42,0.9988445043563843
773,what the numerical number inside my bank accounts,35,balance,2,account_blocked,run_01_seed_42,0.5350584983825684
774,how much does my bank account have,35,balance,2,account_blocked,run_01_seed_42,0.5693523287773132
775,tell me the current account balance,35,balance,35,balance,run_01_seed_42,0.6964995861053467
776,check my checking balance,35,balance,35,balance,run_01_seed_42,0.9999697208404541
777,how much do i have left in my checking account,35,balance,35,balance,run_01_seed_42,0.9997938275337219
778,what's my checking look like,35,balance,11,user_name,run_01_seed_42,0.5948253273963928
779,how much do i have in my savings account,35,balance,35,balance,run_01_seed_42,0.9998025298118591
780,confirm my reservation for march 12 at 9:00 am,85,confirm_reservation,85,confirm_reservation,run_01_seed_42,0.999942421913147
781,please confirm that i have a reservation for march 1st at 7,85,confirm_reservation,85,confirm_reservation,run_01_seed_42,0.9999880790710449
782,can you confirm that i have a reservation for february 21 at 6 o'clock,85,confirm_reservation,85,confirm_reservation,run_01_seed_42,0.9999438524246216
783,verify my reservation for smith and wollensky at 6:45,85,confirm_reservation,85,confirm_reservation,run_01_seed_42,0.9992644190788269
784,please confirm my reservation for bar les freres at 7,85,confirm_reservation,85,confirm_reservation,run_01_seed_42,0.999968409538269
785,tell me whether or not i have a reservation at gramercy tavern for tad,85,confirm_reservation,85,confirm_reservation,run_01_seed_42,0.9997277855873108
786,can you confirm that i have a reservation for 2/20 at 6:00 pm,85,confirm_reservation,85,confirm_reservation,run_01_seed_42,0.999984860420227
787,please tell me if i still have a reservation at acero for susie,85,confirm_reservation,85,confirm_reservation,run_01_seed_42,0.9998981952667236
788,please confirm my reservation at brio for theodore,85,confirm_reservation,85,confirm_reservation,run_01_seed_42,0.9998874664306641
789,confirm my reservation for acero at 7,85,confirm_reservation,85,confirm_reservation,run_01_seed_42,0.9999406337738037
790,please confirm that i have a reservation for 2/20 at 6:00 pm,85,confirm_reservation,85,confirm_reservation,run_01_seed_42,0.9999786615371704
791,confirm that there is a reservation at bellagio for thomas,85,confirm_reservation,85,confirm_reservation,run_01_seed_42,0.9994145631790161
792,can you confirm the reservation at fleming's for jane,85,confirm_reservation,85,confirm_reservation,run_01_seed_42,0.9960732460021973
793,are there reservation for joe and will,85,confirm_reservation,85,confirm_reservation,run_01_seed_42,0.39863288402557373
794,please verify my reservation for john at bardenay,85,confirm_reservation,85,confirm_reservation,run_01_seed_42,0.9988641738891602
795,will you call and check on my reservation for john at bardenay,85,confirm_reservation,85,confirm_reservation,run_01_seed_42,0.9997100234031677
796,is my reservation set for john at bardenay,85,confirm_reservation,85,confirm_reservation,run_01_seed_42,0.9996071457862854
797,do we know if my reservation for john at bardenay was accepted,85,confirm_reservation,85,confirm_reservation,run_01_seed_42,0.9998238682746887
798,has my reservation for john at bardenay been confirmed,85,confirm_reservation,85,confirm_reservation,run_01_seed_42,0.9974365830421448
799,"let's try and confirm my reservation for bubble bar under ""franklin",85,confirm_reservation,85,confirm_reservation,run_01_seed_42,0.9999792575836182
800,i need to confirm my reservation for red lobster for frank,85,confirm_reservation,85,confirm_reservation,run_01_seed_42,0.9997894167900085
801,"find my reservation for steve at crucere's and confirm it, please",85,confirm_reservation,85,confirm_reservation,run_01_seed_42,0.9997292160987854
802,confirm the john reservation at applebee's,85,confirm_reservation,67,cancel_reservation,run_01_seed_42,0.6722687482833862
803,i'd like to confirm the josh reservation at moe's,85,confirm_reservation,85,confirm_reservation,run_01_seed_42,0.9991575479507446
804,i have a reservation for strip house for jennifer that i'd like to confirm,85,confirm_reservation,85,confirm_reservation,run_01_seed_42,0.990786612033844
805,please try to confirm my reservation for jim at barney's,85,confirm_reservation,85,confirm_reservation,run_01_seed_42,0.9998199343681335
806,confirm my reservation for joe at hoss's,85,confirm_reservation,85,confirm_reservation,run_01_seed_42,0.9999698400497437
807,i need to confirm the reservation for frank at chili's,85,confirm_reservation,85,confirm_reservation,run_01_seed_42,0.9964045286178589
808,i'll be confirming my reservation for joseph at red lobster,85,confirm_reservation,85,confirm_reservation,run_01_seed_42,0.8257994651794434
809,is there a reservation for mark at mimis,85,confirm_reservation,85,confirm_reservation,run_01_seed_42,0.9970177412033081
810,can you freeze my bank account,20,freeze_account,20,freeze_account,run_01_seed_42,0.9998200535774231
811,i want to freeze my bank account,20,freeze_account,20,freeze_account,run_01_seed_42,0.9999772310256958
812,i want my account locked out,20,freeze_account,20,freeze_account,run_01_seed_42,0.9996843338012695
813,stop all access to my account,20,freeze_account,20,freeze_account,run_01_seed_42,0.9995881915092468
814,i need my account frozen!,20,freeze_account,20,freeze_account,run_01_seed_42,0.9993748068809509
815,i need to lock my account right now!,20,freeze_account,20,freeze_account,run_01_seed_42,0.9997771382331848
816,please force my account to freeze,20,freeze_account,20,freeze_account,run_01_seed_42,0.9997407793998718
817,please stop my account,20,freeze_account,20,freeze_account,run_01_seed_42,0.9999288320541382
818,please allow my account to freeze,20,freeze_account,20,freeze_account,run_01_seed_42,0.9998024106025696
819,please put my account on hold,20,freeze_account,20,freeze_account,run_01_seed_42,0.9999706745147705
820,freeze my account at the bank immediately,20,freeze_account,20,freeze_account,run_01_seed_42,0.9996182918548584
821,would you be able to freeze my bank account,20,freeze_account,20,freeze_account,run_01_seed_42,0.9999489784240723
822,my account at the bank needs to be frozen,20,freeze_account,20,freeze_account,run_01_seed_42,0.9785044193267822
823,please block my discover account immediately,20,freeze_account,20,freeze_account,run_01_seed_42,0.9808469414710999
824,please put a block on my citi account immediately,20,freeze_account,20,freeze_account,run_01_seed_42,0.9997493624687195
825,block my american saving bank for now,20,freeze_account,20,freeze_account,run_01_seed_42,0.9975021481513977
826,block my bank of america immdediately,20,freeze_account,20,freeze_account,run_01_seed_42,0.9907614588737488
827,put a block on bank of amerian immediately,20,freeze_account,20,freeze_account,run_01_seed_42,0.9722536206245422
828,my account needs to be frozen,20,freeze_account,20,freeze_account,run_01_seed_42,0.9969615340232849
829,freeze my account for me,20,freeze_account,20,freeze_account,run_01_seed_42,0.9989622831344604
830,put a freeze on my account,20,freeze_account,20,freeze_account,run_01_seed_42,0.9999810457229614
831,could you please put a stop on my bank account,20,freeze_account,20,freeze_account,run_01_seed_42,0.9999847412109375
832,i need to put a stop on my bank account,20,freeze_account,20,freeze_account,run_01_seed_42,0.9999924898147583
833,are you able to put a stop on my bank account,20,freeze_account,20,freeze_account,run_01_seed_42,0.9999898672103882
834,please put a stop on my bank account,20,freeze_account,20,freeze_account,run_01_seed_42,0.9999916553497314
835,i am hoping you can put a stop on my bank account,20,freeze_account,20,freeze_account,run_01_seed_42,0.999977707862854
836,please put a freeze on my banking account,20,freeze_account,20,freeze_account,run_01_seed_42,0.9999607801437378
837,i need my bank account frozen,20,freeze_account,20,freeze_account,run_01_seed_42,0.9382070899009705
838,how do i freeze my bank account,20,freeze_account,20,freeze_account,run_01_seed_42,0.8839565515518188
839,would you freeze my bank account,20,freeze_account,20,freeze_account,run_01_seed_42,0.999922513961792
840,"i heard i can transfer my 401k, but don't know how, do you",100,rollover_401k,3,oil_change_how,run_01_seed_42,0.42803749442100525
841,"i need some help with transferring my 401k, can you help",100,rollover_401k,131,schedule_maintenance,run_01_seed_42,0.3989051282405853
842,can you tell me how to transfer my 401k,100,rollover_401k,100,rollover_401k,run_01_seed_42,0.9999510049819946
843,i want to transfer my 401k,100,rollover_401k,100,rollover_401k,run_01_seed_42,0.9996641874313354
844,i wanna transfer my 401k,100,rollover_401k,100,rollover_401k,run_01_seed_42,0.9998626708984375
845,i have to rollover my 401k,100,rollover_401k,100,rollover_401k,run_01_seed_42,0.9999868869781494
846,i must rollover my 401k,100,rollover_401k,100,rollover_401k,run_01_seed_42,0.9999738931655884
847,i want help to transfer my 401k,100,rollover_401k,100,rollover_401k,run_01_seed_42,0.9999563694000244
848,help me to transfer my 401k,100,rollover_401k,100,rollover_401k,run_01_seed_42,0.9999889135360718
849,i will rollover my 401k,100,rollover_401k,100,rollover_401k,run_01_seed_42,0.9998342990875244
850,i need help to transfer my 401k,100,rollover_401k,100,rollover_401k,run_01_seed_42,0.9999881982803345
851,i want to rollover my 401k,100,rollover_401k,100,rollover_401k,run_01_seed_42,0.9999531507492065
852,how do i transfer my 401k to a new firm,100,rollover_401k,100,rollover_401k,run_01_seed_42,0.9991366267204285
853,how do i roll over my 401k,100,rollover_401k,100,rollover_401k,run_01_seed_42,0.9987329840660095
854,can i move my 401k to an ira,100,rollover_401k,100,rollover_401k,run_01_seed_42,0.9995803236961365
855,how do i do a 401(k) rollover,100,rollover_401k,24,traffic,run_01_seed_42,0.3702181875705719
856,can 401ks be moved,100,rollover_401k,42,oos,run_01_seed_42,0.381999671459198
857,can i transfer my 401k somewhere,100,rollover_401k,100,rollover_401k,run_01_seed_42,0.9999035596847534
858,how do i switch 401k companies,100,rollover_401k,100,rollover_401k,run_01_seed_42,0.9934967756271362
859,tell me how to roll over my 401k,100,rollover_401k,100,rollover_401k,run_01_seed_42,0.9997087121009827
860,how can i transfer my 401k,100,rollover_401k,100,rollover_401k,run_01_seed_42,0.9999828338623047
861,what are the steps to rollover my 401k,100,rollover_401k,100,rollover_401k,run_01_seed_42,0.9999663829803467
862,"my 401k, can i roll it over",100,rollover_401k,87,damaged_card,run_01_seed_42,0.1710328906774521
863,"i want to rollover my 401k , can i",100,rollover_401k,100,rollover_401k,run_01_seed_42,0.9999889135360718
864,help me rollover my 401k,100,rollover_401k,100,rollover_401k,run_01_seed_42,0.9999812841415405
865,do you know the process to rollover my 401k,100,rollover_401k,100,rollover_401k,run_01_seed_42,0.9999924898147583
866,tell me how to rollover my 401k,100,rollover_401k,100,rollover_401k,run_01_seed_42,0.9998775720596313
867,my 401k needs to rollover and i need your help,100,rollover_401k,100,rollover_401k,run_01_seed_42,0.9964361190795898
868,let me know how to rollover my 401k,100,rollover_401k,100,rollover_401k,run_01_seed_42,0.9999762773513794
869,what do i have to do to transfer my 401k,100,rollover_401k,100,rollover_401k,run_01_seed_42,0.9999325275421143
870,what company made this ai,96,who_made_you,96,who_made_you,run_01_seed_42,0.9999382495880127
871,what is the name of the person who made you,96,who_made_you,96,who_made_you,run_01_seed_42,0.9999492168426514
872,who is the person that brought you to life,96,who_made_you,96,who_made_you,run_01_seed_42,0.9988740086555481
873,who is the one that made you,96,who_made_you,96,who_made_you,run_01_seed_42,0.9812548160552979
874,who is your maker,96,who_made_you,96,who_made_you,run_01_seed_42,0.9817122220993042
875,which company made you,96,who_made_you,96,who_made_you,run_01_seed_42,0.9998592138290405
876,who assembled you,96,who_made_you,96,who_made_you,run_01_seed_42,0.9990482926368713
877,i wanna know who programmed you,96,who_made_you,96,who_made_you,run_01_seed_42,0.9999803304672241
878,let me know who programmed you,96,who_made_you,96,who_made_you,run_01_seed_42,0.9999892711639404
879,who made you,96,who_made_you,96,who_made_you,run_01_seed_42,0.999947190284729
880,i wanna know your maker,96,who_made_you,96,who_made_you,run_01_seed_42,0.6074000597000122
881,who was your maker,96,who_made_you,96,who_made_you,run_01_seed_42,0.9997851252555847
882,who is the one who programmed you,96,who_made_you,96,who_made_you,run_01_seed_42,0.9999489784240723
883,i must know who programmed you,96,who_made_you,96,who_made_you,run_01_seed_42,0.9999853372573853
884,tell me who your maker was,96,who_made_you,96,who_made_you,run_01_seed_42,0.9992328882217407
885,what was the company that designed you,96,who_made_you,96,who_made_you,run_01_seed_42,0.9956117868423462
886,do you know what company were you designed by,96,who_made_you,96,who_made_you,run_01_seed_42,0.9998501539230347
887,let me know which company were you designed by,96,who_made_you,96,who_made_you,run_01_seed_42,0.9998412132263184
888,what company were you designed by,96,who_made_you,96,who_made_you,run_01_seed_42,0.9995660185813904
889,can you let me know what company were you designed by,96,who_made_you,96,who_made_you,run_01_seed_42,0.9979516863822937
890,which company were you designed by,96,who_made_you,96,who_made_you,run_01_seed_42,0.9998350143432617
891,tell me who made you please,96,who_made_you,96,who_made_you,run_01_seed_42,0.9999717473983765
892,can you tell me who made you,96,who_made_you,96,who_made_you,run_01_seed_42,0.999968409538269
893,whats the name of the person who made you,96,who_made_you,96,who_made_you,run_01_seed_42,0.9999293088912964
894,what company did the design for this,96,who_made_you,96,who_made_you,run_01_seed_42,0.6898989081382751
895,what company did this design,96,who_made_you,96,who_made_you,run_01_seed_42,0.6936194896697998
896,what company is responsible for this design,96,who_made_you,96,who_made_you,run_01_seed_42,0.9361839294433594
897,what company designed this,96,who_made_you,96,who_made_you,run_01_seed_42,0.9541873931884766
898,"for this design, what company did it",96,who_made_you,96,who_made_you,run_01_seed_42,0.26189273595809937
899,name the person or group that programmed you,96,who_made_you,96,who_made_you,run_01_seed_42,0.49775591492652893
900,which way do we go and how long will it take to get to the sears tower in chicago,78,distance,78,distance,run_01_seed_42,0.9987977743148804
901,"so, does it take long to get to dodger stadium in anaheim",78,distance,78,distance,run_01_seed_42,0.9879695177078247
902,how many minutes will it take to get to the empire state building in manhattan,78,distance,78,distance,run_01_seed_42,0.9995063543319702
903,what's the mileage to get the the taj mahal in atlantic city,78,distance,38,exchange_rate,run_01_seed_42,0.37238791584968567
904,does it take long to get to yankee stadium in the bronx,78,distance,78,distance,run_01_seed_42,0.9842312932014465
905,how much time is left until we get there,78,distance,140,next_holiday,run_01_seed_42,0.45879480242729187
906,what's the time to destination going via bus to omaha,78,distance,78,distance,run_01_seed_42,0.9611882567405701
907,how far from our destination are we,78,distance,78,distance,run_01_seed_42,0.5449122190475464
908,how many minutes am i from texaco,78,distance,86,cook_time,run_01_seed_42,0.9779207110404968
909,how long will i be on the bus if i rid it to seattle,78,distance,78,distance,run_01_seed_42,0.9988840222358704
910,is it going to be much longer until i reach the bank,78,distance,146,travel_notification,run_01_seed_42,0.9483661651611328
911,am i close to arriving at the post office,78,distance,105,calendar_update,run_01_seed_42,0.7702469229698181
912,what's the estimated travel time to get to dc via bus,78,distance,78,distance,run_01_seed_42,0.9986428618431091
913,when will i arrive at hy-vee,78,distance,80,flight_status,run_01_seed_42,0.9780238270759583
914,how long does it take to get to el paso on a bus,78,distance,78,distance,run_01_seed_42,0.9996514320373535
915,how long will it take me to get to walmart,78,distance,78,distance,run_01_seed_42,0.996523916721344
916,what's the average time to boston when riding a bus,78,distance,42,oos,run_01_seed_42,0.47230610251426697
917,when will the bus get me to vermont,78,distance,72,directions,run_01_seed_42,0.7600880861282349
918,how long will i be on the bus to new orleans,78,distance,78,distance,run_01_seed_42,0.9234548807144165
919,how long is a bus ride to staples,78,distance,78,distance,run_01_seed_42,0.997961163520813
920,how long does it take to get downtown by bus,78,distance,78,distance,run_01_seed_42,0.9913156032562256
921,what time will i get to the beach taking the bus,78,distance,78,distance,run_01_seed_42,0.9998654127120972
922,how far am i from orlando,78,distance,78,distance,run_01_seed_42,0.5130961537361145
923,give me an eta on when i will arrive at my destination,78,distance,80,flight_status,run_01_seed_42,0.9997562766075134
924,tell me how much longer i will have to drive to reach the destination,78,distance,78,distance,run_01_seed_42,0.9650278687477112
925,when will i get to orlando,78,distance,80,flight_status,run_01_seed_42,0.9949215054512024
926,how much farther is orlando from my location,78,distance,136,current_location,run_01_seed_42,0.48903688788414
927,do i have a ways to go or am i close to getting to penn station,78,distance,28,improve_credit_score,run_01_seed_42,0.45029395818710327
928,please give me the approximate amount of time i will need to go from jfk international airport to penn station,78,distance,78,distance,run_01_seed_42,0.6857593059539795
929,can you tell me about what time i should be arriving at the airport,78,distance,4,time,run_01_seed_42,0.4029410183429718
930,how do you refer to me,11,user_name,11,user_name,run_01_seed_42,0.9944323897361755
931,call my name,11,user_name,144,change_user_name,run_01_seed_42,0.9887857437133789
932,what do i go by,11,user_name,93,income,run_01_seed_42,0.9685295820236206
933,say my name,11,user_name,11,user_name,run_01_seed_42,0.9956814050674438
934,what do you think my name is,11,user_name,11,user_name,run_01_seed_42,0.999927282333374
935,what do you think i'm called,11,user_name,11,user_name,run_01_seed_42,0.9910539984703064
936,what do you have for my name,11,user_name,11,user_name,run_01_seed_42,0.9999196529388428
937,how do you address my name,11,user_name,11,user_name,run_01_seed_42,0.9979692101478577
938,what's your designation,11,user_name,75,what_is_your_name,run_01_seed_42,0.9971012473106384
939,what do you call me,11,user_name,11,user_name,run_01_seed_42,0.9999467134475708
940,i want to hear my name,11,user_name,11,user_name,run_01_seed_42,0.9988459348678589
941,my name,11,user_name,11,user_name,run_01_seed_42,0.8340949416160583
942,what's my name,11,user_name,11,user_name,run_01_seed_42,0.999160647392273
943,what's my name on file,11,user_name,11,user_name,run_01_seed_42,0.9572671055793762
944,what name do you have for me,11,user_name,11,user_name,run_01_seed_42,0.9999527931213379
945,what did i tell you to call me,11,user_name,11,user_name,run_01_seed_42,0.9994383454322815
946,please tell me the name that you have for me,11,user_name,11,user_name,run_01_seed_42,0.9999386072158813
947,i need to know the name that you have for me,11,user_name,11,user_name,run_01_seed_42,0.9999133348464966
948,can you tell me what name you have for me,11,user_name,11,user_name,run_01_seed_42,0.9999842643737793
949,tell me what name you have for me,11,user_name,11,user_name,run_01_seed_42,0.9999783039093018
950,i would like to know the name you have for me,11,user_name,11,user_name,run_01_seed_42,0.999922513961792
951,what is the name you have for me,11,user_name,11,user_name,run_01_seed_42,0.9999747276306152
952,could you tell me my name,11,user_name,11,user_name,run_01_seed_42,0.9998321533203125
953,do you have a name for me,11,user_name,11,user_name,run_01_seed_42,0.9137489199638367
954,can you tell me my name for me,11,user_name,11,user_name,run_01_seed_42,0.9999681711196899
955,what's the name you use for me,11,user_name,11,user_name,run_01_seed_42,0.9992409944534302
956,you call me what,11,user_name,11,user_name,run_01_seed_42,0.993415355682373
957,what do you know me by,11,user_name,11,user_name,run_01_seed_42,0.9963655471801758
958,you know me by what right now,11,user_name,93,income,run_01_seed_42,0.6270850300788879
959,what's the way you refer to me,11,user_name,11,user_name,run_01_seed_42,0.9994106292724609
960,what's the timezone for britain,66,timezone,66,timezone,run_01_seed_42,0.9999196529388428
961,i need the time zone for la,66,timezone,66,timezone,run_01_seed_42,0.9979661703109741
962,i would like to know the timezone for britain,66,timezone,66,timezone,run_01_seed_42,0.9996492862701416
963,i need la's time zone,66,timezone,66,timezone,run_01_seed_42,0.9846650958061218
964,i need to know britain's timezone,66,timezone,66,timezone,run_01_seed_42,0.992182195186615
965,what timezone is britain in,66,timezone,66,timezone,run_01_seed_42,0.9999039173126221
966,can you tell me britain's timezone,66,timezone,66,timezone,run_01_seed_42,0.999617338180542
967,what is the la's time zone,66,timezone,66,timezone,run_01_seed_42,0.8375444412231445
968,can you tell me the time zone for la,66,timezone,66,timezone,run_01_seed_42,0.9990001320838928
969,what is texas's timezone,66,timezone,66,timezone,run_01_seed_42,0.9995561242103577
970,tell me the timezone for california,66,timezone,66,timezone,run_01_seed_42,0.9999741315841675
971,what timezone would missouri be in,66,timezone,66,timezone,run_01_seed_42,0.9999690055847168
972,what timezone do they use in arizona,66,timezone,66,timezone,run_01_seed_42,0.9989482760429382
973,is new york in mountain timezone,66,timezone,42,oos,run_01_seed_42,0.4926697611808777
974,what is the timezone for la,66,timezone,66,timezone,run_01_seed_42,0.9998785257339478
975,what is the timezone for new york,66,timezone,66,timezone,run_01_seed_42,0.9997768998146057
976,what is the timezone for san francisco,66,timezone,66,timezone,run_01_seed_42,0.9999433755874634
977,what is the timezone for paris,66,timezone,66,timezone,run_01_seed_42,0.9999788999557495
978,what is the timezone for houston,66,timezone,66,timezone,run_01_seed_42,0.9999241828918457
979,denver's timezone is what,66,timezone,66,timezone,run_01_seed_42,0.9998276233673096
980,does denver reside in the eastern timezones,66,timezone,42,oos,run_01_seed_42,0.4643232524394989
981,which timezone is denver located,66,timezone,66,timezone,run_01_seed_42,0.9998999834060669
982,"denver's timezone is a mystery, i wonder where its located",66,timezone,136,current_location,run_01_seed_42,0.9158722758293152
983,in which time zone does denver reside,66,timezone,66,timezone,run_01_seed_42,0.9972909092903137
984,what's the timezone in valencia,66,timezone,66,timezone,run_01_seed_42,0.9998325109481812
985,what's the timezone now in hiram,66,timezone,66,timezone,run_01_seed_42,0.9974753260612488
986,timezone in salt lake city,66,timezone,66,timezone,run_01_seed_42,0.9988898634910583
987,timezone currently in mobile,66,timezone,66,timezone,run_01_seed_42,0.9994754195213318
988,what time is it in phoenix,66,timezone,4,time,run_01_seed_42,0.9999961853027344
989,can you give me the timezone for the country,66,timezone,66,timezone,run_01_seed_42,0.9997747540473938
990,"i don't like this song, can skip it",118,next_song,106,play_music,run_01_seed_42,0.46563494205474854
991,can we move onto the next song,118,next_song,118,next_song,run_01_seed_42,0.9999935626983643
992,"skip this song, please",118,next_song,118,next_song,run_01_seed_42,0.9959723353385925
993,can you swipe to the next song,118,next_song,118,next_song,run_01_seed_42,0.9999911785125732
994,"next song, please!",118,next_song,118,next_song,run_01_seed_42,0.8494669198989868
995,start the next song,118,next_song,118,next_song,run_01_seed_42,0.9999856948852539
996,go to the next song and play it,118,next_song,118,next_song,run_01_seed_42,0.9999914169311523
997,move forward one song,118,next_song,118,next_song,run_01_seed_42,0.9967188239097595
998,play the next one,118,next_song,118,next_song,run_01_seed_42,0.9989456534385681
999,skip to next track,118,next_song,118,next_song,run_01_seed_42,0.9992532134056091
1000,skip ahead one song,118,next_song,118,next_song,run_01_seed_42,0.9998045563697815
1001,go to upcoming song,118,next_song,118,next_song,run_01_seed_42,0.9973656535148621
1002,play the next song please,118,next_song,118,next_song,run_01_seed_42,0.999954342842102
1003,i dont want to listen to this song,118,next_song,118,next_song,run_01_seed_42,0.990741491317749
1004,could you hit next,118,next_song,114,goodbye,run_01_seed_42,0.6258652210235596
1005,can you go to the next song,118,next_song,118,next_song,run_01_seed_42,0.9999868869781494
1006,let's go to the next song please,118,next_song,118,next_song,run_01_seed_42,0.9999977350234985
1007,maybe we can go to the next song,118,next_song,118,next_song,run_01_seed_42,0.9999881982803345
1008,may i suggest we go to the next song,118,next_song,118,next_song,run_01_seed_42,0.9997460246086121
1009,please can we go to the next song,118,next_song,118,next_song,run_01_seed_42,0.999994158744812
1010,might we go to the next song,118,next_song,118,next_song,run_01_seed_42,0.9999854564666748
1011,next track,118,next_song,114,goodbye,run_01_seed_42,0.4877954125404358
1012,skip to the next track,118,next_song,118,next_song,run_01_seed_42,0.9999480247497559
1013,skip this track,118,next_song,118,next_song,run_01_seed_42,0.8273895978927612
1014,play next song,118,next_song,118,next_song,run_01_seed_42,0.9999492168426514
1015,next song,118,next_song,118,next_song,run_01_seed_42,0.9979761242866516
1016,change this song please,118,next_song,118,next_song,run_01_seed_42,0.9624959826469421
1017,i want you to play the next song,118,next_song,118,next_song,run_01_seed_42,0.9999960660934448
1018,play the next song please if you would,118,next_song,118,next_song,run_01_seed_42,0.999828577041626
1019,please play the next track,118,next_song,118,next_song,run_01_seed_42,0.9990671277046204
1020,i need to know all my spending transactions,68,transactions,68,transactions,run_01_seed_42,0.9995997548103333
1021,when did i last make a purchase,68,transactions,37,last_maintenance,run_01_seed_42,0.6267103552818298
1022,how much did i spend on my most recent transaction,68,transactions,68,transactions,run_01_seed_42,0.9804770946502686
1023,show me my ten most recent transactions on account xyz,68,transactions,68,transactions,run_01_seed_42,0.9996973276138306
1024,i want to see all transactions in the past month for all accounts,68,transactions,68,transactions,run_01_seed_42,0.9997285008430481
1025,show me my recent transactions from account xyz,68,transactions,68,transactions,run_01_seed_42,0.9998794794082642
1026,open bank app and show my most recent transactions,68,transactions,68,transactions,run_01_seed_42,0.992668092250824
1027,are you able to find my recent transactions for me,68,transactions,68,transactions,run_01_seed_42,0.9999420642852783
1028,i made a transaction recently,68,transactions,68,transactions,run_01_seed_42,0.812954843044281
1029,what was my recent transaction,68,transactions,68,transactions,run_01_seed_42,0.9999386072158813
1030,i want to know what my recent transaction was,68,transactions,68,transactions,run_01_seed_42,0.9976390600204468
1031,i need information about my recent transaction,68,transactions,68,transactions,run_01_seed_42,0.9996501207351685
1032,state recent transaction,68,transactions,68,transactions,run_01_seed_42,0.9996379613876343
1033,is my visa bill over my limit this month,68,transactions,41,credit_limit,run_01_seed_42,0.6983908414840698
1034,what have i spent things on,68,transactions,71,spending_history,run_01_seed_42,0.9996520280838013
1035,show my transactions,68,transactions,68,transactions,run_01_seed_42,0.9999877214431763
1036,what were my last 10 charges on my credit card,68,transactions,68,transactions,run_01_seed_42,0.9154320955276489
1037,show what i have spent things on,68,transactions,71,spending_history,run_01_seed_42,0.9906237721443176
1038,how much have i spent on my debit card this month,68,transactions,71,spending_history,run_01_seed_42,0.9258521199226379
1039,how much have i spent on my bank card sine i last paid my bill,68,transactions,68,transactions,run_01_seed_42,0.48026102781295776
1040,how much was my last target trip,68,transactions,68,transactions,run_01_seed_42,0.8512842655181885
1041,can you verify my recent visa card transaction,68,transactions,68,transactions,run_01_seed_42,0.9908847212791443
1042,what was my recent transaction on my visa card,68,transactions,68,transactions,run_01_seed_42,0.9994838237762451
1043,what is the last transaction on my visa card,68,transactions,68,transactions,run_01_seed_42,0.9996356964111328
1044,show my my most recent visa card transaction,68,transactions,68,transactions,run_01_seed_42,0.9904221296310425
1045,please review my recent visa card transaction,68,transactions,68,transactions,run_01_seed_42,0.7801671028137207
1046,how many transactions do i have on flower shops from last wednesday between 2pm and 7pm,68,transactions,19,meeting_schedule,run_01_seed_42,0.8625369071960449
1047,what transactions did i make on electronics this morning after 6am,68,transactions,68,transactions,run_01_seed_42,0.97407066822052
1048,what is the largest transaction i have made on video games this month,68,transactions,68,transactions,run_01_seed_42,0.9981232285499573
1049,what transactions do i have on groceries from yesterday,68,transactions,68,transactions,run_01_seed_42,0.8864759802818298
1050,please give me the name of a few good options for places to eat dinner tonight,145,restaurant_suggestion,145,restaurant_suggestion,run_01_seed_42,0.9520465731620789
1051,i need some suggestions for dinner places tonight,145,restaurant_suggestion,46,meal_suggestion,run_01_seed_42,0.9763473868370056
1052,what are some good places to go out for dinner in my area tonight,145,restaurant_suggestion,145,restaurant_suggestion,run_01_seed_42,0.999340832233429
1053,show me some restaurants that have high reviews for eating out,145,restaurant_suggestion,145,restaurant_suggestion,run_01_seed_42,0.9994301199913025
1054,can you search recommended casual restaurants for tonight in philadelphia,145,restaurant_suggestion,145,restaurant_suggestion,run_01_seed_42,0.9999529123306274
1055,where can i go to eat,145,restaurant_suggestion,145,restaurant_suggestion,run_01_seed_42,0.9968194961547852
1056,where can i get some good food,145,restaurant_suggestion,145,restaurant_suggestion,run_01_seed_42,0.9766477346420288
1057,"in cleveland, are there any good places that serve clams",145,restaurant_suggestion,145,restaurant_suggestion,run_01_seed_42,0.9979686141014099
1058,does cleveland have any good places that serve clams,145,restaurant_suggestion,145,restaurant_suggestion,run_01_seed_42,0.8734294772148132
1059,can you find any good places in cleveland that serve clams,145,restaurant_suggestion,145,restaurant_suggestion,run_01_seed_42,0.9999195337295532
1060,are there good clam places in cleveland,145,restaurant_suggestion,145,restaurant_suggestion,run_01_seed_42,0.9892551898956299
1061,are there any good places in cleveland that serve clams,145,restaurant_suggestion,145,restaurant_suggestion,run_01_seed_42,0.9997716546058655
1062,"could you suggest a french restaurant, please",145,restaurant_suggestion,46,meal_suggestion,run_01_seed_42,0.9827813506126404
1063,can you suggest a french restaurant,145,restaurant_suggestion,145,restaurant_suggestion,run_01_seed_42,0.9882503747940063
1064,can you suggest a thai restaurant,145,restaurant_suggestion,145,restaurant_suggestion,run_01_seed_42,0.9988866448402405
1065,"can you suggest a french restaurant, please",145,restaurant_suggestion,46,meal_suggestion,run_01_seed_42,0.9694687724113464
1066,"can you suggest a thai restaurant, please",145,restaurant_suggestion,46,meal_suggestion,run_01_seed_42,0.9321963787078857
1067,are there are any good places in washington that serve cheese pizza,145,restaurant_suggestion,145,restaurant_suggestion,run_01_seed_42,0.9995555281639099
1068,what's the food can easily get in canada,145,restaurant_suggestion,38,exchange_rate,run_01_seed_42,0.5276111364364624
1069,what are the best places to get shrimp in chicago,145,restaurant_suggestion,145,restaurant_suggestion,run_01_seed_42,0.9038070440292358
1070,what are the best restaurants open tonight,145,restaurant_suggestion,145,restaurant_suggestion,run_01_seed_42,0.9997231364250183
1071,i need a list of good places to eat near me,145,restaurant_suggestion,145,restaurant_suggestion,run_01_seed_42,0.9942846894264221
1072,pull up some recommendations for places serving fish in maine,145,restaurant_suggestion,145,restaurant_suggestion,run_01_seed_42,0.4170670807361603
1073,where should i go for food tonight,145,restaurant_suggestion,145,restaurant_suggestion,run_01_seed_42,0.9998397827148438
1074,where should i eat,145,restaurant_suggestion,145,restaurant_suggestion,run_01_seed_42,0.9684239029884338
1075,any fantastic restaurants to get shrimp at in atlanta,145,restaurant_suggestion,145,restaurant_suggestion,run_01_seed_42,0.9985754489898682
1076,give me a list of places that serve the best wings in charlotte,145,restaurant_suggestion,149,travel_suggestion,run_01_seed_42,0.5371659994125366
1077,i need reviews for places serving tacos in chicago,145,restaurant_suggestion,145,restaurant_suggestion,run_01_seed_42,0.9978885054588318
1078,give me restaurant reccomendations,145,restaurant_suggestion,145,restaurant_suggestion,run_01_seed_42,0.9905477166175842
1079,where can i satisfy my craving for french food in milwaukee,145,restaurant_suggestion,29,change_language,run_01_seed_42,0.9717814326286316
1080,x card has earned how many points,50,rewards_balance,50,rewards_balance,run_01_seed_42,0.778648316860199
1081,can you give me a points update on my rewards plus card,50,rewards_balance,50,rewards_balance,run_01_seed_42,0.9678856730461121
1082,can you pull up how many points i've earned with travel card,50,rewards_balance,50,rewards_balance,run_01_seed_42,0.9808580279350281
1083,what is the updated points that i earned with synovus card,50,rewards_balance,50,rewards_balance,run_01_seed_42,0.5221492648124695
1084,how many points do i have on my six flags rewards card,50,rewards_balance,50,rewards_balance,run_01_seed_42,0.9997714161872864
1085,i would like to check my rewards for my credit card,50,rewards_balance,50,rewards_balance,run_01_seed_42,0.9957541227340698
1086,i need to check my rewards for my credit card,50,rewards_balance,50,rewards_balance,run_01_seed_42,0.9992448091506958
1087,i wanna know how many points have i earned with my credit card,50,rewards_balance,50,rewards_balance,run_01_seed_42,0.9956198334693909
1088,i would like to know my debit card's rewards balance,50,rewards_balance,50,rewards_balance,run_01_seed_42,0.9998492002487183
1089,i would like to know how many points have i earned with my credit card,50,rewards_balance,50,rewards_balance,run_01_seed_42,0.9847245812416077
1090,i need to know my credit card's rewards balance,50,rewards_balance,50,rewards_balance,run_01_seed_42,0.9966386556625366
1091,i wanna know my credit card's rewards balance,50,rewards_balance,50,rewards_balance,run_01_seed_42,0.9984866380691528
1092,i really need to check my rewards for my credit card,50,rewards_balance,50,rewards_balance,run_01_seed_42,0.9991633892059326
1093,i would like to check my rewards for my debit card,50,rewards_balance,50,rewards_balance,run_01_seed_42,0.9999089241027832
1094,i wish to know my debit card's rewards balance,50,rewards_balance,50,rewards_balance,run_01_seed_42,0.9996247291564941
1095,i wanna check my rewards for my credit card,50,rewards_balance,50,rewards_balance,run_01_seed_42,0.9953509569168091
1096,tell me my debit card's rewards balance,50,rewards_balance,50,rewards_balance,run_01_seed_42,0.999750554561615
1097,i need to understand how many points have i earned with my credit card,50,rewards_balance,50,rewards_balance,run_01_seed_42,0.9025009274482727
1098,i must know how many points have i earned with my credit card,50,rewards_balance,50,rewards_balance,run_01_seed_42,0.9959856867790222
1099,i gotta know how many points i have gotten with my debit card,50,rewards_balance,50,rewards_balance,run_01_seed_42,0.999853253364563
1100,how many points earned do i have with my american express card,50,rewards_balance,50,rewards_balance,run_01_seed_42,0.9968743324279785
1101,how many points have i earned with my paypal credit card so far,50,rewards_balance,50,rewards_balance,run_01_seed_42,0.9883339405059814
1102,i have points on my capital one card and i'd like to know how many i've earned,50,rewards_balance,50,rewards_balance,run_01_seed_42,0.9712486863136292
1103,"have i earned points with my venture card, and how many",50,rewards_balance,50,rewards_balance,run_01_seed_42,0.6340711116790771
1104,what do my visa points look like,50,rewards_balance,50,rewards_balance,run_01_seed_42,0.9942713975906372
1105,how many points do i have on my visa,50,rewards_balance,50,rewards_balance,run_01_seed_42,0.999131977558136
1106,tell me the number of points on my visa card,50,rewards_balance,50,rewards_balance,run_01_seed_42,0.9999630451202393
1107,give me the point total on my visa card,50,rewards_balance,50,rewards_balance,run_01_seed_42,0.9849730730056763
1108,what points have i earned on my visa,50,rewards_balance,50,rewards_balance,run_01_seed_42,0.99945467710495
1109,how many rewards points do i have on my rewards points i have on my mastercard,50,rewards_balance,50,rewards_balance,run_01_seed_42,0.9999915361404419
1110,i have a car payment that needs to be paid,111,pay_bill,111,pay_bill,run_01_seed_42,0.6941301226615906
1111,i need to put in a payment towards my phone bill,111,pay_bill,111,pay_bill,run_01_seed_42,0.98610919713974
1112,help me get my gas bill paid,111,pay_bill,27,bill_balance,run_01_seed_42,0.5059384703636169
1113,pay my con edison bill using my capital one account,111,pay_bill,111,pay_bill,run_01_seed_42,0.9998972415924072
1114,"use my navy federal account and pay this month's verizon bill, please",111,pay_bill,111,pay_bill,run_01_seed_42,0.9479366540908813
1115,please pay my sprint bill using my bank of america checking account,111,pay_bill,111,pay_bill,run_01_seed_42,0.9984134435653687
1116,i need some assistance paying my utilities bill,111,pay_bill,111,pay_bill,run_01_seed_42,0.9827587008476257
1117,i need a hand getting this gas bill paid,111,pay_bill,111,pay_bill,run_01_seed_42,0.9834005236625671
1118,can you help me pay my electricity bill,111,pay_bill,111,pay_bill,run_01_seed_42,0.9998360872268677
1119,i have to pay my water bill but need help doing it,111,pay_bill,111,pay_bill,run_01_seed_42,0.9993603825569153
1120,i am going to need help paying my rent bill,111,pay_bill,111,pay_bill,run_01_seed_42,0.9998002648353577
1121,i want to pay my bill,111,pay_bill,111,pay_bill,run_01_seed_42,0.9999817609786987
1122,can you help me pay my bill,111,pay_bill,111,pay_bill,run_01_seed_42,0.999815046787262
1123,i want to pay my bill through the app,111,pay_bill,111,pay_bill,run_01_seed_42,0.9980408549308777
1124,pay my electric bill for me,111,pay_bill,111,pay_bill,run_01_seed_42,0.9992852807044983
1125,"pull up my electric bill, i want to pay it",111,pay_bill,111,pay_bill,run_01_seed_42,0.9918982982635498
1126,how do i pay my electric bill,111,pay_bill,111,pay_bill,run_01_seed_42,0.9917215704917908
1127,"i want to pay my electric bill, can you do it for me",111,pay_bill,111,pay_bill,run_01_seed_42,0.9964470267295837
1128,pay my light bill,111,pay_bill,111,pay_bill,run_01_seed_42,0.9999315738677979
1129,pay my utility bill from my bank account,111,pay_bill,111,pay_bill,run_01_seed_42,0.999563992023468
1130,charge my internet bill to the corporate account,111,pay_bill,111,pay_bill,run_01_seed_42,0.32940706610679626
1131,pay my gas bill with my checking account,111,pay_bill,111,pay_bill,run_01_seed_42,0.9998629093170166
1132,i need to pay my electric bill,111,pay_bill,111,pay_bill,run_01_seed_42,0.9999527931213379
1133,i know i should pay my electric bill,111,pay_bill,111,pay_bill,run_01_seed_42,0.9291189312934875
1134,"today my electric bill will be paid, or should be",111,pay_bill,19,meeting_schedule,run_01_seed_42,0.28028222918510437
1135,today is the day i should pay my electric bill,111,pay_bill,56,bill_due,run_01_seed_42,0.9976678490638733
1136,my electric bill should be paid today,111,pay_bill,111,pay_bill,run_01_seed_42,0.7424052953720093
1137,i need to pay my visa,111,pay_bill,111,pay_bill,run_01_seed_42,0.968197762966156
1138,pay $175 on my visa,111,pay_bill,111,pay_bill,run_01_seed_42,0.9281724095344543
1139,i'd like to pay $4735 to my water bill,111,pay_bill,111,pay_bill,run_01_seed_42,0.9992814660072327
1140,what's the total i've spent on shoes this month,71,spending_history,71,spending_history,run_01_seed_42,0.9950309991836548
1141,how many dollars have i spent on coffee this month,71,spending_history,71,spending_history,run_01_seed_42,0.9889174699783325
1142,what have i spent on food this month,71,spending_history,71,spending_history,run_01_seed_42,0.9999735355377197
1143,how much have i spent on tires this month,71,spending_history,71,spending_history,run_01_seed_42,0.9999617338180542
1144,how much have i been spending on booze this month,71,spending_history,71,spending_history,run_01_seed_42,0.9999524354934692
1145,what have i spent on fast food recently,71,spending_history,71,spending_history,run_01_seed_42,0.999573290348053
1146,how much total have i spent on fast food lately,71,spending_history,71,spending_history,run_01_seed_42,0.9999037981033325
1147,how much fast food have i bought recently,71,spending_history,71,spending_history,run_01_seed_42,0.8107797503471375
1148,check how much i spent this week,71,spending_history,71,spending_history,run_01_seed_42,0.9977096319198608
1149,how much money have i spent on fast food lately,71,spending_history,71,spending_history,run_01_seed_42,0.9999781847000122
1150,how much money have a spent in the last week,71,spending_history,71,spending_history,run_01_seed_42,0.9990779161453247
1151,how much money did i spend this weekend,71,spending_history,71,spending_history,run_01_seed_42,0.9959338307380676
1152,tell me how much money i've spent on fast food in the past week,71,spending_history,71,spending_history,run_01_seed_42,0.9998711347579956
1153,what is the total amount i spent last week,71,spending_history,71,spending_history,run_01_seed_42,0.9999040365219116
1154,what've i spent on gas this month,71,spending_history,71,spending_history,run_01_seed_42,0.9969411492347717
1155,have i gone over my entertainment budget,71,spending_history,68,transactions,run_01_seed_42,0.5700476765632629
1156,would you say i've spent too much money on chips as of late,71,spending_history,34,do_you_have_pets,run_01_seed_42,0.3842589855194092
1157,"looking at this week only, have i overspent on hoagies",71,spending_history,71,spending_history,run_01_seed_42,0.4413492977619171
1158,do i overspend when it comes to fast food,71,spending_history,86,cook_time,run_01_seed_42,0.2862696647644043
1159,"looking at the past month, what did i spend total",71,spending_history,71,spending_history,run_01_seed_42,0.9571412801742554
1160,have i gone over my chocolate budget lately,71,spending_history,42,oos,run_01_seed_42,0.1896524429321289
1161,how much have i spent this week,71,spending_history,71,spending_history,run_01_seed_42,0.9991884827613831
1162,about how much did i spend recently,71,spending_history,71,spending_history,run_01_seed_42,0.9994644522666931
1163,tell me how much i have been buying as of late,71,spending_history,35,balance,run_01_seed_42,0.5350862741470337
1164,what did i spend on beer last month,71,spending_history,71,spending_history,run_01_seed_42,0.9922324419021606
1165,did i stick to my dinner budget,71,spending_history,68,transactions,run_01_seed_42,0.5659425854682922
1166,how much have i spent on video games recently,71,spending_history,71,spending_history,run_01_seed_42,0.9998207688331604
1167,do i spend too much on beer,71,spending_history,71,spending_history,run_01_seed_42,0.7288304567337036
1168,what are my finances like lately,71,spending_history,136,current_location,run_01_seed_42,0.5751017928123474
1169,how much money have i spent recently,71,spending_history,71,spending_history,run_01_seed_42,0.9998996257781982
1170,did my vacation get approval,101,pto_request_status,101,pto_request_status,run_01_seed_42,0.9962258338928223
1171,do you know if vacation got approved,101,pto_request_status,101,pto_request_status,run_01_seed_42,0.9999227523803711
1172,does my vacation have approval,101,pto_request_status,101,pto_request_status,run_01_seed_42,0.993675172328949
1173,can you let me know if my vacation was approved,101,pto_request_status,101,pto_request_status,run_01_seed_42,0.9999876022338867
1174,any news on my vacation,101,pto_request_status,101,pto_request_status,run_01_seed_42,0.9942272901535034
1175,tell me if my vacation was approved yet,101,pto_request_status,101,pto_request_status,run_01_seed_42,0.999983549118042
1176,was there any progress on my vacation request,101,pto_request_status,101,pto_request_status,run_01_seed_42,0.9999010562896729
1177,is my vacation approved,101,pto_request_status,101,pto_request_status,run_01_seed_42,0.9999810457229614
1178,is my request going to be approved for vacation,101,pto_request_status,101,pto_request_status,run_01_seed_42,0.9999810457229614
1179,is vacation a go,101,pto_request_status,101,pto_request_status,run_01_seed_42,0.5341405868530273
1180,will i get my time off approved,101,pto_request_status,101,pto_request_status,run_01_seed_42,0.998008668422699
1181,how is my vacation looking,101,pto_request_status,101,pto_request_status,run_01_seed_42,0.9627211093902588
1182,did the manager approve my vacation yet,101,pto_request_status,101,pto_request_status,run_01_seed_42,0.99951171875
1183,any new info on my vacation,101,pto_request_status,101,pto_request_status,run_01_seed_42,0.9942890405654907
1184,any update on my vacation,101,pto_request_status,101,pto_request_status,run_01_seed_42,0.9945801496505737
1185,is there a status update on my vacation approval,101,pto_request_status,101,pto_request_status,run_01_seed_42,0.9999653100967407
1186,can you notify me when my vacation days have approved,101,pto_request_status,126,pto_balance,run_01_seed_42,0.6330981850624084
1187,when will my vacation time be confirmed,101,pto_request_status,126,pto_balance,run_01_seed_42,0.9460707902908325
1188,when will i hear back about my days off,101,pto_request_status,148,pto_used,run_01_seed_42,0.6206886768341064
1189,am i okay to take those vacation days,101,pto_request_status,126,pto_balance,run_01_seed_42,0.5877620577812195
1190,has my vacation time been approved,101,pto_request_status,101,pto_request_status,run_01_seed_42,0.999946117401123
1191,what is the day off request status as of now,101,pto_request_status,101,pto_request_status,run_01_seed_42,0.999487042427063
1192,what is the day off request status please,101,pto_request_status,101,pto_request_status,run_01_seed_42,0.9997852444648743
1193,what is the day off request status if you would tell me,101,pto_request_status,101,pto_request_status,run_01_seed_42,0.995701014995575
1194,what is the day off request status,101,pto_request_status,101,pto_request_status,run_01_seed_42,0.9994738698005676
1195,what is the day off request status if you could tell me,101,pto_request_status,101,pto_request_status,run_01_seed_42,0.9825734496116638
1196,i need to know status of my day off request,101,pto_request_status,101,pto_request_status,run_01_seed_42,0.999980092048645
1197,i want to know the status of my vacation request,101,pto_request_status,101,pto_request_status,run_01_seed_42,0.9999593496322632
1198,tell me status of my day off request,101,pto_request_status,101,pto_request_status,run_01_seed_42,0.9999363422393799
1199,please let me know the status of my vacation request,101,pto_request_status,101,pto_request_status,run_01_seed_42,0.9999650716781616
1200,i would like to know my credit score,69,credit_score,69,credit_score,run_01_seed_42,0.9991771578788757
1201,tell me what my credit score is,69,credit_score,69,credit_score,run_01_seed_42,0.9997922778129578
1202,can you find what my credit score is,69,credit_score,69,credit_score,run_01_seed_42,0.9996127486228943
1203,how is my credit score numberwise,69,credit_score,69,credit_score,run_01_seed_42,0.9994327425956726
1204,what credit score number do i have,69,credit_score,69,credit_score,run_01_seed_42,0.9794641733169556
1205,what is my credit score number,69,credit_score,69,credit_score,run_01_seed_42,0.9972646236419678
1206,how much is my credit score,69,credit_score,69,credit_score,run_01_seed_42,0.9988607168197632
1207,what number is my credit score currently,69,credit_score,69,credit_score,run_01_seed_42,0.9998894929885864
1208,is my credit score over 700 yet,69,credit_score,69,credit_score,run_01_seed_42,0.9991506338119507
1209,please give me my current credit score,69,credit_score,69,credit_score,run_01_seed_42,0.9971854090690613
1210,i'm trying to raise my credit score can you tell me what it is now,69,credit_score,28,improve_credit_score,run_01_seed_42,0.9180364012718201
1211,i need to know what my credit score is,69,credit_score,69,credit_score,run_01_seed_42,0.9995275735855103
1212,could you tell me what my credit score is,69,credit_score,69,credit_score,run_01_seed_42,0.9993889331817627
1213,give me my credit score please,69,credit_score,69,credit_score,run_01_seed_42,0.9987587928771973
1214,could you share my credit score,69,credit_score,69,credit_score,run_01_seed_42,0.9291160702705383
1215,how's my credit score,69,credit_score,69,credit_score,run_01_seed_42,0.999434769153595
1216,i was wondering what my credit score is,69,credit_score,69,credit_score,run_01_seed_42,0.9986612796783447
1217,where do i go for my credit score,69,credit_score,69,credit_score,run_01_seed_42,0.6976566314697266
1218,i need to find my credit score,69,credit_score,69,credit_score,run_01_seed_42,0.9994550347328186
1219,how can i locate my credit score,69,credit_score,69,credit_score,run_01_seed_42,0.9983484745025635
1220,what is my credit rating,69,credit_score,69,credit_score,run_01_seed_42,0.9998281002044678
1221,i want to know my credit rating,69,credit_score,69,credit_score,run_01_seed_42,0.9998962879180908
1222,my credit rating is what,69,credit_score,69,credit_score,run_01_seed_42,0.9983641505241394
1223,tell me my credit raing,69,credit_score,69,credit_score,run_01_seed_42,0.9027745127677917
1224,give me my credit rating,69,credit_score,69,credit_score,run_01_seed_42,0.999933123588562
1225,please tell me what my credit score is,69,credit_score,69,credit_score,run_01_seed_42,0.9996284246444702
1226,i'd like you to check on my credit score,69,credit_score,69,credit_score,run_01_seed_42,0.5265538692474365
1227,let me know what my credit score is today,69,credit_score,69,credit_score,run_01_seed_42,0.9997647404670715
1228,can you check my credit score,69,credit_score,69,credit_score,run_01_seed_42,0.9995459914207458
1229,can you check my credit score for me,69,credit_score,69,credit_score,run_01_seed_42,0.9997819066047668
1230,i would like to get a new credt card,91,new_card,91,new_card,run_01_seed_42,0.99973064661026
1231,i would love to get a new credit card,91,new_card,91,new_card,run_01_seed_42,0.9998834133148193
1232,do you have any information on how to open a new credit card,91,new_card,91,new_card,run_01_seed_42,0.8138043880462646
1233,tell me how to apply for a new credit card,91,new_card,91,new_card,run_01_seed_42,0.9999984502792358
1234,tell me how to apply for a credit card,91,new_card,91,new_card,run_01_seed_42,0.9999850988388062
1235,i want to know how to go about getting a new credit card,91,new_card,91,new_card,run_01_seed_42,0.9776620268821716
1236,please tell me how to get a new credit card,91,new_card,91,new_card,run_01_seed_42,0.9997209906578064
1237,am i eligible for a new credit card,91,new_card,91,new_card,run_01_seed_42,0.9997461438179016
1238,i need to get a new credit card application,91,new_card,91,new_card,run_01_seed_42,0.9991900324821472
1239,what's the best way to get a mastercard,91,new_card,6,redeem_rewards,run_01_seed_42,0.43993228673934937
1240,is this where i apply for a new credit card,91,new_card,91,new_card,run_01_seed_42,0.9999524354934692
1241,how do i apply do get myself a visa,91,new_card,91,new_card,run_01_seed_42,0.5056012868881226
1242,can you complete an application for a new credit card for me,91,new_card,91,new_card,run_01_seed_42,0.9999567270278931
1243,i need to get a mastercard somehow,91,new_card,91,new_card,run_01_seed_42,0.7810040712356567
1244,how can i get a visa card,91,new_card,91,new_card,run_01_seed_42,0.9689945578575134
1245,can i apply here for a new card,91,new_card,91,new_card,run_01_seed_42,0.9999765157699585
1246,does bank of america give credit cards to people like me,91,new_card,28,improve_credit_score,run_01_seed_42,0.4407026767730713
1247,what do i do to get a visa card,91,new_card,91,new_card,run_01_seed_42,0.6765865087509155
1248,is it possible for me to get a better credit card,91,new_card,91,new_card,run_01_seed_42,0.9971699118614197
1249,how do i submit an application for a discover card,91,new_card,91,new_card,run_01_seed_42,0.9999438524246216
1250,how do i apply for american express,91,new_card,91,new_card,run_01_seed_42,0.9981739521026611
1251,find out if there's a new credit card that suits me,91,new_card,91,new_card,run_01_seed_42,0.9957994818687439
1252,how do i apply for a new credit card,91,new_card,91,new_card,run_01_seed_42,0.9999960660934448
1253,what's it take to get a mastercard,91,new_card,91,new_card,run_01_seed_42,0.9717022180557251
1254,can i apply for a visa card,91,new_card,91,new_card,run_01_seed_42,0.9999186992645264
1255,how do i apply for a visa card,91,new_card,91,new_card,run_01_seed_42,0.9998836517333984
1256,i wish to apply for a visa card,91,new_card,91,new_card,run_01_seed_42,0.999945878982544
1257,help me apply for a visa card,91,new_card,91,new_card,run_01_seed_42,0.9999682903289795
1258,is there a list of good credit cards i can choose from to apply for,91,new_card,28,improve_credit_score,run_01_seed_42,0.8574288487434387
1259,how can i find a new credit card to apply to,91,new_card,91,new_card,run_01_seed_42,0.9997484087944031
1260,is my luggage lost,113,lost_luggage,113,lost_luggage,run_01_seed_42,0.9999209642410278
1261,why is my luggage not here,113,lost_luggage,113,lost_luggage,run_01_seed_42,0.997560977935791
1262,what happened to my luggage,113,lost_luggage,113,lost_luggage,run_01_seed_42,0.9998626708984375
1263,i need help finding my luggage,113,lost_luggage,113,lost_luggage,run_01_seed_42,0.9999237060546875
1264,what steps should i take if my luggage has been lost,113,lost_luggage,113,lost_luggage,run_01_seed_42,0.9998192191123962
1265,i seem to have lost my luggage! what are my options now,113,lost_luggage,113,lost_luggage,run_01_seed_42,0.8885172605514526
1266,what would be the best way to deal with lost luggage,113,lost_luggage,113,lost_luggage,run_01_seed_42,0.9984346032142639
1267,it appears that my luggage has been lost,113,lost_luggage,113,lost_luggage,run_01_seed_42,0.9999020099639893
1268,i'm afraid my luggage has gone missing,113,lost_luggage,113,lost_luggage,run_01_seed_42,0.9999284744262695
1269,i am a bit panicked because my luggage seems to have gone missing,113,lost_luggage,113,lost_luggage,run_01_seed_42,0.9977442026138306
1270,i have no idea where my luggage went!,113,lost_luggage,113,lost_luggage,run_01_seed_42,0.9865272641181946
1271,unfortunately it would appear that my luggage is totally lost,113,lost_luggage,113,lost_luggage,run_01_seed_42,0.9991993308067322
1272,how should i proceed if i accidentally lost my luggage,113,lost_luggage,113,lost_luggage,run_01_seed_42,0.9963881969451904
1273,"if i lost my luggage, what should i do next",113,lost_luggage,149,travel_suggestion,run_01_seed_42,0.5699336528778076
1274,i have no idea where my luggage is,113,lost_luggage,113,lost_luggage,run_01_seed_42,0.9997214674949646
1275,i think my luggage has been misplaced,113,lost_luggage,113,lost_luggage,run_01_seed_42,0.9978785514831543
1276,what do i have to do if i lost my luggage,113,lost_luggage,113,lost_luggage,run_01_seed_42,0.9999210834503174
1277,i think my luggage is lost,113,lost_luggage,113,lost_luggage,run_01_seed_42,0.9999555349349976
1278,my luggage appears to be lost,113,lost_luggage,113,lost_luggage,run_01_seed_42,0.9993143081665039
1279,i can't seem to track down my luggage,113,lost_luggage,113,lost_luggage,run_01_seed_42,0.9974440336227417
1280,what is the next thing i should do if i lost my luggage,113,lost_luggage,113,lost_luggage,run_01_seed_42,0.9996368885040283
1281,what step should i take next if i lost my luggage,113,lost_luggage,113,lost_luggage,run_01_seed_42,0.9945070147514343
1282,i've lost my luggage what should i do now,113,lost_luggage,113,lost_luggage,run_01_seed_42,0.9984468817710876
1283,what should i do about losing my luggage,113,lost_luggage,113,lost_luggage,run_01_seed_42,0.9990611672401428
1284,where would i find my luggage,113,lost_luggage,113,lost_luggage,run_01_seed_42,0.99988853931427
1285,my luggage has been misplaced,113,lost_luggage,113,lost_luggage,run_01_seed_42,0.9975005984306335
1286,i can't find my luggage,113,lost_luggage,113,lost_luggage,run_01_seed_42,0.9999644756317139
1287,i lost all my stuff that i had packed,113,lost_luggage,81,find_phone,run_01_seed_42,0.34865760803222656
1288,my luggage has disappeared,113,lost_luggage,113,lost_luggage,run_01_seed_42,0.9999568462371826
1289,it appears my luggage is lost,113,lost_luggage,113,lost_luggage,run_01_seed_42,0.9999785423278809
1290,may you say that again,13,repeat,13,repeat,run_01_seed_42,0.9998284578323364
1291,can you please repeat that,13,repeat,13,repeat,run_01_seed_42,0.999497652053833
1292,can you please say that again,13,repeat,13,repeat,run_01_seed_42,0.9997792840003967
1293,may you please say that again,13,repeat,13,repeat,run_01_seed_42,0.9997591376304626
1294,would you say it again please,13,repeat,13,repeat,run_01_seed_42,0.9999290704727173
1295,would you repeat what you said earlier,13,repeat,13,repeat,run_01_seed_42,0.9929797053337097
1296,i would like you to repeat it,13,repeat,13,repeat,run_01_seed_42,0.9992954730987549
1297,repeat please,13,repeat,13,repeat,run_01_seed_42,0.9984935522079468
1298,"pardon, i didn't hear you",13,repeat,13,repeat,run_01_seed_42,0.9650323987007141
1299,i didn't hear you can you say that again,13,repeat,13,repeat,run_01_seed_42,0.9999885559082031
1300,i didn't catch that,13,repeat,13,repeat,run_01_seed_42,0.49967536330223083
1301,could you repeat that,13,repeat,13,repeat,run_01_seed_42,0.9997864365577698
1302,say again please,13,repeat,13,repeat,run_01_seed_42,0.9990823268890381
1303,would you mind repeating that,13,repeat,147,cancel,run_01_seed_42,0.4251214265823364
1304,"sorry, i didn't catch that could you say it again",13,repeat,13,repeat,run_01_seed_42,0.9999635219573975
1305,i need you to repeat that please,13,repeat,13,repeat,run_01_seed_42,0.9998987913131714
1306,repeat that for me please,13,repeat,13,repeat,run_01_seed_42,0.9982019662857056
1307,what did you just say,13,repeat,13,repeat,run_01_seed_42,0.9961698651313782
1308,please say it one more time,13,repeat,13,repeat,run_01_seed_42,0.9999401569366455
1309,sorry i missed that,13,repeat,107,yes,run_01_seed_42,0.5036523938179016
1310,i didn't understand you,13,repeat,13,repeat,run_01_seed_42,0.4859656095504761
1311,can you repeat the question again,13,repeat,13,repeat,run_01_seed_42,0.9999619722366333
1312,can you phrase that question again,13,repeat,13,repeat,run_01_seed_42,0.9872351288795471
1313,what'd you say,13,repeat,13,repeat,run_01_seed_42,0.262134850025177
1314,please repeat the last thing,13,repeat,13,repeat,run_01_seed_42,0.9837929606437683
1315,repeat that,13,repeat,13,repeat,run_01_seed_42,0.9971407651901245
1316,can you repeat that,13,repeat,13,repeat,run_01_seed_42,0.999530553817749
1317,what were you just saying,13,repeat,13,repeat,run_01_seed_42,0.6667377352714539
1318,come again,13,repeat,13,repeat,run_01_seed_42,0.877109706401825
1319,"can you say that again, please",13,repeat,13,repeat,run_01_seed_42,0.9964125752449036
1320,tell me: car gas mileage,142,mpg,142,mpg,run_01_seed_42,0.9981156587600708
1321,what is my car's gas mileage,142,mpg,142,mpg,run_01_seed_42,0.9999849796295166
1322,tell me what the gas mileage is on my car,142,mpg,142,mpg,run_01_seed_42,0.9995771050453186
1323,what is the gas mileage of my car,142,mpg,142,mpg,run_01_seed_42,0.9998182654380798
1324,check: car gas mileage,142,mpg,142,mpg,run_01_seed_42,0.8756828308105469
1325,what is my car's mpg,142,mpg,142,mpg,run_01_seed_42,0.9999247789382935
1326,"what is my car's mpg, please",142,mpg,93,income,run_01_seed_42,0.6349236965179443
1327,what's my car's mpg,142,mpg,142,mpg,run_01_seed_42,0.9996806383132935
1328,"what's my car's mpg, please",142,mpg,93,income,run_01_seed_42,0.9746806025505066
1329,what is the highway mpg of this car,142,mpg,142,mpg,run_01_seed_42,0.9999665021896362
1330,hows the city mpg of this car,142,mpg,142,mpg,run_01_seed_42,0.999982476234436
1331,what is the highway mpg on this car like,142,mpg,142,mpg,run_01_seed_42,0.9999821186065674
1332,what mpg does this car get in the city,142,mpg,142,mpg,run_01_seed_42,0.9999890327453613
1333,how many mpg does this car get in the city,142,mpg,142,mpg,run_01_seed_42,0.9999933242797852
1334,tell me about this car's highway mpg,142,mpg,142,mpg,run_01_seed_42,0.9999929666519165
1335,can i have more information about this car's highway mpg,142,mpg,142,mpg,run_01_seed_42,0.9996784925460815
1336,what is the city mpg on this car,142,mpg,142,mpg,run_01_seed_42,0.9999836683273315
1337,whats the mpg for this car,142,mpg,142,mpg,run_01_seed_42,0.9999939203262329
1338,whats the mpg of this car,142,mpg,142,mpg,run_01_seed_42,0.9999793767929077
1339,i need to know my cars mpg,142,mpg,142,mpg,run_01_seed_42,0.9994580149650574
1340,can i get this car's mpg,142,mpg,142,mpg,run_01_seed_42,0.9999861717224121
1341,i would like to know the mpg of my car,142,mpg,142,mpg,run_01_seed_42,0.9999468326568604
1342,what kind of mileage am i getting,142,mpg,142,mpg,run_01_seed_42,0.7020866870880127
1343,what the mpg,142,mpg,142,mpg,run_01_seed_42,0.9998373985290527
1344,can you tell me my vehicles mpg,142,mpg,142,mpg,run_01_seed_42,0.991768479347229
1345,whats the fuel economy of this car,142,mpg,142,mpg,run_01_seed_42,0.9998699426651001
1346,what kind of mileage does this car get,142,mpg,142,mpg,run_01_seed_42,0.9979875087738037
1347,mpg for this car please,142,mpg,142,mpg,run_01_seed_42,0.9998360872268677
1348,what is the miles per gallon,142,mpg,142,mpg,run_01_seed_42,0.9996647834777832
1349,how is the car's fuel economy,142,mpg,142,mpg,run_01_seed_42,0.9998725652694702
1350,am i due for an oil change yet,123,oil_change_when,123,oil_change_when,run_01_seed_42,0.9924637079238892
1351,when is the next time i should change my oil,123,oil_change_when,123,oil_change_when,run_01_seed_42,0.9999381303787231
1352,when is my car due for its next oil change,123,oil_change_when,123,oil_change_when,run_01_seed_42,0.9993645548820496
1353,when am i due for my next oil change,123,oil_change_when,123,oil_change_when,run_01_seed_42,0.9998859167098999
1354,when should i get my next oil change,123,oil_change_when,123,oil_change_when,run_01_seed_42,0.9999117851257324
1355,when's the next time i should change my oil,123,oil_change_when,123,oil_change_when,run_01_seed_42,0.9998946189880371
1356,when should i get my car's oil changed next,123,oil_change_when,123,oil_change_when,run_01_seed_42,0.997471809387207
1357,when is the next time i need to get an oil change,123,oil_change_when,123,oil_change_when,run_01_seed_42,0.9998354911804199
1358,when is my car's next oil change supposed to be,123,oil_change_when,123,oil_change_when,run_01_seed_42,0.9997047781944275
1359,how long until my next oil change,123,oil_change_when,123,oil_change_when,run_01_seed_42,0.9999583959579468
1360,when's the next time i ought to change my oil,123,oil_change_when,123,oil_change_when,run_01_seed_42,0.9970620274543762
1361,when's the next time i have to get an oil change,123,oil_change_when,123,oil_change_when,run_01_seed_42,0.9988930821418762
1362,when should i get my oil changed,123,oil_change_when,123,oil_change_when,run_01_seed_42,0.9999055862426758
1363,when should i get the oil changed in my car,123,oil_change_when,123,oil_change_when,run_01_seed_42,0.9997205138206482
1364,figure out when my car will next need an oil change,123,oil_change_when,123,oil_change_when,run_01_seed_42,0.9995669722557068
1365,can you recommend for me when to next get my oil changed,123,oil_change_when,123,oil_change_when,run_01_seed_42,0.9956211447715759
1366,when do you think i ought to change the oil in my car next,123,oil_change_when,123,oil_change_when,run_01_seed_42,0.9983456134796143
1367,how soon until i will need to get my oil changed,123,oil_change_when,123,oil_change_when,run_01_seed_42,0.9996752738952637
1368,find out for me when my car is next due for an oil change,123,oil_change_when,123,oil_change_when,run_01_seed_42,0.9988572597503662
1369,where can i find information on oil changes for my car,123,oil_change_when,3,oil_change_how,run_01_seed_42,0.8203056454658508
1370,what are the manufacturers guidance on oil changes,123,oil_change_when,42,oos,run_01_seed_42,0.99437016248703
1371,is my car due for it's next oil change,123,oil_change_when,123,oil_change_when,run_01_seed_42,0.9976401329040527
1372,what is the recommended interval to get my oil changed,123,oil_change_when,123,oil_change_when,run_01_seed_42,0.7370513081550598
1373,when will i need my next oil change,123,oil_change_when,123,oil_change_when,run_01_seed_42,0.9999337196350098
1374,how often should i change the oil,123,oil_change_when,123,oil_change_when,run_01_seed_42,0.9999717473983765
1375,do i need to change my oil soon,123,oil_change_when,123,oil_change_when,run_01_seed_42,0.9650477170944214
1376,when will my oil change be due for this car,123,oil_change_when,123,oil_change_when,run_01_seed_42,0.9999501705169678
1377,is my oil change coming up soon,123,oil_change_when,123,oil_change_when,run_01_seed_42,0.998056948184967
1378,what's my oil change status,123,oil_change_when,3,oil_change_how,run_01_seed_42,0.517977237701416
1379,when does this car need oil changes,123,oil_change_when,123,oil_change_when,run_01_seed_42,0.9990020394325256
1380,i will say yes as my response,107,yes,107,yes,run_01_seed_42,0.9973479509353638
1381,my answer to your question is yes,107,yes,107,yes,run_01_seed_42,0.760892391204834
1382,yes is my answer,107,yes,107,yes,run_01_seed_42,0.9997326731681824
1383,"yes, ai, that is correct",107,yes,107,yes,run_01_seed_42,0.9999752044677734
1384,that's true,107,yes,107,yes,run_01_seed_42,0.9999959468841553
1385,that's correct,107,yes,107,yes,run_01_seed_42,0.9999724626541138
1386,that checks out,107,yes,127,order_checks,run_01_seed_42,0.9881464242935181
1387,that's right,107,yes,107,yes,run_01_seed_42,0.9999767541885376
1388,affirmative,107,yes,107,yes,run_01_seed_42,0.9996857643127441
1389,"yes, that is factual",107,yes,107,yes,run_01_seed_42,0.9999573230743408
1390,"yes, that happens to be correct",107,yes,107,yes,run_01_seed_42,0.9976576566696167
1391,that would be correct,107,yes,107,yes,run_01_seed_42,0.9999736547470093
1392,thats right,107,yes,107,yes,run_01_seed_42,0.740393340587616
1393,"yes, this is true",107,yes,107,yes,run_01_seed_42,0.9999099969863892
1394,sure,107,yes,107,yes,run_01_seed_42,0.9981437921524048
1395,okay,107,yes,82,greeting,run_01_seed_42,0.8136193156242371
1396,definitely,107,yes,107,yes,run_01_seed_42,0.7419740557670593
1397,roger that,107,yes,107,yes,run_01_seed_42,0.823708176612854
1398,i agree,107,yes,107,yes,run_01_seed_42,0.81886887550354
1399,absolutely,107,yes,107,yes,run_01_seed_42,0.8340732455253601
1400,you're right,107,yes,107,yes,run_01_seed_42,0.8606884479522705
1401,"yes, that's right",107,yes,107,yes,run_01_seed_42,0.9999815225601196
1402,please let's do it,107,yes,22,meaning_of_life,run_01_seed_42,0.1452285796403885
1403,yes please,107,yes,107,yes,run_01_seed_42,0.9999159574508667
1404,can we please,107,yes,114,goodbye,run_01_seed_42,0.5751152634620667
1405,"yes, please",107,yes,107,yes,run_01_seed_42,0.9978551268577576
1406,10-4,107,yes,114,goodbye,run_01_seed_42,0.256415456533432
1407,ya,107,yes,114,goodbye,run_01_seed_42,0.38771384954452515
1408,yup,107,yes,114,goodbye,run_01_seed_42,0.21076522767543793
1409,great,107,yes,107,yes,run_01_seed_42,0.7214835286140442
1410,what are some interesting things i can do while in raleigh,149,travel_suggestion,149,travel_suggestion,run_01_seed_42,0.9999722242355347
1411,can you help me pick some fun things to do in london during my trip,149,travel_suggestion,149,travel_suggestion,run_01_seed_42,0.9999887943267822
1412,"help me plan my traveling itinerary for my trip to madrid, i want to see lots of sights!",149,travel_suggestion,48,todo_list,run_01_seed_42,0.32610809803009033
1413,help me pick a new location to travel to,149,travel_suggestion,133,transfer,run_01_seed_42,0.2853441536426544
1414,can you do some research about the best places to travel,149,travel_suggestion,149,travel_suggestion,run_01_seed_42,0.6954275965690613
1415,tell me some fun activities to do in oklahoma city,149,travel_suggestion,149,travel_suggestion,run_01_seed_42,0.9999803304672241
1416,what are some popular tourist activities in mexico city,149,travel_suggestion,149,travel_suggestion,run_01_seed_42,0.9999723434448242
1417,i am itching to travel but don't know where to go,149,travel_suggestion,145,restaurant_suggestion,run_01_seed_42,0.7826970219612122
1418,give me some recommendations of good tourist attractions in montreal,149,travel_suggestion,149,travel_suggestion,run_01_seed_42,0.9996681213378906
1419,tell me some fun tourist attractions in london,149,travel_suggestion,149,travel_suggestion,run_01_seed_42,0.9999780654907227
1420,give me some ideas of what to do during my trip to dallas,149,travel_suggestion,149,travel_suggestion,run_01_seed_42,0.715213418006897
1421,find out the best tourist attractions to visit in moscow,149,travel_suggestion,149,travel_suggestion,run_01_seed_42,0.8498353362083435
1422,i want some suggestions for tourist activities in dublin,149,travel_suggestion,149,travel_suggestion,run_01_seed_42,0.9888043999671936
1423,i am traveling to paris soon and would like some suggestions of what to do and see,149,travel_suggestion,72,directions,run_01_seed_42,0.39384445548057556
1424,what are some local attractions in portland,149,travel_suggestion,149,travel_suggestion,run_01_seed_42,0.9999620914459229
1425,what sorts of activities should i get up to while i am in dublin,149,travel_suggestion,52,vaccines,run_01_seed_42,0.2862568795681
1426,i want to explore a new place but don't know where i should go do you have any ideas,149,travel_suggestion,145,restaurant_suggestion,run_01_seed_42,0.999052107334137
1427,please give me some ideas of fun tourist activities to do while i am in paris,149,travel_suggestion,149,travel_suggestion,run_01_seed_42,0.9995532631874084
1428,can you throw out some suggestions to me of places to travel to,149,travel_suggestion,149,travel_suggestion,run_01_seed_42,0.9625025391578674
1429,suggest some things for me to do while i am in los angeles,149,travel_suggestion,149,travel_suggestion,run_01_seed_42,0.9999661445617676
1430,let me know some things to do in phoenix,149,travel_suggestion,149,travel_suggestion,run_01_seed_42,0.9999841451644897
1431,let me know some things i can do in dallas,149,travel_suggestion,149,travel_suggestion,run_01_seed_42,0.9999096393585205
1432,i wanna know some things to do in phoenix,149,travel_suggestion,149,travel_suggestion,run_01_seed_42,0.9999839067459106
1433,i would like to do some things in phoenix,149,travel_suggestion,149,travel_suggestion,run_01_seed_42,0.9967845678329468
1434,tell me some things to do in phoenix,149,travel_suggestion,149,travel_suggestion,run_01_seed_42,0.9999415874481201
1435,what are some fun silly things to do in new jersey,149,travel_suggestion,149,travel_suggestion,run_01_seed_42,0.9999957084655762
1436,what are some cool tourist attractions in england,149,travel_suggestion,149,travel_suggestion,run_01_seed_42,0.9999982118606567
1437,what are some fun local experiences in canada,149,travel_suggestion,149,travel_suggestion,run_01_seed_42,0.9999628067016602
1438,what are some fun tourist things to do in mumbai,149,travel_suggestion,149,travel_suggestion,run_01_seed_42,0.9999973773956299
1439,what are some fun cheap activities to do in colorado,149,travel_suggestion,149,travel_suggestion,run_01_seed_42,0.9999909400939941
1440,which insurance plan to i have,74,insurance,74,insurance,run_01_seed_42,0.9940527081489563
1441,do you know which insurance plan i have,74,insurance,74,insurance,run_01_seed_42,0.9978997707366943
1442,what kind of insurance plan am i in,74,insurance,74,insurance,run_01_seed_42,0.9913745522499084
1443,what health coverage do i have,74,insurance,74,insurance,run_01_seed_42,0.999762237071991
1444,what are the details on my health care plan,74,insurance,74,insurance,run_01_seed_42,0.9999325275421143
1445,which insurance plan am i enrolled in,74,insurance,74,insurance,run_01_seed_42,0.9996907711029053
1446,what is my health insurance,74,insurance,74,insurance,run_01_seed_42,0.9999723434448242
1447,what insurance plan am i enrolled in,74,insurance,74,insurance,run_01_seed_42,0.9999855756759644
1448,check on my health care plan,74,insurance,74,insurance,run_01_seed_42,0.9993478655815125
1449,what's my health insurance plan,74,insurance,74,insurance,run_01_seed_42,0.9999532699584961
1450,what sort of health benefits do i have,74,insurance,74,insurance,run_01_seed_42,0.9999740123748779
1451,"which health plan do i have, again",74,insurance,74,insurance,run_01_seed_42,0.999927282333374
1452,tell me about my health benefits,74,insurance,74,insurance,run_01_seed_42,0.9992969036102295
1453,what's the name of my health insurance plan,74,insurance,74,insurance,run_01_seed_42,0.9999682903289795
1454,explain my health benefits,74,insurance,74,insurance,run_01_seed_42,0.9999402761459351
1455,what are my health insurance benefits,74,insurance,74,insurance,run_01_seed_42,0.9999974966049194
1456,what specific health plan do i have,74,insurance,74,insurance,run_01_seed_42,0.9999890327453613
1457,tell me the full name of my health plan,74,insurance,74,insurance,run_01_seed_42,0.9997801184654236
1458,how do my health benefits work,74,insurance,74,insurance,run_01_seed_42,0.9996671676635742
1459,can you tell me what health plan i am on,74,insurance,74,insurance,run_01_seed_42,0.9999023675918579
1460,tell me my current health plan,74,insurance,74,insurance,run_01_seed_42,0.9999804496765137
1461,which health plan am i currently enrolled in,74,insurance,74,insurance,run_01_seed_42,0.9999624490737915
1462,i want to know what health plan i'm currently on,74,insurance,74,insurance,run_01_seed_42,0.9999850988388062
1463,could you please inform me what health plan i am currently on,74,insurance,74,insurance,run_01_seed_42,0.9999109506607056
1464,what are the benefits associated with my insurance,74,insurance,74,insurance,run_01_seed_42,0.9999958276748657
1465,what are the benefits of having this insurance,74,insurance,42,oos,run_01_seed_42,0.7212844491004944
1466,what are my benefits with this insurance,74,insurance,74,insurance,run_01_seed_42,0.9999842643737793
1467,what are my benefits on the insurance,74,insurance,74,insurance,run_01_seed_42,0.9997574687004089
1468,google find out what health plan i am under,74,insurance,74,insurance,run_01_seed_42,0.9995715022087097
1469,tell me what health plan coverage i have,74,insurance,74,insurance,run_01_seed_42,0.9999853372573853
1470,cross grocery shopping off the todo list,65,todo_list_update,65,todo_list_update,run_01_seed_42,0.9979087114334106
1471,i don't need grocery shopping on my todo list anymore,65,todo_list_update,48,todo_list,run_01_seed_42,0.7066982984542847
1472,take grocery shopping off my todo list,65,todo_list_update,65,todo_list_update,run_01_seed_42,0.9984477758407593
1473,remove grocery shopping from todo list,65,todo_list_update,125,shopping_list_update,run_01_seed_42,0.7928628325462341
1474,cross off grocery shopping from todo list,65,todo_list_update,65,todo_list_update,run_01_seed_42,0.9225690960884094
1475,i don't need mowing the lawn on my to do list anymore,65,todo_list_update,65,todo_list_update,run_01_seed_42,0.9799942970275879
1476,empty the contents of my to do list,65,todo_list_update,48,todo_list,run_01_seed_42,0.8457543849945068
1477,take everything off my to do list please,65,todo_list_update,65,todo_list_update,run_01_seed_42,0.999849796295166
1478,take everything off my to do list,65,todo_list_update,65,todo_list_update,run_01_seed_42,0.9998434782028198
1479,please remove science fair from my to do list,65,todo_list_update,65,todo_list_update,run_01_seed_42,0.999934196472168
1480,please put babysitting on my to do list,65,todo_list_update,65,todo_list_update,run_01_seed_42,0.999767005443573
1481,please put lawn mowing on my list of to dos,65,todo_list_update,65,todo_list_update,run_01_seed_42,0.9995217323303223
1482,put the dishes on my list of things to do,65,todo_list_update,65,todo_list_update,run_01_seed_42,0.9999070167541504
1483,remove all items from my to do list,65,todo_list_update,65,todo_list_update,run_01_seed_42,0.9998818635940552
1484,take tennis practice off my to do list,65,todo_list_update,65,todo_list_update,run_01_seed_42,0.9998123049736023
1485,get rid of my to do list,65,todo_list_update,65,todo_list_update,run_01_seed_42,0.9989205598831177
1486,take dishes off the to do list,65,todo_list_update,65,todo_list_update,run_01_seed_42,0.9995550513267517
1487,add grocery shopping to my to do list,65,todo_list_update,65,todo_list_update,run_01_seed_42,0.9963269829750061
1488,remove laundry from my to do list,65,todo_list_update,65,todo_list_update,run_01_seed_42,0.9999728202819824
1489,please add laundry to the chores,65,todo_list_update,65,todo_list_update,run_01_seed_42,0.980043888092041
1490,add mopping to the to do list,65,todo_list_update,65,todo_list_update,run_01_seed_42,0.9998449087142944
1491,please put dusting on my list of things to do,65,todo_list_update,65,todo_list_update,run_01_seed_42,0.9999638795852661
1492,please note vacuuming on my to do list,65,todo_list_update,48,todo_list,run_01_seed_42,0.5445300936698914
1493,insert mowing on the chore list,65,todo_list_update,34,do_you_have_pets,run_01_seed_42,0.8215254545211792
1494,you can dusting off my todo list,65,todo_list_update,65,todo_list_update,run_01_seed_42,0.9995040893554688
1495,you take sweeping of my todo list,65,todo_list_update,65,todo_list_update,run_01_seed_42,0.9981662631034851
1496,you can vacuuming of my todo list,65,todo_list_update,65,todo_list_update,run_01_seed_42,0.9452518224716187
1497,you can take laundry off my todo list,65,todo_list_update,65,todo_list_update,run_01_seed_42,0.999743640422821
1498,you can take dishes off my todo list,65,todo_list_update,65,todo_list_update,run_01_seed_42,0.9995397329330444
1499,i need you to clear my todo list,65,todo_list_update,65,todo_list_update,run_01_seed_42,0.9999289512634277
1500,give me my reminders,76,reminder,76,reminder,run_01_seed_42,0.9998917579650879
1501,what were the things that i wanted to remember,76,reminder,76,reminder,run_01_seed_42,0.9999693632125854
1502,what were you supposed to remind me of,76,reminder,53,reminder_update,run_01_seed_42,0.9068740010261536
1503,my list of reminders contains what,76,reminder,76,reminder,run_01_seed_42,0.9998763799667358
1504,what did i want to remember,76,reminder,76,reminder,run_01_seed_42,0.9999755620956421
1505,what did i ask you to remind me of,76,reminder,76,reminder,run_01_seed_42,0.6149324774742126
1506,read my reminder list,76,reminder,76,reminder,run_01_seed_42,0.9999740123748779
1507,is my meeting with frank on my list of reminders,76,reminder,76,reminder,run_01_seed_42,0.9726600050926208
1508,list my reminders,76,reminder,76,reminder,run_01_seed_42,0.9999758005142212
1509,what stuff am i trying to remember,76,reminder,76,reminder,run_01_seed_42,0.9992541670799255
1510,what are my reminders,76,reminder,76,reminder,run_01_seed_42,0.9997273087501526
1511,did i tell you to remind me about laundry,76,reminder,129,fun_fact,run_01_seed_42,0.3380436301231384
1512,"on my reminders list, is there an item called conference call",76,reminder,46,meal_suggestion,run_01_seed_42,0.13478493690490723
1513,what items did i want to remember,76,reminder,76,reminder,run_01_seed_42,0.9999804496765137
1514,what's on my list of things to remember,76,reminder,76,reminder,run_01_seed_42,0.9992431402206421
1515,what kinds of things are you supposed to remind me of,76,reminder,115,what_can_i_ask_you,run_01_seed_42,0.8674596548080444
1516,is grocery shopping on my reminders list,76,reminder,76,reminder,run_01_seed_42,0.609462320804596
1517,i want to know my reminders,76,reminder,76,reminder,run_01_seed_42,0.9999711513519287
1518,read my list of reminders,76,reminder,76,reminder,run_01_seed_42,0.9999873638153076
1519,can you tell me the to do's on my reminder list,76,reminder,76,reminder,run_01_seed_42,0.9997487664222717
1520,please go though the bullet points on my reminder list,76,reminder,76,reminder,run_01_seed_42,0.9977148771286011
1521,what are all the things on my reminder list,76,reminder,76,reminder,run_01_seed_42,0.9996144771575928
1522,"i would like to hear the reminders that i listed on my things to remember list, please",76,reminder,76,reminder,run_01_seed_42,0.9999499320983887
1523,what were the things i want to recall,76,reminder,27,bill_balance,run_01_seed_42,0.26284635066986084
1524,can you please remind me of the items that i made note of to not forget,76,reminder,52,vaccines,run_01_seed_42,0.5007277131080627
1525,refresh my memory about what items i want to remember,76,reminder,76,reminder,run_01_seed_42,0.9997969269752502
1526,remind me of the items on my list of things to remember,76,reminder,76,reminder,run_01_seed_42,0.9990954399108887
1527,"i'd like to just confirm all of the reminders currently on my list of reminders, please",76,reminder,76,reminder,run_01_seed_42,0.9972386360168457
1528,please play my list of reminders,76,reminder,76,reminder,run_01_seed_42,0.9988560676574707
1529,"""which things are wanted to remember",76,reminder,76,reminder,run_01_seed_42,0.9807403087615967
1530,can i speed up your voice,119,change_speed,119,change_speed,run_01_seed_42,0.9973637461662292
1531,can i change your talking voice,119,change_speed,119,change_speed,run_01_seed_42,0.9572083353996277
1532,talk fast,119,change_speed,119,change_speed,run_01_seed_42,0.9906787276268005
1533,change voice speed,119,change_speed,119,change_speed,run_01_seed_42,0.9958248138427734
1534,change device talking speed,119,change_speed,119,change_speed,run_01_seed_42,0.993804931640625
1535,speak it again slowly,119,change_speed,119,change_speed,run_01_seed_42,0.7652724385261536
1536,try to speak slowly,119,change_speed,119,change_speed,run_01_seed_42,0.8725727200508118
1537,will you please slow down your voice,119,change_speed,119,change_speed,run_01_seed_42,0.9998045563697815
1538,slow down your voice,119,change_speed,119,change_speed,run_01_seed_42,0.9956936836242676
1539,can you speak faster,119,change_speed,119,change_speed,run_01_seed_42,0.9999629259109497
1540,how do i change the speed of your voice,119,change_speed,119,change_speed,run_01_seed_42,0.9998902082443237
1541,can you talk faster,119,change_speed,119,change_speed,run_01_seed_42,0.9998403787612915
1542,how do i make you talk faster,119,change_speed,119,change_speed,run_01_seed_42,0.9811844229698181
1543,why are you talking so slowly,119,change_speed,119,change_speed,run_01_seed_42,0.9895065426826477
1544,speed up your talking,119,change_speed,119,change_speed,run_01_seed_42,0.9951896667480469
1545,talk faster,119,change_speed,119,change_speed,run_01_seed_42,0.9995114803314209
1546,you talk to slow,119,change_speed,119,change_speed,run_01_seed_42,0.8433977961540222
1547,can you adjust the speed of your voice,119,change_speed,119,change_speed,run_01_seed_42,0.9987622499465942
1548,can you talk more slowly,119,change_speed,119,change_speed,run_01_seed_42,0.9998805522918701
1549,go faster,119,change_speed,119,change_speed,run_01_seed_42,0.5604472756385803
1550,can you not talk so fast,119,change_speed,119,change_speed,run_01_seed_42,0.9993440508842468
1551,speak more quickly,119,change_speed,119,change_speed,run_01_seed_42,0.9995711445808411
1552,you're talking too fast,119,change_speed,119,change_speed,run_01_seed_42,0.999702513217926
1553,you talk too slow,119,change_speed,119,change_speed,run_01_seed_42,0.996928870677948
1554,please speak a bit faster,119,change_speed,119,change_speed,run_01_seed_42,0.9993712306022644
1555,double the speaking speed please,119,change_speed,119,change_speed,run_01_seed_42,0.9914605617523193
1556,speed up speech please,119,change_speed,119,change_speed,run_01_seed_42,0.9994966983795166
1557,change speaking speed to 50 percent faster,119,change_speed,119,change_speed,run_01_seed_42,0.9964392781257629
1558,your speech slower it,119,change_speed,119,change_speed,run_01_seed_42,0.9997629523277283
1559,make slower your speech,119,change_speed,119,change_speed,run_01_seed_42,0.998079776763916
1560,give me the pressure for the tires on my car,98,tire_pressure,98,tire_pressure,run_01_seed_42,0.9995418787002563
1561,can you tell me the tire pressure for the car,98,tire_pressure,98,tire_pressure,run_01_seed_42,0.9983705878257751
1562,give me the tire pressure for the car,98,tire_pressure,98,tire_pressure,run_01_seed_42,0.9970779418945312
1563,go ahead and give me the tire pressure of my vehicle,98,tire_pressure,98,tire_pressure,run_01_seed_42,0.9997171759605408
1564,what exactly is the tire pressure for the car,98,tire_pressure,98,tire_pressure,run_01_seed_42,0.999414324760437
1565,i must kniw how low are my tires on air,98,tire_pressure,98,tire_pressure,run_01_seed_42,0.9998268485069275
1566,please tell me my car's tire pressure,98,tire_pressure,98,tire_pressure,run_01_seed_42,0.9999920129776001
1567,i need to know how low are my tires on air,98,tire_pressure,98,tire_pressure,run_01_seed_42,0.9998708963394165
1568,i shall know how low are my tires on air,98,tire_pressure,98,tire_pressure,run_01_seed_42,0.9993947744369507
1569,tell me my car's tire pressure,98,tire_pressure,98,tire_pressure,run_01_seed_42,0.9999810457229614
1570,i gotta know my car;s tire pressure,98,tire_pressure,98,tire_pressure,run_01_seed_42,0.9996671676635742
1571,i would like to know my car's tire pressure,98,tire_pressure,98,tire_pressure,run_01_seed_42,0.9999915361404419
1572,i gotta know how low are my tires on air,98,tire_pressure,98,tire_pressure,run_01_seed_42,0.9994800686836243
1573,i wanna know my car's tire pressure,98,tire_pressure,98,tire_pressure,run_01_seed_42,0.999961256980896
1574,i wanna know how low are my tires on air,98,tire_pressure,98,tire_pressure,run_01_seed_42,0.9996545314788818
1575,how can i find out what my tire pressure is,98,tire_pressure,98,tire_pressure,run_01_seed_42,0.9991877675056458
1576,how do i find out my tire pressure,98,tire_pressure,98,tire_pressure,run_01_seed_42,0.9998146891593933
1577,my tires are how low on air,98,tire_pressure,98,tire_pressure,run_01_seed_42,0.9971187114715576
1578,how low are my tires right now on air,98,tire_pressure,98,tire_pressure,run_01_seed_42,0.9996867179870605
1579,my tires are filled enough or no,98,tire_pressure,98,tire_pressure,run_01_seed_42,0.607638955116272
1580,what's the tire pressure of my tires,98,tire_pressure,98,tire_pressure,run_01_seed_42,0.9999614953994751
1581,is there enough air in my tires,98,tire_pressure,98,tire_pressure,run_01_seed_42,0.9999313354492188
1582,my tires need how much more air in them,98,tire_pressure,98,tire_pressure,run_01_seed_42,0.8805062770843506
1583,are my tires filled properly,98,tire_pressure,98,tire_pressure,run_01_seed_42,0.999180257320404
1584,are my tires filled enough,98,tire_pressure,98,tire_pressure,run_01_seed_42,0.9996281862258911
1585,what is the pressure of my tires,98,tire_pressure,98,tire_pressure,run_01_seed_42,0.9979349374771118
1586,do my tires have enough pressure,98,tire_pressure,98,tire_pressure,run_01_seed_42,0.9994063377380371
1587,what is the air pressure of my tires,98,tire_pressure,98,tire_pressure,run_01_seed_42,0.9999181032180786
1588,what is the level of air pressure of my tires,98,tire_pressure,98,tire_pressure,run_01_seed_42,0.9983364939689636
1589,is my tire pressure high,98,tire_pressure,98,tire_pressure,run_01_seed_42,0.999901533126831
1590,that isn't right,30,no,107,yes,run_01_seed_42,0.8805482387542725
1591,that's incorrect,30,no,30,no,run_01_seed_42,0.9694329500198364
1592,nope that's not it,30,no,30,no,run_01_seed_42,0.998374342918396
1593,no that isn't right,30,no,30,no,run_01_seed_42,0.9991889595985413
1594,that's not correct,30,no,30,no,run_01_seed_42,0.9863895773887634
1595,that isn't correct,30,no,107,yes,run_01_seed_42,0.9962945580482483
1596,that is incorrect,30,no,30,no,run_01_seed_42,0.5520263314247131
1597,that's wrong,30,no,30,no,run_01_seed_42,0.9925335645675659
1598,"no, that is wrong",30,no,30,no,run_01_seed_42,0.9996803998947144
1599,"no, that is incorrect",30,no,30,no,run_01_seed_42,0.9993126392364502
1600,"no, definitely not",30,no,30,no,run_01_seed_42,0.9992921352386475
1601,i'd say no,30,no,30,no,run_01_seed_42,0.9970115423202515
1602,the statement is false,30,no,30,no,run_01_seed_42,0.9938018918037415
1603,that's false,30,no,30,no,run_01_seed_42,0.9900615215301514
1604,false,30,no,30,no,run_01_seed_42,0.9629907011985779
1605,it is no,30,no,30,no,run_01_seed_42,0.9891577959060669
1606,it is false,30,no,30,no,run_01_seed_42,0.9469161629676819
1607,it is very much false,30,no,30,no,run_01_seed_42,0.9465649127960205
1608,that has to be false,30,no,30,no,run_01_seed_42,0.8174466490745544
1609,that is so false,30,no,30,no,run_01_seed_42,0.8773990869522095
1610,that can't be true,30,no,107,yes,run_01_seed_42,0.9999545812606812
1611,that's a negatory,30,no,107,yes,run_01_seed_42,0.5426120162010193
1612,there is no way in heck that is true,30,no,107,yes,run_01_seed_42,0.9715133905410767
1613,nope not it,30,no,30,no,run_01_seed_42,0.9969569444656372
1614,that is most definitely false,30,no,30,no,run_01_seed_42,0.8463537096977234
1615,"no, you are wrong",30,no,30,no,run_01_seed_42,0.9991936087608337
1616,"no, that is a falsehood",30,no,30,no,run_01_seed_42,0.977865993976593
1617,you got that wrong,30,no,107,yes,run_01_seed_42,0.9902616143226624
1618,that is the wrong answer,30,no,30,no,run_01_seed_42,0.9697840809822083
1619,not right now,30,no,30,no,run_01_seed_42,0.9724830985069275
1620,you need to tell me my credit card's apr,132,apr,132,apr,run_01_seed_42,0.9999985694885254
1621,now tell me my credit card's apr,132,apr,132,apr,run_01_seed_42,0.9999985694885254
1622,i need to know the apr on my wells fargo credit card,132,apr,132,apr,run_01_seed_42,0.9999955892562866
1623,tell me my chase credit card's apr,132,apr,132,apr,run_01_seed_42,0.9999980926513672
1624,tell me what my wells fargo credit card apr is,132,apr,132,apr,run_01_seed_42,0.9999431371688843
1625,what is my b of a credit card's apr,132,apr,132,apr,run_01_seed_42,0.9999953508377075
1626,can you tell me the apr of my target credit card,132,apr,132,apr,run_01_seed_42,0.9995012283325195
1627,what is my apr rate,132,apr,132,apr,run_01_seed_42,0.9997559189796448
1628,is my apr rate above average,132,apr,132,apr,run_01_seed_42,0.9987919926643372
1629,does my apr rate suck,132,apr,132,apr,run_01_seed_42,0.9999923706054688
1630,what is my card's apr rate,132,apr,132,apr,run_01_seed_42,0.9999990463256836
1631,is my apr rate better than most,132,apr,132,apr,run_01_seed_42,0.9943261742591858
1632,what's my credit card's annual percentage rate,132,apr,132,apr,run_01_seed_42,0.9998830556869507
1633,what's the annual percentage rate for my credit card,132,apr,7,interest_rate,run_01_seed_42,0.5964817404747009
1634,how high is the apr on my credit card,132,apr,132,apr,run_01_seed_42,0.9999686479568481
1635,what's the apr on my credit card,132,apr,132,apr,run_01_seed_42,0.9999940395355225
1636,how much am i paying for apr on my credit card,132,apr,27,bill_balance,run_01_seed_42,0.4982319176197052
1637,is my card's apr a decent rate,132,apr,132,apr,run_01_seed_42,0.9999970197677612
1638,can you tell me my apr on my credit card,132,apr,132,apr,run_01_seed_42,0.9999889135360718
1639,would you consider my apr to be good,132,apr,132,apr,run_01_seed_42,0.9997684359550476
1640,what's the current apr on my credit card,132,apr,132,apr,run_01_seed_42,0.9999948740005493
1641,what kind of credit card apr do i get,132,apr,132,apr,run_01_seed_42,0.9999960660934448
1642,what's my apr rate,132,apr,132,apr,run_01_seed_42,0.9989871382713318
1643,tell me my apr rate,132,apr,132,apr,run_01_seed_42,0.999988317489624
1644,could you share my credit card's apr,132,apr,132,apr,run_01_seed_42,0.9999926090240479
1645,is my apr rate good,132,apr,132,apr,run_01_seed_42,0.9998501539230347
1646,"i need to know what the current apr is for my chase sapphire, please",132,apr,132,apr,run_01_seed_42,0.9997274279594421
1647,can you find me the apr listed on the statement for my citi mastercard,132,apr,132,apr,run_01_seed_42,0.9966624975204468
1648,what's the apr on my capital one venture card,132,apr,132,apr,run_01_seed_42,0.9999971389770508
1649,inform me on what my credit card's apr is,132,apr,132,apr,run_01_seed_42,0.9999971389770508
1650,tell me nutritional info for brocoli,1,nutrition_info,1,nutrition_info,run_01_seed_42,0.9999622106552124
1651,tell me nutritional info for lettuce,1,nutrition_info,1,nutrition_info,run_01_seed_42,0.9999165534973145
1652,tell me nutritional info for fish,1,nutrition_info,1,nutrition_info,run_01_seed_42,0.9999746084213257
1653,tell me nutritional info for burger,1,nutrition_info,1,nutrition_info,run_01_seed_42,0.9999188184738159
1654,tell me nutritional info for beans,1,nutrition_info,1,nutrition_info,run_01_seed_42,0.9999719858169556
1655,how healthy is blueberrys,1,nutrition_info,1,nutrition_info,run_01_seed_42,0.8480111956596375
1656,how healthy is tacos,1,nutrition_info,1,nutrition_info,run_01_seed_42,0.9968377351760864
1657,how healthy is mcdonalds,1,nutrition_info,42,oos,run_01_seed_42,0.567141056060791
1658,how healthy is a cheeseburger,1,nutrition_info,42,oos,run_01_seed_42,0.9923838973045349
1659,how healthy is rice,1,nutrition_info,1,nutrition_info,run_01_seed_42,0.9689901471138
1660,find the nutrition info for whole milk for me,1,nutrition_info,1,nutrition_info,run_01_seed_42,0.9998233914375305
1661,what are the nutrition facts for greek yogurt,1,nutrition_info,1,nutrition_info,run_01_seed_42,0.9991747736930847
1662,find the nutrition info for ketchup for me,1,nutrition_info,1,nutrition_info,run_01_seed_42,0.9999456405639648
1663,what are the nutrition facts for cucumbers,1,nutrition_info,1,nutrition_info,run_01_seed_42,0.9999122619628906
1664,what are the nutrition facts for apple sauce,1,nutrition_info,1,nutrition_info,run_01_seed_42,0.9999830722808838
1665,what are the nutrition facts for peanut butter,1,nutrition_info,1,nutrition_info,run_01_seed_42,0.9999794960021973
1666,find the nutrition info for bell peppers for me,1,nutrition_info,1,nutrition_info,run_01_seed_42,0.9992294311523438
1667,find the nutrition info for cheese fries for me,1,nutrition_info,1,nutrition_info,run_01_seed_42,0.9998217225074768
1668,find the nutrition info for cucumbers for me,1,nutrition_info,1,nutrition_info,run_01_seed_42,0.9999699592590332
1669,what are the nutrition facts for carrots,1,nutrition_info,1,nutrition_info,run_01_seed_42,0.9999591112136841
1670,please give me the nutritional information for an egg,1,nutrition_info,1,nutrition_info,run_01_seed_42,0.9999617338180542
1671,what's the nutrition info for a pound of chicken,1,nutrition_info,1,nutrition_info,run_01_seed_42,0.9999886751174927
1672,tell me the nutrition info for a cup of milk,1,nutrition_info,1,nutrition_info,run_01_seed_42,0.9999849796295166
1673,what's the nutrition info for a cucumber,1,nutrition_info,1,nutrition_info,run_01_seed_42,0.9999948740005493
1674,give me the nutritional details for a cup of yogurt,1,nutrition_info,1,nutrition_info,run_01_seed_42,0.9986963868141174
1675,i need the nutrition facts for ramen,1,nutrition_info,1,nutrition_info,run_01_seed_42,0.999925971031189
1676,tell me the nutrition facts for shepherd's pie,1,nutrition_info,1,nutrition_info,run_01_seed_42,0.999993085861206
1677,i would like nutrition facts for spaghetti carbonara,1,nutrition_info,1,nutrition_info,run_01_seed_42,0.999201238155365
1678,tell me spaghetti bolognese's nutrition facts,1,nutrition_info,1,nutrition_info,run_01_seed_42,0.99997878074646
1679,i want the nutrition facts for buttered spaghetti,1,nutrition_info,1,nutrition_info,run_01_seed_42,0.9999790191650391
1680,do i have my nephew's birthday marked for november 10th,60,calendar,85,confirm_reservation,run_01_seed_42,0.8213934302330017
1681,do i have any appoints set for my calendar april 3rd,60,calendar,60,calendar,run_01_seed_42,0.9994451403617859
1682,did i set march 10th as my doctor's appointment,60,calendar,76,reminder,run_01_seed_42,0.7213408946990967
1683,do i have any appointments on my calendar march 22nd,60,calendar,60,calendar,run_01_seed_42,0.9999942779541016
1684,did i set a day on my calendar for voting in the next election,60,calendar,60,calendar,run_01_seed_42,0.9984917640686035
1685,did i mark the mechanic's appointment on my calendar,60,calendar,60,calendar,run_01_seed_42,0.6417134404182434
1686,do i have any calendars set for may 12th,60,calendar,60,calendar,run_01_seed_42,0.8289785385131836
1687,what day did i set on my calendar for the first day of school,60,calendar,60,calendar,run_01_seed_42,0.985711395740509
1688,is anything on my calendar for june 22nd,60,calendar,60,calendar,run_01_seed_42,0.9999616146087646
1689,what do i have going on on my calendar for march 18th,60,calendar,60,calendar,run_01_seed_42,0.9999656677246094
1690,is my meeting with frank on my calendar,60,calendar,19,meeting_schedule,run_01_seed_42,0.9693378210067749
1691,what do i have planned for 3/5,60,calendar,60,calendar,run_01_seed_42,0.996566653251648
1692,have i gotten around to adding the bike ride to my calendar yet,60,calendar,105,calendar_update,run_01_seed_42,0.9828018546104431
1693,what events do i have going on on march 11th,60,calendar,60,calendar,run_01_seed_42,0.9963634610176086
1694,i can't remember if i added the fun run to my calendar yet; did i,60,calendar,105,calendar_update,run_01_seed_42,0.9896038770675659
1695,have i added my doctor's appointment to my calendar,60,calendar,105,calendar_update,run_01_seed_42,0.9996830224990845
1696,do i have calendar events on march 19th,60,calendar,60,calendar,run_01_seed_42,0.9999924898147583
1697,read my calendar for march 7th,60,calendar,60,calendar,run_01_seed_42,0.999927282333374
1698,do i have any items on my calendar for march 21st,60,calendar,60,calendar,run_01_seed_42,0.9999948740005493
1699,do i have any calendar entries for march 8th,60,calendar,60,calendar,run_01_seed_42,0.9999657869338989
1700,tell me what's on my calendar for march 22nd,60,calendar,60,calendar,run_01_seed_42,0.9999936819076538
1701,is the marathon on friday added to my calendar,60,calendar,105,calendar_update,run_01_seed_42,0.9963261485099792
1702,what's on my calendar for march 20th,60,calendar,60,calendar,run_01_seed_42,0.9999722242355347
1703,what's on my calendar on march 10th,60,calendar,60,calendar,run_01_seed_42,0.9997866749763489
1704,"check my calendar for me, please",60,calendar,60,calendar,run_01_seed_42,0.99946528673172
1705,is event on my calendar,60,calendar,60,calendar,run_01_seed_42,0.9976490139961243
1706,retrieve events on my calendar,60,calendar,60,calendar,run_01_seed_42,0.8412253856658936
1707,is bowling on my calendar,60,calendar,60,calendar,run_01_seed_42,0.998997151851654
1708,on tuesday you are supposed to have a meeting,60,calendar,18,schedule_meeting,run_01_seed_42,0.9982413053512573
1709,you have yo go to school on calendar,60,calendar,105,calendar_update,run_01_seed_42,0.9811981320381165
1710,"i'd like an uber for 6 people, going to walmart",39,uber,39,uber,run_01_seed_42,0.9987296462059021
1711,can you get me an uber to disney world,39,uber,39,uber,run_01_seed_42,0.9999606609344482
1712,get me an uber for 3 people uptown,39,uber,39,uber,run_01_seed_42,0.9998923540115356
1713,i need to go downtown with 2 people; can you get me an uber,39,uber,39,uber,run_01_seed_42,0.9990715980529785
1714,i'm going to need to book an uber to universal studios,39,uber,39,uber,run_01_seed_42,0.9998762607574463
1715,i need to get four people to red lobster; can you order me an uber,39,uber,39,uber,run_01_seed_42,0.9955766201019287
1716,i'm going to need an uber for 4 people to go to patty's bar,39,uber,39,uber,run_01_seed_42,0.9996919631958008
1717,i need to get to the staples center; can you call me an uber,39,uber,39,uber,run_01_seed_42,0.9989606142044067
1718,find me an uber to the liberty bell,39,uber,39,uber,run_01_seed_42,0.9990161657333374
1719,i need an uber to madison square garden,39,uber,39,uber,run_01_seed_42,0.9999963045120239
1720,i need an uber to get to the bank,39,uber,39,uber,run_01_seed_42,0.9999817609786987
1721,can i get an uber to drive me to the movies,39,uber,39,uber,run_01_seed_42,0.9999548196792603
1722,contact uber and have them pick me up,39,uber,39,uber,run_01_seed_42,0.9939906597137451
1723,can i take an uber to the statue of liberty,39,uber,39,uber,run_01_seed_42,0.9996243715286255
1724,i need an uber for 5 to go to the concerthall,39,uber,39,uber,run_01_seed_42,0.9999915361404419
1725,get a uber for two to go to a romantic dinner at mcdonalds,39,uber,39,uber,run_01_seed_42,0.9970134496688843
1726,please call an uber for 6 people to go to amazon's southside warehouse,39,uber,39,uber,run_01_seed_42,0.9996589422225952
1727,find me an uber and get it here,39,uber,39,uber,run_01_seed_42,0.9980150461196899
1728,is there an uber that drives to the bank on 5th that can hold 3 people,39,uber,39,uber,run_01_seed_42,0.9996663331985474
1729,we'd like an uber for 4 to take us to the olive garden,39,uber,39,uber,run_01_seed_42,0.9997685551643372
1730,i want an uber for one person to go to bank of america,39,uber,39,uber,run_01_seed_42,0.9999356269836426
1731,can i get an uber for 2 to go to austin,39,uber,39,uber,run_01_seed_42,0.9999487400054932
1732,call me an uber please,39,uber,39,uber,run_01_seed_42,0.9988456964492798
1733,is it possible to take an uber to burger king,39,uber,39,uber,run_01_seed_42,0.9981271624565125
1734,book me an uber for a party of 5 to the salvage yard off maple,39,uber,39,uber,run_01_seed_42,0.999173104763031
1735,i need an uber for 5 people to go to the statue of liberty,39,uber,39,uber,run_01_seed_42,0.999968409538269
1736,i want an uber to take me to walmart,39,uber,39,uber,run_01_seed_42,0.9999723434448242
1737,have an uber sent to take me to the courthouse,39,uber,39,uber,run_01_seed_42,0.9997418522834778
1738,call an uber to take a group of 4 from this bar to the one on maple st,39,uber,39,uber,run_01_seed_42,0.9931446313858032
1739,i'm too drunk to drive and need an uber home,39,uber,39,uber,run_01_seed_42,0.998496413230896
1740,what is 300 divided by 42,138,calculator,138,calculator,run_01_seed_42,0.9998693466186523
1741,what is 400 times 2,138,calculator,138,calculator,run_01_seed_42,0.9999706745147705
1742,"what is the average of 54, 23, 43, 12, and 442",138,calculator,42,oos,run_01_seed_42,0.9729380011558533
1743,add 45 to 87 plus 54 plus 43 plus 22,138,calculator,105,calendar_update,run_01_seed_42,0.5533540844917297
1744,what is 48 multiplied by 4 divided by 2,138,calculator,138,calculator,run_01_seed_42,0.7616063952445984
1745,"what is 25% of $54,788",138,calculator,139,definition,run_01_seed_42,0.9194563031196594
1746,what is the square root of 95,138,calculator,138,calculator,run_01_seed_42,0.9996834993362427
1747,what is 1100 minus 2347,138,calculator,21,what_song,run_01_seed_42,0.33650293946266174
1748,tell me what 1875 plus 3459 equals,138,calculator,21,what_song,run_01_seed_42,0.39475104212760925
1749,tell me the answer to 1000 divided by 40,138,calculator,138,calculator,run_01_seed_42,0.9995878338813782
1750,what is 1000 plus 745,138,calculator,138,calculator,run_01_seed_42,0.9999880790710449
1751,i need to know the answer to 10000 multiplied by 44,138,calculator,72,directions,run_01_seed_42,0.966160774230957
1752,what is 100 multiplied by 55,138,calculator,21,what_song,run_01_seed_42,0.5429421067237854
1753,what's 15% of 68,138,calculator,42,oos,run_01_seed_42,0.6339003443717957
1754,what's 47 times 83,138,calculator,138,calculator,run_01_seed_42,0.7775627970695496
1755,"if something is 15% off $35, how much is it",138,calculator,101,pto_request_status,run_01_seed_42,0.5052880644798279
1756,how many times can 3 be divided into 1253,138,calculator,138,calculator,run_01_seed_42,0.9998444318771362
1757,divide 100 by 12,138,calculator,138,calculator,run_01_seed_42,0.23431101441383362
1758,find square root of 453,138,calculator,138,calculator,run_01_seed_42,0.5678668022155762
1759,what is 1243 times 45,138,calculator,138,calculator,run_01_seed_42,0.999609649181366
1760,find the square root of 1243435,138,calculator,138,calculator,run_01_seed_42,0.9828884601593018
1761,what is the square root of 36,138,calculator,138,calculator,run_01_seed_42,0.9999363422393799
1762,what is 592 minus 124,138,calculator,139,definition,run_01_seed_42,0.6495039463043213
1763,i need to know what 25 times 38 is,138,calculator,138,calculator,run_01_seed_42,0.7139758467674255
1764,can you calculate the square root of 172,138,calculator,138,calculator,run_01_seed_42,0.9999133348464966
1765,i bought 6 shirts at $499 each what was my total expenditure for them,138,calculator,85,confirm_reservation,run_01_seed_42,0.9408228397369385
1766,i spent 34 dollars for 12 gallons of paint what is the average price for each gallon,138,calculator,62,carry_on,run_01_seed_42,0.33591729402542114
1767,what is the sum of eleven and ten,138,calculator,139,definition,run_01_seed_42,0.5055071115493774
1768,what is the solution to sixty times thirty,138,calculator,138,calculator,run_01_seed_42,0.9110630750656128
1769,how do i ask the ai to help me with math problem,138,calculator,138,calculator,run_01_seed_42,0.9961525797843933
1770,date please,95,date,95,date,run_01_seed_42,0.8255388140678406
1771,what is the current day,95,date,95,date,run_01_seed_42,0.9938503503799438
1772,which day is it now,95,date,95,date,run_01_seed_42,0.9552682638168335
1773,what's the name of the day today,95,date,95,date,run_01_seed_42,0.9800770878791809
1774,what is the day now,95,date,95,date,run_01_seed_42,0.9885361194610596
1775,what day are we in,95,date,112,ingredients_list,run_01_seed_42,0.512161135673523
1776,tell me what tomorrow's date is,95,date,95,date,run_01_seed_42,0.9999891519546509
1777,please tell me what the date is tomorrow,95,date,95,date,run_01_seed_42,0.999992847442627
1778,let me know what tomorrow's date is,95,date,95,date,run_01_seed_42,0.9999828338623047
1779,let me know the date tomorrow,95,date,95,date,run_01_seed_42,0.9998977184295654
1780,i need to know tomorrow's date,95,date,95,date,run_01_seed_42,0.999825656414032
1781,please tell me what today is,95,date,95,date,run_01_seed_42,0.9997701048851013
1782,"tell me the date, please",95,date,95,date,run_01_seed_42,0.29330864548683167
1783,tell me the date 5 days from now,95,date,95,date,run_01_seed_42,0.9981092214584351
1784,tell me what the date will be in 5 days,95,date,95,date,run_01_seed_42,0.9999098777770996
1785,what is the date in 5 days,95,date,95,date,run_01_seed_42,0.9998431205749512
1786,"in 5 days from today, what will the date be",95,date,95,date,run_01_seed_42,0.995311439037323
1787,what would the date be 5 days from today,95,date,95,date,run_01_seed_42,0.9992552399635315
1788,what day it today,95,date,95,date,run_01_seed_42,0.9997195601463318
1789,what will tomorrow be on the calendar,95,date,60,calendar,run_01_seed_42,0.9890143275260925
1790,what date will it be tomorrow,95,date,95,date,run_01_seed_42,0.9993329644203186
1791,what date is it tomorrow,95,date,95,date,run_01_seed_42,0.9998377561569214
1792,what is the date of tomorrow,95,date,95,date,run_01_seed_42,0.9999504089355469
1793,what's tomorrow's date,95,date,95,date,run_01_seed_42,0.9998966455459595
1794,what's the date today,95,date,95,date,run_01_seed_42,0.999984860420227
1795,give me today's date,95,date,95,date,run_01_seed_42,0.9998369216918945
1796,tell me today's date,95,date,95,date,run_01_seed_42,0.9997645020484924
1797,what's the date,95,date,95,date,run_01_seed_42,0.9998056292533875
1798,today is which day of the week,95,date,95,date,run_01_seed_42,0.9996989965438843
1799,today is what day of the week,95,date,95,date,run_01_seed_42,0.9995809197425842
1800,what restrictions do they have for carry-on,62,carry_on,62,carry_on,run_01_seed_42,0.7100474834442139
1801,ist all carry-on restrictions applicable to my flight,62,carry_on,62,carry_on,run_01_seed_42,0.566290557384491
1802,what are the size limits regarding-carry on bags,62,carry_on,42,oos,run_01_seed_42,0.9945818781852722
1803,how many bags can i carry-on,62,carry_on,62,carry_on,run_01_seed_42,0.9724534153938293
1804,can i bring perfume on the plane or what is the size limit,62,carry_on,42,oos,run_01_seed_42,0.5972898602485657
1805,what are the rules for traveling with toothpaste,62,carry_on,117,are_you_a_bot,run_01_seed_42,0.3233758211135864
1806,can i bring suntan lotion in my carry on,62,carry_on,62,carry_on,run_01_seed_42,0.9999065399169922
1807,can i fly with my razors or are there restrictions,62,carry_on,128,travel_alert,run_01_seed_42,0.5684316754341125
1808,are there restrictions for carrying lighters in my backpack on a plane,62,carry_on,62,carry_on,run_01_seed_42,0.5861930847167969
1809,how many carry ons can i take on a flight with american airlines to japan,62,carry_on,62,carry_on,run_01_seed_42,0.9999920129776001
1810,how many carry ons can i take on a flight with panam to wales,62,carry_on,62,carry_on,run_01_seed_42,0.9999817609786987
1811,what is the carry-on policy for flights on panam,62,carry_on,62,carry_on,run_01_seed_42,0.9999908208847046
1812,what is the carry-on policy for flights on lufthansa,62,carry_on,62,carry_on,run_01_seed_42,0.9999834299087524
1813,what is the carry-on policy for flights on delta airlines,62,carry_on,62,carry_on,run_01_seed_42,0.9999961853027344
1814,how many carry ons can i take on a flight with southwestern to tampa,62,carry_on,62,carry_on,run_01_seed_42,0.9999858140945435
1815,how many carry ons can i take on a flight with delta to seattle,62,carry_on,62,carry_on,run_01_seed_42,0.9999850988388062
1816,how many carry ons can i take on a flight with united airlines to austin,62,carry_on,62,carry_on,run_01_seed_42,0.9996615648269653
1817,what is the carry-on policy for flights on the airline called jetblue,62,carry_on,62,carry_on,run_01_seed_42,0.9997854828834534
1818,i need to know the carry-on rules for southwest,62,carry_on,62,carry_on,run_01_seed_42,0.9999066591262817
1819,tell me the carry-on rules for my flight,62,carry_on,62,carry_on,run_01_seed_42,0.6809836626052856
1820,i am flying to finland and wanna know the carry-on rules,62,carry_on,62,carry_on,run_01_seed_42,0.9997976422309875
1821,what is the carry-on policy for flights on southwest,62,carry_on,62,carry_on,run_01_seed_42,0.9999939203262329
1822,i need to know the the carry-on restrictions for american airlines,62,carry_on,62,carry_on,run_01_seed_42,0.9999945163726807
1823,what is the carry-on policy for flights on transaero,62,carry_on,62,carry_on,run_01_seed_42,0.9999908208847046
1824,what is the carry-on policy for flights on jetblue,62,carry_on,62,carry_on,run_01_seed_42,0.9999876022338867
1825,i gotta know the the carry-on restrictions for american airlines,62,carry_on,62,carry_on,run_01_seed_42,0.9999980926513672
1826,what is the carry-on policy for flights on american airlines,62,carry_on,62,carry_on,run_01_seed_42,0.9999957084655762
1827,i must know the the carry-on restrictions for american airlines,62,carry_on,62,carry_on,run_01_seed_42,0.9999985694885254
1828,i wanna know the carry-on rules for the flight i have,62,carry_on,62,carry_on,run_01_seed_42,0.8953246474266052
1829,tell me the the carry-on restrictions for american airlines,62,carry_on,62,carry_on,run_01_seed_42,0.9999946355819702
1830,how many days did i take off,148,pto_used,148,pto_used,run_01_seed_42,0.9990100860595703
1831,tell me how many days i took off,148,pto_used,148,pto_used,run_01_seed_42,0.9355196356773376
1832,so how many days did i take off sir,148,pto_used,148,pto_used,run_01_seed_42,0.9991896748542786
1833,so how many days did i take off,148,pto_used,148,pto_used,run_01_seed_42,0.9997649788856506
1834,i need to know how many days i toof off,148,pto_used,126,pto_balance,run_01_seed_42,0.7286377549171448
1835,what is the total number of days that i have taken off work since january,148,pto_used,148,pto_used,run_01_seed_42,0.9999251365661621
1836,how many days off have i taken so far this year,148,pto_used,148,pto_used,run_01_seed_42,0.9999853372573853
1837,i want to know how many days off are listed on my time off sheet that i have taken this year,148,pto_used,148,pto_used,run_01_seed_42,0.9973645806312561
1838,tell me how many days off you see that i have taken so far this year please,148,pto_used,148,pto_used,run_01_seed_42,0.9996963739395142
1839,can you look and see how many days off i have taken so far since january,148,pto_used,148,pto_used,run_01_seed_42,0.9990540146827698
1840,check how many days off i've taken,148,pto_used,148,pto_used,run_01_seed_42,0.9998880624771118
1841,how many hours of pto have i used,148,pto_used,148,pto_used,run_01_seed_42,0.9999849796295166
1842,how much pto is gone,148,pto_used,126,pto_balance,run_01_seed_42,0.5086014866828918
1843,see how many days i've taken off so far,148,pto_used,148,pto_used,run_01_seed_42,0.9998992681503296
1844,how much of my pto is left,148,pto_used,126,pto_balance,run_01_seed_42,0.9219571948051453
1845,how much of my pto is gone,148,pto_used,148,pto_used,run_01_seed_42,0.9908514618873596
1846,please let me know how many days i've taken off,148,pto_used,148,pto_used,run_01_seed_42,0.9999359846115112
1847,what is the amount of my taken off days so far,148,pto_used,148,pto_used,run_01_seed_42,0.999710738658905
1848,i need to know how many days off i have used so far,148,pto_used,148,pto_used,run_01_seed_42,0.9999717473983765
1849,how many days off have i taken until right now,148,pto_used,148,pto_used,run_01_seed_42,0.999041736125946
1850,notify me how many days off i have used so far,148,pto_used,148,pto_used,run_01_seed_42,0.999974250793457
1851,tell me how many days off i have taken so far,148,pto_used,148,pto_used,run_01_seed_42,0.9999840259552002
1852,i want to know how many days off i have utilized until now,148,pto_used,126,pto_balance,run_01_seed_42,0.8393303155899048
1853,how much so far pto have i used,148,pto_used,148,pto_used,run_01_seed_42,0.9999922513961792
1854,i have used how much pto so far,148,pto_used,148,pto_used,run_01_seed_42,0.9997584223747253
1855,pto i have used so far is how much,148,pto_used,148,pto_used,run_01_seed_42,0.9987560510635376
1856,pto so far i have used is how much,148,pto_used,148,pto_used,run_01_seed_42,0.9995390176773071
1857,so far how much pto have i used,148,pto_used,148,pto_used,run_01_seed_42,0.999962329864502
1858,how many vacation days i have used,148,pto_used,148,pto_used,run_01_seed_42,0.9991779923439026
1859,i want to know how many vacation days i have used,148,pto_used,148,pto_used,run_01_seed_42,0.9988623857498169
1860,can you see if i can make an appointment to have my oil changed,131,schedule_maintenance,131,schedule_maintenance,run_01_seed_42,0.9961198568344116
1861,find out the next available date and time i can go to get my oil changed please,131,schedule_maintenance,123,oil_change_when,run_01_seed_42,0.9893832802772522
1862,can you let me know the next open slot for me to get my oil changed,131,schedule_maintenance,42,oos,run_01_seed_42,0.7705526947975159
1863,"i need to make an appointment for an oil change, please",131,schedule_maintenance,131,schedule_maintenance,run_01_seed_42,0.9965039491653442
1864,what is the next date for which i can get an oil change appointment,131,schedule_maintenance,123,oil_change_when,run_01_seed_42,0.9718568921089172
1865,i need a aaa service place to make an appointment for my tires to be assessed,131,schedule_maintenance,131,schedule_maintenance,run_01_seed_42,0.47480979561805725
1866,my auto tires need to be checked out so where can i get an appointment,131,schedule_maintenance,131,schedule_maintenance,run_01_seed_42,0.9952781200408936
1867,where can i go to have my tires checked out,131,schedule_maintenance,131,schedule_maintenance,run_01_seed_42,0.6131429672241211
1868,i need an appointment for someone to check out my check engine light being on,131,schedule_maintenance,131,schedule_maintenance,run_01_seed_42,0.9999594688415527
1869,my check engine light is on so is anyone available to check it out for me,131,schedule_maintenance,131,schedule_maintenance,run_01_seed_42,0.9989872574806213
1870,can someone take a look at my car because the check engine light is on,131,schedule_maintenance,131,schedule_maintenance,run_01_seed_42,0.9999865293502808
1871,do you have time today for someone to look at my car because the check engine light is on,131,schedule_maintenance,131,schedule_maintenance,run_01_seed_42,0.9940569400787354
1872,find a place near me to have my tires inspected,131,schedule_maintenance,131,schedule_maintenance,run_01_seed_42,0.4660196006298065
1873,where can i get a appointment for a tire check for the car,131,schedule_maintenance,131,schedule_maintenance,run_01_seed_42,0.7262814044952393
1874,i need to bring my car in because the check engine light is staying lit,131,schedule_maintenance,131,schedule_maintenance,run_01_seed_42,0.999935507774353
1875,can i get someone to check my check engine light,131,schedule_maintenance,131,schedule_maintenance,run_01_seed_42,0.9999220371246338
1876,can someone tell me why my check engine light is on,131,schedule_maintenance,131,schedule_maintenance,run_01_seed_42,0.9998704195022583
1877,"my check engine light is on, i need someone to look at it",131,schedule_maintenance,131,schedule_maintenance,run_01_seed_42,0.9728252291679382
1878,can someone look at my check engine light,131,schedule_maintenance,131,schedule_maintenance,run_01_seed_42,0.9998674392700195
1879,my check engine light is on and i need someone to look at it,131,schedule_maintenance,131,schedule_maintenance,run_01_seed_42,0.9997653365135193
1880,will someone please look at my check engine light that is on,131,schedule_maintenance,131,schedule_maintenance,run_01_seed_42,0.9998328685760498
1881,can someone look at my check engine light that's on,131,schedule_maintenance,131,schedule_maintenance,run_01_seed_42,0.9998286962509155
1882,could someone look at my check engine light that's on,131,schedule_maintenance,131,schedule_maintenance,run_01_seed_42,0.999903678894043
1883,can i get someone to look at my check engine light that is on,131,schedule_maintenance,131,schedule_maintenance,run_01_seed_42,0.9999198913574219
1884,should i schedule a car maintenance,131,schedule_maintenance,131,schedule_maintenance,run_01_seed_42,0.9996832609176636
1885,should i go to a car maintenance,131,schedule_maintenance,131,schedule_maintenance,run_01_seed_42,0.8797900676727295
1886,should i call a car maintenance,131,schedule_maintenance,40,car_rental,run_01_seed_42,0.39386147260665894
1887,may i schedule a car maintenance,131,schedule_maintenance,131,schedule_maintenance,run_01_seed_42,0.9998779296875
1888,should i take my car to a maintenance,131,schedule_maintenance,131,schedule_maintenance,run_01_seed_42,0.5644082427024841
1889,can i make a car maintenance appointment,131,schedule_maintenance,131,schedule_maintenance,run_01_seed_42,0.9989575147628784
1890,i will be traveling to lima alert my bank,146,travel_notification,146,travel_notification,run_01_seed_42,0.968834638595581
1891,assure my bank i really am going to california,146,travel_notification,146,travel_notification,run_01_seed_42,0.9690905809402466
1892,please tell my bank i'm traveling to mexico between next wednesday for a week after,146,travel_notification,146,travel_notification,run_01_seed_42,0.9943256974220276
1893,please inform my bank i'll be vacationing in the bahamas in a couple of days,146,travel_notification,146,travel_notification,run_01_seed_42,0.9989421963691711
1894,"i'm going to be in mexico from thursday to friday, so can you let my bank know",146,travel_notification,146,travel_notification,run_01_seed_42,0.9987905621528625
1895,please kindly inform my bank i'm going to be in canada from next week to two weeks after,146,travel_notification,146,travel_notification,run_01_seed_42,0.9999583959579468
1896,"let my bank know i'll be in ireland from may 01, 2019 to august 02, 2019",146,travel_notification,146,travel_notification,run_01_seed_42,0.9998689889907837
1897,alert my bank i'm checking out seattle for the next month,146,travel_notification,146,travel_notification,run_01_seed_42,0.9693720936775208
1898,i'm going to brazil soon and want to let my bank now,146,travel_notification,146,travel_notification,run_01_seed_42,0.9992269277572632
1899,i'm leaving for montreal tomorrow and need to let my bank know,146,travel_notification,146,travel_notification,run_01_seed_42,0.9935715198516846
1900,inform my bank i'm traveling to australia between february 23rd to february 25th,146,travel_notification,146,travel_notification,run_01_seed_42,0.9999580383300781
1901,please tell my bank i'll be in anchorage this week,146,travel_notification,146,travel_notification,run_01_seed_42,0.9999796152114868
1902,"i need to tell my bank i am, indeed, going to be in london in a few hours",146,travel_notification,146,travel_notification,run_01_seed_42,0.9999829530715942
1903,please alert my bank i'm going to be in the caymans from may 1st to june 2nd,146,travel_notification,146,travel_notification,run_01_seed_42,0.9999887943267822
1904,let my bank know i actually am visiting brazil,146,travel_notification,146,travel_notification,run_01_seed_42,0.988210916519165
1905,i'll be travelling to russia from april 1 through april 20 and need my financial institute apprised of it,146,travel_notification,63,book_flight,run_01_seed_42,0.4271552860736847
1906,please alert my bank i'm traveling to europe between april 1st and 5th,146,travel_notification,146,travel_notification,run_01_seed_42,0.9981708526611328
1907,tell my bank's fraud department i'm going to mexico,146,travel_notification,89,pin_change,run_01_seed_42,0.23307287693023682
1908,please notify my bank i'm going to africa between tomorrow and next tuesday,146,travel_notification,146,travel_notification,run_01_seed_42,0.9986534118652344
1909,tell my bank i'm in canada the entire week of the 6th to the 13th,146,travel_notification,146,travel_notification,run_01_seed_42,0.9995966553688049
1910,inform my bank i'm seeing italy,146,travel_notification,146,travel_notification,run_01_seed_42,0.9985532164573669
1911,can you notify my bank that i will be traveling to mexico between march 1st and 15th,146,travel_notification,146,travel_notification,run_01_seed_42,0.9999810457229614
1912,please let my bank know that i will be visiting spain from june 12th to the 24th,146,travel_notification,146,travel_notification,run_01_seed_42,0.9999927282333374
1913,i need you to make my bank aware that i will be visiting taiwan from the 22nd of february until the 3rd of march,146,travel_notification,146,travel_notification,run_01_seed_42,0.9924768805503845
1914,send a notification to my bank of my travel dates from february 19th to 26th to peru,146,travel_notification,146,travel_notification,run_01_seed_42,0.9189220666885376
1915,alert my bank of my travel to dubai for the dates april 14th through april 22nd,146,travel_notification,105,calendar_update,run_01_seed_42,0.8074775338172913
1916,"from sunday to wednesday, i will be in oakland, so should i call my bank to let them know",146,travel_notification,146,travel_notification,run_01_seed_42,0.9972580671310425
1917,my bank needs to know about my traveling to georgia in europe,146,travel_notification,146,travel_notification,run_01_seed_42,0.9515771269798279
1918,must call my bank about my travel plans,146,travel_notification,103,application_status,run_01_seed_42,0.7464504837989807
1919,contact bank and let them know about my travel plans,146,travel_notification,103,application_status,run_01_seed_42,0.7626686692237854
1920,i want my phone to be disconnected from you,130,sync_device,130,sync_device,run_01_seed_42,0.780390202999115
1921,i would like for my phone to be synced with you,130,sync_device,130,sync_device,run_01_seed_42,0.6839934587478638
1922,can you connect to my phone,130,sync_device,130,sync_device,run_01_seed_42,0.9999722242355347
1923,i would like for you to unsync my phone,130,sync_device,130,sync_device,run_01_seed_42,0.9990596175193787
1924,i no longer want you to be synced to my phone,130,sync_device,130,sync_device,run_01_seed_42,0.9997722506523132
1925,i do not want my phone synced anymore,130,sync_device,130,sync_device,run_01_seed_42,0.9686515927314758
1926,i want you paired to my phone,130,sync_device,130,sync_device,run_01_seed_42,0.9987344145774841
1927,please sync up with my phone,130,sync_device,130,sync_device,run_01_seed_42,0.9995181560516357
1928,can you pair yourself with my phone please,130,sync_device,130,sync_device,run_01_seed_42,0.999885082244873
1929,can you please disconnect from my phone,130,sync_device,130,sync_device,run_01_seed_42,0.9998149275779724
1930,remove the connection to my phone,130,sync_device,130,sync_device,run_01_seed_42,0.9999593496322632
1931,can you sync up with my phone,130,sync_device,130,sync_device,run_01_seed_42,0.9957173466682434
1932,i want you to connect to my handset,130,sync_device,130,sync_device,run_01_seed_42,0.734441876411438
1933,pair yourself to my phone if you can,130,sync_device,130,sync_device,run_01_seed_42,0.9969528913497925
1934,connect to my device,130,sync_device,130,sync_device,run_01_seed_42,0.9331320524215698
1935,can you link up with my phone,130,sync_device,130,sync_device,run_01_seed_42,0.9987912774085999
1936,can you disconnect yourself from my phone,130,sync_device,130,sync_device,run_01_seed_42,0.9998152852058411
1937,don't be synced to my phone anymore,130,sync_device,130,sync_device,run_01_seed_42,0.9957939386367798
1938,can you get paired to my phone right away,130,sync_device,130,sync_device,run_01_seed_42,0.9942432045936584
1939,i don't want you connected to my phone anymore,130,sync_device,130,sync_device,run_01_seed_42,0.9987275004386902
1940,please get connected to my phone,130,sync_device,130,sync_device,run_01_seed_42,0.9998859167098999
1941,i don't want you synced to my phone anymore,130,sync_device,130,sync_device,run_01_seed_42,0.9975366592407227
1942,sync with my phone please,130,sync_device,130,sync_device,run_01_seed_42,0.999954342842102
1943,please unsync from my phone right now,130,sync_device,130,sync_device,run_01_seed_42,0.9996179342269897
1944,unsync yourself from my device,130,sync_device,133,transfer,run_01_seed_42,0.9114242792129517
1945,please connect yourself to my main phone,130,sync_device,130,sync_device,run_01_seed_42,0.999390721321106
1946,unsync from my phone please,130,sync_device,130,sync_device,run_01_seed_42,0.999887228012085
1947,don't be connected to my phone anymore,130,sync_device,130,sync_device,run_01_seed_42,0.9765802025794983
1948,disconnect from my device please,130,sync_device,130,sync_device,run_01_seed_42,0.7836781144142151
1949,"alexa, connect to the phone now",130,sync_device,130,sync_device,run_01_seed_42,0.9922203421592712
1950,thank you ever so much for that!,124,thank_you,124,thank_you,run_01_seed_42,0.9998940229415894
1951,you’re the best thanks so much!,124,thank_you,124,thank_you,run_01_seed_42,0.9691268801689148
1952,thanks for helping,124,thank_you,124,thank_you,run_01_seed_42,0.999762237071991
1953,i am grateful for the help,124,thank_you,124,thank_you,run_01_seed_42,0.9886806011199951
1954,thank you for the heip,124,thank_you,124,thank_you,run_01_seed_42,0.9998593330383301
1955,i apprecaite the help from you,124,thank_you,124,thank_you,run_01_seed_42,0.37375274300575256
1956,thanks that was really helpful,124,thank_you,124,thank_you,run_01_seed_42,0.9973125457763672
1957,thank you for your time and trying to help,124,thank_you,124,thank_you,run_01_seed_42,0.9956081509590149
1958,thank you for your assistance,124,thank_you,124,thank_you,run_01_seed_42,0.9998711347579956
1959,thanks for all your help,124,thank_you,124,thank_you,run_01_seed_42,0.9999098777770996
1960,thanks for trying,124,thank_you,124,thank_you,run_01_seed_42,0.9540524482727051
1961,many thank,124,thank_you,124,thank_you,run_01_seed_42,0.9659265875816345
1962,thanks a million,124,thank_you,124,thank_you,run_01_seed_42,0.9947351813316345
1963,thank a bunch,124,thank_you,124,thank_you,run_01_seed_42,0.9989474415779114
1964,i appeciate it,124,thank_you,121,maybe,run_01_seed_42,0.8469827771186829
1965,i would like to thank you ai,124,thank_you,124,thank_you,run_01_seed_42,0.7834649682044983
1966,"ai you have given me so much information, thank you",124,thank_you,124,thank_you,run_01_seed_42,0.9641368985176086
1967,thanks so much ai,124,thank_you,124,thank_you,run_01_seed_42,0.9999856948852539
1968,thank you ai for everything you do,124,thank_you,124,thank_you,run_01_seed_42,0.9795109033584595
1969,"ai is a helpful item to have in my home, thank you",124,thank_you,120,plug_type,run_01_seed_42,0.5113047957420349
1970,thank you very much,124,thank_you,124,thank_you,run_01_seed_42,0.9999464750289917
1971,"that answer was very helpful, thanks",124,thank_you,124,thank_you,run_01_seed_42,0.6281261444091797
1972,"great, thanks!",124,thank_you,147,cancel,run_01_seed_42,0.503492534160614
1973,thanks for your help!,124,thank_you,124,thank_you,run_01_seed_42,0.9999264478683472
1974,thanks so much,124,thank_you,124,thank_you,run_01_seed_42,0.9999916553497314
1975,thanks for that answer,124,thank_you,124,thank_you,run_01_seed_42,0.9995461106300354
1976,thank you for that reply,124,thank_you,124,thank_you,run_01_seed_42,0.9998842477798462
1977,thanks for the reply,124,thank_you,124,thank_you,run_01_seed_42,0.9997227787971497
1978,thanks for that response,124,thank_you,124,thank_you,run_01_seed_42,0.9983342289924622
1979,thank you for that response,124,thank_you,124,thank_you,run_01_seed_42,0.9988429546356201
1980,how much do you get when you roll an eight sided die,92,roll_dice,92,roll_dice,run_01_seed_42,0.9977831244468689
1981,i need a dice roll for a six sided die,92,roll_dice,92,roll_dice,run_01_seed_42,0.9999923706054688
1982,roll a dice that has seven sides,92,roll_dice,92,roll_dice,run_01_seed_42,0.9997740387916565
1983,roll the five sided die,92,roll_dice,92,roll_dice,run_01_seed_42,0.9999523162841797
1984,what is the result when you roll a four sided die,92,roll_dice,92,roll_dice,run_01_seed_42,0.9996368885040283
1985,roll a fourteen sided dice exactly,92,roll_dice,92,roll_dice,run_01_seed_42,0.9999767541885376
1986,please roll twelve sided dice,92,roll_dice,92,roll_dice,run_01_seed_42,0.9999942779541016
1987,can i have a 2 sided dice,92,roll_dice,92,roll_dice,run_01_seed_42,0.9985243678092957
1988,roll a 9 sided dice,92,roll_dice,92,roll_dice,run_01_seed_42,0.9999836683273315
1989,roll five sided dice,92,roll_dice,92,roll_dice,run_01_seed_42,0.9999964237213135
1990,roll those dice once,92,roll_dice,92,roll_dice,run_01_seed_42,0.9999793767929077
1991,throw a roll of the dice,92,roll_dice,92,roll_dice,run_01_seed_42,0.9999939203262329
1992,make a roll of the dice,92,roll_dice,92,roll_dice,run_01_seed_42,0.9999864101409912
1993,"ai pick up the dice, then drop it",92,roll_dice,14,whisper_mode,run_01_seed_42,0.2499752938747406
1994,ai toss the dice,92,roll_dice,92,roll_dice,run_01_seed_42,0.9998250603675842
1995,ai roll the dice,92,roll_dice,92,roll_dice,run_01_seed_42,0.9999898672103882
1996,ai throw the dice on the table,92,roll_dice,92,roll_dice,run_01_seed_42,0.9983987212181091
1997,"ai shake the dice in a cup, then throw dice on table",92,roll_dice,92,roll_dice,run_01_seed_42,0.9979440569877625
1998,can you roll a four sided die and tell me the result,92,roll_dice,92,roll_dice,run_01_seed_42,0.9740159511566162
1999,roll a six sided die for me and tell me the result,92,roll_dice,92,roll_dice,run_01_seed_42,0.9987114667892456
2000,roll a die please,92,roll_dice,92,roll_dice,run_01_seed_42,0.9999289512634277
2001,can you roll an eight sided die and tell me what it comes up as,92,roll_dice,92,roll_dice,run_01_seed_42,0.9609312415122986
2002,can you simulate a dice roll,92,roll_dice,92,roll_dice,run_01_seed_42,0.9999719858169556
2003,can you roll a ten sided die and tell me the number,92,roll_dice,92,roll_dice,run_01_seed_42,0.9480590224266052
2004,roll a four sided die for me,92,roll_dice,92,roll_dice,run_01_seed_42,0.9997735619544983
2005,simulate rolling a dice and tell me what it lands on,92,roll_dice,92,roll_dice,run_01_seed_42,0.735069751739502
2006,can you roll a die for me,92,roll_dice,92,roll_dice,run_01_seed_42,0.9995311498641968
2007,can you fake roll a die for me,92,roll_dice,92,roll_dice,run_01_seed_42,0.9996912479400635
2008,what's the result of a 10-sided dice roll,92,roll_dice,92,roll_dice,run_01_seed_42,0.999985933303833
2009,can you roll a 10-sided dice for me,92,roll_dice,92,roll_dice,run_01_seed_42,0.999941349029541
2010,how soon milk expires,54,food_last,54,food_last,run_01_seed_42,0.9955812096595764
2011,when does milk will go bad,54,food_last,54,food_last,run_01_seed_42,0.9944133162498474
2012,how many days milk can be preserved,54,food_last,42,oos,run_01_seed_42,0.9745128750801086
2013,what is expire of milk,54,food_last,54,food_last,run_01_seed_42,0.9131258726119995
2014,when is the milk date before used,54,food_last,95,date,run_01_seed_42,0.5157110095024109
2015,when does the jerky expire,54,food_last,54,food_last,run_01_seed_42,0.9588755965232849
2016,what is the expiration date for honey,54,food_last,54,food_last,run_01_seed_42,0.539630651473999
2017,when is the egg expired,54,food_last,42,oos,run_01_seed_42,0.9160169959068298
2018,when does the honey expire,54,food_last,54,food_last,run_01_seed_42,0.989068329334259
2019,what is the expiration date for those eg,54,food_last,54,food_last,run_01_seed_42,0.5314673185348511
2020,how long can i freeze tofu before it goes bad,54,food_last,54,food_last,run_01_seed_42,0.9996187686920166
2021,how much time do i have to keep tofu in the freezer before it goes bad,54,food_last,54,food_last,run_01_seed_42,0.9985803365707397
2022,when will tofu expire if i keep it in the freezer,54,food_last,54,food_last,run_01_seed_42,0.9999665021896362
2023,how long will tofu last in the freezer before it expires,54,food_last,54,food_last,run_01_seed_42,0.9984151124954224
2024,does tofu last long in the freezer before it goes bad,54,food_last,54,food_last,run_01_seed_42,0.999981164932251
2025,how many days later is it okay to eat curry that was in the fridge,54,food_last,54,food_last,run_01_seed_42,0.9999082088470459
2026,within what time is is fine to eat cooked tilapia kept in the fridge,54,food_last,54,food_last,run_01_seed_42,0.9903438091278076
2027,what is the most amount of time that is considered safe to store uncooked chicken in the fridge,54,food_last,54,food_last,run_01_seed_42,0.9999644756317139
2028,what length of time is safe for consuming leftover meatloaf stored in the fridge,54,food_last,54,food_last,run_01_seed_42,0.9978959560394287
2029,what is the longest i can leave meatballs in sauce in the freezer before it is no longer safe to eat,54,food_last,54,food_last,run_01_seed_42,0.9943515062332153
2030,can i store bread in the freezer indefinitely and it will still be okay,54,food_last,54,food_last,run_01_seed_42,0.9998754262924194
2031,after how much time is it still safe to drink milk that is in the fridge,54,food_last,54,food_last,run_01_seed_42,0.9998143315315247
2032,what is the most time i can keep a burrito frozen for before it's no good to eat,54,food_last,54,food_last,run_01_seed_42,0.9621075391769409
2033,roughly how long can i leave bananas in the freezer before i have to throw them out,54,food_last,54,food_last,run_01_seed_42,0.9993308782577515
2034,how long does chicken curry last in the freezer before it's spoiled,54,food_last,54,food_last,run_01_seed_42,0.9999428987503052
2035,milk can stay in my fridge for how long,54,food_last,54,food_last,run_01_seed_42,0.9999680519104004
2036,milk will go bad in my fridge when,54,food_last,54,food_last,run_01_seed_42,0.9990642666816711
2037,what is the amount of time to keep milk refrigerated,54,food_last,86,cook_time,run_01_seed_42,0.7204127907752991
2038,tell me how long milk stays good in the fridge,54,food_last,54,food_last,run_01_seed_42,0.999935507774353
2039,how long can i keep milk in the fridge,54,food_last,54,food_last,run_01_seed_42,0.9999834299087524
2040,how long to grill thick steaks,86,cook_time,86,cook_time,run_01_seed_42,0.9774198532104492
2041,how long does pizza take,86,cook_time,86,cook_time,run_01_seed_42,0.9978880286216736
2042,lasagna takes how long to cook,86,cook_time,86,cook_time,run_01_seed_42,0.9999750852584839
2043,bake time for brownies,86,cook_time,86,cook_time,run_01_seed_42,0.3695629835128784
2044,how many minutes are involved in the preparation of curry,86,cook_time,86,cook_time,run_01_seed_42,0.8022313117980957
2045,what's the preparation time for this dish,86,cook_time,86,cook_time,run_01_seed_42,0.9922744631767273
2046,what is the proper cooking time for this,86,cook_time,86,cook_time,run_01_seed_42,0.839777946472168
2047,how long do i cook this for,86,cook_time,86,cook_time,run_01_seed_42,0.999686598777771
2048,look up recipe time for this,86,cook_time,140,next_holiday,run_01_seed_42,0.36168116331100464
2049,how many minutes should i put meal the cake in the oven,86,cook_time,86,cook_time,run_01_seed_42,0.9983332753181458
2050,what's the average cooking time for cooking wings,86,cook_time,86,cook_time,run_01_seed_42,0.9987780451774597
2051,how many minutes should i set an alarm for this bake,86,cook_time,83,alarm,run_01_seed_42,0.7422374486923218
2052,when can i expect meal of salmon to be finished,86,cook_time,42,oos,run_01_seed_42,0.6976757049560547
2053,how long does it take to cook meal of tuscan,86,cook_time,86,cook_time,run_01_seed_42,0.999755322933197
2054,tell me how long it will take to prepare a lasagna,86,cook_time,86,cook_time,run_01_seed_42,0.9989023208618164
2055,i want to cook a lasagna please tell me how long it will take,86,cook_time,86,cook_time,run_01_seed_42,0.9962479472160339
2056,how long will it take to cook a lasagna,86,cook_time,86,cook_time,run_01_seed_42,0.9998088479042053
2057,can you tell me how long it will take to cook a lasagna,86,cook_time,86,cook_time,run_01_seed_42,0.9998258948326111
2058,how long does it take to prepare a lasagna,86,cook_time,86,cook_time,run_01_seed_42,0.9994956254959106
2059,how long do i need to cook chicken,86,cook_time,86,cook_time,run_01_seed_42,0.9999732971191406
2060,how long should i boil eggs,86,cook_time,86,cook_time,run_01_seed_42,0.9995355606079102
2061,how long should i bake a cake,86,cook_time,86,cook_time,run_01_seed_42,0.9999833106994629
2062,how long does it take to cook steaks,86,cook_time,86,cook_time,run_01_seed_42,0.999944806098938
2063,how long does it take to bake a cake,86,cook_time,86,cook_time,run_01_seed_42,0.99980229139328
2064,how long should i cook the cookie dough,86,cook_time,86,cook_time,run_01_seed_42,0.9997764229774475
2065,how long should i cook my turkey,86,cook_time,86,cook_time,run_01_seed_42,0.999745786190033
2066,how long do i boil eggs,86,cook_time,86,cook_time,run_01_seed_42,0.942879855632782
2067,how long does it take to make mashed potatoes,86,cook_time,86,cook_time,run_01_seed_42,0.9999352693557739
2068,how long will it take to make an omelet,86,cook_time,86,cook_time,run_01_seed_42,0.9963930249214172
2069,what are the minutes needed to cook the meal,86,cook_time,86,cook_time,run_01_seed_42,0.5401453375816345
2070,i want to be reminded to pay the electric bill,53,reminder_update,111,pay_bill,run_01_seed_42,0.9992019534111023
2071,don't forget to tell me to call my mother,53,reminder_update,25,make_call,run_01_seed_42,0.7331960797309875
2072,remind me to put gas in my car,53,reminder_update,8,gas_type,run_01_seed_42,0.5369771718978882
2073,set a reminder to buy bread,53,reminder_update,53,reminder_update,run_01_seed_42,0.9985055923461914
2074,make a reminder to pay the mortgage,53,reminder_update,53,reminder_update,run_01_seed_42,0.999910831451416
2075,create a reminder to wash the dishes,53,reminder_update,53,reminder_update,run_01_seed_42,0.999980092048645
2076,create a reminder to change my oil,53,reminder_update,3,oil_change_how,run_01_seed_42,0.9437128901481628
2077,set a reminder for when the turkey is finished cooking,53,reminder_update,53,reminder_update,run_01_seed_42,0.8648512363433838
2078,make a reminder to pay my cable bill today,53,reminder_update,53,reminder_update,run_01_seed_42,0.9047070145606995
2079,i need a reminder to give the dog his medicine at ten tonight,53,reminder_update,53,reminder_update,run_01_seed_42,0.9995169639587402
2080,i don't want to forget to call mom,53,reminder_update,25,make_call,run_01_seed_42,0.9967296123504639
2081,i need a reminder to wash dishes,53,reminder_update,53,reminder_update,run_01_seed_42,0.9999628067016602
2082,remind me to exercise,53,reminder_update,53,reminder_update,run_01_seed_42,0.9999675750732422
2083,help me to remember to pick up stan later,53,reminder_update,53,reminder_update,run_01_seed_42,0.9865282773971558
2084,tell me later to call bill,53,reminder_update,25,make_call,run_01_seed_42,0.8740938901901245
2085,i need to be reminded to do something,53,reminder_update,53,reminder_update,run_01_seed_42,0.9905011653900146
2086,set up a new reminder to alert me when it's time to put the trash out,53,reminder_update,53,reminder_update,run_01_seed_42,0.9909223914146423
2087,can you remind me to finish a task,53,reminder_update,53,reminder_update,run_01_seed_42,0.8129971027374268
2088,please set up a reminder for me,53,reminder_update,83,alarm,run_01_seed_42,0.7539021372795105
2089,i would like you to remind me to do something,53,reminder_update,53,reminder_update,run_01_seed_42,0.9999545812606812
2090,i need a reminder to take dinner out of the oven,53,reminder_update,53,reminder_update,run_01_seed_42,0.9977966547012329
2091,create a new reminder to study for my final exams,53,reminder_update,53,reminder_update,run_01_seed_42,0.9987473487854004
2092,i need a reminder to alert me to wish my mom a happy birthday,53,reminder_update,53,reminder_update,run_01_seed_42,0.9744341969490051
2093,are you able to remind me about something,53,reminder_update,129,fun_fact,run_01_seed_42,0.8861316442489624
2094,set up a reminder so i don't forget the baby shower this weekend,53,reminder_update,53,reminder_update,run_01_seed_42,0.9990678429603577
2095,set a reminder for me to let the plumber in tomorrow,53,reminder_update,53,reminder_update,run_01_seed_42,0.9999854564666748
2096,i need to set a reminder to call lisa for her birthday,53,reminder_update,53,reminder_update,run_01_seed_42,0.9999654293060303
2097,i would like to set a reminder to bring the plants in tonight,53,reminder_update,53,reminder_update,run_01_seed_42,0.9997294545173645
2098,can you set a reminder alarm for me to workout,53,reminder_update,53,reminder_update,run_01_seed_42,0.6246413588523865
2099,please set a reminder for me to put the clothes in the dryer,53,reminder_update,53,reminder_update,run_01_seed_42,0.9982879757881165
2100,i need to tell you about my lost card,12,report_lost_card,12,report_lost_card,run_01_seed_42,0.9948036074638367
2101,"i lost my card, what do i do next",12,report_lost_card,12,report_lost_card,run_01_seed_42,0.9570195078849792
2102,"i have lost my card, what am i supposed to do",12,report_lost_card,12,report_lost_card,run_01_seed_42,0.979512095451355
2103,where do i report that my card was lost,12,report_lost_card,12,report_lost_card,run_01_seed_42,0.9815805554389954
2104,who do i speak with about my card that was lost,12,report_lost_card,49,card_declined,run_01_seed_42,0.23299315571784973
2105,please help me report my lost card,12,report_lost_card,12,report_lost_card,run_01_seed_42,0.998467743396759
2106,set up a report for a lost card,12,report_lost_card,87,damaged_card,run_01_seed_42,0.476144939661026
2107,can you report a lost card for me,12,report_lost_card,12,report_lost_card,run_01_seed_42,0.9951199293136597
2108,i lost my card and need to report it,12,report_lost_card,12,report_lost_card,run_01_seed_42,0.9868155121803284
2109,what is the process for reporting my card as lost,12,report_lost_card,12,report_lost_card,run_01_seed_42,0.7340097427368164
2110,someone used my chase card without my authorization,12,report_lost_card,70,report_fraud,run_01_seed_42,0.9875602126121521
2111,can you tell me how to report a card lost,12,report_lost_card,12,report_lost_card,run_01_seed_42,0.46776700019836426
2112,please tell me how to go about reporting a lost card,12,report_lost_card,12,report_lost_card,run_01_seed_42,0.9968749284744263
2113,search steps for how to report a card lost,12,report_lost_card,12,report_lost_card,run_01_seed_42,0.4670937657356262
2114,i need to to know how to report a lost card,12,report_lost_card,12,report_lost_card,run_01_seed_42,0.9626972675323486
2115,my bank of america visa platinum was swiped from my belongings,12,report_lost_card,70,report_fraud,run_01_seed_42,0.4785066843032837
2116,who do i call to report my card as lost,12,report_lost_card,12,report_lost_card,run_01_seed_42,0.8529664874076843
2117,what should i do if i need to report my card lost,12,report_lost_card,12,report_lost_card,run_01_seed_42,0.7685527205467224
2118,my capital one visa was taken without permission,12,report_lost_card,70,report_fraud,run_01_seed_42,0.6041315197944641
2119,i need to report that someone ran off with my td bank card earlier,12,report_lost_card,70,report_fraud,run_01_seed_42,0.4600774049758911
2120,what steps do i need to take to report a card lost,12,report_lost_card,91,new_card,run_01_seed_42,0.46869492530822754
2121,i would like to report my american express card stolen,12,report_lost_card,12,report_lost_card,run_01_seed_42,0.9989056587219238
2122,how do i report that i lost my card,12,report_lost_card,12,report_lost_card,run_01_seed_42,0.9274845719337463
2123,how do i report that i actually lost my card,12,report_lost_card,12,report_lost_card,run_01_seed_42,0.9688809514045715
2124,how do i report that i lost the card,12,report_lost_card,87,damaged_card,run_01_seed_42,0.4449269473552704
2125,how do i report my very lost card,12,report_lost_card,12,report_lost_card,run_01_seed_42,0.9541354179382324
2126,how do i report the card as lost,12,report_lost_card,12,report_lost_card,run_01_seed_42,0.875880777835846
2127,"lost report card, need new one",12,report_lost_card,12,report_lost_card,run_01_seed_42,0.9619392156600952
2128,my report card was stolen,12,report_lost_card,12,report_lost_card,run_01_seed_42,0.9956627488136292
2129,my report card was lost help!,12,report_lost_card,12,report_lost_card,run_01_seed_42,0.6858844757080078
2130,can i swap chili for sloppy joe mix in the recipe,134,ingredient_substitution,104,recipe,run_01_seed_42,0.4532282054424286
2131,can i use sugar instead of salt,134,ingredient_substitution,134,ingredient_substitution,run_01_seed_42,0.9999958276748657
2132,can i use apples instead of oranges in this recipe,134,ingredient_substitution,134,ingredient_substitution,run_01_seed_42,0.9985772371292114
2133,can i use skim milk instead of 2% in the recipe,134,ingredient_substitution,134,ingredient_substitution,run_01_seed_42,0.999987006187439
2134,is it ok to use bananas instead of oranges in the recipe,134,ingredient_substitution,134,ingredient_substitution,run_01_seed_42,0.9781358242034912
2135,can i use lettuce instead of rice,134,ingredient_substitution,134,ingredient_substitution,run_01_seed_42,0.9998462200164795
2136,will peas work instead of carrots,134,ingredient_substitution,80,flight_status,run_01_seed_42,0.2619655728340149
2137,is it possible to use baking soda instead of flour,134,ingredient_substitution,134,ingredient_substitution,run_01_seed_42,0.9999899864196777
2138,can i just use oil instead of vinegar,134,ingredient_substitution,134,ingredient_substitution,run_01_seed_42,0.9997677206993103
2139,can i use mayo instead of miracle whip,134,ingredient_substitution,134,ingredient_substitution,run_01_seed_42,0.9932131767272949
2140,will this recipe still be good if i use milk instead of eggs,134,ingredient_substitution,134,ingredient_substitution,run_01_seed_42,0.5934993624687195
2141,can i use oil instead of vinegar,134,ingredient_substitution,134,ingredient_substitution,run_01_seed_42,0.9997668862342834
2142,can i sub bacon for ham,134,ingredient_substitution,134,ingredient_substitution,run_01_seed_42,0.9649147391319275
2143,can i use pasta sauce instead of tomato paste,134,ingredient_substitution,134,ingredient_substitution,run_01_seed_42,0.9988325238227844
2144,can i use regular olive oil instead of virgin,134,ingredient_substitution,134,ingredient_substitution,run_01_seed_42,0.9999827146530151
2145,is it possible to use starch instead of flour,134,ingredient_substitution,134,ingredient_substitution,run_01_seed_42,0.9996834993362427
2146,is it okay to use butter instead of margarine,134,ingredient_substitution,134,ingredient_substitution,run_01_seed_42,0.999840497970581
2147,will it be ok to sub turkey for beef,134,ingredient_substitution,134,ingredient_substitution,run_01_seed_42,0.45608097314834595
2148,can i use butter instead of margarine,134,ingredient_substitution,134,ingredient_substitution,run_01_seed_42,0.9998888969421387
2149,is it okay to use applesauce instead of oil,134,ingredient_substitution,134,ingredient_substitution,run_01_seed_42,0.9993939399719238
2150,"if i use applesauce instead of oil, will that mess it up",134,ingredient_substitution,134,ingredient_substitution,run_01_seed_42,0.6836007237434387
2151,can i swap applesauce for oil,134,ingredient_substitution,134,ingredient_substitution,run_01_seed_42,0.9966540336608887
2152,is it alright to switch applesauce for oil,134,ingredient_substitution,134,ingredient_substitution,run_01_seed_42,0.9307841062545776
2153,will it still work if i use applesauce instead of oil,134,ingredient_substitution,80,flight_status,run_01_seed_42,0.532323956489563
2154,would it be ok to use butter instead of oil,134,ingredient_substitution,134,ingredient_substitution,run_01_seed_42,0.9976010918617249
2155,is it ok to use oil spray instead of canola oil,134,ingredient_substitution,134,ingredient_substitution,run_01_seed_42,0.8931429982185364
2156,could steak be used instead of chicken,134,ingredient_substitution,134,ingredient_substitution,run_01_seed_42,0.6609150171279907
2157,can i substitute butter for oil,134,ingredient_substitution,134,ingredient_substitution,run_01_seed_42,0.9998456239700317
2158,can i use red onions instead of white,134,ingredient_substitution,134,ingredient_substitution,run_01_seed_42,0.9999130964279175
2159,can i get peppers instead of onions,134,ingredient_substitution,106,play_music,run_01_seed_42,0.28256094455718994
2160,i need to call my dad,25,make_call,25,make_call,run_01_seed_42,0.9282357096672058
2161,i need to call my friend,25,make_call,25,make_call,run_01_seed_42,0.9479802250862122
2162,i need to call my coworker,25,make_call,25,make_call,run_01_seed_42,0.8834278583526611
2163,i need to call my mom,25,make_call,25,make_call,run_01_seed_42,0.999002993106842
2164,i need to call my boss,25,make_call,25,make_call,run_01_seed_42,0.977318286895752
2165,i need you to call the phone company for me,25,make_call,25,make_call,run_01_seed_42,0.9963627457618713
2166,make a call for me to the vet,25,make_call,25,make_call,run_01_seed_42,0.9853846430778503
2167,dial up dominos pizza,25,make_call,25,make_call,run_01_seed_42,0.7550638914108276
2168,call my doctor,25,make_call,25,make_call,run_01_seed_42,0.9840675592422485
2169,get mom on the phone,25,make_call,25,make_call,run_01_seed_42,0.5072328448295593
2170,please make a call to stefan larson,25,make_call,25,make_call,run_01_seed_42,0.983052134513855
2171,use phone to call alexa,25,make_call,25,make_call,run_01_seed_42,0.9995904564857483
2172,"computer, call alexa",25,make_call,25,make_call,run_01_seed_42,0.9986386895179749
2173,"computer, place a call to alexa",25,make_call,25,make_call,run_01_seed_42,0.9988320469856262
2174,can you call alexa,25,make_call,25,make_call,run_01_seed_42,0.9922967553138733
2175,call alexa at home,25,make_call,25,make_call,run_01_seed_42,0.9971011281013489
2176,i would like to make a call to sal,25,make_call,25,make_call,run_01_seed_42,0.7060251832008362
2177,i would like to make a phone call,25,make_call,25,make_call,run_01_seed_42,0.999680757522583
2178,can i make a phone call,25,make_call,25,make_call,run_01_seed_42,0.9998831748962402
2179,i need to make a call,25,make_call,25,make_call,run_01_seed_42,0.9984675049781799
2180,i need you to phone sal,25,make_call,130,sync_device,run_01_seed_42,0.5542426109313965
2181,i need to call sal,25,make_call,25,make_call,run_01_seed_42,0.9829045534133911
2182,i have to make a phone call,25,make_call,25,make_call,run_01_seed_42,0.9998181462287903
2183,i have to use the phone to make a call,25,make_call,25,make_call,run_01_seed_42,0.9991725087165833
2184,could you call sal,25,make_call,25,make_call,run_01_seed_42,0.9024072289466858
2185,call sal,25,make_call,25,make_call,run_01_seed_42,0.9982969164848328
2186,x needs to be called by me,25,make_call,144,change_user_name,run_01_seed_42,0.47718483209609985
2187,call to mom,25,make_call,25,make_call,run_01_seed_42,0.999879002571106
2188,call mom,25,make_call,25,make_call,run_01_seed_42,0.9998955726623535
2189,dial her up,25,make_call,25,make_call,run_01_seed_42,0.8725864291191101
2190,i want to set an alarm,83,alarm,83,alarm,run_01_seed_42,0.9999756813049316
2191,set an alarm for 6 am tomorrow,83,alarm,83,alarm,run_01_seed_42,0.9999245405197144
2192,set an alarm for 8 tomorrow,83,alarm,83,alarm,run_01_seed_42,0.9999358654022217
2193,please set an alarm,83,alarm,83,alarm,run_01_seed_42,0.9999760389328003
2194,i'd love to set an alarm,83,alarm,83,alarm,run_01_seed_42,0.9994082450866699
2195,i would like to have an alarm set for me,83,alarm,83,alarm,run_01_seed_42,0.9999089241027832
2196,i want an alarm set,83,alarm,83,alarm,run_01_seed_42,0.9999938011169434
2197,i need to set an alarm,83,alarm,83,alarm,run_01_seed_42,0.9999923706054688
2198,set an alarm for ten tomorrow,83,alarm,83,alarm,run_01_seed_42,0.9999532699584961
2199,set an alarm for 11 tomorrow,83,alarm,83,alarm,run_01_seed_42,0.9993127584457397
2200,i want an alarm for 6 am,83,alarm,83,alarm,run_01_seed_42,0.9998224377632141
2201,set an alarm for me,83,alarm,83,alarm,run_01_seed_42,0.999890923500061
2202,i wanna have an alarm,83,alarm,83,alarm,run_01_seed_42,0.9987106323242188
2203,i need an alarm set now,83,alarm,83,alarm,run_01_seed_42,0.9999775886535645
2204,set an alarm for 9 tomorrow,83,alarm,83,alarm,run_01_seed_42,0.9999700784683228
2205,don't forget to set an alarm for noon,83,alarm,83,alarm,run_01_seed_42,0.9999858140945435
2206,can you set the alarm for noon,83,alarm,83,alarm,run_01_seed_42,0.9999872446060181
2207,i need to up by noon,83,alarm,83,alarm,run_01_seed_42,0.39731377363204956
2208,can you wake me up at noon,83,alarm,83,alarm,run_01_seed_42,0.9982315897941589
2209,set alarm for noon,83,alarm,83,alarm,run_01_seed_42,0.999894380569458
2210,wake me up with an alarm at 6am,83,alarm,83,alarm,run_01_seed_42,0.9999806880950928
2211,help me wake up with an alarm at 5:30am,83,alarm,83,alarm,run_01_seed_42,0.9998612403869629
2212,set an alarm to wake me up at 5:30am,83,alarm,83,alarm,run_01_seed_42,0.9999958276748657
2213,set an alarm for 5am,83,alarm,83,alarm,run_01_seed_42,0.9999487400054932
2214,please set the alarm,83,alarm,83,alarm,run_01_seed_42,0.9999939203262329
2215,please make sure the alarm is set,83,alarm,83,alarm,run_01_seed_42,0.9999732971191406
2216,could you set the alarm,83,alarm,83,alarm,run_01_seed_42,0.9999338388442993
2217,set the alarm now,83,alarm,83,alarm,run_01_seed_42,0.9999330043792725
2218,can you set an alarm,83,alarm,83,alarm,run_01_seed_42,0.99989914894104
2219,i need an alarm,83,alarm,83,alarm,run_01_seed_42,0.9999786615371704
2220,what's on my todo list,48,todo_list,48,todo_list,run_01_seed_42,0.999769389629364
2221,let me hear my todo list,48,todo_list,48,todo_list,run_01_seed_42,0.9996217489242554
2222,"did i add ""cleaning the foyer"" to my todo list yet",48,todo_list,65,todo_list_update,run_01_seed_42,0.8522996306419373
2223,did i put grocery shopping on my todo list,48,todo_list,43,shopping_list,run_01_seed_42,0.7261927723884583
2224,give me my todo list,48,todo_list,48,todo_list,run_01_seed_42,0.9998483657836914
2225,what things are on my todo list,48,todo_list,48,todo_list,run_01_seed_42,0.9999557733535767
2226,have i told you to add washing dishes to my todo list,48,todo_list,65,todo_list_update,run_01_seed_42,0.9981369972229004
2227,is laundry on my todo list,48,todo_list,48,todo_list,run_01_seed_42,0.9998791217803955
2228,read my todo list,48,todo_list,48,todo_list,run_01_seed_42,0.9995248317718506
2229,list my todo list items,48,todo_list,48,todo_list,run_01_seed_42,0.9982898831367493
2230,"is ""cleaning the bathroom"" an item on my todo list",48,todo_list,48,todo_list,run_01_seed_42,0.9999598264694214
2231,tell me what's on my todo list,48,todo_list,48,todo_list,run_01_seed_42,0.9999510049819946
2232,read my to-do list items,48,todo_list,48,todo_list,run_01_seed_42,0.9996071457862854
2233,check on my to-do list items,48,todo_list,48,todo_list,run_01_seed_42,0.9998552799224854
2234,check what is on my to-do list,48,todo_list,48,todo_list,run_01_seed_42,0.9993681311607361
2235,what items are on my list of to-dos,48,todo_list,48,todo_list,run_01_seed_42,0.9795325398445129
2236,what is on my to-do list,48,todo_list,48,todo_list,run_01_seed_42,0.9984561204910278
2237,what kind of things do i have to do today,48,todo_list,48,todo_list,run_01_seed_42,0.9972997307777405
2238,what's on my todo list for today,48,todo_list,48,todo_list,run_01_seed_42,0.9999041557312012
2239,please tell me my todo list,48,todo_list,48,todo_list,run_01_seed_42,0.9998639822006226
2240,is my todo list possible today,48,todo_list,48,todo_list,run_01_seed_42,0.9924046397209167
2241,i really want to know my todo list again thanks,48,todo_list,48,todo_list,run_01_seed_42,0.8255085349082947
2242,is it possible to read my to-do list again,48,todo_list,48,todo_list,run_01_seed_42,0.9995304346084595
2243,tell me my to-do list,48,todo_list,48,todo_list,run_01_seed_42,0.9997057318687439
2244,what is my to-do list like today,48,todo_list,48,todo_list,run_01_seed_42,0.9995915293693542
2245,list my to-do list,48,todo_list,48,todo_list,run_01_seed_42,0.9981433153152466
2246,give me my to-do list,48,todo_list,48,todo_list,run_01_seed_42,0.9995403289794922
2247,what must i do today,48,todo_list,95,date,run_01_seed_42,0.5928876399993896
2248,is make a hair appointment on my todo list right now,48,todo_list,65,todo_list_update,run_01_seed_42,0.9994434714317322
2249,can you see if paying garbage bill is on my todo list for this week,48,todo_list,48,todo_list,run_01_seed_42,0.9902390241622925
2250,change the accent you're using,51,change_accent,51,change_accent,run_01_seed_42,0.9996790885925293
2251,start using a different accent,51,change_accent,51,change_accent,run_01_seed_42,0.9998339414596558
2252,talk to me in a different accent,51,change_accent,51,change_accent,run_01_seed_42,0.9974990487098694
2253,alter your accent,51,change_accent,51,change_accent,run_01_seed_42,0.9979695677757263
2254,change to the female voice,51,change_accent,51,change_accent,run_01_seed_42,0.9994502663612366
2255,i want to hear the female voice from now on,51,change_accent,51,change_accent,run_01_seed_42,0.9987044334411621
2256,i want the male voice,51,change_accent,51,change_accent,run_01_seed_42,0.9999904632568359
2257,could you use the female voice,51,change_accent,51,change_accent,run_01_seed_42,0.999984860420227
2258,female voice please,51,change_accent,51,change_accent,run_01_seed_42,0.9981062412261963
2259,can you switch to the male voice,51,change_accent,51,change_accent,run_01_seed_42,0.9999909400939941
2260,the male voice please,51,change_accent,51,change_accent,run_01_seed_42,0.9997121691703796
2261,could you use the male voice,51,change_accent,51,change_accent,run_01_seed_42,0.9999978542327881
2262,i want the female voice,51,change_accent,51,change_accent,run_01_seed_42,0.9999678134918213
2263,i want you to change your accent,51,change_accent,51,change_accent,run_01_seed_42,0.9802460074424744
2264,would you please switch to the male voice,51,change_accent,51,change_accent,run_01_seed_42,0.9999898672103882
2265,i would like you to change your accent,51,change_accent,51,change_accent,run_01_seed_42,0.9870922565460205
2266,i want you to change to the male voice,51,change_accent,51,change_accent,run_01_seed_42,0.9999918937683105
2267,can you change to the male voice,51,change_accent,51,change_accent,run_01_seed_42,0.9999822378158569
2268,change to girl voice,51,change_accent,51,change_accent,run_01_seed_42,0.3838236629962921
2269,please switch to the girl voice,51,change_accent,51,change_accent,run_01_seed_42,0.34090691804885864
2270,change to the females voice please,51,change_accent,14,whisper_mode,run_01_seed_42,0.3054352104663849
2271,switch voice option to female,51,change_accent,51,change_accent,run_01_seed_42,0.996450662612915
2272,change voice to female,51,change_accent,51,change_accent,run_01_seed_42,0.9972050786018372
2273,use the female voice,51,change_accent,51,change_accent,run_01_seed_42,0.9999784231185913
2274,change settings to sound like a female,51,change_accent,51,change_accent,run_01_seed_42,0.6951131224632263
2275,turn to the voice of the woman,51,change_accent,150,change_volume,run_01_seed_42,0.43350696563720703
2276,change to the woman voice,51,change_accent,51,change_accent,run_01_seed_42,0.3408331274986267
2277,"i like the female voice, switch please",51,change_accent,29,change_language,run_01_seed_42,0.4158190190792084
2278,speak with a male british accent,51,change_accent,51,change_accent,run_01_seed_42,0.9999974966049194
2279,would you change your voice to the male british accent for me,51,change_accent,51,change_accent,run_01_seed_42,0.9999971389770508
2280,what site can i get my w2,122,w2,122,w2,run_01_seed_42,0.9999908208847046
2281,where do we get our w2 forms,122,w2,122,w2,run_01_seed_42,0.9999245405197144
2282,where can i get my w2,122,w2,122,w2,run_01_seed_42,0.9999643564224243
2283,where can i get my w2 from,122,w2,122,w2,run_01_seed_42,0.9999895095825195
2284,i would like to know where i can find my w2 for tax reasons,122,w2,122,w2,run_01_seed_42,0.9999910593032837
2285,what steps do i need to take to obtain my w2 for taxes,122,w2,122,w2,run_01_seed_42,0.9996974468231201
2286,what do i do if i need my w2 for my my taxes,122,w2,122,w2,run_01_seed_42,0.9999444484710693
2287,how can i get get a copy of my w2 for tax purposes,122,w2,122,w2,run_01_seed_42,0.9999929666519165
2288,can you tell me the process for obtaining a copy of my w2 for my taxes,122,w2,122,w2,run_01_seed_42,0.9999203681945801
2289,where do i go to get that work tax form thing,122,w2,122,w2,run_01_seed_42,0.9371311068534851
2290,what do i need to do to get that tax form thing from my job,122,w2,122,w2,run_01_seed_42,0.8890812397003174
2291,how do i get that tax form from my employer,122,w2,122,w2,run_01_seed_42,0.7452184557914734
2292,where can i find that tax form my employer gives me,122,w2,122,w2,run_01_seed_42,0.9412001371383667
2293,how do i get the form to file my taxes from my employer,122,w2,122,w2,run_01_seed_42,0.9967553019523621
2294,where do i look to get a w2,122,w2,122,w2,run_01_seed_42,0.9999953508377075
2295,i need a w2 form from,122,w2,122,w2,run_01_seed_42,0.9999864101409912
2296,can you trll me where to get my w2,122,w2,122,w2,run_01_seed_42,0.999992847442627
2297,i want to get the w-2 form,122,w2,122,w2,run_01_seed_42,0.9999829530715942
2298,i wanna know where to find a w2,122,w2,122,w2,run_01_seed_42,0.9999144077301025
2299,i wanna know where to get my w2,122,w2,122,w2,run_01_seed_42,0.9999736547470093
2300,tell me where to a w2 form,122,w2,122,w2,run_01_seed_42,0.9999817609786987
2301,i must know where to get my w2,122,w2,122,w2,run_01_seed_42,0.9999908208847046
2302,i wanna get my w-2 form,122,w2,122,w2,run_01_seed_42,0.9999967813491821
2303,"i need a w2, so where is it",122,w2,14,whisper_mode,run_01_seed_42,0.5313211679458618
2304,where can i find a w2,122,w2,122,w2,run_01_seed_42,0.999647855758667
2305,i must get the w-2 form,122,w2,122,w2,run_01_seed_42,0.9999926090240479
2306,help me get w-2 form,122,w2,122,w2,run_01_seed_42,0.9999854564666748
2307,i wanna know where the w2 is,122,w2,122,w2,run_01_seed_42,0.9978747367858887
2308,help me get my w-2 form,122,w2,122,w2,run_01_seed_42,0.9999977350234985
2309,can't find w-2,122,w2,122,w2,run_01_seed_42,0.9952023029327393
2310,when is my electric bill due by,56,bill_due,56,bill_due,run_01_seed_42,0.9999340772628784
2311,when is my car insurance bill due,56,bill_due,56,bill_due,run_01_seed_42,0.9999520778656006
2312,how long until my water bill is due,56,bill_due,56,bill_due,run_01_seed_42,0.9995311498641968
2313,what's the latest i can pay my cellular bill,56,bill_due,111,pay_bill,run_01_seed_42,0.5709617733955383
2314,what's the due date for my netflix subscription,56,bill_due,56,bill_due,run_01_seed_42,0.9981029033660889
2315,tell me where i can find my exterminator bill's due date,56,bill_due,56,bill_due,run_01_seed_42,0.9951598048210144
2316,how do i locate the due date for my bug bill,56,bill_due,56,bill_due,run_01_seed_42,0.9999642372131348
2317,where can i see the due date for auto loan bill,56,bill_due,56,bill_due,run_01_seed_42,0.9998027682304382
2318,when is my cell phone due,56,bill_due,56,bill_due,run_01_seed_42,0.9307854771614075
2319,i need to know where my due date is for my lawn bill,56,bill_due,56,bill_due,run_01_seed_42,0.999875545501709
2320,where can i find when my car payment bill is due,56,bill_due,56,bill_due,run_01_seed_42,0.9999316930770874
2321,what's the ultimate day for me to pay the internet bill,56,bill_due,143,min_payment,run_01_seed_42,0.6045717597007751
2322,tell me the last day i can pay my gas bill,56,bill_due,56,bill_due,run_01_seed_42,0.9771336317062378
2323,what's the due date for my comcast bill,56,bill_due,56,bill_due,run_01_seed_42,0.9997829794883728
2324,i need to know when my water bill is due,56,bill_due,56,bill_due,run_01_seed_42,0.9998496770858765
2325,please tell me how to find out when my rent is due,56,bill_due,56,bill_due,run_01_seed_42,0.9995691180229187
2326,i need to know when my electricity bill is due,56,bill_due,56,bill_due,run_01_seed_42,0.9999040365219116
2327,can you tell me when my cable bill is due,56,bill_due,56,bill_due,run_01_seed_42,0.9991933703422546
2328,i need to find out how to check the due date for the water bill,56,bill_due,56,bill_due,run_01_seed_42,0.9873542189598083
2329,when does the current billing cycle end,56,bill_due,42,oos,run_01_seed_42,0.8912050127983093
2330,is the bill due today,56,bill_due,56,bill_due,run_01_seed_42,0.9975048899650574
2331,is the bill due,56,bill_due,56,bill_due,run_01_seed_42,0.9977692365646362
2332,when do i have to pay my internet,56,bill_due,56,bill_due,run_01_seed_42,0.9919593930244446
2333,i want to know when the deadline is to pay my car loan,56,bill_due,56,bill_due,run_01_seed_42,0.870732307434082
2334,tell me when my water bill is due,56,bill_due,56,bill_due,run_01_seed_42,0.9989736080169678
2335,what day of the month do i have to pay my mortgage,56,bill_due,56,bill_due,run_01_seed_42,0.9993419051170349
2336,when is my electricity due date,56,bill_due,56,bill_due,run_01_seed_42,0.956346333026886
2337,i need to know the next billing date of my american express card,56,bill_due,44,expiration_date,run_01_seed_42,0.9961342811584473
2338,when does my gas bill need paid by,56,bill_due,56,bill_due,run_01_seed_42,0.9945106506347656
2339,when is next month's cable bill due,56,bill_due,56,bill_due,run_01_seed_42,0.9996274709701538
2340,number of calories in coke,135,calories,135,calories,run_01_seed_42,0.9999362230300903
2341,what kind of calories do chicken tenders have,135,calories,135,calories,run_01_seed_42,0.625443696975708
2342,calorie content of dr pepper,135,calories,135,calories,run_01_seed_42,0.9962886571884155
2343,what's the calorie content of chicken nuggets,135,calories,135,calories,run_01_seed_42,0.9999921321868896
2344,how many calories are in hamburgers,135,calories,135,calories,run_01_seed_42,0.9998401403427124
2345,what is the calorie count for this milkshake,135,calories,135,calories,run_01_seed_42,0.9999582767486572
2346,how many calories does an orange have,135,calories,135,calories,run_01_seed_42,0.9994983673095703
2347,what is the total number of calories in this pizza,135,calories,135,calories,run_01_seed_42,0.9999430179595947
2348,how many calories are in a burger,135,calories,135,calories,run_01_seed_42,0.9998855590820312
2349,rolls have how many calories,135,calories,135,calories,run_01_seed_42,0.9993870258331299
2350,what is the calorie content in bananas,135,calories,135,calories,run_01_seed_42,0.999969482421875
2351,what is the calorie content in peanut butter,135,calories,135,calories,run_01_seed_42,0.9999558925628662
2352,what is the calorie content in french fries,135,calories,135,calories,run_01_seed_42,0.999945878982544
2353,what is the calorie content in potatoes,135,calories,135,calories,run_01_seed_42,0.9999819993972778
2354,what is the calorie content in spaghetti,135,calories,135,calories,run_01_seed_42,0.9999905824661255
2355,i need to know the calorie content of spaghetti,135,calories,135,calories,run_01_seed_42,0.9999581575393677
2356,how many calories are in a sandwich,135,calories,135,calories,run_01_seed_42,0.9999464750289917
2357,what number of calories are in a pizza,135,calories,135,calories,run_01_seed_42,0.9978575110435486
2358,what is the number of calories in a steak,135,calories,135,calories,run_01_seed_42,0.9999866485595703
2359,how many calories are in a cheeseburger,135,calories,135,calories,run_01_seed_42,0.9999420642852783
2360,can you check the amount of calories in a chicken sandwich,135,calories,135,calories,run_01_seed_42,0.99998939037323
2361,what is the calorie count of a burrito,135,calories,135,calories,run_01_seed_42,0.9999285936355591
2362,"calorie check, cheese burger",135,calories,135,calories,run_01_seed_42,0.7282723784446716
2363,how many calories are in a taco,135,calories,135,calories,run_01_seed_42,0.9997380375862122
2364,can you see how many calories are in cream of mushroom soup,135,calories,135,calories,run_01_seed_42,0.9943260550498962
2365,the intake of calories it it bad,135,calories,135,calories,run_01_seed_42,0.9561357498168945
2366,how much is alorie intake,135,calories,42,oos,run_01_seed_42,0.6767013669013977
2367,hoq many calories does pasta have,135,calories,135,calories,run_01_seed_42,0.9986686706542969
2368,how many calories can i expect to be in fries,135,calories,135,calories,run_01_seed_42,0.9988541603088379
2369,what's the calorie content of french fries,135,calories,135,calories,run_01_seed_42,0.999935507774353
2370,tell me how to go about reporting a damaged card,87,damaged_card,87,damaged_card,run_01_seed_42,0.7348898649215698
2371,my card is damaged,87,damaged_card,87,damaged_card,run_01_seed_42,0.9924224019050598
2372,i want to report a damaged card,87,damaged_card,87,damaged_card,run_01_seed_42,0.9999765157699585
2373,where should i report a damaged card,87,damaged_card,87,damaged_card,run_01_seed_42,0.9971497654914856
2374,can you find out how to report a damaged card,87,damaged_card,87,damaged_card,run_01_seed_42,0.9980105757713318
2375,my card has become too frayed and torn to use,87,damaged_card,87,damaged_card,run_01_seed_42,0.9246591925621033
2376,what do i do about a card that's too messed up to be properly scanned,87,damaged_card,87,damaged_card,run_01_seed_42,0.9713208079338074
2377,my card became damaged when i dropped it in the parking lot and it got ran over,87,damaged_card,87,damaged_card,run_01_seed_42,0.4645439386367798
2378,i have a damaged card that needs replaced because my son dropped it in a blender,87,damaged_card,87,damaged_card,run_01_seed_42,0.816552996635437
2379,i sat on my credit card and broke it in half and need it replaced,87,damaged_card,87,damaged_card,run_01_seed_42,0.99092698097229
2380,my credit card got torn and i need a new one,87,damaged_card,87,damaged_card,run_01_seed_42,0.9833477139472961
2381,what do i do with a damaged credit card,87,damaged_card,87,damaged_card,run_01_seed_42,0.9264047741889954
2382,how do i replace a damaged card,87,damaged_card,87,damaged_card,run_01_seed_42,0.9055140614509583
2383,i have a card that needs replaced because my wine dumped wine on it,87,damaged_card,87,damaged_card,run_01_seed_42,0.7452330589294434
2384,i spilled wine on my credit card and now its all mushy and needs to be replaced,87,damaged_card,70,report_fraud,run_01_seed_42,0.4942129850387573
2385,my dog swallowed my credit card and i need a new one,87,damaged_card,87,damaged_card,run_01_seed_42,0.9568389654159546
2386,i want to report a damaged card that my cat shredded with its claws,87,damaged_card,87,damaged_card,run_01_seed_42,0.9993643164634705
2387,i need to replace a card that my daughter spilled juice on,87,damaged_card,44,expiration_date,run_01_seed_42,0.4061574339866638
2388,i'm unable to use my card because it's been ruined,87,damaged_card,87,damaged_card,run_01_seed_42,0.888926088809967
2389,i can't use my card because it’s damaged badly,87,damaged_card,87,damaged_card,run_01_seed_42,0.996519923210144
2390,i cannot use my card cuz it's damaged,87,damaged_card,87,damaged_card,run_01_seed_42,0.9775415062904358
2391,i can't use my card because it’s messed up,87,damaged_card,87,damaged_card,run_01_seed_42,0.9834210276603699
2392,i can't use my card because it’s broken,87,damaged_card,87,damaged_card,run_01_seed_42,0.9937991499900818
2393,i can't use my card because i damaged it,87,damaged_card,87,damaged_card,run_01_seed_42,0.9995662569999695
2394,who should i talk to about the fact that i inadvertently split my card almost in half,87,damaged_card,87,damaged_card,run_01_seed_42,0.9973030090332031
2395,i accidentally deactivated the magnetic stripe on my visa debit card and i need to report it,87,damaged_card,70,report_fraud,run_01_seed_42,0.6161064505577087
2396,can i talk to someone to let them know my card was damaged from being melted on a radiator,87,damaged_card,87,damaged_card,run_01_seed_42,0.7927354574203491
2397,i would like to report a damaged card that was burnt,87,damaged_card,87,damaged_card,run_01_seed_42,0.9969246983528137
2398,i would like to report my card damaged since i accidentally spilled gorilla glue all over it and the numbers are now obscured,87,damaged_card,87,damaged_card,run_01_seed_42,0.9989615678787231
2399,my visa has been damaged,87,damaged_card,69,credit_score,run_01_seed_42,0.3016371726989746
2400,does applebees have good reviews,0,restaurant_reviews,0,restaurant_reviews,run_01_seed_42,0.9999711513519287
2401,are the reviews ned get's good,0,restaurant_reviews,0,restaurant_reviews,run_01_seed_42,0.9999661445617676
2402,is the review ned's have good,0,restaurant_reviews,42,oos,run_01_seed_42,0.6011744737625122
2403,are ned's reviews good,0,restaurant_reviews,0,restaurant_reviews,run_01_seed_42,0.9998792409896851
2404,are the reviews for ned's good,0,restaurant_reviews,0,restaurant_reviews,run_01_seed_42,0.9999897480010986
2405,how are the reviews for tacos at the buffet,0,restaurant_reviews,0,restaurant_reviews,run_01_seed_42,0.9999923706054688
2406,do they serve good tacos at the buffet,0,restaurant_reviews,112,ingredients_list,run_01_seed_42,0.5237868428230286
2407,"my favorite, beef tacos at the buffet",0,restaurant_reviews,67,cancel_reservation,run_01_seed_42,0.9343909621238708
2408,they sold out of tacos at the buffet,0,restaurant_reviews,67,cancel_reservation,run_01_seed_42,0.8526678085327148
2409,"yum, pulled pork tacos at the buffet",0,restaurant_reviews,67,cancel_reservation,run_01_seed_42,0.7242419719696045
2410,what do people think of the new burger at mcdonalds,0,restaurant_reviews,24,traffic,run_01_seed_42,0.7445763349533081
2411,how are the reviews for the supreme pizza at papa john's,0,restaurant_reviews,0,restaurant_reviews,run_01_seed_42,0.9999980926513672
2412,what are people saying about chick-fil-a's chicken nuggets,0,restaurant_reviews,1,nutrition_info,run_01_seed_42,0.4535335302352905
2413,show me the reviews for the new jalapeno fries at taco bell,0,restaurant_reviews,0,restaurant_reviews,run_01_seed_42,0.9982713460922241
2414,give me some feedback about the pasta at piada please,0,restaurant_reviews,0,restaurant_reviews,run_01_seed_42,0.919526219367981
2415,how is gramercy tavern rated,0,restaurant_reviews,138,calculator,run_01_seed_42,0.8194815516471863
2416,how many stars does babbo have,0,restaurant_reviews,42,oos,run_01_seed_42,0.9970359802246094
2417,does cielo have good reviews,0,restaurant_reviews,0,restaurant_reviews,run_01_seed_42,0.9999591112136841
2418,do people say per se is any good or not,0,restaurant_reviews,36,tell_joke,run_01_seed_42,0.5672817826271057
2419,what do food critics say about gramercy tavern,0,restaurant_reviews,61,translate,run_01_seed_42,0.8123846054077148
2420,what are the reviews like for l'auberge aubergine,0,restaurant_reviews,0,restaurant_reviews,run_01_seed_42,0.9999744892120361
2421,how many stars does brasserie les halles have,0,restaurant_reviews,42,oos,run_01_seed_42,0.9628288745880127
2422,what rating do the critics give the french laundry,0,restaurant_reviews,29,change_language,run_01_seed_42,0.7737700343132019
2423,does acero have good or bad ratings,0,restaurant_reviews,0,restaurant_reviews,run_01_seed_42,0.9834185242652893
2424,has the french laundry gotten good reviews lately,0,restaurant_reviews,0,restaurant_reviews,run_01_seed_42,0.9795002937316895
2425,what kind of reviews does the olive garden have,0,restaurant_reviews,0,restaurant_reviews,run_01_seed_42,0.6575307250022888
2426,what's the average review for olive garden,0,restaurant_reviews,86,cook_time,run_01_seed_42,0.2296721488237381
2427,oliver garden reviews,0,restaurant_reviews,0,restaurant_reviews,run_01_seed_42,0.9809033274650574
2428,does olive garden have good customer reviews,0,restaurant_reviews,0,restaurant_reviews,run_01_seed_42,0.9998986721038818
2429,does olive garden have good reviews,0,restaurant_reviews,0,restaurant_reviews,run_01_seed_42,0.9999672174453735
2430,i need my routing number for my checking account at bb&t bank,45,routing,45,routing,run_01_seed_42,0.9999520778656006
2431,what is my routing number to my checking account at bb&t bankj,45,routing,45,routing,run_01_seed_42,0.9998692274093628
2432,"tell me my routing number at my bank, community trust",45,routing,45,routing,run_01_seed_42,0.9975503087043762
2433,what is the routing number of my checking account at first national bankj,45,routing,45,routing,run_01_seed_42,0.9997629523277283
2434,"give me the routing number of my checking account at my main bank, first commerce",45,routing,45,routing,run_01_seed_42,0.9960314631462097
2435,what is my bank routing number,45,routing,45,routing,run_01_seed_42,0.9998340606689453
2436,what's my routing number,45,routing,45,routing,run_01_seed_42,0.999202311038971
2437,what's wells fargo's routing number,45,routing,45,routing,run_01_seed_42,0.9999451637268066
2438,tell me my routing number,45,routing,45,routing,run_01_seed_42,0.999823272228241
2439,where can i find my routing number,45,routing,45,routing,run_01_seed_42,0.9999082088470459
2440,where's the routing number for wells fargo,45,routing,45,routing,run_01_seed_42,0.9999407529830933
2441,where can i find wells fargo's routing number,45,routing,45,routing,run_01_seed_42,0.9996224641799927
2442,where is wells fargo's routing number listed,45,routing,45,routing,run_01_seed_42,0.9996961355209351
2443,where should i go to find the routing number for well's fargo,45,routing,45,routing,run_01_seed_42,0.9995636343955994
2444,is my routing number on my account page,45,routing,45,routing,run_01_seed_42,0.9996820688247681
2445,what is the bank's routing number,45,routing,45,routing,run_01_seed_42,0.9998996257781982
2446,i want to know what my routing number is,45,routing,45,routing,run_01_seed_42,0.9999384880065918
2447,i need a routing number,45,routing,45,routing,run_01_seed_42,0.9997119307518005
2448,does pnc have a routing number,45,routing,45,routing,run_01_seed_42,0.9993245601654053
2449,can you tell me the routing number to pnc,45,routing,45,routing,run_01_seed_42,0.9986212253570557
2450,can you please read me the routing number to pnc,45,routing,45,routing,run_01_seed_42,0.9998283386230469
2451,where can i find routing number for pnc,45,routing,45,routing,run_01_seed_42,0.9999526739120483
2452,what is the routing number for pnc,45,routing,45,routing,run_01_seed_42,0.9999362230300903
2453,i need x's routing number,45,routing,45,routing,run_01_seed_42,0.9999613761901855
2454,where would century bank have their routing number listed,45,routing,45,routing,run_01_seed_42,0.9996509552001953
2455,where do i go if i am seeking the routing number of dallas capital,45,routing,45,routing,run_01_seed_42,0.994807779788971
2456,what is the location that td bank has their routing number listed,45,routing,45,routing,run_01_seed_42,0.9958542585372925
2457,where would the routing number for first utah be located,45,routing,45,routing,run_01_seed_42,0.999957799911499
2458,tell me what my savings account routing number is,45,routing,45,routing,run_01_seed_42,0.9998284578323364
2459,what is chase bank's routing number,45,routing,45,routing,run_01_seed_42,0.9998770952224731
2460,cats or dogs are your preference,34,do_you_have_pets,34,do_you_have_pets,run_01_seed_42,0.9920161962509155
2461,what kinds of pets do you own,34,do_you_have_pets,34,do_you_have_pets,run_01_seed_42,0.9999958276748657
2462,do you have any pets and what kind,34,do_you_have_pets,34,do_you_have_pets,run_01_seed_42,0.999943733215332
2463,would you describe yourself as a cat or dog person,34,do_you_have_pets,34,do_you_have_pets,run_01_seed_42,0.9999600648880005
2464,you have what types or kinds of pets,34,do_you_have_pets,34,do_you_have_pets,run_01_seed_42,0.9999724626541138
2465,are you a pet owner what kind,34,do_you_have_pets,34,do_you_have_pets,run_01_seed_42,0.9999960660934448
2466,do you have a pet,34,do_you_have_pets,34,do_you_have_pets,run_01_seed_42,0.9999080896377563
2467,would you call yourself a cat or dog person,34,do_you_have_pets,34,do_you_have_pets,run_01_seed_42,0.9990317821502686
2468,what kind of animals do you own,34,do_you_have_pets,34,do_you_have_pets,run_01_seed_42,0.9993321299552917
2469,can you name the type of pets you have,34,do_you_have_pets,34,do_you_have_pets,run_01_seed_42,0.9891014695167542
2470,do you have any pets,34,do_you_have_pets,34,do_you_have_pets,run_01_seed_42,0.9999963045120239
2471,are you a pet owner and what kind,34,do_you_have_pets,34,do_you_have_pets,run_01_seed_42,0.999994158744812
2472,what pets do you own,34,do_you_have_pets,34,do_you_have_pets,run_01_seed_42,0.9999456405639648
2473,tell me any animals that you have as pets,34,do_you_have_pets,34,do_you_have_pets,run_01_seed_42,0.9999943971633911
2474,do you have cats or dogs or something else as a pet,34,do_you_have_pets,34,do_you_have_pets,run_01_seed_42,0.9999903440475464
2475,please tell me the types of pets you have,34,do_you_have_pets,34,do_you_have_pets,run_01_seed_42,0.9999963045120239
2476,how would you categorize the pets you have,34,do_you_have_pets,34,do_you_have_pets,run_01_seed_42,0.9986063838005066
2477,tell me about the pets you have,34,do_you_have_pets,34,do_you_have_pets,run_01_seed_42,0.9999973773956299
2478,do you have friendly or unfriendly pets,34,do_you_have_pets,34,do_you_have_pets,run_01_seed_42,0.9977662563323975
2479,which pets do you have,34,do_you_have_pets,34,do_you_have_pets,run_01_seed_42,0.9999899864196777
2480,which type of pets do you have,34,do_you_have_pets,34,do_you_have_pets,run_01_seed_42,0.999997615814209
2481,what pets do you have,34,do_you_have_pets,34,do_you_have_pets,run_01_seed_42,0.9999831914901733
2482,do you like appreciate cats or dogs more,34,do_you_have_pets,34,do_you_have_pets,run_01_seed_42,0.9992383718490601
2483,do you like cats or dogs more,34,do_you_have_pets,34,do_you_have_pets,run_01_seed_42,0.9999899864196777
2484,which kinds of pets do you own,34,do_you_have_pets,34,do_you_have_pets,run_01_seed_42,0.999995231628418
2485,do you prefer cats or dogs,34,do_you_have_pets,34,do_you_have_pets,run_01_seed_42,0.9998051524162292
2486,do you prefer cats or dogs more,34,do_you_have_pets,34,do_you_have_pets,run_01_seed_42,0.9997473359107971
2487,which kinds of pets do you have,34,do_you_have_pets,34,do_you_have_pets,run_01_seed_42,0.9999958276748657
2488,do you currently have any pets,34,do_you_have_pets,34,do_you_have_pets,run_01_seed_42,0.999984622001648
2489,what is the total number of pets that you have,34,do_you_have_pets,34,do_you_have_pets,run_01_seed_42,0.999958872795105
2490,please book a meeting room for thusday at 4:00,18,schedule_meeting,18,schedule_meeting,run_01_seed_42,0.9990087151527405
2491,would you please schedule a meeting room for 4:00 on thursday,18,schedule_meeting,18,schedule_meeting,run_01_seed_42,0.9999858140945435
2492,could you schedule a meeting room for 4:00 on thursday,18,schedule_meeting,18,schedule_meeting,run_01_seed_42,0.9999834299087524
2493,will you schedule a conference room for thursday at 4:00,18,schedule_meeting,18,schedule_meeting,run_01_seed_42,0.984126091003418
2494,can you reserve a meeting space for 4:00 on thursday,18,schedule_meeting,18,schedule_meeting,run_01_seed_42,0.9573519825935364
2495,i need to know how to schedule a meeting,18,schedule_meeting,18,schedule_meeting,run_01_seed_42,0.999990701675415
2496,please help me figure out how to set up a meeting,18,schedule_meeting,18,schedule_meeting,run_01_seed_42,0.9844570755958557
2497,i need assistance scheduling a meeting,18,schedule_meeting,18,schedule_meeting,run_01_seed_42,0.9997624754905701
2498,walk me through the process of scheduling a meeting,18,schedule_meeting,18,schedule_meeting,run_01_seed_42,0.9990708827972412
2499,help me set up a meeting please,18,schedule_meeting,18,schedule_meeting,run_01_seed_42,0.9777187705039978
2500,"i need a meeting room between 3-7, are any available",18,schedule_meeting,18,schedule_meeting,run_01_seed_42,0.9999858140945435
2501,can you tell me if there are meeting rooms available between 1 and 4,18,schedule_meeting,18,schedule_meeting,run_01_seed_42,0.9999706745147705
2502,are meeting rooms free between 8-3,18,schedule_meeting,18,schedule_meeting,run_01_seed_42,0.9999078512191772
2503,do you know if meeting rooms are open to use 1-2,18,schedule_meeting,18,schedule_meeting,run_01_seed_42,0.9964673519134521
2504,can you check if meeting rooms are available between 4 and 5,18,schedule_meeting,18,schedule_meeting,run_01_seed_42,0.999737560749054
2505,meeting rooms open between one and three pm,18,schedule_meeting,18,schedule_meeting,run_01_seed_42,0.9995871186256409
2506,check meeting room availability between one and three pm,18,schedule_meeting,18,schedule_meeting,run_01_seed_42,0.9999737739562988
2507,what meeting rooms are available for meeting 5pm friday,18,schedule_meeting,18,schedule_meeting,run_01_seed_42,0.9998986721038818
2508,"reserve a meeting room for friday, 5pm",18,schedule_meeting,18,schedule_meeting,run_01_seed_42,0.9998180270195007
2509,one and three pm are there meeting rooms open,18,schedule_meeting,18,schedule_meeting,run_01_seed_42,0.9987727999687195
2510,friday 5pm schedule a room for meeting,18,schedule_meeting,18,schedule_meeting,run_01_seed_42,0.999614953994751
2511,open meeting rooms from one to three pm,18,schedule_meeting,18,schedule_meeting,run_01_seed_42,0.9996706247329712
2512,can you reserve a room for a friday meeting at 5pm,18,schedule_meeting,18,schedule_meeting,run_01_seed_42,0.9580732583999634
2513,reserve a meeting room for 5pm on friday,18,schedule_meeting,18,schedule_meeting,run_01_seed_42,0.9989516735076904
2514,check meeting rooms available between one and three pm,18,schedule_meeting,18,schedule_meeting,run_01_seed_42,0.9999723434448242
2515,"i need to schedule meeting room for monday at 2:30 pm, please",18,schedule_meeting,18,schedule_meeting,run_01_seed_42,0.9999349117279053
2516,i would like you to reserve a conference room for noon tomorrow,18,schedule_meeting,23,restaurant_reservation,run_01_seed_42,0.2679242789745331
2517,please reserve a meeting room for 1:00 pm on tuesday,18,schedule_meeting,18,schedule_meeting,run_01_seed_42,0.9994403719902039
2518,"go ahead and hold a conference room for friday at 11 am, please",18,schedule_meeting,23,restaurant_reservation,run_01_seed_42,0.42735323309898376
2519,can you book a meeting room for friday at 9:00 am,18,schedule_meeting,18,schedule_meeting,run_01_seed_42,0.9943161606788635
2520,which gas would be best,8,gas_type,8,gas_type,run_01_seed_42,0.7047346830368042
2521,what type of gas should i use,8,gas_type,8,gas_type,run_01_seed_42,0.9921606183052063
2522,which type of gas should i get,8,gas_type,8,gas_type,run_01_seed_42,0.8551487326622009
2523,can you tell me what gas this car takes,8,gas_type,8,gas_type,run_01_seed_42,0.9979681372642517
2524,can you tell me this vehicles gas type,8,gas_type,8,gas_type,run_01_seed_42,0.9875656962394714
2525,what fuel should i use for this car,8,gas_type,8,gas_type,run_01_seed_42,0.9998317956924438
2526,what kind of gas should i use for this car,8,gas_type,8,gas_type,run_01_seed_42,0.9999228715896606
2527,i need to know the gas type for this vehicle,8,gas_type,8,gas_type,run_01_seed_42,0.9999181032180786
2528,for this car what kind of fuel does it take,8,gas_type,8,gas_type,run_01_seed_42,0.998480498790741
2529,i need to know the type of gas for this car,8,gas_type,8,gas_type,run_01_seed_42,0.9986357092857361
2530,i want to know what kind of gas this car uses,8,gas_type,8,gas_type,run_01_seed_42,0.9995711445808411
2531,what gas does this car use,8,gas_type,8,gas_type,run_01_seed_42,0.999528169631958
2532,what fuel do i put in this car,8,gas_type,8,gas_type,run_01_seed_42,0.9994957447052002
2533,what type of gas goes into the car,8,gas_type,8,gas_type,run_01_seed_42,0.9995455145835876
2534,what type of fuel does this car utilize,8,gas_type,8,gas_type,run_01_seed_42,0.9994565844535828
2535,what type of gas do i put in this new car,8,gas_type,8,gas_type,run_01_seed_42,0.9996843338012695
2536,what type of gas do i use in this car,8,gas_type,8,gas_type,run_01_seed_42,0.9993864297866821
2537,is there a certain kind of fuel needed,8,gas_type,8,gas_type,run_01_seed_42,0.9871246814727783
2538,what gas goes in the vehicle,8,gas_type,8,gas_type,run_01_seed_42,0.9992443323135376
2539,what raiting of gas is called for,8,gas_type,110,gas,run_01_seed_42,0.6029327511787415
2540,what kind of gas goes in,8,gas_type,8,gas_type,run_01_seed_42,0.9635138511657715
2541,can you tell me what kind of gas your car uses,8,gas_type,8,gas_type,run_01_seed_42,0.9990019202232361
2542,what kind of gas does your car use,8,gas_type,8,gas_type,run_01_seed_42,0.999527096748352
2543,the car you are driving uses what kind of gas,8,gas_type,8,gas_type,run_01_seed_42,0.9529102444648743
2544,what kind of gas can i put into this car,8,gas_type,8,gas_type,run_01_seed_42,0.9995442032814026
2545,which gas type goes into this car,8,gas_type,8,gas_type,run_01_seed_42,0.9999860525131226
2546,which type of gas does this car take,8,gas_type,8,gas_type,run_01_seed_42,0.9999903440475464
2547,i need gas what type do i need for this car,8,gas_type,8,gas_type,run_01_seed_42,0.9999611377716064
2548,what types of gas can i get for this car,8,gas_type,8,gas_type,run_01_seed_42,0.9943785071372986
2549,which type of gas does my car use,8,gas_type,8,gas_type,run_01_seed_42,0.9999401569366455
2550,would a socket converter be needed in france,120,plug_type,120,plug_type,run_01_seed_42,0.9999237060546875
2551,how do i plug stuff in in france,120,plug_type,120,plug_type,run_01_seed_42,0.8217679262161255
2552,is socket converter required in france,120,plug_type,120,plug_type,run_01_seed_42,0.9999831914901733
2553,does france use a socket converter,120,plug_type,120,plug_type,run_01_seed_42,0.9994938373565674
2554,is electricity the same in france,120,plug_type,149,travel_suggestion,run_01_seed_42,0.374010294675827
2555,will i need a plug converter when i visit costa rica,120,plug_type,120,plug_type,run_01_seed_42,0.9951947331428528
2556,will i require a plug converter when i visit kenya,120,plug_type,120,plug_type,run_01_seed_42,0.9995957016944885
2557,will i need to get a plug converter when i visit guam,120,plug_type,120,plug_type,run_01_seed_42,0.9976367950439453
2558,do i require a plug converter when i visit puerto rico,120,plug_type,120,plug_type,run_01_seed_42,0.9996691942214966
2559,will i need to have a plug converter when i visit madrid,120,plug_type,120,plug_type,run_01_seed_42,0.9998131394386292
2560,z uses which type of plug,120,plug_type,120,plug_type,run_01_seed_42,0.99962317943573
2561,what sort of plug is used in the caribbean,120,plug_type,120,plug_type,run_01_seed_42,0.9997140765190125
2562,which plug is used in japan,120,plug_type,120,plug_type,run_01_seed_42,0.9999405145645142
2563,plug used in china,120,plug_type,120,plug_type,run_01_seed_42,0.9939060807228088
2564,what kind of plug is used in england,120,plug_type,120,plug_type,run_01_seed_42,0.9999265670776367
2565,what do i need for a plug in wales,120,plug_type,120,plug_type,run_01_seed_42,0.9359310865402222
2566,does z used the same plus as we do in the united states,120,plug_type,80,flight_status,run_01_seed_42,0.5858455896377563
2567,can i used the same type of plug in z as i do in the us,120,plug_type,120,plug_type,run_01_seed_42,0.999351441860199
2568,electrical plugs used in that country,120,plug_type,120,plug_type,run_01_seed_42,0.9922099113464355
2569,are the electric plugs the same over in that country,120,plug_type,120,plug_type,run_01_seed_42,0.8192341327667236
2570,what kind of electrical outlet does that country use,120,plug_type,120,plug_type,run_01_seed_42,0.9842121005058289
2571,do i need a converter for my electronics when i go to that coutntry,120,plug_type,120,plug_type,run_01_seed_42,0.4028947651386261
2572,can i plug in my electronics there like normal,120,plug_type,120,plug_type,run_01_seed_42,0.9663151502609253
2573,is a socket converter necessary if i'm travelling to london,120,plug_type,120,plug_type,run_01_seed_42,0.999915361404419
2574,are socket converters something i need to bring if going to australia,120,plug_type,120,plug_type,run_01_seed_42,0.5933298468589783
2575,can i use electronic devices in mexico without a socket converter,120,plug_type,120,plug_type,run_01_seed_42,0.9984159469604492
2576,are socket converters needed if i'm going to cape town,120,plug_type,120,plug_type,run_01_seed_42,0.767726480960846
2577,does sweden use the same kind of socket or do i need a converter,120,plug_type,120,plug_type,run_01_seed_42,0.9993426203727722
2578,what plug type is used internationally,120,plug_type,120,plug_type,run_01_seed_42,0.9872075915336609
2579,what's the plug type in honduras,120,plug_type,120,plug_type,run_01_seed_42,0.9975478053092957
2580,when would you change my tires,47,tire_change,47,tire_change,run_01_seed_42,0.9995473027229309
2581,when is the next time i should get my tires changed,47,tire_change,47,tire_change,run_01_seed_42,0.9999810457229614
2582,how soon should i get my tires changed,47,tire_change,47,tire_change,run_01_seed_42,0.9999918937683105
2583,how often should i get my tires changed,47,tire_change,47,tire_change,run_01_seed_42,0.9999915361404419
2584,do you know when i should get my tires changed next,47,tire_change,47,tire_change,run_01_seed_42,0.9999772310256958
2585,when should my tires be changed,47,tire_change,47,tire_change,run_01_seed_42,0.9998880624771118
2586,i need to know when i should change my tires,47,tire_change,47,tire_change,run_01_seed_42,0.9999587535858154
2587,how soon till i need to change my tires,47,tire_change,47,tire_change,run_01_seed_42,0.9999382495880127
2588,can you tell me when my tires have to be changed,47,tire_change,47,tire_change,run_01_seed_42,0.9999387264251709
2589,am i almost due for a tire change,47,tire_change,47,tire_change,run_01_seed_42,0.9484473466873169
2590,when is my car due for an tire change,47,tire_change,47,tire_change,run_01_seed_42,0.9202638268470764
2591,how do i know when to get the tires changed on my car,47,tire_change,47,tire_change,run_01_seed_42,0.999806821346283
2592,how often should my tires be changed,47,tire_change,47,tire_change,run_01_seed_42,0.9995986819267273
2593,how often should i change the tires on my car,47,tire_change,47,tire_change,run_01_seed_42,0.9990488886833191
2594,i replaced tires last june when should i do it again,47,tire_change,47,tire_change,run_01_seed_42,0.9990956783294678
2595,on feb 3rd i changed my tires are they still good,47,tire_change,47,tire_change,run_01_seed_42,0.5673219561576843
2596,my tires are 29 months old should u change them,47,tire_change,123,oil_change_when,run_01_seed_42,0.4797373116016388
2597,when do my tires need changing after i replaced them last week,47,tire_change,47,tire_change,run_01_seed_42,0.9999164342880249
2598,in september i changed my tires are they in need of changing,47,tire_change,47,tire_change,run_01_seed_42,0.7393508553504944
2599,how do i know if it is time to replace my tires,47,tire_change,47,tire_change,run_01_seed_42,0.9998950958251953
2600,how long does the average set of tire last before needing replacement,47,tire_change,42,oos,run_01_seed_42,0.905834972858429
2601,how long are my tires expected to last before needing to be replaced,47,tire_change,47,tire_change,run_01_seed_42,0.946038007736206
2602,how many miles are my tires rated for,47,tire_change,98,tire_pressure,run_01_seed_42,0.9852504134178162
2603,what is the time for a tire change,47,tire_change,47,tire_change,run_01_seed_42,0.6812272071838379
2604,my tires should be changed when,47,tire_change,47,tire_change,run_01_seed_42,0.9972966313362122
2605,tell me when to get my tires changed,47,tire_change,47,tire_change,run_01_seed_42,0.9999477863311768
2606,when is it time for a change in tires,47,tire_change,47,tire_change,run_01_seed_42,0.995900571346283
2607,what is the timeframe for getting my tires changed,47,tire_change,47,tire_change,run_01_seed_42,0.9754495024681091
2608,tell me when i'll need new tires,47,tire_change,47,tire_change,run_01_seed_42,0.9999911785125732
2609,when will my tires need to be changed,47,tire_change,47,tire_change,run_01_seed_42,0.9999512434005737
2610,convert 200 us dollars to british pounds,38,exchange_rate,38,exchange_rate,run_01_seed_42,0.9976782202720642
2611,how many japanese yen are in a us dollar,38,exchange_rate,38,exchange_rate,run_01_seed_42,0.9992017149925232
2612,how much is 5 us dollars worth in canadian dollars,38,exchange_rate,38,exchange_rate,run_01_seed_42,0.9998550415039062
2613,can you tell me what 100 british pounds equals in us dollars,38,exchange_rate,38,exchange_rate,run_01_seed_42,0.9989259839057922
2614,what is the exchange rate between us dollars and japanese yen,38,exchange_rate,38,exchange_rate,run_01_seed_42,0.9999923706054688
2615,whats the current exchange rate between usd and eur,38,exchange_rate,38,exchange_rate,run_01_seed_42,0.999976634979248
2616,what's the exhange rate between mxn and gbp,38,exchange_rate,38,exchange_rate,run_01_seed_42,0.760797381401062
2617,what is the current exchange rate between mxn and eur,38,exchange_rate,38,exchange_rate,run_01_seed_42,0.9997316002845764
2618,what's the exchange rate between ils and usd,38,exchange_rate,38,exchange_rate,run_01_seed_42,0.9999202489852905
2619,what is the usd mxn exchange rate,38,exchange_rate,38,exchange_rate,run_01_seed_42,0.9999158382415771
2620,how many mexican pesos is a us dollar worth,38,exchange_rate,38,exchange_rate,run_01_seed_42,0.9989312291145325
2621,how much is one us dollar in british pounds,38,exchange_rate,38,exchange_rate,run_01_seed_42,0.9966546297073364
2622,whats the exchange rate for us dollars to british pounds,38,exchange_rate,38,exchange_rate,run_01_seed_42,0.999988317489624
2623,what is a british pound worth in mexican pesos,38,exchange_rate,76,reminder,run_01_seed_42,0.4864075481891632
2624,how many mexican pesos can i get for one us dollar,38,exchange_rate,38,exchange_rate,run_01_seed_42,0.999795138835907
2625,look up the rate of exchange between pesos and usd,38,exchange_rate,38,exchange_rate,run_01_seed_42,0.9982524514198303
2626,find me the exchange rate between usd and cad,38,exchange_rate,38,exchange_rate,run_01_seed_42,0.9999624490737915
2627,what is the exchange rate between euros and pesos,38,exchange_rate,38,exchange_rate,run_01_seed_42,0.9996820688247681
2628,tell me the current exchange rate between cad and euros,38,exchange_rate,38,exchange_rate,run_01_seed_42,0.9996702671051025
2629,what is the present exchange rate between usd and british pound,38,exchange_rate,38,exchange_rate,run_01_seed_42,0.9998526573181152
2630,convert 20 yen to dollars,38,exchange_rate,38,exchange_rate,run_01_seed_42,0.9997226595878601
2631,how many dollars can i get for 20 yen,38,exchange_rate,38,exchange_rate,run_01_seed_42,0.9998369216918945
2632,how many dollars is 20 yen worth,38,exchange_rate,38,exchange_rate,run_01_seed_42,0.9999456405639648
2633,20 yen is how many dollars,38,exchange_rate,38,exchange_rate,run_01_seed_42,0.9998553991317749
2634,20 yen equals how many dollars,38,exchange_rate,38,exchange_rate,run_01_seed_42,0.9998781681060791
2635,is $30 usd more or less in canada,38,exchange_rate,145,restaurant_suggestion,run_01_seed_42,0.274400532245636
2636,"in canadian dollars, what is $30",38,exchange_rate,66,timezone,run_01_seed_42,0.16047722101211548
2637,what is the conversion of $30 in canadian dollars,38,exchange_rate,38,exchange_rate,run_01_seed_42,0.9948022365570068
2638,can you please convert $30 usd to canadian dollars,38,exchange_rate,38,exchange_rate,run_01_seed_42,0.9927152991294861
2639,how much is $30 usd in canadian dollar,38,exchange_rate,38,exchange_rate,run_01_seed_42,0.9997605681419373
2640,on what day is our next free day,140,next_holiday,140,next_holiday,run_01_seed_42,0.9998277425765991
2641,on what day is our next day off,140,next_holiday,140,next_holiday,run_01_seed_42,0.9999833106994629
2642,what day is our next day off,140,next_holiday,140,next_holiday,run_01_seed_42,0.9999829530715942
2643,is our next day off soon,140,next_holiday,140,next_holiday,run_01_seed_42,0.9999582767486572
2644,do you know when our next day off is,140,next_holiday,140,next_holiday,run_01_seed_42,0.999987006187439
2645,when are we off work next,140,next_holiday,140,next_holiday,run_01_seed_42,0.9983017444610596
2646,when is the next day we have off,140,next_holiday,140,next_holiday,run_01_seed_42,0.999994158744812
2647,when will our next day off be,140,next_holiday,140,next_holiday,run_01_seed_42,0.99998939037323
2648,are there any holidays coming and when,140,next_holiday,140,next_holiday,run_01_seed_42,0.9939171671867371
2649,how many holidays are there and when is the next one here,140,next_holiday,140,next_holiday,run_01_seed_42,0.9152482151985168
2650,for the holidays when is the next one we do here,140,next_holiday,140,next_holiday,run_01_seed_42,0.9505150318145752
2651,what holiday is next and when,140,next_holiday,140,next_holiday,run_01_seed_42,0.997934103012085
2652,how long before the next holiday here,140,next_holiday,140,next_holiday,run_01_seed_42,0.9999815225601196
2653,what's the wait period until the next day off,140,next_holiday,140,next_holiday,run_01_seed_42,0.999996542930603
2654,when will my next vacation day be,140,next_holiday,140,next_holiday,run_01_seed_42,0.9990905523300171
2655,how long do i have to wait to get a day off,140,next_holiday,102,how_busy,run_01_seed_42,0.9769452810287476
2656,when's the next day off,140,next_holiday,140,next_holiday,run_01_seed_42,0.9999725818634033
2657,how many days left until the next day out of work,140,next_holiday,140,next_holiday,run_01_seed_42,0.9978569149971008
2658,tell me the next holiday,140,next_holiday,140,next_holiday,run_01_seed_42,0.9998824596405029
2659,tell me how long until the next day off,140,next_holiday,140,next_holiday,run_01_seed_42,0.9999914169311523
2660,i got to know how long until the next day off,140,next_holiday,140,next_holiday,run_01_seed_42,0.9999606609344482
2661,i wanna know how long until the next day off,140,next_holiday,140,next_holiday,run_01_seed_42,0.9999831914901733
2662,i need to know how long until the next day off,140,next_holiday,140,next_holiday,run_01_seed_42,0.9999710321426392
2663,i wanna know the next holiday,140,next_holiday,140,next_holiday,run_01_seed_42,0.9998334646224976
2664,let me know how long until the next day off,140,next_holiday,140,next_holiday,run_01_seed_42,0.9999871253967285
2665,i wish to know the next holiday,140,next_holiday,140,next_holiday,run_01_seed_42,0.9998329877853394
2666,i must know the next holiday,140,next_holiday,140,next_holiday,run_01_seed_42,0.9999632835388184
2667,i would like to know the next holiday,140,next_holiday,140,next_holiday,run_01_seed_42,0.9998266100883484
2668,find the next holiday,140,next_holiday,140,next_holiday,run_01_seed_42,0.9999525547027588
2669,when is the soonest holiday,140,next_holiday,140,next_holiday,run_01_seed_42,0.9993522763252258
2670,turn volume up to 4,150,change_volume,150,change_volume,run_01_seed_42,0.9991474151611328
2671,adjust volume setting to 4,150,change_volume,150,change_volume,run_01_seed_42,0.9999760389328003
2672,keep volume at 4 all the time,150,change_volume,150,change_volume,run_01_seed_42,0.9991000890731812
2673,put volume setting on number 4,150,change_volume,150,change_volume,run_01_seed_42,0.9998444318771362
2674,please make sure the volume stays at 4,150,change_volume,150,change_volume,run_01_seed_42,0.9999079704284668
2675,put the volume to 4,150,change_volume,150,change_volume,run_01_seed_42,0.9999725818634033
2676,volume to 4,150,change_volume,150,change_volume,run_01_seed_42,0.9997074007987976
2677,turn down your speaker,150,change_volume,150,change_volume,run_01_seed_42,0.9999443292617798
2678,decrease your decibel level,150,change_volume,119,change_speed,run_01_seed_42,0.5049660205841064
2679,be more quiet,150,change_volume,147,cancel,run_01_seed_42,0.9986339211463928
2680,please lower the sound,150,change_volume,150,change_volume,run_01_seed_42,0.5099409818649292
2681,speak up,150,change_volume,119,change_speed,run_01_seed_42,0.6717177033424377
2682,not so loud,150,change_volume,30,no,run_01_seed_42,0.9263535141944885
2683,quieter please,150,change_volume,147,cancel,run_01_seed_42,0.8506941199302673
2684,increase the volume,150,change_volume,150,change_volume,run_01_seed_42,0.9999871253967285
2685,turn up the volume,150,change_volume,150,change_volume,run_01_seed_42,0.9999511241912842
2686,speak louder please,150,change_volume,150,change_volume,run_01_seed_42,0.9993544220924377
2687,please lower your volume,150,change_volume,150,change_volume,run_01_seed_42,0.9997586607933044
2688,louder please,150,change_volume,150,change_volume,run_01_seed_42,0.9745078086853027
2689,turn down the volume,150,change_volume,150,change_volume,run_01_seed_42,0.9999945163726807
2690,can you speak quieter,150,change_volume,119,change_speed,run_01_seed_42,0.9756081700325012
2691,turn to volume 4,150,change_volume,150,change_volume,run_01_seed_42,0.99994957447052
2692,set 4 as the volume,150,change_volume,150,change_volume,run_01_seed_42,0.9967241883277893
2693,turn volume to 4,150,change_volume,150,change_volume,run_01_seed_42,0.9998643398284912
2694,volume 4 set,150,change_volume,150,change_volume,run_01_seed_42,0.9980493783950806
2695,volume set to 4,150,change_volume,150,change_volume,run_01_seed_42,0.9976680874824524
2696,i can't hear you and need you to turn up the volume,150,change_volume,150,change_volume,run_01_seed_42,0.9997209906578064
2697,turn up your speaker volume,150,change_volume,150,change_volume,run_01_seed_42,0.9874722957611084
2698,can you speak louder,150,change_volume,150,change_volume,run_01_seed_42,0.9996241331100464
2699,can you turn up the volume for your speaker,150,change_volume,150,change_volume,run_01_seed_42,0.9999487400054932
2700,who is in charge of you when you work,57,who_do_you_work_for,57,who_do_you_work_for,run_01_seed_42,0.9972510933876038
2701,who is responsible for your employment,57,who_do_you_work_for,96,who_made_you,run_01_seed_42,0.9985931515693665
2702,who do you report to for your work,57,who_do_you_work_for,57,who_do_you_work_for,run_01_seed_42,0.9999510049819946
2703,let me know who your boss is,57,who_do_you_work_for,57,who_do_you_work_for,run_01_seed_42,0.999891996383667
2704,i want to know who your boss is,57,who_do_you_work_for,57,who_do_you_work_for,run_01_seed_42,0.9999923706054688
2705,would you let me know who your boss is,57,who_do_you_work_for,57,who_do_you_work_for,run_01_seed_42,0.9999293088912964
2706,i would like to know who your boss is,57,who_do_you_work_for,57,who_do_you_work_for,run_01_seed_42,0.9998024106025696
2707,are you my insubordinate,57,who_do_you_work_for,57,who_do_you_work_for,run_01_seed_42,0.621155321598053
2708,does someone else control you,57,who_do_you_work_for,57,who_do_you_work_for,run_01_seed_42,0.49504438042640686
2709,do i own you,57,who_do_you_work_for,34,do_you_have_pets,run_01_seed_42,0.44704580307006836
2710,what firm do you work for,57,who_do_you_work_for,57,who_do_you_work_for,run_01_seed_42,0.992003858089447
2711,do you take your orders from me,57,who_do_you_work_for,57,who_do_you_work_for,run_01_seed_42,0.8667198419570923
2712,do i control you,57,who_do_you_work_for,96,who_made_you,run_01_seed_42,0.2288103848695755
2713,am i in charge of you,57,who_do_you_work_for,117,are_you_a_bot,run_01_seed_42,0.436177521944046
2714,is there another person that controls you,57,who_do_you_work_for,96,who_made_you,run_01_seed_42,0.7391563057899475
2715,who do you take your orders from,57,who_do_you_work_for,57,who_do_you_work_for,run_01_seed_42,0.982251763343811
2716,would you consider someone else your boss,57,who_do_you_work_for,57,who_do_you_work_for,run_01_seed_42,0.9987068176269531
2717,do you take orders from someone else,57,who_do_you_work_for,57,who_do_you_work_for,run_01_seed_42,0.9380609393119812
2718,who controls you,57,who_do_you_work_for,96,who_made_you,run_01_seed_42,0.9997531771659851
2719,who's your boss,57,who_do_you_work_for,57,who_do_you_work_for,run_01_seed_42,0.9952617883682251
2720,what company do you work for,57,who_do_you_work_for,57,who_do_you_work_for,run_01_seed_42,0.9993703961372375
2721,who employs you,57,who_do_you_work_for,96,who_made_you,run_01_seed_42,0.9997476935386658
2722,where do you work,57,who_do_you_work_for,57,who_do_you_work_for,run_01_seed_42,0.8837578296661377
2723,who is it that you work for,57,who_do_you_work_for,57,who_do_you_work_for,run_01_seed_42,0.9999618530273438
2724,whom do you work for,57,who_do_you_work_for,57,who_do_you_work_for,run_01_seed_42,0.9999909400939941
2725,who is your job with,57,who_do_you_work_for,57,who_do_you_work_for,run_01_seed_42,0.9351810812950134
2726,what company are you employed by,57,who_do_you_work_for,57,who_do_you_work_for,run_01_seed_42,0.7744553685188293
2727,what is the name of the place you work at,57,who_do_you_work_for,75,what_is_your_name,run_01_seed_42,0.5440061688423157
2728,what's your boss's name,57,who_do_you_work_for,57,who_do_you_work_for,run_01_seed_42,0.9863248467445374
2729,who can i talk to above you,57,who_do_you_work_for,55,change_ai_name,run_01_seed_42,0.9138864874839783
2730,what's the most i can charge on my card,41,credit_limit,68,transactions,run_01_seed_42,0.37156620621681213
2731,how much do i have available on my visa card,41,credit_limit,41,credit_limit,run_01_seed_42,0.9885000586509705
2732,what is my visa credit limit,41,credit_limit,41,credit_limit,run_01_seed_42,0.9998214840888977
2733,how much of a credit limit does visa allow,41,credit_limit,41,credit_limit,run_01_seed_42,0.9675833582878113
2734,is there a substantial credit limit on my visa,41,credit_limit,41,credit_limit,run_01_seed_42,0.9935950636863708
2735,as my visa got a high enough limit on it,41,credit_limit,41,credit_limit,run_01_seed_42,0.8879996538162231
2736,what is my credit max,41,credit_limit,69,credit_score,run_01_seed_42,0.581668496131897
2737,what is my credit card spending limit,41,credit_limit,41,credit_limit,run_01_seed_42,0.9999034404754639
2738,what's my daily spending limit,41,credit_limit,41,credit_limit,run_01_seed_42,0.9992051720619202
2739,tell me my credit limit,41,credit_limit,41,credit_limit,run_01_seed_42,0.9998587369918823
2740,how much credit do i have on my discover card,41,credit_limit,41,credit_limit,run_01_seed_42,0.9981359243392944
2741,do i have a monthly spending limit,41,credit_limit,71,spending_history,run_01_seed_42,0.5159248113632202
2742,what's the limit on my discover card,41,credit_limit,41,credit_limit,run_01_seed_42,0.999895453453064
2743,is there a spending limit,41,credit_limit,71,spending_history,run_01_seed_42,0.626565158367157
2744,what is my credit limit on my discover,41,credit_limit,41,credit_limit,run_01_seed_42,0.9998289346694946
2745,what's my spending limit on my discover,41,credit_limit,41,credit_limit,run_01_seed_42,0.9998301267623901
2746,how much is my maximum to spend on credit cards,41,credit_limit,27,bill_balance,run_01_seed_42,0.9235407114028931
2747,what's my discover credit limit,41,credit_limit,41,credit_limit,run_01_seed_42,0.9812530875205994
2748,how much can i use on my visa,41,credit_limit,41,credit_limit,run_01_seed_42,0.9947547912597656
2749,my visa has what limit,41,credit_limit,41,credit_limit,run_01_seed_42,0.9973606467247009
2750,tell me my visa limit,41,credit_limit,41,credit_limit,run_01_seed_42,0.9997784495353699
2751,look up how high my visa limit is,41,credit_limit,41,credit_limit,run_01_seed_42,0.9997466206550598
2752,what is the limit on my visa,41,credit_limit,41,credit_limit,run_01_seed_42,0.999915599822998
2753,what is my state bank of india card credit limit,41,credit_limit,41,credit_limit,run_01_seed_42,0.9957063794136047
2754,calculate the limit i have available for spending on my natwest card,41,credit_limit,41,credit_limit,run_01_seed_42,0.9984371066093445
2755,tell me my hsbc card credit limit,41,credit_limit,41,credit_limit,run_01_seed_42,0.9997712969779968
2756,what's the spending limit on my lloyds card,41,credit_limit,41,credit_limit,run_01_seed_42,0.9998811483383179
2757,i need you to tell me the credit limit for my republic bank card,41,credit_limit,41,credit_limit,run_01_seed_42,0.9998856782913208
2758,how high is my credit limit,41,credit_limit,41,credit_limit,run_01_seed_42,0.9967177510261536
2759,i want to know my credit limit,41,credit_limit,41,credit_limit,run_01_seed_42,0.999497652053833
2760,is the resataurant busy at 5:00 pm,102,how_busy,102,how_busy,run_01_seed_42,0.9974493384361267
2761,how busy is the cafe at 7:00,102,how_busy,102,how_busy,run_01_seed_42,0.7913102507591248
2762,would tio's be crowded at 7,102,how_busy,102,how_busy,run_01_seed_42,0.938404381275177
2763,can i get a table for four at 8:00,102,how_busy,23,restaurant_reservation,run_01_seed_42,0.9813477993011475
2764,is the friday's full after 4,102,how_busy,118,next_song,run_01_seed_42,0.5116602182388306
2765,how long is the wait at fridays,102,how_busy,102,how_busy,run_01_seed_42,0.9999911785125732
2766,is the mexican place crowded at night,102,how_busy,0,restaurant_reviews,run_01_seed_42,0.4880047142505646
2767,are cool people at the bar at 9:00 pm,102,how_busy,0,restaurant_reviews,run_01_seed_42,0.9005974531173706
2768,what is the best time to go to get a burger without a line,102,how_busy,92,roll_dice,run_01_seed_42,0.27811363339424133
2769,how long before i can eat at chic fil a,102,how_busy,102,how_busy,run_01_seed_42,0.9937042593955994
2770,how long to be seated at carrabas,102,how_busy,102,how_busy,run_01_seed_42,0.9935709238052368
2771,is the wait at pizza hut long,102,how_busy,102,how_busy,run_01_seed_42,0.9996011853218079
2772,is the breakfast place full in the mornings,102,how_busy,149,travel_suggestion,run_01_seed_42,0.31357553601264954
2773,is the wait more than an hour at the italian place,102,how_busy,102,how_busy,run_01_seed_42,0.8265296220779419
2774,tell me how busy red robin is at 5 pm,102,how_busy,102,how_busy,run_01_seed_42,0.9982485771179199
2775,i wanna know how busy denny's is at 5 am,102,how_busy,102,how_busy,run_01_seed_42,0.9991913437843323
2776,i need to know how busy denny's is at 6 am,102,how_busy,102,how_busy,run_01_seed_42,0.9994673132896423
2777,how busy is red robin around 5 pm,102,how_busy,102,how_busy,run_01_seed_42,0.9998773336410522
2778,so how busy is the outback steakhouse at 5 pm,102,how_busy,102,how_busy,run_01_seed_42,0.9989014863967896
2779,tell me mr joes pizza average wait time,102,how_busy,102,how_busy,run_01_seed_42,0.9990267753601074
2780,is mr joes pizza available for a seating,102,how_busy,134,ingredient_substitution,run_01_seed_42,0.3617028295993805
2781,does mr joes pizza usually have a long wait,102,how_busy,102,how_busy,run_01_seed_42,0.9897659420967102
2782,can you find out the waiting times for mr joes pizza,102,how_busy,134,ingredient_substitution,run_01_seed_42,0.2724571228027344
2783,what's the typical wait time for mr joes pizza,102,how_busy,102,how_busy,run_01_seed_42,0.9998724460601807
2784,how busy is cheesecake factory right now,102,how_busy,5,weather,run_01_seed_42,0.641693651676178
2785,how long is the wait at cheesecake factory,102,how_busy,102,how_busy,run_01_seed_42,0.9999748468399048
2786,how long will i have to wait at cheesecake factory,102,how_busy,102,how_busy,run_01_seed_42,0.999970555305481
2787,is cheesecake factory busy right now,102,how_busy,5,weather,run_01_seed_42,0.9913431406021118
2788,check how busy cheesecake factory is,102,how_busy,102,how_busy,run_01_seed_42,0.8387138843536377
2789,is there a long wait at chili's around 5:00,102,how_busy,102,how_busy,run_01_seed_42,0.9999836683273315
2790,can i do a reservation at sammy's crab shack,9,accept_reservations,9,accept_reservations,run_01_seed_42,0.9217387437820435
2791,does bill's house of chop suey accept reservations,9,accept_reservations,9,accept_reservations,run_01_seed_42,0.9999115467071533
2792,check if bj's takes reservations,9,accept_reservations,9,accept_reservations,run_01_seed_42,0.9999929666519165
2793,does bj's take reservations,9,accept_reservations,9,accept_reservations,run_01_seed_42,0.9999957084655762
2794,will bj's take reservations,9,accept_reservations,9,accept_reservations,run_01_seed_42,0.9999808073043823
2795,do you know if i can make reservations at bj's,9,accept_reservations,9,accept_reservations,run_01_seed_42,0.9998499155044556
2796,tell me if the new york restaurant takes reservations,9,accept_reservations,9,accept_reservations,run_01_seed_42,0.6654089093208313
2797,can i reserve tables at the new york restaurant,9,accept_reservations,91,new_card,run_01_seed_42,0.5447673797607422
2798,i want to know if the new york restaurant takes reservations,9,accept_reservations,9,accept_reservations,run_01_seed_42,0.6376694440841675
2799,does the new york restaurant take reservations,9,accept_reservations,9,accept_reservations,run_01_seed_42,0.9993600249290466
2800,is it possible to make reservations at the new york restaurant,9,accept_reservations,9,accept_reservations,run_01_seed_42,0.9953268766403198
2801,do you have any idea if the flying wing does reservations,9,accept_reservations,9,accept_reservations,run_01_seed_42,0.998883068561554
2802,does village inn let you make reservations,9,accept_reservations,9,accept_reservations,run_01_seed_42,0.999987006187439
2803,is it possible to get reservations at ihop,9,accept_reservations,9,accept_reservations,run_01_seed_42,0.9992914199829102
2804,is it possible to reserve a table at white castle,9,accept_reservations,23,restaurant_reservation,run_01_seed_42,0.9884169697761536
2805,do you think they'll let me reserve a table at the olive garden,9,accept_reservations,23,restaurant_reservation,run_01_seed_42,0.999238133430481
2806,do they take reservations at applebeesi,9,accept_reservations,9,accept_reservations,run_01_seed_42,0.9999934434890747
2807,does applebees do reservations,9,accept_reservations,9,accept_reservations,run_01_seed_42,0.9998428821563721
2808,can applebees take reservations,9,accept_reservations,9,accept_reservations,run_01_seed_42,0.9999973773956299
2809,can i get reservations at applebees,9,accept_reservations,9,accept_reservations,run_01_seed_42,0.9938238859176636
2810,does applebees take reservations,9,accept_reservations,9,accept_reservations,run_01_seed_42,0.9999971389770508
2811,tell me if taco bell takes reservations,9,accept_reservations,9,accept_reservations,run_01_seed_42,0.9998844861984253
2812,any clue as to if taco bell takes reservations,9,accept_reservations,9,accept_reservations,run_01_seed_42,0.9991756081581116
2813,do you know if taco bell takes reservations,9,accept_reservations,9,accept_reservations,run_01_seed_42,0.9998314380645752
2814,any idea as to if taco bell takes reservations,9,accept_reservations,9,accept_reservations,run_01_seed_42,0.9996973276138306
2815,do you know if l'arpege will ask for reservations,9,accept_reservations,9,accept_reservations,run_01_seed_42,0.8679242134094238
2816,will we have to make reservations for roca,9,accept_reservations,9,accept_reservations,run_01_seed_42,0.9990991353988647
2817,does osteria francescana take reservations,9,accept_reservations,9,accept_reservations,run_01_seed_42,0.9999791383743286
2818,do you have any idea if central needs reservations,9,accept_reservations,9,accept_reservations,run_01_seed_42,0.992970883846283
2819,eleven madison park takes reservations right,9,accept_reservations,9,accept_reservations,run_01_seed_42,0.9755880236625671
2820,where is my order now,84,order_status,84,order_status,run_01_seed_42,0.9992311000823975
2821,tell me all updates about my order's status,84,order_status,84,order_status,run_01_seed_42,0.9911825656890869
2822,is my order on its way or what's going on,84,order_status,84,order_status,run_01_seed_42,0.9914692044258118
2823,how is my order doing right now,84,order_status,84,order_status,run_01_seed_42,0.9773685932159424
2824,locate my package,84,order_status,84,order_status,run_01_seed_42,0.9998142123222351
2825,can you monitor my package's progress,84,order_status,42,oos,run_01_seed_42,0.5699065327644348
2826,track my order,84,order_status,84,order_status,run_01_seed_42,0.9999828338623047
2827,tell me where my package is currently,84,order_status,84,order_status,run_01_seed_42,0.9990659356117249
2828,where is my package en route,84,order_status,84,order_status,run_01_seed_42,0.9996832609176636
2829,give me the status of my order,84,order_status,84,order_status,run_01_seed_42,0.9999710321426392
2830,when will i get my order,84,order_status,84,order_status,run_01_seed_42,0.9989798665046692
2831,tell me where my order is,84,order_status,84,order_status,run_01_seed_42,0.9997013211250305
2832,what is the status of the order i placed with you yesterday,84,order_status,84,order_status,run_01_seed_42,0.9959347248077393
2833,what's the updated status of my order,84,order_status,84,order_status,run_01_seed_42,0.9992337226867676
2834,can you help with delivery tracking,84,order_status,115,what_can_i_ask_you,run_01_seed_42,0.29678937792778015
2835,i need a delivery tracked,84,order_status,42,oos,run_01_seed_42,0.48263147473335266
2836,i need to track my order,84,order_status,84,order_status,run_01_seed_42,0.999966025352478
2837,i placed an order and i need it tracked,84,order_status,16,order,run_01_seed_42,0.8726716041564941
2838,could you track an order for me,84,order_status,16,order,run_01_seed_42,0.5886597037315369
2839,has my package been sent,84,order_status,84,order_status,run_01_seed_42,0.9918301701545715
2840,what time is my package getting here,84,order_status,84,order_status,run_01_seed_42,0.9979802966117859
2841,how's my amazon order doing,84,order_status,84,order_status,run_01_seed_42,0.9998944997787476
2842,i need to track a package,84,order_status,84,order_status,run_01_seed_42,0.999584972858429
2843,i want to track a package i should be getting,84,order_status,84,order_status,run_01_seed_42,0.8863992094993591
2844,please track my order,84,order_status,84,order_status,run_01_seed_42,0.9999626874923706
2845,can you tell me when my item will get here,84,order_status,80,flight_status,run_01_seed_42,0.7035345435142517
2846,can you tell me where my item is,84,order_status,136,current_location,run_01_seed_42,0.8436921834945679
2847,what's up with my order,84,order_status,84,order_status,run_01_seed_42,0.9991544485092163
2848,are they any updates on my order,84,order_status,84,order_status,run_01_seed_42,0.9942712783813477
2849,i need to track the status of my order,84,order_status,84,order_status,run_01_seed_42,0.9999275207519531
2850,i'm struggling to remind myself the pin number to my card,89,pin_change,89,pin_change,run_01_seed_42,0.9366443157196045
2851,i'm having trouble remembering the pin number to my card,89,pin_change,89,pin_change,run_01_seed_42,0.30921632051467896
2852,the pin number to my card has been forgotten,89,pin_change,87,damaged_card,run_01_seed_42,0.9707897901535034
2853,i don't remember the pin number to my card,89,pin_change,87,damaged_card,run_01_seed_42,0.7465419173240662
2854,i do not recall the pin number to my card,89,pin_change,89,pin_change,run_01_seed_42,0.44861847162246704
2855,i would like to change the name on my checking account,89,pin_change,144,change_user_name,run_01_seed_42,0.532610297203064
2856,i would like to change the name on my credit card account,89,pin_change,144,change_user_name,run_01_seed_42,0.7711408734321594
2857,i would like to change the name on my first hawaiian bank account,89,pin_change,144,change_user_name,run_01_seed_42,0.937899112701416
2858,i would like to change the name on my first bankcard account,89,pin_change,144,change_user_name,run_01_seed_42,0.875995934009552
2859,i would like to change the name on my capital one account,89,pin_change,144,change_user_name,run_01_seed_42,0.7482485771179199
2860,change the pin on my savings account to 1234,89,pin_change,89,pin_change,run_01_seed_42,0.9999839067459106
2861,i want to change my savings account pin to 1234,89,pin_change,89,pin_change,run_01_seed_42,0.9997996687889099
2862,make 1234 a new pin for my savings account,89,pin_change,89,pin_change,run_01_seed_42,0.9999426603317261
2863,make 1234 the pin on my savings account,89,pin_change,89,pin_change,run_01_seed_42,0.9999111890792847
2864,can you make 1234 the pin for my savings account,89,pin_change,89,pin_change,run_01_seed_42,0.9999823570251465
2865,make my pin 1234 for my checking account,89,pin_change,89,pin_change,run_01_seed_42,0.9999247789382935
2866,go my to checking account and switch my pin to 1234,89,pin_change,89,pin_change,run_01_seed_42,0.9999037981033325
2867,access my checking account and update my pin to 1234,89,pin_change,89,pin_change,run_01_seed_42,0.9994423985481262
2868,correct my account pin to 1234 on my checking account,89,pin_change,89,pin_change,run_01_seed_42,0.9998551607131958
2869,modify my account pin to 1234 on my checking account,89,pin_change,89,pin_change,run_01_seed_42,0.9990561604499817
2870,tell me the pin number for my checking account,89,pin_change,89,pin_change,run_01_seed_42,0.9998856782913208
2871,please give me the pin number for my checking account,89,pin_change,89,pin_change,run_01_seed_42,0.9999662637710571
2872,i need the pin number for my checking account,89,pin_change,89,pin_change,run_01_seed_42,0.999855637550354
2873,does my checking account have a pin number,89,pin_change,89,pin_change,run_01_seed_42,0.9992803931236267
2874,what's the pin number for my checking account,89,pin_change,89,pin_change,run_01_seed_42,0.9994791150093079
2875,change the code of my savings account to be 1234,89,pin_change,20,freeze_account,run_01_seed_42,0.5323360562324524
2876,alter the pin on my savings account to be 1234,89,pin_change,89,pin_change,run_01_seed_42,0.9999765157699585
2877,what exactly is my pin,89,pin_change,89,pin_change,run_01_seed_42,0.9960691928863525
2878,how do i change the account pin number for me,89,pin_change,89,pin_change,run_01_seed_42,0.9999630451202393
2879,please tell me how do i change the account pin number,89,pin_change,89,pin_change,run_01_seed_42,0.9999423027038574
2880,good speaking to you,114,goodbye,114,goodbye,run_01_seed_42,0.9319108724594116
2881,it was really awesome to talk to you,114,goodbye,114,goodbye,run_01_seed_42,0.9997139573097229
2882,it was great to speak with you,114,goodbye,114,goodbye,run_01_seed_42,0.9975966811180115
2883,it was great to talk to you,114,goodbye,114,goodbye,run_01_seed_42,0.999944806098938
2884,bye bye then,114,goodbye,114,goodbye,run_01_seed_42,0.9999549388885498
2885,it was very good to talk to you,114,goodbye,114,goodbye,run_01_seed_42,0.9997789263725281
2886,good bye then,114,goodbye,114,goodbye,run_01_seed_42,0.9565637707710266
2887,bye,114,goodbye,114,goodbye,run_01_seed_42,0.9989860653877258
2888,regards,114,goodbye,107,yes,run_01_seed_42,0.4813799560070038
2889,catch you later,114,goodbye,114,goodbye,run_01_seed_42,0.9999005794525146
2890,"great talk, thanks",114,goodbye,124,thank_you,run_01_seed_42,0.9996802806854248
2891,later,114,goodbye,114,goodbye,run_01_seed_42,0.9983211159706116
2892,goodbye,114,goodbye,114,goodbye,run_01_seed_42,0.999118983745575
2893,see you later,114,goodbye,114,goodbye,run_01_seed_42,0.999883770942688
2894,"enjoy your day, goodbye",114,goodbye,15,what_are_your_hobbies,run_01_seed_42,0.45123448967933655
2895,thank you goodbye,114,goodbye,124,thank_you,run_01_seed_42,0.9004016518592834
2896,"have a good day, bye",114,goodbye,114,goodbye,run_01_seed_42,0.8028103113174438
2897,that will be all have a nice day!,114,goodbye,1,nutrition_info,run_01_seed_42,0.264875203371048
2898,"i enjoyed talking to you, bye",114,goodbye,114,goodbye,run_01_seed_42,0.9927738904953003
2899,it was great talking to you,114,goodbye,114,goodbye,run_01_seed_42,0.9999395608901978
2900,nice seeing you bye,114,goodbye,114,goodbye,run_01_seed_42,0.9995953440666199
2901,it was nice to chat,114,goodbye,114,goodbye,run_01_seed_42,0.9998804330825806
2902,it was a pleasure talking to you,114,goodbye,114,goodbye,run_01_seed_42,0.9994513392448425
2903,ok good chatting goodbye,114,goodbye,114,goodbye,run_01_seed_42,0.9997139573097229
2904,thanks bye bye!,114,goodbye,114,goodbye,run_01_seed_42,0.8988493084907532
2905,"that's all i need, i'm going now",114,goodbye,114,goodbye,run_01_seed_42,0.917793333530426
2906,"talk to you soon, bye!",114,goodbye,55,change_ai_name,run_01_seed_42,0.5280860066413879
2907,"thanks for your help, goodbye!",114,goodbye,124,thank_you,run_01_seed_42,0.9986146688461304
2908,good bye,114,goodbye,114,goodbye,run_01_seed_42,0.9991045594215393
2909,signing off,114,goodbye,147,cancel,run_01_seed_42,0.43647024035453796
2910,why is my bank account locked,2,account_blocked,2,account_blocked,run_01_seed_42,0.9999856948852539
2911,how do i unlock my bank account,2,account_blocked,2,account_blocked,run_01_seed_42,0.7057672142982483
2912,can you unlock my bank account,2,account_blocked,2,account_blocked,run_01_seed_42,0.9477218389511108
2913,how did my bank account get frozen,2,account_blocked,2,account_blocked,run_01_seed_42,0.9872143268585205
2914,can you help me unlock my bank account,2,account_blocked,2,account_blocked,run_01_seed_42,0.9970768690109253
2915,call my bank and ask them why my account is frozen,2,account_blocked,2,account_blocked,run_01_seed_42,0.997159481048584
2916,check with my bank to see why my account is frozen,2,account_blocked,2,account_blocked,run_01_seed_42,0.9999685287475586
2917,do you know why my bank account is frozen,2,account_blocked,2,account_blocked,run_01_seed_42,0.9999803304672241
2918,why did my bank place a hold on my bank account,2,account_blocked,2,account_blocked,run_01_seed_42,0.9999669790267944
2919,are there any problems with my bank account,2,account_blocked,2,account_blocked,run_01_seed_42,0.9942930936813354
2920,did someone who is unauthorized try to get into my bank account,2,account_blocked,2,account_blocked,run_01_seed_42,0.9589233994483948
2921,how can i unfreeze my bank account,2,account_blocked,2,account_blocked,run_01_seed_42,0.6945990324020386
2922,why is there a stop on my deposit account,2,account_blocked,20,freeze_account,run_01_seed_42,0.9547963738441467
2923,why can't i use my money market account,2,account_blocked,2,account_blocked,run_01_seed_42,0.9722990393638611
2924,why is there a delay on my checking account,2,account_blocked,2,account_blocked,run_01_seed_42,0.9990290403366089
2925,why is my checking account not working,2,account_blocked,2,account_blocked,run_01_seed_42,0.9788265228271484
2926,what could cause a hold on my savings account,2,account_blocked,2,account_blocked,run_01_seed_42,0.9983115196228027
2927,what caused a hold on my us bank account,2,account_blocked,2,account_blocked,run_01_seed_42,0.9996317625045776
2928,can you check and see why us bank put a hold on my account,2,account_blocked,2,account_blocked,run_01_seed_42,0.9997966885566711
2929,why does us bank have a hold on my account,2,account_blocked,2,account_blocked,run_01_seed_42,0.9999468326568604
2930,reasons that us bank would place a hold on my account,2,account_blocked,20,freeze_account,run_01_seed_42,0.9391335844993591
2931,check to see why us bank placed a hold on my account,2,account_blocked,2,account_blocked,run_01_seed_42,0.9999728202819824
2932,"is there a problem with my account, it appears to be blocked",2,account_blocked,62,carry_on,run_01_seed_42,0.5344071388244629
2933,"what is up with my account, why is it blocked",2,account_blocked,2,account_blocked,run_01_seed_42,0.9633486866950989
2934,there seems to be an issue with my account,2,account_blocked,42,oos,run_01_seed_42,0.28205937147140503
2935,can you help me unblock my account,2,account_blocked,2,account_blocked,run_01_seed_42,0.9992444515228271
2936,"can you check what the problem with my account is, it seems to b e blocked",2,account_blocked,2,account_blocked,run_01_seed_42,0.9986955523490906
2937,is there a reason you put a hold on my chase account,2,account_blocked,2,account_blocked,run_01_seed_42,0.9160165190696716
2938,why can't i access my chase account,2,account_blocked,2,account_blocked,run_01_seed_42,0.9977769255638123
2939,how come my chase account has a hold on it,2,account_blocked,2,account_blocked,run_01_seed_42,0.9985591769218445
2940,i'd like to know what song this is,21,what_song,21,what_song,run_01_seed_42,0.9999839067459106
2941,what is this song name,21,what_song,21,what_song,run_01_seed_42,0.9999918937683105
2942,i need to know this song,21,what_song,21,what_song,run_01_seed_42,0.9882701635360718
2943,what is the name of this song that's on right now,21,what_song,21,what_song,run_01_seed_42,0.9999226331710815
2944,i need to know the title of this song,21,what_song,21,what_song,run_01_seed_42,0.9999524354934692
2945,find out what song is currently on the speakers,21,what_song,21,what_song,run_01_seed_42,0.9991575479507446
2946,look up the name of this song,21,what_song,21,what_song,run_01_seed_42,0.9999511241912842
2947,can you identify this song for me,21,what_song,21,what_song,run_01_seed_42,0.9305586814880371
2948,tell me what this song is called,21,what_song,21,what_song,run_01_seed_42,0.9999935626983643
2949,please identify the song we're currently listening to,21,what_song,21,what_song,run_01_seed_42,0.8328522443771362
2950,what is the title of the song we're listening to right now,21,what_song,21,what_song,run_01_seed_42,0.9969562292098999
2951,look up the song that's on right now,21,what_song,21,what_song,run_01_seed_42,0.9928511381149292
2952,can you identify this song that's playing,21,what_song,21,what_song,run_01_seed_42,0.968942403793335
2953,find out what song this is,21,what_song,21,what_song,run_01_seed_42,0.9998331069946289
2954,i need to know what song this is that we're listening to,21,what_song,21,what_song,run_01_seed_42,0.9999901056289673
2955,tell me the song that is currently playing,21,what_song,21,what_song,run_01_seed_42,0.9999637603759766
2956,can you identify this song playing through the speaker right now,21,what_song,21,what_song,run_01_seed_42,0.9937637448310852
2957,tell me what this song is called that's playing,21,what_song,21,what_song,run_01_seed_42,0.9999877214431763
2958,what is the title of this song,21,what_song,21,what_song,run_01_seed_42,0.9999852180480957
2959,what is this song called,21,what_song,21,what_song,run_01_seed_42,0.9999890327453613
2960,what song is currently playing,21,what_song,21,what_song,run_01_seed_42,0.9999372959136963
2961,what is the information on this song,21,what_song,21,what_song,run_01_seed_42,0.990974485874176
2962,what song is this one,21,what_song,21,what_song,run_01_seed_42,0.9996111989021301
2963,on the speaker do you know what song is on,21,what_song,21,what_song,run_01_seed_42,0.9998830556869507
2964,on the speaker what song is playing,21,what_song,21,what_song,run_01_seed_42,0.9999878406524658
2965,do you know what song is playing on the speaker,21,what_song,21,what_song,run_01_seed_42,0.9999744892120361
2966,at the moment what song is playing on the speaker,21,what_song,21,what_song,run_01_seed_42,0.999904990196228
2967,what is playing on the speaker at the moment,21,what_song,21,what_song,run_01_seed_42,0.9996209144592285
2968,who is the singer on the speaker now,21,what_song,21,what_song,run_01_seed_42,0.7393373847007751
2969,what kind of music on the speaker now,21,what_song,21,what_song,run_01_seed_42,0.9856941103935242
2970,will i be charged transaction fees if i use my american card internationally,137,international_fees,137,international_fees,run_01_seed_42,0.9999250173568726
2971,will i incur transaction fees if i use my american card internationally,137,international_fees,137,international_fees,run_01_seed_42,0.9998941421508789
2972,do i have transaction fees if i use my american card internationally,137,international_fees,137,international_fees,run_01_seed_42,0.9994590878486633
2973,could you find out if my bank charges transaction fees on my american card if use internationally,137,international_fees,137,international_fees,run_01_seed_42,0.9978533387184143
2974,will the bank charge transaction fees if i use my american card internationally,137,international_fees,137,international_fees,run_01_seed_42,0.9997414946556091
2975,do i get charged extra for using my card in portland,137,international_fees,137,international_fees,run_01_seed_42,0.9996180534362793
2976,will i get charged for using my credit card in portland,137,international_fees,137,international_fees,run_01_seed_42,0.9815230965614319
2977,if i'm in portland can i still use my card without getting charged extra,137,international_fees,137,international_fees,run_01_seed_42,0.9172776937484741
2978,is there a fee for using my card in portland,137,international_fees,137,international_fees,run_01_seed_42,0.9999079704284668
2979,does using my card in portland charge me extra,137,international_fees,137,international_fees,run_01_seed_42,0.9990004897117615
2980,what are the transaction fees associated with my discover card if i am in rome,137,international_fees,137,international_fees,run_01_seed_42,0.9999822378158569
2981,how many transaction fees are there when i use my discover card in rome,137,international_fees,137,international_fees,run_01_seed_42,0.9995666146278381
2982,are there transaction fees for discover cards used in rome,137,international_fees,137,international_fees,run_01_seed_42,0.999634861946106
2983,will using a discover card in rome cause transaction fees,137,international_fees,137,international_fees,run_01_seed_42,0.9993489384651184
2984,do i have transaction fees when i use my discover card in rome,137,international_fees,137,international_fees,run_01_seed_42,0.9982934594154358
2985,are there transaction fees using my discover if i'm in cuba,137,international_fees,137,international_fees,run_01_seed_42,0.9999948740005493
2986,when i go to cuba will there be a transaction fee for using my discover card,137,international_fees,137,international_fees,run_01_seed_42,0.9990874528884888
2987,is there a fee to use my card in france,137,international_fees,137,international_fees,run_01_seed_42,0.9999642372131348
2988,will i be charged a transaction fee on my discover card in cuba,137,international_fees,137,international_fees,run_01_seed_42,0.9997498393058777
2989,is there a charge to use my card in france,137,international_fees,137,international_fees,run_01_seed_42,0.999982476234436
2990,if i use my discover card in cuba are there transaction fees,137,international_fees,137,international_fees,run_01_seed_42,0.9999769926071167
2991,are there transaction fees in cuba for using my discover card,137,international_fees,137,international_fees,run_01_seed_42,0.9999538660049438
2992,so i get charged if i use my card in france,137,international_fees,137,international_fees,run_01_seed_42,0.99998939037323
2993,is there an international charge for using my card in france,137,international_fees,137,international_fees,run_01_seed_42,0.999997615814209
2994,is there a fee if i use my card in france,137,international_fees,137,international_fees,run_01_seed_42,0.9999958276748657
2995,is there a charge to use my card in croatia,137,international_fees,137,international_fees,run_01_seed_42,0.998722493648529
2996,"in x, will i be charged to use my card",137,international_fees,137,international_fees,run_01_seed_42,0.6673850417137146
2997,"in x, what is the charge if i use my card",137,international_fees,137,international_fees,run_01_seed_42,0.9627542495727539
2998,"if i use my card in x, will there be a charge",137,international_fees,137,international_fees,run_01_seed_42,0.9996341466903687
2999,will it cost me anything to use my card in turin,137,international_fees,137,international_fees,run_01_seed_42,0.9929567575454712
3000,what was the date of my last car appointment,37,last_maintenance,37,last_maintenance,run_01_seed_42,0.9999966621398926
3001,was my car in the shop this past week,37,last_maintenance,37,last_maintenance,run_01_seed_42,0.9999797344207764
3002,how many weeks ago was my car in the shop,37,last_maintenance,37,last_maintenance,run_01_seed_42,0.9999927282333374
3003,did i get my car inspected recently,37,last_maintenance,37,last_maintenance,run_01_seed_42,0.9979658126831055
3004,i cannot remember when i last took my car to the shop,37,last_maintenance,37,last_maintenance,run_01_seed_42,0.9999992847442627
3005,did i bring my car to the shop last week,37,last_maintenance,37,last_maintenance,run_01_seed_42,0.9807645678520203
3006,when did i get my car inspected last,37,last_maintenance,37,last_maintenance,run_01_seed_42,0.9999876022338867
3007,give me the date that i last got my car checked,37,last_maintenance,37,last_maintenance,run_01_seed_42,0.9995381832122803
3008,did i take my car to the mechanics recently,37,last_maintenance,37,last_maintenance,run_01_seed_42,0.8237988948822021
3009,tell me when i got my car checked last,37,last_maintenance,37,last_maintenance,run_01_seed_42,0.9998867511749268
3010,when did i last take my car to the shop,37,last_maintenance,37,last_maintenance,run_01_seed_42,0.999998927116394
3011,give me an exact date of when i took my car to the mechanic,37,last_maintenance,37,last_maintenance,run_01_seed_42,0.9988149404525757
3012,remind me of the last date that i got my car checked,37,last_maintenance,37,last_maintenance,run_01_seed_42,0.9946743249893188
3013,when was my last visit to the car shop,37,last_maintenance,37,last_maintenance,run_01_seed_42,0.9999986886978149
3014,when was my car last in the shop,37,last_maintenance,37,last_maintenance,run_01_seed_42,0.9999992847442627
3015,how long ago did i take my car to the shop,37,last_maintenance,37,last_maintenance,run_01_seed_42,0.9999943971633911
3016,how long has it been since i last took my car to the shop,37,last_maintenance,37,last_maintenance,run_01_seed_42,0.999995231628418
3017,when did i take my car to the shop last,37,last_maintenance,37,last_maintenance,run_01_seed_42,0.9999876022338867
3018,give me the date of my last oil change,37,last_maintenance,37,last_maintenance,run_01_seed_42,0.9994875192642212
3019,tell me when i last had my oil changed,37,last_maintenance,37,last_maintenance,run_01_seed_42,0.9998670816421509
3020,when was my oil last changed,37,last_maintenance,37,last_maintenance,run_01_seed_42,0.9996938705444336
3021,what day did i last take my car to the shop,37,last_maintenance,37,last_maintenance,run_01_seed_42,0.9999915361404419
3022,have i recently had an oil change,37,last_maintenance,37,last_maintenance,run_01_seed_42,0.6805551052093506
3023,what was the date of the last time i took my car to the shop,37,last_maintenance,37,last_maintenance,run_01_seed_42,0.9999986886978149
3024,what day did i last take my car in,37,last_maintenance,37,last_maintenance,run_01_seed_42,0.9999924898147583
3025,tell me when my last oil change was,37,last_maintenance,37,last_maintenance,run_01_seed_42,0.9999737739562988
3026,i last got my oil changed when,37,last_maintenance,37,last_maintenance,run_01_seed_42,0.9179993271827698
3027,what day did i last have the oil in my car changed,37,last_maintenance,37,last_maintenance,run_01_seed_42,0.9999914169311523
3028,what was the date of my last oil change,37,last_maintenance,37,last_maintenance,run_01_seed_42,0.999962568283081
3029,i'd like to know the last time my car got looked at,37,last_maintenance,37,last_maintenance,run_01_seed_42,0.9991143345832825
3030,are there meetings scheduled for today,19,meeting_schedule,19,meeting_schedule,run_01_seed_42,0.9999954700469971
3031,check today's calendar for meetings,19,meeting_schedule,19,meeting_schedule,run_01_seed_42,0.9993674159049988
3032,check my schedule for meetings today,19,meeting_schedule,19,meeting_schedule,run_01_seed_42,0.9996209144592285
3033,list meetings on calendar for today,19,meeting_schedule,19,meeting_schedule,run_01_seed_42,0.9999276399612427
3034,exactly what time is my meeting with robin scheduled for on,19,meeting_schedule,19,meeting_schedule,run_01_seed_42,0.9941163063049316
3035,for what time is my meeting with marketing scheduled,19,meeting_schedule,19,meeting_schedule,run_01_seed_42,0.999870777130127
3036,what time is my meeting with design team scheduled for,19,meeting_schedule,19,meeting_schedule,run_01_seed_42,0.9999661445617676
3037,when is my meeting with infrastructure,19,meeting_schedule,19,meeting_schedule,run_01_seed_42,0.9999555349349976
3038,when is my meeting with invoicing scheduled,19,meeting_schedule,19,meeting_schedule,run_01_seed_42,0.9999654293060303
3039,is the meeting with lisa today,19,meeting_schedule,19,meeting_schedule,run_01_seed_42,0.9998605251312256
3040,are there meetings from 1 to 5 pm,19,meeting_schedule,19,meeting_schedule,run_01_seed_42,0.9994151592254639
3041,when for i meet jane for our meeting,19,meeting_schedule,19,meeting_schedule,run_01_seed_42,0.7070936560630798
3042,tell me if i have a meeting with liz today,19,meeting_schedule,19,meeting_schedule,run_01_seed_42,0.9958537817001343
3043,is there a meeting with sam today,19,meeting_schedule,18,schedule_meeting,run_01_seed_42,0.7185953855514526
3044,do i have a meeting with paul today,19,meeting_schedule,19,meeting_schedule,run_01_seed_42,0.9984909296035767
3045,is there any meetings from 5 to 6 pm,19,meeting_schedule,19,meeting_schedule,run_01_seed_42,0.9938603639602661
3046,when is my meeting with jim scheduled for,19,meeting_schedule,19,meeting_schedule,run_01_seed_42,0.9999711513519287
3047,are there any meetings between 2 and 5 pm,19,meeting_schedule,19,meeting_schedule,run_01_seed_42,0.9997531771659851
3048,is it possible i have a meeting with kim today,19,meeting_schedule,19,meeting_schedule,run_01_seed_42,0.9981119632720947
3049,my meeting with alice is scheduled for when,19,meeting_schedule,19,meeting_schedule,run_01_seed_42,0.9994428753852844
3050,when is my meeting with jack for,19,meeting_schedule,19,meeting_schedule,run_01_seed_42,0.9982529282569885
3051,when is my meeting with ann,19,meeting_schedule,19,meeting_schedule,run_01_seed_42,0.9996438026428223
3052,do i have any meetings between 1 and 8 pm,19,meeting_schedule,19,meeting_schedule,run_01_seed_42,0.9999257326126099
3053,i need to know if i have meetings from 3 to 6 pm,19,meeting_schedule,19,meeting_schedule,run_01_seed_42,0.9896903038024902
3054,do i have any meetings scheduled today,19,meeting_schedule,19,meeting_schedule,run_01_seed_42,0.9999991655349731
3055,give me a summary of today's meetings,19,meeting_schedule,19,meeting_schedule,run_01_seed_42,0.9932560920715332
3056,tell me when today's meeting is supposed to happen,19,meeting_schedule,19,meeting_schedule,run_01_seed_42,0.9958646297454834
3057,what time is today's meeting,19,meeting_schedule,19,meeting_schedule,run_01_seed_42,0.9939507246017456
3058,check the start time of the meeting scheduled for today,19,meeting_schedule,19,meeting_schedule,run_01_seed_42,0.9999674558639526
3059,am i supposed to attend any meetings today,19,meeting_schedule,19,meeting_schedule,run_01_seed_42,0.9999992847442627
3060,what food do you need to make lasagna,112,ingredients_list,112,ingredients_list,run_01_seed_42,0.9903467297554016
3061,what ingredients do you need to make lasagna,112,ingredients_list,112,ingredients_list,run_01_seed_42,0.9999840259552002
3062,what ingredients are needed to make lasgana,112,ingredients_list,112,ingredients_list,run_01_seed_42,0.9999940395355225
3063,what is needed to make lasagna,112,ingredients_list,104,recipe,run_01_seed_42,0.6982625722885132
3064,what is needed to cook lasagna,112,ingredients_list,104,recipe,run_01_seed_42,0.9961840510368347
3065,give me a recipe for tacos,112,ingredients_list,104,recipe,run_01_seed_42,0.9996715784072876
3066,what ingredients are in tacos,112,ingredients_list,112,ingredients_list,run_01_seed_42,0.9999617338180542
3067,tell me what's in tacos,112,ingredients_list,112,ingredients_list,run_01_seed_42,0.39844927191734314
3068,what's a good recipe foe tacos,112,ingredients_list,104,recipe,run_01_seed_42,0.9925523996353149
3069,tell me the ingredients for making tom yum,112,ingredients_list,112,ingredients_list,run_01_seed_42,0.9724107384681702
3070,i want to know the ingredients for making pizza,112,ingredients_list,112,ingredients_list,run_01_seed_42,0.9869754314422607
3071,let me know the ingredients i will need for pasta making,112,ingredients_list,86,cook_time,run_01_seed_42,0.6544472575187683
3072,what ingredients are necessary to make spaghetti carbonara,112,ingredients_list,112,ingredients_list,run_01_seed_42,0.999994158744812
3073,what do i need to use to make lasagna,112,ingredients_list,112,ingredients_list,run_01_seed_42,0.9927438497543335
3074,how much flour do i need for a strawberry cake,112,ingredients_list,86,cook_time,run_01_seed_42,0.9530302882194519
3075,tell me the ingredients to make an apple pie,112,ingredients_list,104,recipe,run_01_seed_42,0.9742688536643982
3076,what ingredients are in beef jerkey,112,ingredients_list,112,ingredients_list,run_01_seed_42,0.9999876022338867
3077,what ingredients does agor agor need,112,ingredients_list,112,ingredients_list,run_01_seed_42,0.9999228715896606
3078,what do i need to make authentic kimchi,112,ingredients_list,112,ingredients_list,run_01_seed_42,0.9999070167541504
3079,what do i need to make macaroni,112,ingredients_list,112,ingredients_list,run_01_seed_42,0.9995107650756836
3080,what do i need to buy for spaghetti,112,ingredients_list,112,ingredients_list,run_01_seed_42,0.962475597858429
3081,what am i gonna need for sushi,112,ingredients_list,46,meal_suggestion,run_01_seed_42,0.9123193025588989
3082,what ingredients do i use for pork belly,112,ingredients_list,112,ingredients_list,run_01_seed_42,0.9997536540031433
3083,what ingredients are in filet mignon,112,ingredients_list,112,ingredients_list,run_01_seed_42,0.9999196529388428
3084,let me know what ingredients i need to make pasta,112,ingredients_list,112,ingredients_list,run_01_seed_42,0.9999605417251587
3085,what do i need to make pasta,112,ingredients_list,112,ingredients_list,run_01_seed_42,0.9900257587432861
3086,give me a list of ingredients for making pasta,112,ingredients_list,112,ingredients_list,run_01_seed_42,0.9897243976593018
3087,pull up everything i need to make a pasta dish,112,ingredients_list,104,recipe,run_01_seed_42,0.7995386123657227
3088,tell me all the things i need to buy to make pasta,112,ingredients_list,112,ingredients_list,run_01_seed_42,0.8297853469848633
3089,what do i need to make brownies,112,ingredients_list,112,ingredients_list,run_01_seed_42,0.9996700286865234
3090,i want to report fraudulent activity on my navy federal card,70,report_fraud,70,report_fraud,run_01_seed_42,0.9999881982803345
3091,i would like to report fraudulent activity on my chase card,70,report_fraud,70,report_fraud,run_01_seed_42,0.9999967813491821
3092,i need to report fraudulent activity on my usaa card,70,report_fraud,70,report_fraud,run_01_seed_42,0.9999908208847046
3093,i have to report fraudulent activity on my bank of the west card,70,report_fraud,70,report_fraud,run_01_seed_42,0.9999960660934448
3094,i have to report fraudulent activity the bank of america card,70,report_fraud,70,report_fraud,run_01_seed_42,0.9999914169311523
3095,i seem to have a purchase that i didn't make from olive garden on my account,70,report_fraud,70,report_fraud,run_01_seed_42,0.9229099154472351
3096,my online bill has some items that i didn't purchase from penneys,70,report_fraud,16,order,run_01_seed_42,0.8248880505561829
3097,my account shows a transaction that i didn't make from foot locker,70,report_fraud,70,report_fraud,run_01_seed_42,0.9805830121040344
3098,my bill shows a purchase from payless shoes but i didn't buy anything,70,report_fraud,111,pay_bill,run_01_seed_42,0.834017813205719
3099,i have some charges on my account from old navy that aren't mine,70,report_fraud,70,report_fraud,run_01_seed_42,0.9931835532188416
3100,this charge is bs,70,report_fraud,69,credit_score,run_01_seed_42,0.49433600902557373
3101,i have a bogus transaction from amazon on my account,70,report_fraud,70,report_fraud,run_01_seed_42,0.6606937050819397
3102,i have a fraudulent buy from dave's video on my account,70,report_fraud,70,report_fraud,run_01_seed_42,0.9985937476158142
3103,i have a crap transaction from guitar center on my account,70,report_fraud,70,report_fraud,run_01_seed_42,0.9457283020019531
3104,i think this transaction is bogus,70,report_fraud,68,transactions,run_01_seed_42,0.9652942419052124
3105,i don't remember buying this,70,report_fraud,121,maybe,run_01_seed_42,0.4642484188079834
3106,i have a bs transaction from ebay on my account,70,report_fraud,70,report_fraud,run_01_seed_42,0.8761052489280701
3107,i've got a fraudulent purchase from kayak on my account,70,report_fraud,70,report_fraud,run_01_seed_42,0.9998806715011597
3108,do i have a fraudulent transaction on my account,70,report_fraud,70,report_fraud,run_01_seed_42,0.9999067783355713
3109,i'm pretty sure i have a fraudulent transaction on my account,70,report_fraud,70,report_fraud,run_01_seed_42,0.9999446868896484
3110,there's a false charge on my account from mcdonald's,70,report_fraud,70,report_fraud,run_01_seed_42,0.9899982810020447
3111,i think there's a fraudulent charge from mcdonald's on my account,70,report_fraud,70,report_fraud,run_01_seed_42,0.9999990463256836
3112,i think someone jacked my bank account,70,report_fraud,20,freeze_account,run_01_seed_42,0.856813371181488
3113,i saw suspicious activity on my bank account,70,report_fraud,70,report_fraud,run_01_seed_42,0.9779732823371887
3114,someone else used my account to buy stuff from mcdonald's,70,report_fraud,105,calendar_update,run_01_seed_42,0.6911944150924683
3115,there's a messed up transaction on my account from mcdonald's,70,report_fraud,70,report_fraud,run_01_seed_42,0.9815857410430908
3116,i saw a fraudulent transaction,70,report_fraud,70,report_fraud,run_01_seed_42,0.9994377493858337
3117,i have a false charge on my account from mcdonald's,70,report_fraud,70,report_fraud,run_01_seed_42,0.9627627730369568
3118,who do i contact to report fraud on my visa,70,report_fraud,70,report_fraud,run_01_seed_42,0.9997267127037048
3119,there has been unauthorized use of my visa,70,report_fraud,103,application_status,run_01_seed_42,0.5755254626274109
3120,how many teaspoons will make one tablespoon,31,measurement_conversion,31,measurement_conversion,run_01_seed_42,0.9781539440155029
3121,i need the conversion between a cup and a tablespoon,31,measurement_conversion,112,ingredients_list,run_01_seed_42,0.488961398601532
3122,inform me how many pounds are in 10 kilos,31,measurement_conversion,31,measurement_conversion,run_01_seed_42,0.9969063401222229
3123,i wanna know how many pounds are in 10 kilos,31,measurement_conversion,31,measurement_conversion,run_01_seed_42,0.9964738488197327
3124,how do you convert kilos to pounds,31,measurement_conversion,31,measurement_conversion,run_01_seed_42,0.9997535347938538
3125,how many teaspoons is one tablespoon,31,measurement_conversion,31,measurement_conversion,run_01_seed_42,0.9597123861312866
3126,i need to convert kilos to pounds,31,measurement_conversion,31,measurement_conversion,run_01_seed_42,0.9985222220420837
3127,i need to know the conversion between teaspoons and tablespoons,31,measurement_conversion,31,measurement_conversion,run_01_seed_42,0.9984607696533203
3128,how many pounds are in 10 kilos,31,measurement_conversion,31,measurement_conversion,run_01_seed_42,0.9991722106933594
3129,can you assist me to convert kilos to pounds,31,measurement_conversion,31,measurement_conversion,run_01_seed_42,0.9994401335716248
3130,let me know how many pounds are in 10 kilos,31,measurement_conversion,31,measurement_conversion,run_01_seed_42,0.9957626461982727
3131,give me the conversion between ounces and cups,31,measurement_conversion,31,measurement_conversion,run_01_seed_42,0.9999767541885376
3132,help me convert kilos to pounds,31,measurement_conversion,31,measurement_conversion,run_01_seed_42,0.999916672706604
3133,i need to know how many pounds are in 10 kilos,31,measurement_conversion,31,measurement_conversion,run_01_seed_42,0.9750497937202454
3134,i want to convert kilos to pounds,31,measurement_conversion,31,measurement_conversion,run_01_seed_42,0.9925835132598877
3135,how can i convert centimeters to inches,31,measurement_conversion,31,measurement_conversion,run_01_seed_42,0.9999866485595703
3136,how would i change from centimeters to inches,31,measurement_conversion,31,measurement_conversion,run_01_seed_42,0.9979887008666992
3137,what can i use to convert from centimeters to inches,31,measurement_conversion,31,measurement_conversion,run_01_seed_42,0.9929827451705933
3138,how can you convert centimeters to inches,31,measurement_conversion,31,measurement_conversion,run_01_seed_42,0.9999845027923584
3139,how could we convert centimeters to inches,31,measurement_conversion,31,measurement_conversion,run_01_seed_42,0.9999626874923706
3140,how does measurement slugs convert to measurement lb,31,measurement_conversion,21,what_song,run_01_seed_42,0.24942085146903992
3141,how does measurement a convert to measurement b,31,measurement_conversion,120,plug_type,run_01_seed_42,0.3691760003566742
3142,where can i find measurement conversions,31,measurement_conversion,42,oos,run_01_seed_42,0.9399420619010925
3143,how many ounces are in 4 pounds,31,measurement_conversion,31,measurement_conversion,run_01_seed_42,0.9998348951339722
3144,how many grams are in 9 kilograms,31,measurement_conversion,31,measurement_conversion,run_01_seed_42,0.9774366021156311
3145,how many centimeters are in 12 meters,31,measurement_conversion,31,measurement_conversion,run_01_seed_42,0.9999656677246094
3146,how many inches are in 36 feet,31,measurement_conversion,31,measurement_conversion,run_01_seed_42,0.9999080896377563
3147,how many millimeters are in 21 centimeters,31,measurement_conversion,31,measurement_conversion,run_01_seed_42,0.9955061674118042
3148,how many milliliters are in 2 gallons,31,measurement_conversion,31,measurement_conversion,run_01_seed_42,0.9994087219238281
3149,how many liters are in 1 gallon,31,measurement_conversion,31,measurement_conversion,run_01_seed_42,0.9983964562416077
3150,i would like it if you would turn the bedroom lights on low until i'm finished reading,10,smart_home,150,change_volume,run_01_seed_42,0.6423637866973877
3151,i need you to turn the bathroom lights on,10,smart_home,10,smart_home,run_01_seed_42,0.9995575547218323
3152,set the ceiling fan to low,10,smart_home,10,smart_home,run_01_seed_42,0.9971522092819214
3153,start the dishwasher,10,smart_home,10,smart_home,run_01_seed_42,0.37595710158348083
3154,turn on the tv on channel 6,10,smart_home,10,smart_home,run_01_seed_42,0.9999179840087891
3155,turn on the microwave for 3 minutes,10,smart_home,32,timer,run_01_seed_42,0.9037383794784546
3156,"on the tv, turn on",10,smart_home,10,smart_home,run_01_seed_42,0.9850202798843384
3157,set the tv on,10,smart_home,10,smart_home,run_01_seed_42,0.9999349117279053
3158,how is the temperature at ac,10,smart_home,10,smart_home,run_01_seed_42,0.8641619086265564
3159,the tv turn it on,10,smart_home,10,smart_home,run_01_seed_42,0.999832272529602
3160,oven set it to 350,10,smart_home,10,smart_home,run_01_seed_42,0.9951462149620056
3161,the temperature at ac is what,10,smart_home,10,smart_home,run_01_seed_42,0.9882732033729553
3162,tv turn it on,10,smart_home,10,smart_home,run_01_seed_42,0.9944835305213928
3163,350 set the oven,10,smart_home,10,smart_home,run_01_seed_42,0.4166284203529358
3164,the oven be set at 350,10,smart_home,10,smart_home,run_01_seed_42,0.8902818560600281
3165,turn the oven to 350,10,smart_home,10,smart_home,run_01_seed_42,0.9760357737541199
3166,"at ac, what's the temperature like",10,smart_home,5,weather,run_01_seed_42,0.6801899075508118
3167,ac temperature is at what,10,smart_home,10,smart_home,run_01_seed_42,0.8963292837142944
3168,turn on the tv,10,smart_home,10,smart_home,run_01_seed_42,0.9999722242355347
3169,what is it like the temperature at ac,10,smart_home,10,smart_home,run_01_seed_42,0.8023484945297241
3170,"to 350, set the oven",10,smart_home,10,smart_home,run_01_seed_42,0.26102763414382935
3171,please turn the lights down low,10,smart_home,10,smart_home,run_01_seed_42,0.5539593696594238
3172,can you adjust the lights down,10,smart_home,10,smart_home,run_01_seed_42,0.9770259261131287
3173,i want the light less bright please,10,smart_home,106,play_music,run_01_seed_42,0.5420432090759277
3174,make the lights darker,10,smart_home,10,smart_home,run_01_seed_42,0.9996300935745239
3175,please set the oven to 350 f,10,smart_home,10,smart_home,run_01_seed_42,0.9990034699440002
3176,please set the temperature to 70 f,10,smart_home,10,smart_home,run_01_seed_42,0.9985488057136536
3177,set the oven temperature to 350,10,smart_home,10,smart_home,run_01_seed_42,0.9996695518493652
3178,i need the temperature set at 70 f,10,smart_home,10,smart_home,run_01_seed_42,0.9996925592422485
3179,turn up the oven temperature to 350,10,smart_home,10,smart_home,run_01_seed_42,0.9885464906692505
3180,i really need you to find me a hotel with good reviews in phoenix,116,book_hotel,116,book_hotel,run_01_seed_42,0.9999618530273438
3181,i wanna book a place to stay in phoenix from the 5th to the 9th of march,116,book_hotel,116,book_hotel,run_01_seed_42,0.9994309544563293
3182,i wanna find a hotel with good reviews in phoenix,116,book_hotel,116,book_hotel,run_01_seed_42,0.9999411106109619
3183,i want a hotel in phoenix near chase field from january 4th to the 8th,116,book_hotel,116,book_hotel,run_01_seed_42,0.9999722242355347
3184,i would like to book a place to stay in phoenix from the 5th to the 9th of march,116,book_hotel,116,book_hotel,run_01_seed_42,0.9989054203033447
3185,i need a hotel in phoenix near chase field from january 4th to the 8th,116,book_hotel,116,book_hotel,run_01_seed_42,0.9999836683273315
3186,i need a hotel room that is big enough for eleven people from march 10th to the 15th in phoenix,116,book_hotel,116,book_hotel,run_01_seed_42,0.99998939037323
3187,i must get a hotel in phoenix near chase field from january 4th to the 8th,116,book_hotel,116,book_hotel,run_01_seed_42,0.9999334812164307
3188,go ahead and find me a hotel with good reviews in phoenix,116,book_hotel,116,book_hotel,run_01_seed_42,0.9999864101409912
3189,find me a hotel with good reviews in phoenix,116,book_hotel,116,book_hotel,run_01_seed_42,0.9999203681945801
3190,i need you to find me a hotel with good reviews in phoenix,116,book_hotel,116,book_hotel,run_01_seed_42,0.9999309778213501
3191,get me a hotel in phoenix near chase field from january 4th to the 8th,116,book_hotel,116,book_hotel,run_01_seed_42,0.9999786615371704
3192,i need to get a hotel in phoenix near chase field from january 4th to the 8th,116,book_hotel,116,book_hotel,run_01_seed_42,0.999762237071991
3193,please book me a place to stay in phoenix from the 5th to the 9th of march,116,book_hotel,116,book_hotel,run_01_seed_42,0.9995822310447693
3194,i need to book a place to stay in phoenix from the 5th to the 9th of march,116,book_hotel,116,book_hotel,run_01_seed_42,0.9983539581298828
3195,i really gotta book a place to stay in phoenix from the 5th to the 9th of march,116,book_hotel,116,book_hotel,run_01_seed_42,0.9993114471435547
3196,i need to get a hotel room that is big enough for eleven people from march 10th to the 15th in phoenix,116,book_hotel,116,book_hotel,run_01_seed_42,0.999725878238678
3197,can you find me a reputable hotel in honolulu,116,book_hotel,116,book_hotel,run_01_seed_42,0.9996994733810425
3198,"i want a hotel with good review in honolulu, can you find one",116,book_hotel,116,book_hotel,run_01_seed_42,0.9839071035385132
3199,find for me a hotel with great reviews in ho chi minh,116,book_hotel,116,book_hotel,run_01_seed_42,0.9999390840530396
3200,i need your help to find a good reviewed hotel in washington,116,book_hotel,116,book_hotel,run_01_seed_42,0.9999586343765259
3201,can you find me a good reviewed hotel in japan,116,book_hotel,116,book_hotel,run_01_seed_42,0.9993618130683899
3202,i need a hotel between january 1st through 3rd in jacksonville near the stadium,116,book_hotel,116,book_hotel,run_01_seed_42,0.9915395379066467
3203,find me a place to stay in jacksonville near the stadium from january 1st through 3rd,116,book_hotel,116,book_hotel,run_01_seed_42,0.9994767308235168
3204,book me a hotel in jacksonville near the stadium from january 1st to 3rd,116,book_hotel,116,book_hotel,run_01_seed_42,0.999866247177124
3205,id like a room in jacksonville near the stadium between january 1st to 3rd,116,book_hotel,116,book_hotel,run_01_seed_42,0.9128786325454712
3206,find me a room near the jacksonville stadium between january 1st through january 3rd,116,book_hotel,116,book_hotel,run_01_seed_42,0.5229727625846863
3207,get me a hotel room big enough for 4 people from may 3 to may 5 in boston,116,book_hotel,116,book_hotel,run_01_seed_42,0.9990136623382568
3208,i'm travelling to boston on march 2 until march 4 please make a hotel reservation for me,116,book_hotel,116,book_hotel,run_01_seed_42,0.5614306330680847
3209,i need a hotel room for 4 people from may 3 to may 5 in boston,116,book_hotel,116,book_hotel,run_01_seed_42,0.9999310970306396
3210,pull up the map and show my location,136,current_location,136,current_location,run_01_seed_42,0.9981259703636169
3211,where am i currently,136,current_location,136,current_location,run_01_seed_42,0.9989357590675354
3212,where is my current location,136,current_location,136,current_location,run_01_seed_42,0.999691367149353
3213,what's my map location,136,current_location,136,current_location,run_01_seed_42,0.9999878406524658
3214,find my current location,136,current_location,136,current_location,run_01_seed_42,0.9990259408950806
3215,please tell me the current location,136,current_location,136,current_location,run_01_seed_42,0.9993680119514465
3216,i want to see my location on the map,136,current_location,136,current_location,run_01_seed_42,0.9999589920043945
3217,what's the location where i am,136,current_location,136,current_location,run_01_seed_42,0.9992996454238892
3218,can you tell me my current location,136,current_location,136,current_location,run_01_seed_42,0.9999748468399048
3219,where am i located on the map,136,current_location,136,current_location,run_01_seed_42,0.9999865293502808
3220,where am i currently located,136,current_location,136,current_location,run_01_seed_42,0.9999566078186035
3221,show my location on the map,136,current_location,136,current_location,run_01_seed_42,0.9998279809951782
3222,i am currently located in what town,136,current_location,66,timezone,run_01_seed_42,0.31236782670021057
3223,my current location is what,136,current_location,136,current_location,run_01_seed_42,0.9992000460624695
3224,give me my location,136,current_location,136,current_location,run_01_seed_42,0.999962329864502
3225,tell me where i am,136,current_location,136,current_location,run_01_seed_42,0.9998986721038818
3226,whats my location,136,current_location,136,current_location,run_01_seed_42,0.9999269247055054
3227,show my position on the map,136,current_location,60,calendar,run_01_seed_42,0.4979053735733032
3228,where is my location,136,current_location,136,current_location,run_01_seed_42,0.9976317882537842
3229,current location please,136,current_location,136,current_location,run_01_seed_42,0.9463603496551514
3230,display my location on the map,136,current_location,136,current_location,run_01_seed_42,0.9999600648880005
3231,where am i,136,current_location,136,current_location,run_01_seed_42,0.997328519821167
3232,find out where i am on the map,136,current_location,136,current_location,run_01_seed_42,0.9999762773513794
3233,where am i on the map,136,current_location,136,current_location,run_01_seed_42,0.999958872795105
3234,show me where i am on the map please,136,current_location,136,current_location,run_01_seed_42,0.9999915361404419
3235,open map and pin point my location,136,current_location,58,share_location,run_01_seed_42,0.945145845413208
3236,show me my location,136,current_location,136,current_location,run_01_seed_42,0.9999524354934692
3237,what could help me locate myself,136,current_location,69,credit_score,run_01_seed_42,0.2910727262496948
3238,i need assistance with my current location,136,current_location,58,share_location,run_01_seed_42,0.9804388284683228
3239,where would i search for my location,136,current_location,136,current_location,run_01_seed_42,0.9998917579650879
3240,what is the weather,5,weather,5,weather,run_01_seed_42,0.9998748302459717
3241,current weather,5,weather,5,weather,run_01_seed_42,0.9997172951698303
3242,tell me the weather,5,weather,5,weather,run_01_seed_42,0.9999864101409912
3243,what's the weather like today,5,weather,5,weather,run_01_seed_42,0.9976844787597656
3244,what is the weather like,5,weather,5,weather,run_01_seed_42,0.9999449253082275
3245,show me what the weather is like,5,weather,5,weather,run_01_seed_42,0.9999490976333618
3246,let's take a look at the weather,5,weather,5,weather,run_01_seed_42,0.9769231081008911
3247,how is the weather looking in seattle,5,weather,5,weather,run_01_seed_42,0.9998987913131714
3248,how's the weather in seattle,5,weather,5,weather,run_01_seed_42,0.9999661445617676
3249,what is the state of the weather in seattle,5,weather,5,weather,run_01_seed_42,0.9962570667266846
3250,what is the weather forecast looking like for seattle,5,weather,5,weather,run_01_seed_42,0.9999769926071167
3251,what are the weather conditions like in seattle,5,weather,5,weather,run_01_seed_42,0.9999933242797852
3252,what is the weather doing now,5,weather,5,weather,run_01_seed_42,0.9062821269035339
3253,what kind of weather can i expect now,5,weather,5,weather,run_01_seed_42,0.6160342693328857
3254,tell me what the weather is looking like,5,weather,5,weather,run_01_seed_42,0.9997782111167908
3255,how is the weather,5,weather,5,weather,run_01_seed_42,0.9990701079368591
3256,can you tell me the weather forecast,5,weather,5,weather,run_01_seed_42,0.9999958276748657
3257,could you tell me what the weather is in austin,5,weather,5,weather,run_01_seed_42,0.9997963309288025
3258,what is the weather doing in austin,5,weather,5,weather,run_01_seed_42,0.9962430000305176
3259,what about the weather in austin,5,weather,5,weather,run_01_seed_42,0.9999716281890869
3260,how is the weather in austin,5,weather,5,weather,run_01_seed_42,0.999950647354126
3261,what is happening with the weather in austin,5,weather,5,weather,run_01_seed_42,0.999667763710022
3262,how is that weather,5,weather,5,weather,run_01_seed_42,0.9992089867591858
3263,how does the weather feel,5,weather,5,weather,run_01_seed_42,0.9915398955345154
3264,need to know the weather now,5,weather,5,weather,run_01_seed_42,0.9990070462226868
3265,give weather update now,5,weather,5,weather,run_01_seed_42,0.9620494842529297
3266,want to know the weather,5,weather,5,weather,run_01_seed_42,0.9998501539230347
3267,tell me the weather for today,5,weather,5,weather,run_01_seed_42,0.9998996257781982
3268,what is the current weather like,5,weather,5,weather,run_01_seed_42,0.9998263716697693
3269,las vegas weather today,5,weather,121,maybe,run_01_seed_42,0.7788445949554443
3270,tell me what my federal taxes amount to,94,taxes,94,taxes,run_01_seed_42,0.999530553817749
3271,what taxes do i owe,94,taxes,94,taxes,run_01_seed_42,0.9992616772651672
3272,lets talk about what my federal taxes look like,94,taxes,94,taxes,run_01_seed_42,0.9999316930770874
3273,what taxes will i owe from my income,94,taxes,94,taxes,run_01_seed_42,0.9929808378219604
3274,whats the total of my taxes,94,taxes,94,taxes,run_01_seed_42,0.9999734163284302
3275,what do my federal taxes look like,94,taxes,94,taxes,run_01_seed_42,0.9999864101409912
3276,how much are the taxes on my income,94,taxes,94,taxes,run_01_seed_42,0.9981809854507446
3277,please share my federal taxes total with me,94,taxes,94,taxes,run_01_seed_42,0.9983192086219788
3278,how much in taxes will i owe,94,taxes,94,taxes,run_01_seed_42,0.9996135830879211
3279,what do my state taxes look like,94,taxes,94,taxes,run_01_seed_42,0.9999496936798096
3280,whats the total of taxes from my income,94,taxes,94,taxes,run_01_seed_42,0.9981054067611694
3281,tell me how much my state taxes amount to,94,taxes,94,taxes,run_01_seed_42,0.999962329864502
3282,whats the total of my federal taxes,94,taxes,94,taxes,run_01_seed_42,0.9999845027923584
3283,look up how much my state taxes are,94,taxes,94,taxes,run_01_seed_42,0.9999722242355347
3284,talk to me about the total of my state taxes,94,taxes,94,taxes,run_01_seed_42,0.9999711513519287
3285,what am i paying in taxes,94,taxes,94,taxes,run_01_seed_42,0.9942638278007507
3286,what is the total of my state taxes,94,taxes,94,taxes,run_01_seed_42,0.9999940395355225
3287,how much do i owe the irs,94,taxes,94,taxes,run_01_seed_42,0.9971543550491333
3288,how much do i pay the irs,94,taxes,94,taxes,run_01_seed_42,0.9994403719902039
3289,do you know my state tax total,94,taxes,94,taxes,run_01_seed_42,0.9999901056289673
3290,what's the amount of taxes for my income,94,taxes,93,income,run_01_seed_42,0.6106966137886047
3291,how much are my taxes for my income,94,taxes,94,taxes,run_01_seed_42,0.9694706201553345
3292,i pay how much of taxes with my income,94,taxes,94,taxes,run_01_seed_42,0.9979034662246704
3293,how much is my state taxes,94,taxes,94,taxes,run_01_seed_42,0.9999586343765259
3294,i need the data and price from my state taxes,94,taxes,94,taxes,run_01_seed_42,0.9928170442581177
3295,do you know the price for my taxes in income,94,taxes,94,taxes,run_01_seed_42,0.9999579191207886
3296,what is the amount of my state taxes,94,taxes,94,taxes,run_01_seed_42,0.9999922513961792
3297,what is the price of my state taxes that i owe,94,taxes,94,taxes,run_01_seed_42,0.9999916553497314
3298,do you know the total for taxes for my income,94,taxes,94,taxes,run_01_seed_42,0.9971674084663391
3299,what should i squirrel away to pay in taxes,94,taxes,94,taxes,run_01_seed_42,0.9800833463668823
3300,i must pay verizon what minimum amount on my bill,143,min_payment,143,min_payment,run_01_seed_42,0.9998669624328613
3301,what is the lowest amount i must pay on my verizon bill,143,min_payment,143,min_payment,run_01_seed_42,0.589840292930603
3302,"at a minimum, what must i pay on my verizon bill",143,min_payment,27,bill_balance,run_01_seed_42,0.9534387588500977
3303,what is my minimum verizon bill payment,143,min_payment,143,min_payment,run_01_seed_42,0.9987565279006958
3304,"what must i pay, at a minimum, on my verizon bill",143,min_payment,68,transactions,run_01_seed_42,0.785534679889679
3305,what's the least i can pay this month,143,min_payment,143,min_payment,run_01_seed_42,0.9454558491706848
3306,what is my amex minimum payment,143,min_payment,143,min_payment,run_01_seed_42,0.9999594688415527
3307,what's the minimum payment,143,min_payment,143,min_payment,run_01_seed_42,0.9999842643737793
3308,what is my minimum payment and when is it due,143,min_payment,143,min_payment,run_01_seed_42,0.9775519371032715
3309,is there a minimum payment i can make,143,min_payment,143,min_payment,run_01_seed_42,0.9994710087776184
3310,what is the lowest amount i can pay for my cellphone bill,143,min_payment,143,min_payment,run_01_seed_42,0.99997878074646
3311,what is the lowest amount i can pay for my insurance bill,143,min_payment,143,min_payment,run_01_seed_42,0.999640941619873
3312,what is the minimum i can pay on my credit card bill,143,min_payment,143,min_payment,run_01_seed_42,0.9999182224273682
3313,what is the lowest amount i can pay for my medical bill,143,min_payment,143,min_payment,run_01_seed_42,0.9999562501907349
3314,what is the minimum i can pay on my phone bill,143,min_payment,143,min_payment,run_01_seed_42,0.9999916553497314
3315,what is the minimum i can pay on my insurance bill,143,min_payment,143,min_payment,run_01_seed_42,0.9999785423278809
3316,what is the minimum i can pay on my electric bill,143,min_payment,143,min_payment,run_01_seed_42,0.9999916553497314
3317,what is the minimum i can pay on my gas bill,143,min_payment,143,min_payment,run_01_seed_42,0.9999111890792847
3318,what is the lowest amount i can pay for my hospital bill,143,min_payment,143,min_payment,run_01_seed_42,0.9996114373207092
3319,what is the lowest amount i can pay for my car bill,143,min_payment,143,min_payment,run_01_seed_42,0.9999682903289795
3320,what is the minimum i can pay on my cell phone bill,143,min_payment,143,min_payment,run_01_seed_42,0.9999911785125732
3321,what is the minimum i can pay on my water bill,143,min_payment,143,min_payment,run_01_seed_42,0.9999849796295166
3322,what is the minimum i can pay on my heating bill,143,min_payment,143,min_payment,run_01_seed_42,0.999951958656311
3323,tell me the minimum i can pay on my utilities bill,143,min_payment,143,min_payment,run_01_seed_42,0.9997907280921936
3324,what is the minimum amount i can pay on my gas bill,143,min_payment,143,min_payment,run_01_seed_42,0.9997397065162659
3325,do you know the smallest amount i can pay on my water bill,143,min_payment,143,min_payment,run_01_seed_42,0.9994823932647705
3326,look up the lowest amount i can pay on my electricity bill,143,min_payment,143,min_payment,run_01_seed_42,0.9739482998847961
3327,what is the minimum payable amount for my rent bill this month,143,min_payment,143,min_payment,run_01_seed_42,0.9998310804367065
3328,what is the minimum payment on my water bill,143,min_payment,143,min_payment,run_01_seed_42,0.9999879598617554
3329,"if i wanted to spend the lowest for my electric bill, then how much would it be",143,min_payment,27,bill_balance,run_01_seed_42,0.724235475063324
3330,set whisper mode to off,14,whisper_mode,14,whisper_mode,run_01_seed_42,0.9999380111694336
3331,switch off whisper mode,14,whisper_mode,14,whisper_mode,run_01_seed_42,0.9999841451644897
3332,switch whisper mode off,14,whisper_mode,14,whisper_mode,run_01_seed_42,0.9999818801879883
3333,turn whisper mode off,14,whisper_mode,14,whisper_mode,run_01_seed_42,0.9999716281890869
3334,"whisper mode, please",14,whisper_mode,14,whisper_mode,run_01_seed_42,0.9994617104530334
3335,please start whisper mode,14,whisper_mode,14,whisper_mode,run_01_seed_42,0.9999977350234985
3336,switch over to whisper mode,14,whisper_mode,14,whisper_mode,run_01_seed_42,0.9999932050704956
3337,leave whisper mode,14,whisper_mode,14,whisper_mode,run_01_seed_42,0.9999750852584839
3338,revert from whisper mode,14,whisper_mode,14,whisper_mode,run_01_seed_42,0.9992971420288086
3339,whisper mode must be left,14,whisper_mode,14,whisper_mode,run_01_seed_42,0.9996024966239929
3340,change from whisper mode,14,whisper_mode,14,whisper_mode,run_01_seed_42,0.999909520149231
3341,help to turn on whisper mode,14,whisper_mode,14,whisper_mode,run_01_seed_42,0.9999628067016602
3342,turn on whisper mode,14,whisper_mode,14,whisper_mode,run_01_seed_42,0.9999725818634033
3343,whisper mode,14,whisper_mode,14,whisper_mode,run_01_seed_42,0.9999308586120605
3344,start whisper mode,14,whisper_mode,14,whisper_mode,run_01_seed_42,0.9999942779541016
3345,go to whisper mode until this movie is over,14,whisper_mode,14,whisper_mode,run_01_seed_42,0.9998595714569092
3346,go to whisper mode until i say to go back to normal,14,whisper_mode,14,whisper_mode,run_01_seed_42,0.9999542236328125
3347,go into whisper mode until the plane lands,14,whisper_mode,14,whisper_mode,run_01_seed_42,0.994150698184967
3348,go to whisper mode for one hour,14,whisper_mode,14,whisper_mode,run_01_seed_42,0.9999752044677734
3349,go to whisper mode until my morning alarm goes off,14,whisper_mode,14,whisper_mode,run_01_seed_42,0.922142744064331
3350,make saound function operate in whisper mode,14,whisper_mode,14,whisper_mode,run_01_seed_42,0.9948047995567322
3351,change audio settings to the whisper option,14,whisper_mode,14,whisper_mode,run_01_seed_42,0.6409021019935608
3352,change audio to whisper mode,14,whisper_mode,14,whisper_mode,run_01_seed_42,0.9998443126678467
3353,i want to only use the whisper sound,14,whisper_mode,14,whisper_mode,run_01_seed_42,0.9998844861984253
3354,change sound setting to whisper,14,whisper_mode,14,whisper_mode,run_01_seed_42,0.9987063407897949
3355,change to something that's not whisper mode,14,whisper_mode,14,whisper_mode,run_01_seed_42,0.9998471736907959
3356,cancel whisper mode,14,whisper_mode,14,whisper_mode,run_01_seed_42,0.9997054934501648
3357,get out of whisper mode,14,whisper_mode,14,whisper_mode,run_01_seed_42,0.999994158744812
3358,"whisper mode, stop",14,whisper_mode,14,whisper_mode,run_01_seed_42,0.999599277973175
3359,stop whisper mode,14,whisper_mode,14,whisper_mode,run_01_seed_42,0.9999890327453613
3360,stop what you're doing,147,cancel,147,cancel,run_01_seed_42,0.9983837604522705
3361,this process needs to stop,147,cancel,65,todo_list_update,run_01_seed_42,0.6940156817436218
3362,stop this process,147,cancel,147,cancel,run_01_seed_42,0.999920129776001
3363,"that was a mistake, undo that",147,cancel,13,repeat,run_01_seed_42,0.2620963454246521
3364,ignore the previous command,147,cancel,147,cancel,run_01_seed_42,0.9631417989730835
3365,forget what i told you to do,147,cancel,147,cancel,run_01_seed_42,0.8033080697059631
3366,please cancel the last input,147,cancel,147,cancel,run_01_seed_42,0.9992771744728088
3367,please stop the current process,147,cancel,147,cancel,run_01_seed_42,0.9999691247940063
3368,can you end the current process,147,cancel,147,cancel,run_01_seed_42,0.9997639060020447
3369,just stop talking,147,cancel,147,cancel,run_01_seed_42,0.999913215637207
3370,please stop talking,147,cancel,147,cancel,run_01_seed_42,0.999607264995575
3371,"stop, just stop",147,cancel,147,cancel,run_01_seed_42,0.999173104763031
3372,you can stop talking ai,147,cancel,147,cancel,run_01_seed_42,0.9911895990371704
3373,stop the process,147,cancel,147,cancel,run_01_seed_42,0.9999819993972778
3374,can you turn off the process,147,cancel,147,cancel,run_01_seed_42,0.809986412525177
3375,stop talking,147,cancel,147,cancel,run_01_seed_42,0.9999487400054932
3376,you can cancel the task,147,cancel,147,cancel,run_01_seed_42,0.9998530149459839
3377,can you cancel that,147,cancel,147,cancel,run_01_seed_42,0.9999488592147827
3378,can you cancel that request,147,cancel,147,cancel,run_01_seed_42,0.9999538660049438
3379,"could you cancel that request, please",147,cancel,147,cancel,run_01_seed_42,0.9986282587051392
3380,"can you cancel that request, please",147,cancel,147,cancel,run_01_seed_42,0.9992390871047974
3381,"can you cancel that, please",147,cancel,147,cancel,run_01_seed_42,0.9999409914016724
3382,hush,147,cancel,114,goodbye,run_01_seed_42,0.32978639006614685
3383,be quiet,147,cancel,147,cancel,run_01_seed_42,0.9974318146705627
3384,stop it now!,147,cancel,147,cancel,run_01_seed_42,0.9992436170578003
3385,stop talking you are annoying,147,cancel,147,cancel,run_01_seed_42,0.9993657469749451
3386,you need to shut it,147,cancel,147,cancel,run_01_seed_42,0.9945051074028015
3387,stop processing,147,cancel,147,cancel,run_01_seed_42,0.9994611144065857
3388,abort mission,147,cancel,147,cancel,run_01_seed_42,0.9407163858413696
3389,stop speaking,147,cancel,147,cancel,run_01_seed_42,0.9998606443405151
3390,are visas needed to travel to jamaica,59,international_visa,59,international_visa,run_01_seed_42,0.7861731052398682
3391,do i need a visa for south korea,59,international_visa,59,international_visa,run_01_seed_42,0.9983823299407959
3392,"if i go to columbia, will i need a visa",59,international_visa,59,international_visa,run_01_seed_42,0.9999663829803467
3393,are visas required to go to cuba,59,international_visa,52,vaccines,run_01_seed_42,0.7444859743118286
3394,do i need to apply for a visa for my trip to india,59,international_visa,59,international_visa,run_01_seed_42,0.9919072389602661
3395,if i go to indonesia would i need a visa,59,international_visa,59,international_visa,run_01_seed_42,0.9999821186065674
3396,do i need a visa to travel to indonesia,59,international_visa,59,international_visa,run_01_seed_42,0.9999699592590332
3397,should i apply for a visa if i am traveling to mexico,59,international_visa,59,international_visa,run_01_seed_42,0.9992764592170715
3398,is a visa necessary for traveling to south africa,59,international_visa,59,international_visa,run_01_seed_42,0.9999191761016846
3399,if i want to travel to singapore do i need a visa,59,international_visa,59,international_visa,run_01_seed_42,0.999993085861206
3400,do americans need visas in canada,59,international_visa,120,plug_type,run_01_seed_42,0.9855287671089172
3401,would i need a visa in taiwan,59,international_visa,59,international_visa,run_01_seed_42,0.9896654486656189
3402,i'd like to go to malaysia so do i need a visa,59,international_visa,59,international_visa,run_01_seed_42,0.9981631636619568
3403,is a travel visa needed for thailand,59,international_visa,59,international_visa,run_01_seed_42,0.9947174191474915
3404,what are the visa requirements for brazil,59,international_visa,60,calendar,run_01_seed_42,0.27146169543266296
3405,is a travel visa required to visit paraguay,59,international_visa,59,international_visa,run_01_seed_42,0.9998466968536377
3406,does travelling to st petersburg require a travel visa,59,international_visa,59,international_visa,run_01_seed_42,0.9999508857727051
3407,should i get a travel visa if i want to go to guyana,59,international_visa,59,international_visa,run_01_seed_42,0.9992856383323669
3408,will i be able to visit peru without a travel visa,59,international_visa,59,international_visa,run_01_seed_42,0.9992270469665527
3409,"if i want to go to x, do i need a travel visa",59,international_visa,59,international_visa,run_01_seed_42,0.9999840259552002
3410,can i get to cuba with this visa,59,international_visa,59,international_visa,run_01_seed_42,0.9897432923316956
3411,do i need a visa to get to puerto rico,59,international_visa,59,international_visa,run_01_seed_42,0.999806821346283
3412,do i need a visa to go to colombia,59,international_visa,59,international_visa,run_01_seed_42,0.9999463558197021
3413,do i need a states visa to get to cuba,59,international_visa,59,international_visa,run_01_seed_42,0.9998887777328491
3414,do i need a us visa for cuba,59,international_visa,59,international_visa,run_01_seed_42,0.9998020529747009
3415,if i get a visa can i travel to japan,59,international_visa,59,international_visa,run_01_seed_42,0.9981918931007385
3416,do i need a visa if i'm going to san jose,59,international_visa,59,international_visa,run_01_seed_42,0.9997778534889221
3417,do i need a visa to travel outside of the us,59,international_visa,59,international_visa,run_01_seed_42,0.9998879432678223
3418,are visas for international travel,59,international_visa,128,travel_alert,run_01_seed_42,0.6338571906089783
3419,can you travel outside of the united states without a visa,59,international_visa,59,international_visa,run_01_seed_42,0.9992363452911377
3420,do i need to get any shots before i travel to morocco,52,vaccines,52,vaccines,run_01_seed_42,0.9999979734420776
3421,do i need to get any shots before i travel to south africa,52,vaccines,52,vaccines,run_01_seed_42,0.9999980926513672
3422,do i need to get any shots before i travel to zimbabwe,52,vaccines,52,vaccines,run_01_seed_42,0.9999966621398926
3423,do i need to get any shots before i travel to liberia,52,vaccines,52,vaccines,run_01_seed_42,0.9999955892562866
3424,do i need to get any shots before i travel to spain,52,vaccines,52,vaccines,run_01_seed_42,0.9999887943267822
3425,are there any required shots to travel to astana,52,vaccines,52,vaccines,run_01_seed_42,0.9999208450317383
3426,what shots do i need if i'm travelling to odessa,52,vaccines,52,vaccines,run_01_seed_42,0.9998108744621277
3427,are there any shots i need to travel to karachi,52,vaccines,52,vaccines,run_01_seed_42,0.9999594688415527
3428,are there any required shots in indonesia,52,vaccines,52,vaccines,run_01_seed_42,0.9988570213317871
3429,what are the required shots in mozambique,52,vaccines,52,vaccines,run_01_seed_42,0.9384171962738037
3430,are more shots needed to travel to argentina,52,vaccines,52,vaccines,run_01_seed_42,0.9963908791542053
3431,what sorts of vaccinations should i get prior to a trip to hong kong,52,vaccines,52,vaccines,run_01_seed_42,0.9999810457229614
3432,before i embark on a trip to europe should i get more shots,52,vaccines,52,vaccines,run_01_seed_42,0.999496340751648
3433,would you need more shots to go to mexico,52,vaccines,52,vaccines,run_01_seed_42,0.9981824159622192
3434,is vaccination necessary for travel to asia,52,vaccines,128,travel_alert,run_01_seed_42,0.7678669095039368
3435,"do you think my shots would be needed, before traveling to columbia",52,vaccines,52,vaccines,run_01_seed_42,0.9982082843780518
3436,"will having my shots updated be a good idea, before i travel to south america",52,vaccines,52,vaccines,run_01_seed_42,0.9969178438186646
3437,should i have my shots up to date before i travel to the virgin islands,52,vaccines,52,vaccines,run_01_seed_42,0.9991647005081177
3438,"if you were traveling to indonesia, as i am, would you have your shots updated before your visit",52,vaccines,55,change_ai_name,run_01_seed_42,0.5382561087608337
3439,are shots required before traveling to china,52,vaccines,52,vaccines,run_01_seed_42,0.9999464750289917
3440,does cuba require vaccines,52,vaccines,52,vaccines,run_01_seed_42,0.9880841374397278
3441,which vaccines are meant for cuba,52,vaccines,52,vaccines,run_01_seed_42,0.4176444709300995
3442,which vaccines will i need for cuba,52,vaccines,52,vaccines,run_01_seed_42,0.9855233430862427
3443,do i need a vaccine for the congo,52,vaccines,52,vaccines,run_01_seed_42,0.9932599663734436
3444,vaccines for my trip to cuba,52,vaccines,52,vaccines,run_01_seed_42,0.7425253391265869
3445,are there vaccinations needed if i go there,52,vaccines,52,vaccines,run_01_seed_42,0.9990940093994141
3446,would vaccinations be needed if i go here,52,vaccines,52,vaccines,run_01_seed_42,0.9948428273200989
3447,"if i travel abroad, do i need vaccinations",52,vaccines,52,vaccines,run_01_seed_42,0.9893254041671753
3448,"if i travel here, do i need vaccinations",52,vaccines,52,vaccines,run_01_seed_42,0.99164879322052
3449,do i need vaccinations if i go this country,52,vaccines,52,vaccines,run_01_seed_42,0.9998051524162292
3450,i would like to know my vacation days balance,126,pto_balance,126,pto_balance,run_01_seed_42,0.999884843826294
3451,"give me vacation days remaining, please",126,pto_balance,126,pto_balance,run_01_seed_42,0.9983402490615845
3452,how many vacation days do i still have available,126,pto_balance,126,pto_balance,run_01_seed_42,0.9999613761901855
3453,please tell me the exact number of days i have still for vacation,126,pto_balance,126,pto_balance,run_01_seed_42,0.9998997449874878
3454,what's the number of vacation days i have left,126,pto_balance,126,pto_balance,run_01_seed_42,0.9998941421508789
3455,what amount of vacation days do i have,126,pto_balance,126,pto_balance,run_01_seed_42,0.999958872795105
3456,what is the number of pto days i have left,126,pto_balance,126,pto_balance,run_01_seed_42,0.9993715882301331
3457,what amount of pto days do i have left,126,pto_balance,126,pto_balance,run_01_seed_42,0.9993972778320312
3458,what are the amount of vacation days i have,126,pto_balance,126,pto_balance,run_01_seed_42,0.999943733215332
3459,how much pto days do i have remaining,126,pto_balance,126,pto_balance,run_01_seed_42,0.999955415725708
3460,what number of days do i have for vacation,126,pto_balance,126,pto_balance,run_01_seed_42,0.9998239874839783
3461,what is my remaining amount of pto days,126,pto_balance,126,pto_balance,run_01_seed_42,0.9999014139175415
3462,what do my pto days amount to,126,pto_balance,126,pto_balance,run_01_seed_42,0.9721487164497375
3463,what do my vacation days amount to,126,pto_balance,126,pto_balance,run_01_seed_42,0.9899232983589172
3464,how many days of vacation do i have left,126,pto_balance,126,pto_balance,run_01_seed_42,0.9999041557312012
3465,what day am i on on vacation and how much do i got left,126,pto_balance,126,pto_balance,run_01_seed_42,0.5689764022827148
3466,how many vacation days are remaining on my time,126,pto_balance,126,pto_balance,run_01_seed_42,0.9997939467430115
3467,how many days of vacation are left now,126,pto_balance,126,pto_balance,run_01_seed_42,0.9997614026069641
3468,how many days on holiday do i have,126,pto_balance,126,pto_balance,run_01_seed_42,0.9914041757583618
3469,can you see if i have any vacation days available for a request,126,pto_balance,97,pto_request,run_01_seed_42,0.9886410236358643
3470,how much vacation time have i earned,126,pto_balance,126,pto_balance,run_01_seed_42,0.999946117401123
3471,how much vacation time do i have,126,pto_balance,126,pto_balance,run_01_seed_42,0.9998624324798584
3472,how many weeks of vacation time have i earned,126,pto_balance,126,pto_balance,run_01_seed_42,0.9997861981391907
3473,how many weeks of vacation time do i have,126,pto_balance,126,pto_balance,run_01_seed_42,0.9998703002929688
3474,how many days can i take for vacation,126,pto_balance,126,pto_balance,run_01_seed_42,0.9983566403388977
3475,what is the balance on my vacation days,126,pto_balance,126,pto_balance,run_01_seed_42,0.9892220497131348
3476,how many days are remaining on my vacation days,126,pto_balance,126,pto_balance,run_01_seed_42,0.999968409538269
3477,so i have any vacation days left,126,pto_balance,126,pto_balance,run_01_seed_42,0.9999516010284424
3478,what is the year to date total on my vacation days,126,pto_balance,126,pto_balance,run_01_seed_42,0.9987877011299133
3479,how many sick days do i have,126,pto_balance,126,pto_balance,run_01_seed_42,0.9965842962265015
3480,how do i get downtown by foot,72,directions,72,directions,run_01_seed_42,0.14764194190502167
3481,how do i get to the subway by foot,72,directions,72,directions,run_01_seed_42,0.999834418296814
3482,how do i get to the train by foot,72,directions,72,directions,run_01_seed_42,0.9999725818634033
3483,how do i get to central park by foot,72,directions,72,directions,run_01_seed_42,0.9994242191314697
3484,how do i get to the airport by foot,72,directions,72,directions,run_01_seed_42,0.9999229907989502
3485,where is the nearest wal mart,72,directions,72,directions,run_01_seed_42,0.9783268570899963
3486,i want directions to phoenix,72,directions,72,directions,run_01_seed_42,0.68864905834198
3487,i must understand the nearest gas station to glendale,72,directions,72,directions,run_01_seed_42,0.9998342990875244
3488,i need some directions to phoenix,72,directions,65,todo_list_update,run_01_seed_42,0.5642637014389038
3489,give me directions to phoenix,72,directions,72,directions,run_01_seed_42,0.9886903762817383
3490,i must know the closest gas station to glendale,72,directions,72,directions,run_01_seed_42,0.8484524488449097
3491,where is the nearest fry's,72,directions,72,directions,run_01_seed_42,0.99913090467453
3492,where is the nearest papa john's,72,directions,72,directions,run_01_seed_42,0.996553897857666
3493,i would love to know the closest gas station to glendale,72,directions,72,directions,run_01_seed_42,0.9885421991348267
3494,get me directions to phoenix,72,directions,72,directions,run_01_seed_42,0.9976587295532227
3495,where is the nearest k mart,72,directions,72,directions,run_01_seed_42,0.9989436268806458
3496,where is the nearest circuit city,72,directions,72,directions,run_01_seed_42,0.9997585415840149
3497,let me know the nearest gas station to glendale,72,directions,72,directions,run_01_seed_42,0.9998713731765747
3498,where is the closest gas station to glendale,72,directions,78,distance,run_01_seed_42,0.8495693802833557
3499,where is the nearest movie theater to time' square,72,directions,72,directions,run_01_seed_42,0.9990547299385071
3500,where is the closest bathroom to the statue of liberty,72,directions,72,directions,run_01_seed_42,0.9998241066932678
3501,where is the closest mcdonald's to foxwoods casino,72,directions,72,directions,run_01_seed_42,0.9960839748382568
3502,where is the nearest marijuana dispensary to kentucky fried chicken,72,directions,72,directions,run_01_seed_42,0.8481787443161011
3503,where is the closest hospital to madison square garden,72,directions,72,directions,run_01_seed_42,0.9993237257003784
3504,where is the closest pharmacy,72,directions,72,directions,run_01_seed_42,0.9394062161445618
3505,show me the nearest gas station,72,directions,72,directions,run_01_seed_42,0.998980700969696
3506,which hospital is nearest to me,72,directions,72,directions,run_01_seed_42,0.9215604066848755
3507,i need to know where the hospital closest to me is,72,directions,72,directions,run_01_seed_42,0.9996302127838135
3508,where is the nearest arco gas station to macdonalds,72,directions,72,directions,run_01_seed_42,0.9991280436515808
3509,find the closest cvs near galleria mall,72,directions,72,directions,run_01_seed_42,0.9992607235908508
3510,spell aaron,73,spelling,73,spelling,run_01_seed_42,0.9974328875541687
3511,how do you spell aaron,73,spelling,73,spelling,run_01_seed_42,0.9985427856445312
3512,spell the word aaron,73,spelling,73,spelling,run_01_seed_42,0.9994648098945618
3513,correct spelling for aaron,73,spelling,73,spelling,run_01_seed_42,0.5882381796836853
3514,spell aaron for me,73,spelling,73,spelling,run_01_seed_42,0.9987784028053284
3515,"i don't know how to spell apoplectic, can you tell me",73,spelling,73,spelling,run_01_seed_42,0.9684141874313354
3516,"what is the correct spelling of the word comity, since i do not know",73,spelling,73,spelling,run_01_seed_42,0.9670324325561523
3517,"do you know how to spell, bourgeois",73,spelling,75,what_is_your_name,run_01_seed_42,0.5696260929107666
3518,"how do you spell the word comity, i need to know",73,spelling,73,spelling,run_01_seed_42,0.999808132648468
3519,i need to know how to spell the word serendipity,73,spelling,73,spelling,run_01_seed_42,0.9999864101409912
3520,can you tell me the correct spelling of liaison,73,spelling,73,spelling,run_01_seed_42,0.9975653886795044
3521,what is the proper spelling of corporate,73,spelling,73,spelling,run_01_seed_42,0.9671317934989929
3522,please tell me how to spell the word coup,73,spelling,73,spelling,run_01_seed_42,0.9999576807022095
3523,i am not sure how to spell the word liaison,73,spelling,73,spelling,run_01_seed_42,0.9996941089630127
3524,"can you tell me how to spell the word schadenfreude, i don't know how it's spelt",73,spelling,73,spelling,run_01_seed_42,0.9966092109680176
3525,do you know how to spell curiosity,73,spelling,73,spelling,run_01_seed_42,0.9998146891593933
3526,spell curiosity for me,73,spelling,73,spelling,run_01_seed_42,0.9961347579956055
3527,tell me how to spell curiosity,73,spelling,73,spelling,run_01_seed_42,0.9999676942825317
3528,i need to know the proper spelling of curiosity,73,spelling,73,spelling,run_01_seed_42,0.9806305766105652
3529,please tell me how curiosity is spelled,73,spelling,73,spelling,run_01_seed_42,0.9997711777687073
3530,"what's the proper way to spell ""helicopter",73,spelling,73,spelling,run_01_seed_42,0.9998064637184143
3531,"tell me how to spent ""frightened",73,spelling,36,tell_joke,run_01_seed_42,0.426189124584198
3532,"can you spell ""fragile"" for me",73,spelling,73,spelling,run_01_seed_42,0.9992351531982422
3533,"can you spell out ""wonderful",73,spelling,73,spelling,run_01_seed_42,0.999051034450531
3534,"i need to know how to spell ""miranda",73,spelling,73,spelling,run_01_seed_42,0.9999840259552002
3535,"i need help spelling ""exquisite",73,spelling,73,spelling,run_01_seed_42,0.9945886135101318
3536,"can you spell out ""annulment",73,spelling,73,spelling,run_01_seed_42,0.9994969367980957
3537,"how do you spell ""exactly",73,spelling,73,spelling,run_01_seed_42,0.9992641806602478
3538,"how do you spell ""montpelier",73,spelling,73,spelling,run_01_seed_42,0.9996219873428345
3539,"what's the right way to spell ""emolument",73,spelling,73,spelling,run_01_seed_42,0.9999194145202637
3540,how are you doing,82,greeting,82,greeting,run_01_seed_42,0.9999951124191284
3541,are you okay,82,greeting,82,greeting,run_01_seed_42,0.9782836437225342
3542,what are you feeling today,82,greeting,117,are_you_a_bot,run_01_seed_42,0.46816104650497437
3543,is everything ok today,82,greeting,82,greeting,run_01_seed_42,0.9740678668022156
3544,are you doing alright,82,greeting,82,greeting,run_01_seed_42,0.9952772855758667
3545,"hello, how's your day",82,greeting,82,greeting,run_01_seed_42,0.999610960483551
3546,"hey there, how are you today",82,greeting,82,greeting,run_01_seed_42,0.999982476234436
3547,"hello, how is it going",82,greeting,82,greeting,run_01_seed_42,0.9998852014541626
3548,"hi there, how are you doing",82,greeting,82,greeting,run_01_seed_42,0.9999970197677612
3549,"hey, how are you",82,greeting,82,greeting,run_01_seed_42,0.9995761513710022
3550,"hey, what's up",82,greeting,82,greeting,run_01_seed_42,0.998687207698822
3551,"hello, how are you doing",82,greeting,82,greeting,run_01_seed_42,0.9999943971633911
3552,"hi, how are you",82,greeting,82,greeting,run_01_seed_42,0.997704803943634
3553,"hi, how are you today",82,greeting,82,greeting,run_01_seed_42,0.9999426603317261
3554,"hello, how are things",82,greeting,82,greeting,run_01_seed_42,0.9992295503616333
3555,hey there,82,greeting,82,greeting,run_01_seed_42,0.9937958717346191
3556,"hey, what's new",82,greeting,82,greeting,run_01_seed_42,0.7863715291023254
3557,it is good to see you,82,greeting,114,goodbye,run_01_seed_42,0.5464720129966736
3558,i'd like to know how you are doing,82,greeting,82,greeting,run_01_seed_42,0.9933214783668518
3559,hello there,82,greeting,82,greeting,run_01_seed_42,0.9998185038566589
3560,tell me how you are doing,82,greeting,82,greeting,run_01_seed_42,0.9998893737792969
3561,"hello there, good morning",82,greeting,82,greeting,run_01_seed_42,0.9999463558197021
3562,let me know how you are doing,82,greeting,82,greeting,run_01_seed_42,0.9999748468399048
3563,well hi there,82,greeting,82,greeting,run_01_seed_42,0.9901219010353088
3564,i want to know how you are doing,82,greeting,82,greeting,run_01_seed_42,0.982056200504303
3565,i need to know how you are doing today,82,greeting,82,greeting,run_01_seed_42,0.9931150078773499
3566,hello there ai,82,greeting,82,greeting,run_01_seed_42,0.999504804611206
3567,will you tell me how the ai is doing,82,greeting,82,greeting,run_01_seed_42,0.9967548251152039
3568,would you tell me how the ai is doing,82,greeting,82,greeting,run_01_seed_42,0.9976381063461304
3569,hola!,82,greeting,114,goodbye,run_01_seed_42,0.30195626616477966
3570,so please reset your factory settings,88,reset_settings,88,reset_settings,run_01_seed_42,0.9999773502349854
3571,i need your to reset to factory settings,88,reset_settings,88,reset_settings,run_01_seed_42,0.9999914169311523
3572,now reset your factory settings,88,reset_settings,88,reset_settings,run_01_seed_42,0.9999891519546509
3573,revert to the original configuration,88,reset_settings,88,reset_settings,run_01_seed_42,0.6495013236999512
3574,change back to the factory set up,88,reset_settings,88,reset_settings,run_01_seed_42,0.9609193801879883
3575,change all setting to original ones,88,reset_settings,88,reset_settings,run_01_seed_42,0.8379977345466614
3576,please reset to factory settings,88,reset_settings,88,reset_settings,run_01_seed_42,0.9999977350234985
3577,reset all settings to the factory settings,88,reset_settings,88,reset_settings,run_01_seed_42,0.9999947547912598
3578,can you please revert to factory settings at this time,88,reset_settings,88,reset_settings,run_01_seed_42,0.9996249675750732
3579,please remove current settings and go back to factory settings now,88,reset_settings,88,reset_settings,run_01_seed_42,0.9998776912689209
3580,please reset to factory settings at once,88,reset_settings,88,reset_settings,run_01_seed_42,0.9999731779098511
3581,"i would like you to change the settings back to factory default now, please",88,reset_settings,88,reset_settings,run_01_seed_42,0.9998440742492676
3582,adjust settings back to original factory settings immediately,88,reset_settings,88,reset_settings,run_01_seed_42,0.9999946355819702
3583,can you reset your factory settings,88,reset_settings,88,reset_settings,run_01_seed_42,0.9999697208404541
3584,could you please reset your factory settings,88,reset_settings,88,reset_settings,run_01_seed_42,0.9999892711639404
3585,your factory settings need to be reset,88,reset_settings,88,reset_settings,run_01_seed_42,0.9999469518661499
3586,go back to your manufacturers' settings,88,reset_settings,88,reset_settings,run_01_seed_42,0.9977178573608398
3587,prioritize to the settings you started with,88,reset_settings,150,change_volume,run_01_seed_42,0.8575229644775391
3588,reset to your original settings,88,reset_settings,88,reset_settings,run_01_seed_42,0.9999837875366211
3589,restart your actions with the original settings you came with,88,reset_settings,88,reset_settings,run_01_seed_42,0.9994200468063354
3590,please rely on your original settings,88,reset_settings,88,reset_settings,run_01_seed_42,0.9853208661079407
3591,can you return to the factory fresh settings,88,reset_settings,88,reset_settings,run_01_seed_42,0.9948364496231079
3592,please return to default settings,88,reset_settings,88,reset_settings,run_01_seed_42,0.9998644590377808
3593,revert to original settings,88,reset_settings,88,reset_settings,run_01_seed_42,0.9999223947525024
3594,start over using factory setting,88,reset_settings,51,change_accent,run_01_seed_42,0.5401747226715088
3595,go back to the default settings please,88,reset_settings,88,reset_settings,run_01_seed_42,0.9999840259552002
3596,revert to factory settings,88,reset_settings,88,reset_settings,run_01_seed_42,0.9999511241912842
3597,go back to factory settings,88,reset_settings,88,reset_settings,run_01_seed_42,0.9999938011169434
3598,please turn on factory settings,88,reset_settings,88,reset_settings,run_01_seed_42,0.960372269153595
3599,revert back to factory settings,88,reset_settings,88,reset_settings,run_01_seed_42,0.9999966621398926
3600,tell me what your name is,75,what_is_your_name,75,what_is_your_name,run_01_seed_42,0.9960830211639404
3601,what did they name you,75,what_is_your_name,75,what_is_your_name,run_01_seed_42,0.7732287049293518
3602,"hey, how do i call your attention",75,what_is_your_name,75,what_is_your_name,run_01_seed_42,0.8898110389709473
3603,what's your name,75,what_is_your_name,75,what_is_your_name,run_01_seed_42,0.9993674159049988
3604,give me your name so i can use you,75,what_is_your_name,75,what_is_your_name,run_01_seed_42,0.9954550266265869
3605,how should i address you,75,what_is_your_name,75,what_is_your_name,run_01_seed_42,0.996469259262085
3606,what do i call you,75,what_is_your_name,75,what_is_your_name,run_01_seed_42,0.9995235204696655
3607,what's your name anyway,75,what_is_your_name,75,what_is_your_name,run_01_seed_42,0.9993740916252136
3608,tell me what to call you,75,what_is_your_name,75,what_is_your_name,run_01_seed_42,0.9984425902366638
3609,can you tell me what you are called,75,what_is_your_name,75,what_is_your_name,run_01_seed_42,0.9098239541053772
3610,what should you be called,75,what_is_your_name,75,what_is_your_name,run_01_seed_42,0.9862950444221497
3611,what should i use when i refer to you,75,what_is_your_name,75,what_is_your_name,run_01_seed_42,0.9976316690444946
3612,how do you say your name,75,what_is_your_name,75,what_is_your_name,run_01_seed_42,0.9964411854743958
3613,what is your preferred name,75,what_is_your_name,75,what_is_your_name,run_01_seed_42,0.9968404769897461
3614,what can i call you,75,what_is_your_name,75,what_is_your_name,run_01_seed_42,0.9995336532592773
3615,what name do you go by,75,what_is_your_name,75,what_is_your_name,run_01_seed_42,0.8766613006591797
3616,who do i have the pleasure of speaking with,75,what_is_your_name,19,meeting_schedule,run_01_seed_42,0.5456497073173523
3617,may i have your name,75,what_is_your_name,75,what_is_your_name,run_01_seed_42,0.9687272906303406
3618,who am i speaking with,75,what_is_your_name,117,are_you_a_bot,run_01_seed_42,0.27629268169403076
3619,and your name is,75,what_is_your_name,55,change_ai_name,run_01_seed_42,0.9915076494216919
3620,"what do i call you, ai",75,what_is_your_name,75,what_is_your_name,run_01_seed_42,0.9706423878669739
3621,"what name do you go by, ai",75,what_is_your_name,75,what_is_your_name,run_01_seed_42,0.9984990358352661
3622,"ai, what is your name",75,what_is_your_name,75,what_is_your_name,run_01_seed_42,0.9955050945281982
3623,"what do they call you, ai",75,what_is_your_name,75,what_is_your_name,run_01_seed_42,0.6849126815795898
3624,"ai, what is your given name",75,what_is_your_name,75,what_is_your_name,run_01_seed_42,0.9923883080482483
3625,what name do you want me to use,75,what_is_your_name,75,what_is_your_name,run_01_seed_42,0.9978131055831909
3626,what do you like to be called,75,what_is_your_name,75,what_is_your_name,run_01_seed_42,0.9985331296920776
3627,what should i call you,75,what_is_your_name,75,what_is_your_name,run_01_seed_42,0.999813973903656
3628,what would you like me to call you,75,what_is_your_name,75,what_is_your_name,run_01_seed_42,0.9978089928627014
3629,what is your name,75,what_is_your_name,75,what_is_your_name,run_01_seed_42,0.9805977940559387
3630,how do i set up a direct deposit,108,direct_deposit,108,direct_deposit,run_01_seed_42,0.9999872446060181
3631,how do i set up direct deposit,108,direct_deposit,108,direct_deposit,run_01_seed_42,0.9999861717224121
3632,chase account direct deposit options,108,direct_deposit,108,direct_deposit,run_01_seed_42,0.7511851787567139
3633,set my paycheck to direct deposit to chase account,108,direct_deposit,108,direct_deposit,run_01_seed_42,0.9985814094543457
3634,activate direct deposit to chase account,108,direct_deposit,108,direct_deposit,run_01_seed_42,0.999631404876709
3635,chase account options direct deposit,108,direct_deposit,108,direct_deposit,run_01_seed_42,0.8794217705726624
3636,bank options direct deposit,108,direct_deposit,108,direct_deposit,run_01_seed_42,0.9984511137008667
3637,how do i set up a direct deposit for my paycheck,108,direct_deposit,108,direct_deposit,run_01_seed_42,0.9999909400939941
3638,how to activate direct deposit to chase account,108,direct_deposit,108,direct_deposit,run_01_seed_42,0.9986987113952637
3639,get my paycheck to direct deposit,108,direct_deposit,108,direct_deposit,run_01_seed_42,0.9999375343322754
3640,direct deposit,108,direct_deposit,108,direct_deposit,run_01_seed_42,0.999955415725708
3641,i need a direct deposit,108,direct_deposit,108,direct_deposit,run_01_seed_42,0.9995296001434326
3642,can we get a direct deposit,108,direct_deposit,108,direct_deposit,run_01_seed_42,0.9994914531707764
3643,set up direct deposit,108,direct_deposit,108,direct_deposit,run_01_seed_42,0.9999618530273438
3644,i want to set up direct deposit,108,direct_deposit,108,direct_deposit,run_01_seed_42,0.9999781847000122
3645,setting up direct deposit,108,direct_deposit,108,direct_deposit,run_01_seed_42,0.9999909400939941
3646,how do i get my paycheck into direct deposit at nations bank,108,direct_deposit,108,direct_deposit,run_01_seed_42,0.9999799728393555
3647,could you tell me how to set up direct deposit for my check from work at nations bank,108,direct_deposit,108,direct_deposit,run_01_seed_42,0.9999350309371948
3648,if i want to direct deposit my check into my nations bank account how do i do that,108,direct_deposit,108,direct_deposit,run_01_seed_42,0.984655499458313
3649,i need to know how to do direct deposit with my paycheck at nations bank,108,direct_deposit,108,direct_deposit,run_01_seed_42,0.9999606609344482
3650,could you tell me how to direct deposit my check from work into nations bank,108,direct_deposit,108,direct_deposit,run_01_seed_42,0.996684730052948
3651,how does one set up direct deposit to my bank account,108,direct_deposit,108,direct_deposit,run_01_seed_42,0.9998202919960022
3652,what do i need to do to set up direct deposit,108,direct_deposit,108,direct_deposit,run_01_seed_42,0.999983549118042
3653,what is the process of setting up direct deposit,108,direct_deposit,108,direct_deposit,run_01_seed_42,0.9999841451644897
3654,"if i want to set up direct deposit, how do i do it",108,direct_deposit,108,direct_deposit,run_01_seed_42,0.9983521699905396
3655,i'm not sure how to set up direct deposit,108,direct_deposit,108,direct_deposit,run_01_seed_42,0.9999867677688599
3656,can you tell me how to set up direct deposit,108,direct_deposit,108,direct_deposit,run_01_seed_42,0.9999983310699463
3657,"i'd like my checks to be deposited into my account directly, how do i do that",108,direct_deposit,127,order_checks,run_01_seed_42,0.948168933391571
3658,i'd like to set up direct deposit,108,direct_deposit,108,direct_deposit,run_01_seed_42,0.9999723434448242
3659,how do i set up my direct deposit,108,direct_deposit,108,direct_deposit,run_01_seed_42,0.9999959468841553
3660,what's my bank of america account getting in interest,7,interest_rate,2,account_blocked,run_01_seed_42,0.5220200419425964
3661,where do i see what interest my mortgage has,7,interest_rate,7,interest_rate,run_01_seed_42,0.8580277562141418
3662,is there somewhere my personal loan displays the interest rate i'm paying on it,7,interest_rate,7,interest_rate,run_01_seed_42,0.9990719556808472
3663,what's the apr on my savings account,7,interest_rate,132,apr,run_01_seed_42,0.9945058226585388
3664,what interest rate am i getting from bank of america,7,interest_rate,7,interest_rate,run_01_seed_42,0.9998900890350342
3665,what interest rate am i getting from wells fargo,7,interest_rate,7,interest_rate,run_01_seed_42,0.9999858140945435
3666,what interest rate is bofi giving me on my cd,7,interest_rate,7,interest_rate,run_01_seed_42,0.9999107122421265
3667,how do i find the interest rate for my checking account,7,interest_rate,7,interest_rate,run_01_seed_42,0.9999955892562866
3668,what interest rate am i getting from citrix,7,interest_rate,7,interest_rate,run_01_seed_42,0.999971866607666
3669,how can i tell what the interest rate on my money market account is,7,interest_rate,7,interest_rate,run_01_seed_42,0.9999799728393555
3670,what's my checking account yielding in interest,7,interest_rate,7,interest_rate,run_01_seed_42,0.9918789863586426
3671,how much interest is my nfcu accrueing,7,interest_rate,7,interest_rate,run_01_seed_42,0.5745387673377991
3672,what interest rate am i getting from sunflower bank,7,interest_rate,7,interest_rate,run_01_seed_42,0.9999817609786987
3673,where do i go to find the interest rate on my savings account,7,interest_rate,7,interest_rate,run_01_seed_42,0.9999638795852661
3674,what interest rate am i getting from nfcu,7,interest_rate,7,interest_rate,run_01_seed_42,0.9999885559082031
3675,for my savings account i would like to know the interest rate,7,interest_rate,7,interest_rate,run_01_seed_42,0.9999736547470093
3676,i need my checking account's interest rate,7,interest_rate,7,interest_rate,run_01_seed_42,0.999933123588562
3677,tell me the interest for my savings account,7,interest_rate,7,interest_rate,run_01_seed_42,0.9996292591094971
3678,what's the interest rate on my savings account,7,interest_rate,7,interest_rate,run_01_seed_42,0.9999858140945435
3679,i want the interest rate for my checking account,7,interest_rate,7,interest_rate,run_01_seed_42,0.9999632835388184
3680,can i get the interest rate for my checking account,7,interest_rate,7,interest_rate,run_01_seed_42,0.9999605417251587
3681,i need to get the interest rate of my savings account,7,interest_rate,7,interest_rate,run_01_seed_42,0.9999200105667114
3682,what's my savings account interest,7,interest_rate,7,interest_rate,run_01_seed_42,0.9988445043563843
3683,what's my savings account interest rate,7,interest_rate,7,interest_rate,run_01_seed_42,0.9999867677688599
3684,i would like the interest rate for my savings account,7,interest_rate,7,interest_rate,run_01_seed_42,0.9999915361404419
3685,what amount of interest does my checking account earn,7,interest_rate,7,interest_rate,run_01_seed_42,0.9989192485809326
3686,what does my checking account at chase earn in interest,7,interest_rate,35,balance,run_01_seed_42,0.518283486366272
3687,what amount of interest does my checking account at chase earn,7,interest_rate,7,interest_rate,run_01_seed_42,0.999052107334137
3688,what interest rate does my checking account come with,7,interest_rate,7,interest_rate,run_01_seed_42,0.9999463558197021
3689,what does chase pay in interest per year,7,interest_rate,7,interest_rate,run_01_seed_42,0.9238280653953552
3690,when can i change my credit limit,109,credit_limit_change,109,credit_limit_change,run_01_seed_42,0.9869776368141174
3691,can i change my credit limit,109,credit_limit_change,109,credit_limit_change,run_01_seed_42,0.9999234676361084
3692,can i get more credit,109,credit_limit_change,109,credit_limit_change,run_01_seed_42,0.6184695363044739
3693,i need to change the credit limit i have,109,credit_limit_change,109,credit_limit_change,run_01_seed_42,0.9997205138206482
3694,you need to tell me how to increase credit limit for my chase card,109,credit_limit_change,109,credit_limit_change,run_01_seed_42,0.9969532489776611
3695,need to increase credit limit for chase card,109,credit_limit_change,109,credit_limit_change,run_01_seed_42,0.9998594522476196
3696,i need to increase credit limit for my chase card,109,credit_limit_change,109,credit_limit_change,run_01_seed_42,0.9999563694000244
3697,please tell me how to increase credit limit for the chase card,109,credit_limit_change,109,credit_limit_change,run_01_seed_42,0.9992089867591858
3698,tell me how to increase credit limit for chase card,109,credit_limit_change,109,credit_limit_change,run_01_seed_42,0.9939190149307251
3699,is it possible for me to increase my credit limit by 500 dollars,109,credit_limit_change,109,credit_limit_change,run_01_seed_42,0.9997609257698059
3700,can my credit limit be increased by 500 dollars,109,credit_limit_change,109,credit_limit_change,run_01_seed_42,0.9999176263809204
3701,"i would like to increase my credit limit, can i do so by 500 dollars",109,credit_limit_change,109,credit_limit_change,run_01_seed_42,0.9521396160125732
3702,may i increase my credit limit by 500 dollars,109,credit_limit_change,109,credit_limit_change,run_01_seed_42,0.9999897480010986
3703,could i perhaps increase by credit limit by 500 dollars,109,credit_limit_change,109,credit_limit_change,run_01_seed_42,0.999619722366333
3704,can i increase the credit limit on my mastercard,109,credit_limit_change,109,credit_limit_change,run_01_seed_42,0.9999927282333374
3705,can i increase the credit limit on my visa card,109,credit_limit_change,109,credit_limit_change,run_01_seed_42,0.9999775886535645
3706,can i increase the credit limit on my discover card,109,credit_limit_change,109,credit_limit_change,run_01_seed_42,0.9999898672103882
3707,can i increase the credit limit on my capital one card,109,credit_limit_change,109,credit_limit_change,run_01_seed_42,0.9999908208847046
3708,can i increase the credit limit on my travel rewards card,109,credit_limit_change,109,credit_limit_change,run_01_seed_42,0.99994957447052
3709,how can i get my credit limit to be increased to $1000,109,credit_limit_change,109,credit_limit_change,run_01_seed_42,0.9917746782302856
3710,can you get my credit limit increased to $1000,109,credit_limit_change,109,credit_limit_change,run_01_seed_42,0.9984727501869202
3711,how do i get my credit limit increased to $1000,109,credit_limit_change,109,credit_limit_change,run_01_seed_42,0.9644298553466797
3712,how do i ask for a limit increase on my discover card,109,credit_limit_change,109,credit_limit_change,run_01_seed_42,0.9956188797950745
3713,can i get my limit increased on my discover card,109,credit_limit_change,109,credit_limit_change,run_01_seed_42,0.9829791188240051
3714,how can i get a limit increase on my discover card,109,credit_limit_change,109,credit_limit_change,run_01_seed_42,0.9996758699417114
3715,who do i need to contact to ask for a credit limit increase on my discover card,109,credit_limit_change,6,redeem_rewards,run_01_seed_42,0.5136660933494568
3716,can you increase my credit limit to $1000,109,credit_limit_change,109,credit_limit_change,run_01_seed_42,0.9999147653579712
3717,can my credit limit be increased to $1000,109,credit_limit_change,109,credit_limit_change,run_01_seed_42,0.9990530610084534
3718,how do i adjust my credit limit,109,credit_limit_change,109,credit_limit_change,run_01_seed_42,0.9815235733985901
3719,how can i increase the credit limit on my discover card,109,credit_limit_change,109,credit_limit_change,run_01_seed_42,0.9999436140060425
3720,what are your hobbies exactly,15,what_are_your_hobbies,15,what_are_your_hobbies,run_01_seed_42,0.9999933242797852
3721,what are your hobbies in life,15,what_are_your_hobbies,15,what_are_your_hobbies,run_01_seed_42,0.9999277591705322
3722,what are some of your hobbies,15,what_are_your_hobbies,15,what_are_your_hobbies,run_01_seed_42,0.9999834299087524
3723,i would like to know some of your hobbies,15,what_are_your_hobbies,15,what_are_your_hobbies,run_01_seed_42,0.9999560117721558
3724,would you give me examples of what some of your hobbies are,15,what_are_your_hobbies,15,what_are_your_hobbies,run_01_seed_42,0.9997870326042175
3725,tell me what some of your hobbies are,15,what_are_your_hobbies,15,what_are_your_hobbies,run_01_seed_42,0.9998853206634521
3726,i am needing to know what some of your hobbies are,15,what_are_your_hobbies,15,what_are_your_hobbies,run_01_seed_42,0.999921441078186
3727,i need you to talk to me about your hobbies,15,what_are_your_hobbies,15,what_are_your_hobbies,run_01_seed_42,0.9999220371246338
3728,would you tell me about your hobbies,15,what_are_your_hobbies,15,what_are_your_hobbies,run_01_seed_42,0.9999943971633911
3729,i want to talk to you about your hobbies,15,what_are_your_hobbies,15,what_are_your_hobbies,run_01_seed_42,0.9999290704727173
3730,give me examples of what some of your hobbies are,15,what_are_your_hobbies,15,what_are_your_hobbies,run_01_seed_42,0.999884843826294
3731,what kinds of hobbies do you have,15,what_are_your_hobbies,15,what_are_your_hobbies,run_01_seed_42,0.9995285272598267
3732,what hobbies do you like to do,15,what_are_your_hobbies,15,what_are_your_hobbies,run_01_seed_42,0.9999861717224121
3733,would you tell me the hobbies the ai has,15,what_are_your_hobbies,15,what_are_your_hobbies,run_01_seed_42,0.9620883464813232
3734,what are the ai's hobbies,15,what_are_your_hobbies,15,what_are_your_hobbies,run_01_seed_42,0.999904990196228
3735,does the ai have hobbies,15,what_are_your_hobbies,15,what_are_your_hobbies,run_01_seed_42,0.9994580149650574
3736,what kind of hobbies does the ai have,15,what_are_your_hobbies,15,what_are_your_hobbies,run_01_seed_42,0.9922947883605957
3737,can you tell me what hobbies the ai has,15,what_are_your_hobbies,15,what_are_your_hobbies,run_01_seed_42,0.9878458380699158
3738,what do you engage in during your free time,15,what_are_your_hobbies,15,what_are_your_hobbies,run_01_seed_42,0.9998661279678345
3739,what kind of things to you like to outside of work,15,what_are_your_hobbies,75,what_is_your_name,run_01_seed_42,0.7589619159698486
3740,what do you like to do during your leisure time,15,what_are_your_hobbies,15,what_are_your_hobbies,run_01_seed_42,0.9787691831588745
3741,what kinds of activities to you participate in during your free time,15,what_are_your_hobbies,15,what_are_your_hobbies,run_01_seed_42,0.9974837303161621
3742,what do you do on off days,15,what_are_your_hobbies,75,what_is_your_name,run_01_seed_42,0.40303099155426025
3743,how to you spend your free time,15,what_are_your_hobbies,15,what_are_your_hobbies,run_01_seed_42,0.9687849283218384
3744,what do you do after work,15,what_are_your_hobbies,15,what_are_your_hobbies,run_01_seed_42,0.5321094989776611
3745,what do you like to do besides work,15,what_are_your_hobbies,15,what_are_your_hobbies,run_01_seed_42,0.9414604306221008
3746,if you have hobbies tell me some of them,15,what_are_your_hobbies,15,what_are_your_hobbies,run_01_seed_42,0.9605329632759094
3747,what kind of hobbies are you interested in,15,what_are_your_hobbies,15,what_are_your_hobbies,run_01_seed_42,0.9989472031593323
3748,any hobbies you like to do,15,what_are_your_hobbies,15,what_are_your_hobbies,run_01_seed_42,0.9999299049377441
3749,what do you enjoy doing in your off time,15,what_are_your_hobbies,15,what_are_your_hobbies,run_01_seed_42,0.9997933506965637
3750,"book me a flight to jackson, mississippi from austin texas on american airlines",63,book_flight,63,book_flight,run_01_seed_42,0.999546229839325
3751,book me a place to chicago from atlanta united airlines,63,book_flight,63,book_flight,run_01_seed_42,0.9443612694740295
3752,can you book me a flight to memphis from st louis on delta airlines,63,book_flight,63,book_flight,run_01_seed_42,0.9968386888504028
3753,book a flight to los angeles from las vegas on american airlines,63,book_flight,63,book_flight,run_01_seed_42,0.9975705742835999
3754,"book me a flight to dallas from st, paul, minnesota on delta airlines",63,book_flight,63,book_flight,run_01_seed_42,0.9996572732925415
3755,i need a flight on delta from los angeles to seattle,63,book_flight,63,book_flight,run_01_seed_42,0.9993138313293457
3756,i need to book a flight on jet blue to boston from new york,63,book_flight,63,book_flight,run_01_seed_42,0.9953979849815369
3757,can you get me a flight from san francisco to san jose using american airlines,63,book_flight,63,book_flight,run_01_seed_42,0.9998787641525269
3758,i want a flight from new york to san francisco using delta,63,book_flight,63,book_flight,run_01_seed_42,0.9994227886199951
3759,get me a flight from barcelona to paris from jet blue,63,book_flight,63,book_flight,run_01_seed_42,0.9999130964279175
3760,"""i'll be travelling from lax and headed to phl for 120 on the 10th of may",63,book_flight,63,book_flight,run_01_seed_42,0.6027212142944336
3761,"""i'm fly out from lax to phl this weekend for around $120",63,book_flight,63,book_flight,run_01_seed_42,0.9881191849708557
3762,"""i""m headed out to lax and going to phl for a low price of $120 this weekend on the 12th",63,book_flight,105,calendar_update,run_01_seed_42,0.7125625610351562
3763,"""i'm going on a flight from lax and going to phl, which is only $120 on june 15th",63,book_flight,63,book_flight,run_01_seed_42,0.9836975932121277
3764,"""i'll leave to lax and go to phl for $120 on nov 5th",63,book_flight,105,calendar_update,run_01_seed_42,0.6486637592315674
3765,book me a flight from midway to jfk for less than 200 dollars,63,book_flight,63,book_flight,run_01_seed_42,0.9999843835830688
3766,i need a flight from boston to miami for under 300 dollars,63,book_flight,63,book_flight,run_01_seed_42,0.9999669790267944
3767,can i fly from atlanta to san francisco for less than 100 dollars,63,book_flight,63,book_flight,run_01_seed_42,0.8940994143486023
3768,book a flight from new york to la for less than 200 dollars,63,book_flight,63,book_flight,run_01_seed_42,0.9999750852584839
3769,find me a flight from seattle to detroit for less than 200 dollars,63,book_flight,63,book_flight,run_01_seed_42,0.9999600648880005
3770,i want to a book a roundtrip flight from san antonio to dtw departing on friday and returning on wednesday,63,book_flight,63,book_flight,run_01_seed_42,0.9999077320098877
3771,i'm looking for a flight from billings to cleveland on may 2 and a return on may 9,63,book_flight,63,book_flight,run_01_seed_42,0.9995993971824646
3772,i'm looking for flights that depart on the 3rd and return on z from monday to friday,63,book_flight,63,book_flight,run_01_seed_42,0.5775110721588135
3773,what roundtrip flights from orlando to vegas are available from thursday to monday,63,book_flight,63,book_flight,run_01_seed_42,0.9994237422943115
3774,are there any roundtrip flights from shanghai to seatac that depart on wednesday and return on the thirty first,63,book_flight,63,book_flight,run_01_seed_42,0.9998435974121094
3775,make sure i get a delta flight from pittsburgh to arizona,63,book_flight,63,book_flight,run_01_seed_42,0.9993070363998413
3776,book a delta flight to arizona from pittsburgh,63,book_flight,63,book_flight,run_01_seed_42,0.9943594336509705
3777,schedule a flight from pittsburgh to arizona on delta,63,book_flight,63,book_flight,run_01_seed_42,0.9822577834129333
3778,i want to fly to atlanta for under 300 from pittsburgh,63,book_flight,133,transfer,run_01_seed_42,0.7232042551040649
3779,i need a flight for under 300 from pittsburgh to atlanta,63,book_flight,63,book_flight,run_01_seed_42,0.9998396635055542
3780,does my shopping list have pop tarts,43,shopping_list,43,shopping_list,run_01_seed_42,0.9918016791343689
3781,can you check to see if my shopping list already has milk,43,shopping_list,43,shopping_list,run_01_seed_42,0.9766110181808472
3782,did i remember to put oatmeal on my list,43,shopping_list,76,reminder,run_01_seed_42,0.9306942820549011
3783,iterate over the items on my grocery list,43,shopping_list,48,todo_list,run_01_seed_42,0.9958957433700562
3784,tell me what i have on my shopping list,43,shopping_list,43,shopping_list,run_01_seed_42,0.9996709823608398
3785,do i have twinkies on the grocery list,43,shopping_list,43,shopping_list,run_01_seed_42,0.910774827003479
3786,have i already got eggs down on the shopping list,43,shopping_list,43,shopping_list,run_01_seed_42,0.9983006119728088
3787,recite the items i'm planning to purchase,43,shopping_list,16,order,run_01_seed_42,0.46882468461990356
3788,what do i currently have on my shopping list,43,shopping_list,43,shopping_list,run_01_seed_42,0.9997941851615906
3789,what's on my to-buy list,43,shopping_list,48,todo_list,run_01_seed_42,0.899093508720398
3790,what's on my purchase list,43,shopping_list,48,todo_list,run_01_seed_42,0.9938911199569702
3791,do i have to buy milk,43,shopping_list,54,food_last,run_01_seed_42,0.4056437909603119
3792,is milk on my shopping list,43,shopping_list,43,shopping_list,run_01_seed_42,0.9998867511749268
3793,is milk one of my shopping list items,43,shopping_list,43,shopping_list,run_01_seed_42,0.999014139175415
3794,am i supposed to buy milk,43,shopping_list,43,shopping_list,run_01_seed_42,0.5354134440422058
3795,is milk one of the things i need to buy,43,shopping_list,52,vaccines,run_01_seed_42,0.9729653000831604
3796,tell me what's is on my shopping list,43,shopping_list,43,shopping_list,run_01_seed_42,0.9999806880950928
3797,please read my shopping list,43,shopping_list,43,shopping_list,run_01_seed_42,0.9999337196350098
3798,did you put carrots on the shopping list,43,shopping_list,125,shopping_list_update,run_01_seed_42,0.5445654392242432
3799,does the shopping list have apples on it,43,shopping_list,43,shopping_list,run_01_seed_42,0.9791364073753357
3800,are carrots added to the grocery list,43,shopping_list,125,shopping_list_update,run_01_seed_42,0.5028932094573975
3801,is garlic on my grocery list,43,shopping_list,48,todo_list,run_01_seed_42,0.7821837067604065
3802,did carrots get on my shopping list,43,shopping_list,43,shopping_list,run_01_seed_42,0.9986542463302612
3803,what things are on my shopping list today,43,shopping_list,43,shopping_list,run_01_seed_42,0.9989631175994873
3804,tell me the items in my shopping list,43,shopping_list,43,shopping_list,run_01_seed_42,0.9999102354049683
3805,what does my shopping list contain,43,shopping_list,43,shopping_list,run_01_seed_42,0.9999878406524658
3806,i need to know what's on my shopping list,43,shopping_list,43,shopping_list,run_01_seed_42,0.999754011631012
3807,what is on the shopping list,43,shopping_list,43,shopping_list,run_01_seed_42,0.9999220371246338
3808,please let me know what is on my shopping list,43,shopping_list,43,shopping_list,run_01_seed_42,0.9998369216918945
3809,let me know what's on my shopping list,43,shopping_list,43,shopping_list,run_01_seed_42,0.9998165965080261
3810,"text chrissy, i'm on my way",26,text,26,text,run_01_seed_42,0.9998093247413635
3811,"text dave, i'll be there soon",26,text,26,text,run_01_seed_42,0.9998340606689453
3812,send davis a text i'll be there in a few,26,text,26,text,run_01_seed_42,0.999765932559967
3813,text laura i'll be late for dinner,26,text,26,text,run_01_seed_42,0.9933769106864929
3814,"text mike, ""i'm running late",26,text,26,text,run_01_seed_42,0.9973631501197815
3815,tell jim i'm coming home soon,26,text,146,travel_notification,run_01_seed_42,0.2193499058485031
3816,i want to tell susan that the meeting has been cancelled,26,text,18,schedule_meeting,run_01_seed_42,0.43391698598861694
3817,tell fred that i don't have his guitar,26,text,121,maybe,run_01_seed_42,0.8235716223716736
3818,could you send a text to bill saying no,26,text,26,text,run_01_seed_42,0.995733916759491
3819,text mark hello,26,text,26,text,run_01_seed_42,0.9997614026069641
3820,text emily,26,text,26,text,run_01_seed_42,0.9995868802070618
3821,please text john,26,text,26,text,run_01_seed_42,0.9996715784072876
3822,i want you to text mark,26,text,26,text,run_01_seed_42,0.998735249042511
3823,get a text to mark,26,text,26,text,run_01_seed_42,0.9987539052963257
3824,can you text walt and tell him to meet me at the car wash,26,text,26,text,run_01_seed_42,0.9675167202949524
3825,text courtney and inform her about the detour,26,text,26,text,run_01_seed_42,0.9997161030769348
3826,text dan and tell him to go home,26,text,26,text,run_01_seed_42,0.9999305009841919
3827,text samantha and let her know i will arrive in 10 minutes,26,text,26,text,run_01_seed_42,0.9906811118125916
3828,text katy and tell her i love her,26,text,26,text,run_01_seed_42,0.9999064207077026
3829,text jean and tell him to call work,26,text,26,text,run_01_seed_42,0.9995504021644592
3830,text steve and tell him i am running late,26,text,26,text,run_01_seed_42,0.999981164932251
3831,i'd like you to text marie and let her know to meet me at the hospital,26,text,26,text,run_01_seed_42,0.925471842288971
3832,text jeff and tell him to pay the bill,26,text,26,text,run_01_seed_42,0.9945473670959473
3833,text mark and tell him to leave now,26,text,26,text,run_01_seed_42,0.9999910593032837
3834,send jack a text saying hi,26,text,26,text,run_01_seed_42,0.999925971031189
3835,send a text that says hi to abby,26,text,26,text,run_01_seed_42,0.999976396560669
3836,"i'd like to send a text to jack, say ""hi",26,text,26,text,run_01_seed_42,0.9997169375419617
3837,can you text dave and tell him i like his paper,26,text,26,text,run_01_seed_42,0.9988534450531006
3838,can you text mary and tell her she is amazing,26,text,26,text,run_01_seed_42,0.9997202754020691
3839,can you text bill and tell him i love him,26,text,26,text,run_01_seed_42,0.9977465271949768
3840,what do i owe to jcp,27,bill_balance,27,bill_balance,run_01_seed_42,0.3257095217704773
3841,what is the amount due on my visa,27,bill_balance,27,bill_balance,run_01_seed_42,0.39342889189720154
3842,how much do i owe visa,27,bill_balance,27,bill_balance,run_01_seed_42,0.9942700862884521
3843,how much do you think my rent and electric bills are,27,bill_balance,27,bill_balance,run_01_seed_42,0.998066246509552
3844,what would you say my gas and phone bills are at,27,bill_balance,27,bill_balance,run_01_seed_42,0.7345791459083557
3845,i need to know the price of my car payment and insurance please,27,bill_balance,56,bill_due,run_01_seed_42,0.5712013840675354
3846,what price is my credit card and my water bill at,27,bill_balance,27,bill_balance,run_01_seed_42,0.9986461997032166
3847,how much is my water and sewer,27,bill_balance,27,bill_balance,run_01_seed_42,0.5106984972953796
3848,how much do i need to pay for my electricity and water bills,27,bill_balance,27,bill_balance,run_01_seed_42,0.9936827421188354
3849,what is the cost of my rent and water bills,27,bill_balance,27,bill_balance,run_01_seed_42,0.9998823404312134
3850,how much are my rent and cable,27,bill_balance,27,bill_balance,run_01_seed_42,0.9978183507919312
3851,how much does my water and electricity cost,27,bill_balance,27,bill_balance,run_01_seed_42,0.9981080293655396
3852,what do i owe this month on all my bills,27,bill_balance,27,bill_balance,run_01_seed_42,0.9997654557228088
3853,"i think all my bills are paid, but can you double check",27,bill_balance,42,oos,run_01_seed_42,0.3422244191169739
3854,"i think i owe about 100 left on my bills, am i forgetting anything",27,bill_balance,110,gas,run_01_seed_42,0.23129726946353912
3855,what are my bills this month,27,bill_balance,27,bill_balance,run_01_seed_42,0.9952243566513062
3856,what does my cable bill look like,27,bill_balance,27,bill_balance,run_01_seed_42,0.9963139891624451
3857,has my electricity bill increased this month how much,27,bill_balance,27,bill_balance,run_01_seed_42,0.9965354204177856
3858,how expensive is my internet,27,bill_balance,142,mpg,run_01_seed_42,0.6864527463912964
3859,how much will my monthly bill be,27,bill_balance,27,bill_balance,run_01_seed_42,0.9418527483940125
3860,what are my total bills this month,27,bill_balance,27,bill_balance,run_01_seed_42,0.9978660941123962
3861,what will i be paying for utilities this month,27,bill_balance,27,bill_balance,run_01_seed_42,0.6197465658187866
3862,how much is my telephone bill this month,27,bill_balance,27,bill_balance,run_01_seed_42,0.9962425231933594
3863,how much is due for my water bill,27,bill_balance,27,bill_balance,run_01_seed_42,0.8493521809577942
3864,how much do i have to pay this month,27,bill_balance,27,bill_balance,run_01_seed_42,0.9789025783538818
3865,tell me my water bill please,27,bill_balance,27,bill_balance,run_01_seed_42,0.997381865978241
3866,is the phone bill the same as last month,27,bill_balance,27,bill_balance,run_01_seed_42,0.8353540897369385
3867,whens my insurance due and how much does it cost,27,bill_balance,56,bill_due,run_01_seed_42,0.9171786904335022
3868,how much is the car bill this month,27,bill_balance,27,bill_balance,run_01_seed_42,0.9963243007659912
3869,what is the electricity bill,27,bill_balance,27,bill_balance,run_01_seed_42,0.9976937174797058
3870,can i share my location with david,58,share_location,58,share_location,run_01_seed_42,0.9999017715454102
3871,please send my location to kevin and also to lucy,58,share_location,58,share_location,run_01_seed_42,0.999618649482727
3872,how do i share my location with kate and mike,58,share_location,58,share_location,run_01_seed_42,0.9929354786872864
3873,can you let michael and julie know my location,58,share_location,58,share_location,run_01_seed_42,0.9999797344207764
3874,please let lisa and chris know my location information,58,share_location,58,share_location,run_01_seed_42,0.9999948740005493
3875,make my location available with david and kate,58,share_location,58,share_location,run_01_seed_42,0.9976795315742493
3876,i need to give my location to macy and george,58,share_location,58,share_location,run_01_seed_42,0.9987334609031677
3877,i'd like for this person to know my location,58,share_location,136,current_location,run_01_seed_42,0.9997757077217102
3878,can you indicate my location to my friend,58,share_location,136,current_location,run_01_seed_42,0.9851410388946533
3879,share my location with this person,58,share_location,58,share_location,run_01_seed_42,0.9997190833091736
3880,send my location to this individual,58,share_location,58,share_location,run_01_seed_42,0.9992515444755554
3881,what is my current location,58,share_location,136,current_location,run_01_seed_42,0.999992847442627
3882,share location with john,58,share_location,58,share_location,run_01_seed_42,0.9998717308044434
3883,give ann and scott my location,58,share_location,58,share_location,run_01_seed_42,0.9999595880508423
3884,could you inform ann and scott of my location,58,share_location,58,share_location,run_01_seed_42,0.9998918771743774
3885,let ann and scott know where i am,58,share_location,58,share_location,run_01_seed_42,0.9999353885650635
3886,will you make sure ann and scott know my location,58,share_location,58,share_location,run_01_seed_42,0.9997473359107971
3887,tell ann and scott where i am,58,share_location,58,share_location,run_01_seed_42,0.9880397915840149
3888,tell david my location,58,share_location,58,share_location,run_01_seed_42,0.9984873533248901
3889,send david my location,58,share_location,58,share_location,run_01_seed_42,0.9995554089546204
3890,tell my location to david,58,share_location,58,share_location,run_01_seed_42,0.9992538094520569
3891,tell david where i am,58,share_location,58,share_location,run_01_seed_42,0.9996199607849121
3892,share location with david,58,share_location,58,share_location,run_01_seed_42,0.9997178912162781
3893,show allison how to get to me,58,share_location,72,directions,run_01_seed_42,0.656755268573761
3894,send my location to sis,58,share_location,58,share_location,run_01_seed_42,0.9998958110809326
3895,show cody where i am,58,share_location,58,share_location,run_01_seed_42,0.5852004289627075
3896,share my location to susan,58,share_location,58,share_location,run_01_seed_42,0.9993938207626343
3897,share my current location with kristen,58,share_location,58,share_location,run_01_seed_42,0.9986348748207092
3898,send sarah my current location,58,share_location,58,share_location,run_01_seed_42,0.9995145797729492
3899,please send my location to rob and mary,58,share_location,58,share_location,run_01_seed_42,0.9992632269859314
3900,how do i get stuff with visa points,6,redeem_rewards,112,ingredients_list,run_01_seed_42,0.2597029209136963
3901,what are my mastercard points good for,6,redeem_rewards,74,insurance,run_01_seed_42,0.3285958170890808
3902,how many points do i have to cash,6,redeem_rewards,50,rewards_balance,run_01_seed_42,0.3881849944591522
3903,where can i cash out my card points,6,redeem_rewards,6,redeem_rewards,run_01_seed_42,0.9962952733039856
3904,what do i have to do to use my credit points acquired through purchases,6,redeem_rewards,6,redeem_rewards,run_01_seed_42,0.9902408123016357
3905,how do i use my card reward points for my next flight,6,redeem_rewards,6,redeem_rewards,run_01_seed_42,0.987291693687439
3906,how do i go about getting cash for my card points accumulated,6,redeem_rewards,6,redeem_rewards,run_01_seed_42,0.9999686479568481
3907,tell me how to get my points from credit card use cashed in,6,redeem_rewards,6,redeem_rewards,run_01_seed_42,0.9947131276130676
3908,i want to use my card reward points,6,redeem_rewards,6,redeem_rewards,run_01_seed_42,0.9998179078102112
3909,can i redeem my points by transferring them to someone as a gift,6,redeem_rewards,6,redeem_rewards,run_01_seed_42,0.9973006844520569
3910,can i redeem my points on gas,6,redeem_rewards,110,gas,run_01_seed_42,0.5116710662841797
3911,can i redeem my points for flights,6,redeem_rewards,6,redeem_rewards,run_01_seed_42,0.9974817633628845
3912,can i get cash back for my points,6,redeem_rewards,6,redeem_rewards,run_01_seed_42,0.9504789710044861
3913,can i use my points to pay my credit card,6,redeem_rewards,6,redeem_rewards,run_01_seed_42,0.9990567564964294
3914,what are the steps to get my rewards for my visa card,6,redeem_rewards,50,rewards_balance,run_01_seed_42,0.989905059337616
3915,how can i cash out my rewards for a visa card,6,redeem_rewards,6,redeem_rewards,run_01_seed_42,0.835819661617279
3916,how can i claim my rewards for my visa card,6,redeem_rewards,50,rewards_balance,run_01_seed_42,0.960904598236084
3917,how can i get my rewards for my master card,6,redeem_rewards,50,rewards_balance,run_01_seed_42,0.9997555613517761
3918,where would i get my rewards for my master card,6,redeem_rewards,50,rewards_balance,run_01_seed_42,0.9995997548103333
3919,let me cash my credit rewards,6,redeem_rewards,6,redeem_rewards,run_01_seed_42,0.9885346293449402
3920,help me redeem my reward points,6,redeem_rewards,6,redeem_rewards,run_01_seed_42,0.9703099727630615
3921,put in a request for cashing in credit points,6,redeem_rewards,97,pto_request,run_01_seed_42,0.988843560218811
3922,i want to use my credit rewards now,6,redeem_rewards,6,redeem_rewards,run_01_seed_42,0.999362051486969
3923,i need to use my credit points,6,redeem_rewards,6,redeem_rewards,run_01_seed_42,0.9998218417167664
3924,i need to redeem my visa points,6,redeem_rewards,6,redeem_rewards,run_01_seed_42,0.9968351721763611
3925,whats the policy to redeem my visa reward points,6,redeem_rewards,6,redeem_rewards,run_01_seed_42,0.99363774061203
3926,what can i get with my mastercard points,6,redeem_rewards,6,redeem_rewards,run_01_seed_42,0.6692087054252625
3927,how do i cash in my amex reward points,6,redeem_rewards,6,redeem_rewards,run_01_seed_42,0.9999833106994629
3928,how do i redeem my visa points,6,redeem_rewards,6,redeem_rewards,run_01_seed_42,0.9890345335006714
3929,i want to shop using credit card points,6,redeem_rewards,6,redeem_rewards,run_01_seed_42,0.9979326725006104
3930,play the song called baby shark,106,play_music,106,play_music,run_01_seed_42,0.9984604120254517
3931,play the song called wreckless love,106,play_music,106,play_music,run_01_seed_42,0.9996336698532104
3932,play the song called i want it that way,106,play_music,106,play_music,run_01_seed_42,0.9998015761375427
3933,play the song called dancing on the ceiling,106,play_music,106,play_music,run_01_seed_42,0.9990819692611694
3934,play the song called amazing grace,106,play_music,106,play_music,run_01_seed_42,0.9999527931213379
3935,get me my slow sounds,106,play_music,67,cancel_reservation,run_01_seed_42,0.450934499502182
3936,let me hear my slow songs,106,play_music,85,confirm_reservation,run_01_seed_42,0.3636728823184967
3937,pull up the songs under slow,106,play_music,94,taxes,run_01_seed_42,0.4517272710800171
3938,i want to hear my slow playlist,106,play_music,106,play_music,run_01_seed_42,0.9769278764724731
3939,i'm in the mood for slow songs and nothing else,106,play_music,26,text,run_01_seed_42,0.2295718789100647
3940,"the song that goes, ""starships were meant to fly"", play it",106,play_music,106,play_music,run_01_seed_42,0.46935996413230896
3941,"please play that song that goes, ""starships were meant to fly",106,play_music,106,play_music,run_01_seed_42,0.9953712821006775
3942,"play the song that goes, ""starships were meant to fly",106,play_music,106,play_music,run_01_seed_42,0.9863541722297668
3943,"can you play the song that goes like, ""starships were meant to fly",106,play_music,106,play_music,run_01_seed_42,0.9991484880447388
3944,"will you play the song that goes like, ""starships were meant to fly",106,play_music,106,play_music,run_01_seed_42,0.9965922236442566
3945,drop some beats,106,play_music,42,oos,run_01_seed_42,0.5433061122894287
3946,turn on top 20 country hits,106,play_music,150,change_volume,run_01_seed_42,0.5508547425270081
3947,turn on my tunes,106,play_music,10,smart_home,run_01_seed_42,0.4894165098667145
3948,please play music by acdc,106,play_music,106,play_music,run_01_seed_42,0.9999927282333374
3949,play oldschool rap,106,play_music,106,play_music,run_01_seed_42,0.9997001886367798
3950,put on some metallica music,106,play_music,106,play_music,run_01_seed_42,0.9994227886199951
3951,play music by ludacris,106,play_music,106,play_music,run_01_seed_42,0.9999924898147583
3952,bump some jams,106,play_music,106,play_music,run_01_seed_42,0.4096204936504364
3953,play ludacris hits,106,play_music,106,play_music,run_01_seed_42,0.9977850914001465
3954,play a song,106,play_music,106,play_music,run_01_seed_42,0.9958868622779846
3955,turn on metallicas greatest hits,106,play_music,10,smart_home,run_01_seed_42,0.7994598150253296
3956,put on my 90s playlist,106,play_music,106,play_music,run_01_seed_42,0.7662467360496521
3957,can you play music by led zepplin,106,play_music,106,play_music,run_01_seed_42,0.9999972581863403
3958,lets play some music by korn,106,play_music,106,play_music,run_01_seed_42,0.9999973773956299
3959,do play the music by linkin park,106,play_music,106,play_music,run_01_seed_42,0.9999719858169556
3960,i need to add something to my calendar for next tuesday,105,calendar_update,105,calendar_update,run_01_seed_42,0.9998315572738647
3961,please clear my calendar,105,calendar_update,105,calendar_update,run_01_seed_42,0.9976192116737366
3962,take the doctor appointment off my calendar please,105,calendar_update,105,calendar_update,run_01_seed_42,0.9996293783187866
3963,can you add an event to my calendar,105,calendar_update,105,calendar_update,run_01_seed_42,0.9999961853027344
3964,erase all events on friday from my calendar,105,calendar_update,105,calendar_update,run_01_seed_42,0.9999151229858398
3965,remove jess's party from my calendar,105,calendar_update,105,calendar_update,run_01_seed_42,0.9999393224716187
3966,delete all calendar entries on march 3,105,calendar_update,105,calendar_update,run_01_seed_42,0.9999619722366333
3967,delete dentist from my calendar,105,calendar_update,105,calendar_update,run_01_seed_42,0.9998996257781982
3968,cancel doctors appointment from my calendar,105,calendar_update,105,calendar_update,run_01_seed_42,0.9987401366233826
3969,erase meeting with jeff from my calendar,105,calendar_update,105,calendar_update,run_01_seed_42,0.9994232654571533
3970,clear my calendar on feb 28,105,calendar_update,105,calendar_update,run_01_seed_42,0.9995275735855103
3971,cancel event scheduled for this afternoon,105,calendar_update,105,calendar_update,run_01_seed_42,0.472445547580719
3972,please take off my calendar on saturday the 6th birthday party for john,105,calendar_update,105,calendar_update,run_01_seed_42,0.9999327659606934
3973,i want to take the 8am meeting with sam on monday the 5th off my calendar,105,calendar_update,105,calendar_update,run_01_seed_42,0.9996309280395508
3974,please remove lunch with sally that is on my calendar on tuesday the 8th,105,calendar_update,105,calendar_update,run_01_seed_42,0.9999549388885498
3975,i need buy a birthday gift for sue taken off my calendar it is on monday or tuesday last week,105,calendar_update,105,calendar_update,run_01_seed_42,0.9675865769386292
3976,will you remove the dinner with june on saturday the 4th at 7pm from my calendar,105,calendar_update,105,calendar_update,run_01_seed_42,0.9998940229415894
3977,can you cancel improv class from my calendar for may 7th,105,calendar_update,105,calendar_update,run_01_seed_42,0.9990116357803345
3978,clear my calendar for may 3rd,105,calendar_update,105,calendar_update,run_01_seed_42,0.9997490048408508
3979,take work from my calendar for may 7th,105,calendar_update,105,calendar_update,run_01_seed_42,0.9999005794525146
3980,clear my calendar for september 6th,105,calendar_update,105,calendar_update,run_01_seed_42,0.9994901418685913
3981,delete jury duty from my calendar for may 7th,105,calendar_update,105,calendar_update,run_01_seed_42,0.9999769926071167
3982,remove fencing from my calendar for may 7th,105,calendar_update,105,calendar_update,run_01_seed_42,0.9999536275863647
3983,clear my calendar for february 29th,105,calendar_update,105,calendar_update,run_01_seed_42,0.9996525049209595
3984,clear my calendar for april 20th,105,calendar_update,105,calendar_update,run_01_seed_42,0.9999480247497559
3985,clear my calendar for november 11th,105,calendar_update,105,calendar_update,run_01_seed_42,0.9999375343322754
3986,remove wrestlemania from my calendar for may 7th,105,calendar_update,105,calendar_update,run_01_seed_42,0.9999696016311646
3987,what can i do to get rid of this event,105,calendar_update,112,ingredients_list,run_01_seed_42,0.3072693347930908
3988,what is the best way to remove this appointment,105,calendar_update,42,oos,run_01_seed_42,0.48057523369789124
3989,friday needs to be clear on my calendar,105,calendar_update,105,calendar_update,run_01_seed_42,0.9997361302375793
3990,tell me if you are a human or are a computer,117,are_you_a_bot,117,are_you_a_bot,run_01_seed_42,0.9999803304672241
3991,would you tell me if you are a human or are a computer,117,are_you_a_bot,117,are_you_a_bot,run_01_seed_42,0.9999841451644897
3992,provide me with the knowledge of whether you are a human or are a computer,117,are_you_a_bot,117,are_you_a_bot,run_01_seed_42,0.999903678894043
3993,let me know if you are a human or are a computer,117,are_you_a_bot,117,are_you_a_bot,run_01_seed_42,0.9999946355819702
3994,i need to know whether you are a human or are a computer,117,are_you_a_bot,117,are_you_a_bot,run_01_seed_42,0.9999115467071533
3995,are you real,117,are_you_a_bot,117,are_you_a_bot,run_01_seed_42,0.9999992847442627
3996,can you tell me if your a bot,117,are_you_a_bot,117,are_you_a_bot,run_01_seed_42,0.9995187520980835
3997,i want to know if your a bot,117,are_you_a_bot,117,are_you_a_bot,run_01_seed_42,0.9998975992202759
3998,is this a bot,117,are_you_a_bot,117,are_you_a_bot,run_01_seed_42,0.9780900478363037
3999,i think your a bot,117,are_you_a_bot,117,are_you_a_bot,run_01_seed_42,0.9976581335067749
4000,is it true your a real person,117,are_you_a_bot,117,are_you_a_bot,run_01_seed_42,0.9999687671661377
4001,are you a person that's real,117,are_you_a_bot,117,are_you_a_bot,run_01_seed_42,0.9999979734420776
4002,are you actually a person,117,are_you_a_bot,117,are_you_a_bot,run_01_seed_42,0.9999860525131226
4003,are you really real,117,are_you_a_bot,117,are_you_a_bot,run_01_seed_42,0.9999949932098389
4004,your a bot aren't you,117,are_you_a_bot,117,are_you_a_bot,run_01_seed_42,0.9970646500587463
4005,could you be human,117,are_you_a_bot,117,are_you_a_bot,run_01_seed_42,0.9522124528884888
4006,could you be a person,117,are_you_a_bot,117,are_you_a_bot,run_01_seed_42,0.9996851682662964
4007,are you human,117,are_you_a_bot,117,are_you_a_bot,run_01_seed_42,0.999993085861206
4008,are you a human or ai computer based,117,are_you_a_bot,117,are_you_a_bot,run_01_seed_42,0.9999988079071045
4009,would you call yourself a human or a computer,117,are_you_a_bot,117,are_you_a_bot,run_01_seed_42,0.998284637928009
4010,how do you describe yourself: as a computer or a human,117,are_you_a_bot,117,are_you_a_bot,run_01_seed_42,0.9985118508338928
4011,are you computer or human,117,are_you_a_bot,117,are_you_a_bot,run_01_seed_42,0.9999966621398926
4012,would most people say you are a computer or a human,117,are_you_a_bot,117,are_you_a_bot,run_01_seed_42,0.9999326467514038
4013,are you real or a computer,117,are_you_a_bot,117,are_you_a_bot,run_01_seed_42,0.999998927116394
4014,are you a computer generated voice,117,are_you_a_bot,117,are_you_a_bot,run_01_seed_42,0.9700483083724976
4015,am i talking to a real live person,117,are_you_a_bot,117,are_you_a_bot,run_01_seed_42,0.9998030066490173
4016,is your voice from a human or is it synthesized,117,are_you_a_bot,117,are_you_a_bot,run_01_seed_42,0.9981507658958435
4017,are you a person or artificial intelligence,117,are_you_a_bot,117,are_you_a_bot,run_01_seed_42,0.9999291896820068
4018,could you tell me if you're a real person,117,are_you_a_bot,117,are_you_a_bot,run_01_seed_42,0.9999923706054688
4019,are you a person or robot,117,are_you_a_bot,117,are_you_a_bot,run_01_seed_42,0.9999918937683105
4020,can i get to work on my fuel tank,110,gas,110,gas,run_01_seed_42,0.9996261596679688
4021,can i get to susan's house with my current tank,110,gas,110,gas,run_01_seed_42,0.9373247027397156
4022,do i have enough gas to get home,110,gas,110,gas,run_01_seed_42,0.9999685287475586
4023,do i have enough fuel to travel to san diego from here,110,gas,110,gas,run_01_seed_42,0.9965938925743103
4024,will i make it to my current destination on this fuel tank,110,gas,105,calendar_update,run_01_seed_42,0.3077286183834076
4025,can i make it to los angeles with this fuel level,110,gas,110,gas,run_01_seed_42,0.41955408453941345
4026,can i reach seattle with this amount of fuel,110,gas,138,calculator,run_01_seed_42,0.3059695363044739
4027,do i have enough gas in my tank to make it to washington dc,110,gas,110,gas,run_01_seed_42,0.9999806880950928
4028,do i have enough gas in my car to make it to dallas,110,gas,110,gas,run_01_seed_42,0.9994229078292847
4029,will i run out of gas before i reach atlantic city,110,gas,110,gas,run_01_seed_42,0.9952497482299805
4030,tell me where my gas tank is,110,gas,110,gas,run_01_seed_42,0.9990529417991638
4031,where can i find my gas tank,110,gas,110,gas,run_01_seed_42,0.9999105930328369
4032,where is my gas tank located,110,gas,110,gas,run_01_seed_42,0.999225378036499
4033,how many gallons do i have left in my gas tank,110,gas,110,gas,run_01_seed_42,0.9999808073043823
4034,how's my gasoline how much do i have left,110,gas,110,gas,run_01_seed_42,0.6265679001808167
4035,what percentage full is my gas tank,110,gas,110,gas,run_01_seed_42,0.99973064661026
4036,how full or empty is my tank of gas,110,gas,110,gas,run_01_seed_42,0.9965007305145264
4037,how much gas do i have left in my tank,110,gas,110,gas,run_01_seed_42,0.9998236298561096
4038,how full is my gas tank,110,gas,110,gas,run_01_seed_42,0.9999582767486572
4039,how many more miles can i drive on my current tank,110,gas,110,gas,run_01_seed_42,0.9796808958053589
4040,how much gas is left in my car,110,gas,110,gas,run_01_seed_42,0.9992283582687378
4041,how full is the gas tank,110,gas,110,gas,run_01_seed_42,0.9994213581085205
4042,what does the gas meter read,110,gas,110,gas,run_01_seed_42,0.7381195425987244
4043,how much of the gas do i have left,110,gas,110,gas,run_01_seed_42,0.999483585357666
4044,how much gas do i have here,110,gas,110,gas,run_01_seed_42,0.9793994426727295
4045,how much gas do i have in the tank,110,gas,110,gas,run_01_seed_42,0.9999469518661499
4046,can you tell me how much gas is in my tank,110,gas,110,gas,run_01_seed_42,0.9998434782028198
4047,tell me my gas tank levels,110,gas,110,gas,run_01_seed_42,0.9996802806854248
4048,what is the data of my gas tank,110,gas,110,gas,run_01_seed_42,0.9997251629829407
4049,how much gas do i have in my tank,110,gas,110,gas,run_01_seed_42,0.9999480247497559
4050,"i want to bring my card on the texas trip in june, will it be expired by then",44,expiration_date,44,expiration_date,run_01_seed_42,0.3779001533985138
4051,"what's the month, year, and day that my card expires",44,expiration_date,44,expiration_date,run_01_seed_42,0.9944597482681274
4052,"does my card ending in 1234, or any of my cards, expire soon",44,expiration_date,44,expiration_date,run_01_seed_42,0.944581151008606
4053,"does my card have an expiration date and if so, what is it",44,expiration_date,44,expiration_date,run_01_seed_42,0.6026116013526917
4054,"when does my card expire, the one ending in 1234",44,expiration_date,90,replacement_card_duration,run_01_seed_42,0.519070565700531
4055,give me my credit card expiration date,44,expiration_date,44,expiration_date,run_01_seed_42,0.9997397065162659
4056,what is the expiration month and year on my credit car,44,expiration_date,44,expiration_date,run_01_seed_42,0.9015429019927979
4057,when is the date of expiration for my first bank card,44,expiration_date,44,expiration_date,run_01_seed_42,0.9994186162948608
4058,what is the expiration month of my card,44,expiration_date,44,expiration_date,run_01_seed_42,0.9999120235443115
4059,what is the expiration date of my credit card,44,expiration_date,44,expiration_date,run_01_seed_42,0.9996942281723022
4060,let me know when my credit card expire,44,expiration_date,44,expiration_date,run_01_seed_42,0.9996166229248047
4061,when will my citi card expire,44,expiration_date,44,expiration_date,run_01_seed_42,0.9922358393669128
4062,when is my credit card expire,44,expiration_date,44,expiration_date,run_01_seed_42,0.998369038105011
4063,when is the expiration month for my card,44,expiration_date,44,expiration_date,run_01_seed_42,0.9992287158966064
4064,when is the expiration date of my credit card,44,expiration_date,44,expiration_date,run_01_seed_42,0.9995260238647461
4065,what is the expiration date on my chase card,44,expiration_date,44,expiration_date,run_01_seed_42,0.9985195994377136
4066,when is the expiration date for me discover,44,expiration_date,44,expiration_date,run_01_seed_42,0.6968366503715515
4067,when it my citi card expired,44,expiration_date,90,replacement_card_duration,run_01_seed_42,0.5674752593040466
4068,when is my card expired,44,expiration_date,44,expiration_date,run_01_seed_42,0.7333924770355225
4069,tell me the expiration date on my credit card,44,expiration_date,44,expiration_date,run_01_seed_42,0.9912990927696228
4070,what month is my card expired in,44,expiration_date,44,expiration_date,run_01_seed_42,0.4908180236816406
4071,how soon does my credit card expire,44,expiration_date,44,expiration_date,run_01_seed_42,0.9910985827445984
4072,when will my new credit card arrive,44,expiration_date,90,replacement_card_duration,run_01_seed_42,0.9996092915534973
4073,what month does my credit card expire,44,expiration_date,44,expiration_date,run_01_seed_42,0.9779314398765564
4074,what is the date when my visa card will expire,44,expiration_date,44,expiration_date,run_01_seed_42,0.9998747110366821
4075,can you tell me what the date of expiry for my visa card is,44,expiration_date,44,expiration_date,run_01_seed_42,0.9988920092582703
4076,tell me the expiration date for my visa card,44,expiration_date,44,expiration_date,run_01_seed_42,0.9998094439506531
4077,show me the expiration date for my visa card,44,expiration_date,44,expiration_date,run_01_seed_42,0.9997863173484802
4078,where should i look for my credit card expiration day,44,expiration_date,44,expiration_date,run_01_seed_42,0.9846428036689758
4079,when will my credit card no longer be good,44,expiration_date,44,expiration_date,run_01_seed_42,0.8054988980293274
4080,add to my motivational playlist rap god,141,update_playlist,141,update_playlist,run_01_seed_42,0.9998176693916321
4081,include rap god on the motivational playlist,141,update_playlist,106,play_music,run_01_seed_42,0.6421302556991577
4082,move rap god to my motivational playlist,141,update_playlist,141,update_playlist,run_01_seed_42,0.8428720235824585
4083,in my motivational playlist include the song rap god,141,update_playlist,141,update_playlist,run_01_seed_42,0.5413455367088318
4084,add the song rap god to the motivational playlist,141,update_playlist,141,update_playlist,run_01_seed_42,0.9914982914924622
4085,i need this song on my meditation playlist,141,update_playlist,141,update_playlist,run_01_seed_42,0.9801759123802185
4086,i want the current song added to my pregame playlist,141,update_playlist,141,update_playlist,run_01_seed_42,0.9996961355209351
4087,please put this song on my studying playlist,141,update_playlist,141,update_playlist,run_01_seed_42,0.9999732971191406
4088,please throw this song onto my cleaning playlist,141,update_playlist,141,update_playlist,run_01_seed_42,0.9999376535415649
4089,i would like the song playing right now put on my driving playlist,141,update_playlist,21,what_song,run_01_seed_42,0.9342262148857117
4090,i want this song on my pregame playlist,141,update_playlist,141,update_playlist,run_01_seed_42,0.9006954431533813
4091,please add this song to my study playlist,141,update_playlist,141,update_playlist,run_01_seed_42,0.9999775886535645
4092,can you add this song to my driving playlist,141,update_playlist,141,update_playlist,run_01_seed_42,0.9999951124191284
4093,will you be sure to add this current song to my sleep playlist,141,update_playlist,141,update_playlist,run_01_seed_42,0.9999988079071045
4094,please add the song i'm listening to right now to my relaxation playlist,141,update_playlist,141,update_playlist,run_01_seed_42,0.9999382495880127
4095,add this to my rock playlist,141,update_playlist,141,update_playlist,run_01_seed_42,0.9998316764831543
4096,add what im listening to to my rock playlist,141,update_playlist,141,update_playlist,run_01_seed_42,0.9996213912963867
4097,i want to put this on my rock playlist,141,update_playlist,141,update_playlist,run_01_seed_42,0.9827325344085693
4098,add current song to rock playlist,141,update_playlist,141,update_playlist,run_01_seed_42,0.9987402558326721
4099,add this song to my rock playlist,141,update_playlist,141,update_playlist,run_01_seed_42,0.9999831914901733
4100,please add this song to my country music playlist,141,update_playlist,141,update_playlist,run_01_seed_42,0.9999904632568359
4101,i am asking you to add this song to my country music playlist,141,update_playlist,141,update_playlist,run_01_seed_42,0.9999909400939941
4102,help me add this song to my country music playlist,141,update_playlist,141,update_playlist,run_01_seed_42,0.9999814033508301
4103,can you add this song to my country music playlist,141,update_playlist,141,update_playlist,run_01_seed_42,0.9999642372131348
4104,this song needs to be added to my country music playlist,141,update_playlist,141,update_playlist,run_01_seed_42,0.9999911785125732
4105,this song i'm listening to would be great on my commute playlist,141,update_playlist,141,update_playlist,run_01_seed_42,0.9876086711883545
4106,i need this song on my jam playlist,141,update_playlist,141,update_playlist,run_01_seed_42,0.9987620115280151
4107,i want what i'm listening to to be added to my chill playlist,141,update_playlist,141,update_playlist,run_01_seed_42,0.9997612833976746
4108,i need what i'm listening to right now to be put on my exercise playlist,141,update_playlist,141,update_playlist,run_01_seed_42,0.9989067316055298
4109,put what i'm listening to on my workout playlist,141,update_playlist,141,update_playlist,run_01_seed_42,0.8922438621520996
4110,i do not actually need my reservation anymore,67,cancel_reservation,67,cancel_reservation,run_01_seed_42,0.9998694658279419
4111,i need to cancel my reservation for rob at red robin,67,cancel_reservation,67,cancel_reservation,run_01_seed_42,0.9999856948852539
4112,cancel my reservation for bob at red robin,67,cancel_reservation,67,cancel_reservation,run_01_seed_42,0.9998828172683716
4113,i do not want my reservation anymore,67,cancel_reservation,67,cancel_reservation,run_01_seed_42,0.9951363205909729
4114,i need you to cancel my reservation for 5 at red robin,67,cancel_reservation,67,cancel_reservation,run_01_seed_42,0.9998888969421387
4115,please cancel my reservation for tim at jb's,67,cancel_reservation,67,cancel_reservation,run_01_seed_42,0.9999812841415405
4116,i gotta cancel my reservation for barry at red robin,67,cancel_reservation,67,cancel_reservation,run_01_seed_42,0.9999513626098633
4117,i don't need the reservation anymore,67,cancel_reservation,67,cancel_reservation,run_01_seed_42,0.9995555281639099
4118,i want you to cancel my reservation for 5 at red robin,67,cancel_reservation,67,cancel_reservation,run_01_seed_42,0.9999085664749146
4119,i am not in need of my reservation anymore,67,cancel_reservation,67,cancel_reservation,run_01_seed_42,0.9994671940803528
4120,go ahead and cancel my reservation for 5 at red robin,67,cancel_reservation,67,cancel_reservation,run_01_seed_42,0.999841570854187
4121,i wish to cancel my reservation for fred at red robin,67,cancel_reservation,67,cancel_reservation,run_01_seed_42,0.9998061060905457
4122,i no longer want my reservation anymore,67,cancel_reservation,67,cancel_reservation,run_01_seed_42,0.9999074935913086
4123,please cancel my reservation for 5 at red robin,67,cancel_reservation,67,cancel_reservation,run_01_seed_42,0.9999383687973022
4124,i need you to cancel my reservation for smith at the williams diner,67,cancel_reservation,67,cancel_reservation,run_01_seed_42,0.9999876022338867
4125,i want a cancellation of the dinner reservation for phillips at bernardin's,67,cancel_reservation,67,cancel_reservation,run_01_seed_42,0.9932031631469727
4126,please delete the reservation for roberts at village tavern,67,cancel_reservation,67,cancel_reservation,run_01_seed_42,0.9998118281364441
4127,could you cancel my reservation for winters at the palace tonight,67,cancel_reservation,67,cancel_reservation,run_01_seed_42,0.9999938011169434
4128,i would like you to cancel the dinner reservation for williams at the palace tonight,67,cancel_reservation,67,cancel_reservation,run_01_seed_42,0.9999593496322632
4129,i have to cancel my reservation after all,67,cancel_reservation,67,cancel_reservation,run_01_seed_42,0.9999822378158569
4130,"cancel my reservation for dinner tonight, please",67,cancel_reservation,67,cancel_reservation,run_01_seed_42,0.9999818801879883
4131,i need to cancel my reservation after all,67,cancel_reservation,67,cancel_reservation,run_01_seed_42,0.9999876022338867
4132,"i have to cancel my reservation after all, please",67,cancel_reservation,67,cancel_reservation,run_01_seed_42,0.9999867677688599
4133,"cancel my reservation for dinner this saturday, please",67,cancel_reservation,67,cancel_reservation,run_01_seed_42,0.9999502897262573
4134,"cancel my reservation for dinner this friday, please",67,cancel_reservation,67,cancel_reservation,run_01_seed_42,0.9999887943267822
4135,cancel my reservation for dinner this saturday,67,cancel_reservation,67,cancel_reservation,run_01_seed_42,0.999921441078186
4136,cancel my reservation for dinner tonight,67,cancel_reservation,67,cancel_reservation,run_01_seed_42,0.9999915361404419
4137,i have to cancel my reservation,67,cancel_reservation,67,cancel_reservation,run_01_seed_42,0.999994158744812
4138,"i need to cancel my reservation after all, please",67,cancel_reservation,67,cancel_reservation,run_01_seed_42,0.9999855756759644
4139,i need my dinner reservation canceled,67,cancel_reservation,67,cancel_reservation,run_01_seed_42,0.999593198299408
4140,i would like to hear something funny,36,tell_joke,36,tell_joke,run_01_seed_42,0.9992734789848328
4141,do you have any monkey jokes,36,tell_joke,36,tell_joke,run_01_seed_42,0.7652150988578796
4142,know any dad jokes,36,tell_joke,36,tell_joke,run_01_seed_42,0.99982750415802
4143,tell me a dog joke,36,tell_joke,36,tell_joke,run_01_seed_42,0.9987260699272156
4144,heard any good jokes,36,tell_joke,36,tell_joke,run_01_seed_42,0.9998382329940796
4145,i want to hear a joke about elephants,36,tell_joke,36,tell_joke,run_01_seed_42,0.999466598033905
4146,i'd like to hear a lawyer joke,36,tell_joke,36,tell_joke,run_01_seed_42,0.954569935798645
4147,tell me a blonde joke,36,tell_joke,36,tell_joke,run_01_seed_42,0.9999361038208008
4148,do you know any dad jokes,36,tell_joke,36,tell_joke,run_01_seed_42,0.999472439289093
4149,tell me a joke about elephants,36,tell_joke,36,tell_joke,run_01_seed_42,0.9998949766159058
4150,tell me a joke about the subject of sailing,36,tell_joke,36,tell_joke,run_01_seed_42,0.9961220622062683
4151,give me a joke about water,36,tell_joke,36,tell_joke,run_01_seed_42,0.982401430606842
4152,give me a joke about the topic of television,36,tell_joke,36,tell_joke,run_01_seed_42,0.9565374851226807
4153,give me a joke about the subject of bugs,36,tell_joke,36,tell_joke,run_01_seed_42,0.8324763178825378
4154,tell me a joke about the topic of mice,36,tell_joke,36,tell_joke,run_01_seed_42,0.9993435740470886
4155,i would like to hear a joke,36,tell_joke,36,tell_joke,run_01_seed_42,0.9997876286506653
4156,will you tell me a joke,36,tell_joke,36,tell_joke,run_01_seed_42,0.9999665021896362
4157,let's hear a joke!,36,tell_joke,34,do_you_have_pets,run_01_seed_42,0.3559732437133789
4158,"i could use a laugh, got any jokes",36,tell_joke,36,tell_joke,run_01_seed_42,0.9950981736183167
4159,can you tell me something funny about science,36,tell_joke,36,tell_joke,run_01_seed_42,0.9999812841415405
4160,can you share something funny about traveling,36,tell_joke,36,tell_joke,run_01_seed_42,0.9981263279914856
4161,i want to hear your best joke,36,tell_joke,36,tell_joke,run_01_seed_42,0.938846230506897
4162,tell me a good joke,36,tell_joke,36,tell_joke,run_01_seed_42,0.999835729598999
4163,tell me something funny about horses,36,tell_joke,36,tell_joke,run_01_seed_42,0.9999703168869019
4164,i want to hear something funny about history,36,tell_joke,36,tell_joke,run_01_seed_42,0.9985523819923401
4165,can you share a humorous joke with me,36,tell_joke,36,tell_joke,run_01_seed_42,0.9979733824729919
4166,i want to hear something funny about politicsi,36,tell_joke,36,tell_joke,run_01_seed_42,0.9978273510932922
4167,let's hear a joke from you please,36,tell_joke,36,tell_joke,run_01_seed_42,0.9981765747070312
4168,tell me something funny about the middle ages,36,tell_joke,36,tell_joke,run_01_seed_42,0.9985103011131287
4169,do you know any jokes,36,tell_joke,36,tell_joke,run_01_seed_42,0.9999191761016846
4170,would it be possible to change your name to coraline,55,change_ai_name,55,change_ai_name,run_01_seed_42,0.9999730587005615
4171,would it be okay to change your name to daphne,55,change_ai_name,55,change_ai_name,run_01_seed_42,0.9999682903289795
4172,id like to change your name to max,55,change_ai_name,55,change_ai_name,run_01_seed_42,0.9999212026596069
4173,what do you think about changing your name to heath,55,change_ai_name,75,what_is_your_name,run_01_seed_42,0.5202799439430237
4174,lets start calling you allan,55,change_ai_name,55,change_ai_name,run_01_seed_42,0.9994717240333557
4175,i would like to start calling you heath,55,change_ai_name,55,change_ai_name,run_01_seed_42,0.9995642304420471
4176,what do you think about me calling you cora,55,change_ai_name,75,what_is_your_name,run_01_seed_42,0.8110302090644836
4177,im going to call you xander,55,change_ai_name,55,change_ai_name,run_01_seed_42,0.9876893758773804
4178,can we change your name to clara,55,change_ai_name,55,change_ai_name,run_01_seed_42,0.999982476234436
4179,how about lets start calling you juliette,55,change_ai_name,55,change_ai_name,run_01_seed_42,0.9980618357658386
4180,i want to start calling you owen,55,change_ai_name,55,change_ai_name,run_01_seed_42,0.99947589635849
4181,can i call you arnold instead,55,change_ai_name,55,change_ai_name,run_01_seed_42,0.9475710988044739
4182,how about i call you sue,55,change_ai_name,55,change_ai_name,run_01_seed_42,0.6848129034042358
4183,can i start calling you fred,55,change_ai_name,55,change_ai_name,run_01_seed_42,0.9998772144317627
4184,can i rename you bob,55,change_ai_name,55,change_ai_name,run_01_seed_42,0.998995840549469
4185,i want to rename you joe,55,change_ai_name,55,change_ai_name,run_01_seed_42,0.9999446868896484
4186,"your new name is joe, okay",55,change_ai_name,55,change_ai_name,run_01_seed_42,0.9513394832611084
4187,i'm going to start calling you joe,55,change_ai_name,55,change_ai_name,run_01_seed_42,0.9999728202819824
4188,you are going to be called joe now,55,change_ai_name,55,change_ai_name,run_01_seed_42,0.41299137473106384
4189,start responding to joe,55,change_ai_name,14,whisper_mode,run_01_seed_42,0.23383572697639465
4190,i'm changing your name to joe,55,change_ai_name,55,change_ai_name,run_01_seed_42,0.9976451992988586
4191,i'd like to start calling you buddy,55,change_ai_name,55,change_ai_name,run_01_seed_42,0.9998650550842285
4192,i'd like to start calling you jake,55,change_ai_name,55,change_ai_name,run_01_seed_42,0.9986920952796936
4193,i'd like to start calling you lover,55,change_ai_name,55,change_ai_name,run_01_seed_42,0.9994733929634094
4194,i'd like to start calling you friend,55,change_ai_name,55,change_ai_name,run_01_seed_42,0.9994895458221436
4195,i want to change your name to shelby,55,change_ai_name,55,change_ai_name,run_01_seed_42,0.9999862909317017
4196,i'd rather call you gloria,55,change_ai_name,55,change_ai_name,run_01_seed_42,0.9889151453971863
4197,i'm changing your name to goliath,55,change_ai_name,55,change_ai_name,run_01_seed_42,0.9911884069442749
4198,is it okay to change your name to samson,55,change_ai_name,55,change_ai_name,run_01_seed_42,0.9999620914459229
4199,can i call you james instead,55,change_ai_name,55,change_ai_name,run_01_seed_42,0.8335341811180115
4200,what your numerical digit to display as your age,99,how_old_are_you,99,how_old_are_you,run_01_seed_42,0.92067551612854
4201,how old will you be,99,how_old_are_you,99,how_old_are_you,run_01_seed_42,0.9999685287475586
4202,how old will you be this year,99,how_old_are_you,99,how_old_are_you,run_01_seed_42,0.9999113082885742
4203,whats your age,99,how_old_are_you,99,how_old_are_you,run_01_seed_42,0.9999825954437256
4204,when is your birthday,99,how_old_are_you,99,how_old_are_you,run_01_seed_42,0.9955216646194458
4205,when were you made,99,how_old_are_you,99,how_old_are_you,run_01_seed_42,0.994224488735199
4206,whats your age range,99,how_old_are_you,99,how_old_are_you,run_01_seed_42,0.9999552965164185
4207,could you tell me how old you are,99,how_old_are_you,99,how_old_are_you,run_01_seed_42,0.999915361404419
4208,would you tell me how old you are,99,how_old_are_you,99,how_old_are_you,run_01_seed_42,0.9999328851699829
4209,your date of birth,99,how_old_are_you,99,how_old_are_you,run_01_seed_42,0.9962517619132996
4210,your birthday please,99,how_old_are_you,119,change_speed,run_01_seed_42,0.4208579957485199
4211,can you tell me your birthday,99,how_old_are_you,99,how_old_are_you,run_01_seed_42,0.9990094900131226
4212,whens your birthday,99,how_old_are_you,99,how_old_are_you,run_01_seed_42,0.42098045349121094
4213,what's your bday,99,how_old_are_you,96,who_made_you,run_01_seed_42,0.5023225545883179
4214,how old were you on your last birthday,99,how_old_are_you,99,how_old_are_you,run_01_seed_42,0.9999315738677979
4215,how many years have you been alive,99,how_old_are_you,99,how_old_are_you,run_01_seed_42,0.9999431371688843
4216,can i ask your age,99,how_old_are_you,99,how_old_are_you,run_01_seed_42,0.9997474551200867
4217,do you mind if i ask how old you are,99,how_old_are_you,99,how_old_are_you,run_01_seed_42,0.9989252686500549
4218,may i ask your age,99,how_old_are_you,99,how_old_are_you,run_01_seed_42,0.999402642250061
4219,i need to know your age,99,how_old_are_you,99,how_old_are_you,run_01_seed_42,0.9999251365661621
4220,please tell me your age,99,how_old_are_you,99,how_old_are_you,run_01_seed_42,0.9999445676803589
4221,can you tell me your age,99,how_old_are_you,99,how_old_are_you,run_01_seed_42,0.9994344115257263
4222,when's your birthday,99,how_old_are_you,99,how_old_are_you,run_01_seed_42,0.9980409741401672
4223,how young are you,99,how_old_are_you,82,greeting,run_01_seed_42,0.9917169213294983
4224,what's your age right now,99,how_old_are_you,99,how_old_are_you,run_01_seed_42,0.9930992126464844
4225,how old would you be,99,how_old_are_you,99,how_old_are_you,run_01_seed_42,0.9999767541885376
4226,do you know how old you are,99,how_old_are_you,99,how_old_are_you,run_01_seed_42,0.999761164188385
4227,how old,99,how_old_are_you,99,how_old_are_you,run_01_seed_42,0.9998059868812561
4228,what's your date of birth,99,how_old_are_you,99,how_old_are_you,run_01_seed_42,0.9998688697814941
4229,how old are you turning,99,how_old_are_you,99,how_old_are_you,run_01_seed_42,0.9999005794525146
4230,i need to rent an suv in charlestown for the first week in june who do you suggest,40,car_rental,40,car_rental,run_01_seed_42,0.9846311211585999
4231,find a decent rental care for next week at the philadelphia airport,40,car_rental,63,book_flight,run_01_seed_42,0.4686387777328491
4232,who can i rent a car from next month in orlando,40,car_rental,40,car_rental,run_01_seed_42,0.9911978840827942
4233,"i need to rent a car kfor one week in ocean city, nj so who has the best deal",40,car_rental,40,car_rental,run_01_seed_42,0.9979161620140076
4234,"find me a car rental for the weekend in asheville, nc via priceline",40,car_rental,40,car_rental,run_01_seed_42,0.9997403025627136
4235,what is the phone number of the car rental place,40,car_rental,42,oos,run_01_seed_42,0.48644211888313293
4236,"book a rental car to rhode island for friday, tomorrow",40,car_rental,40,car_rental,run_01_seed_42,0.9986718893051147
4237,"alexa, book a rental car to los angeles county in 2 hours",40,car_rental,40,car_rental,run_01_seed_42,0.9989804625511169
4238,can you book a car rental today to new york city to philadelphia,40,car_rental,40,car_rental,run_01_seed_42,0.9958139061927795
4239,book a car rental to miami florida today,40,car_rental,40,car_rental,run_01_seed_42,0.9922128319740295
4240,"siri, book a car rental to the poconos today right now",40,car_rental,40,car_rental,run_01_seed_42,0.9400591254234314
4241,where in syracuse can i book a car,40,car_rental,40,car_rental,run_01_seed_42,0.7013891935348511
4242,"in x, help me book a car",40,car_rental,40,car_rental,run_01_seed_42,0.9056193232536316
4243,book me a car rental in wichita,40,car_rental,40,car_rental,run_01_seed_42,0.9989247918128967
4244,how many places in dallas can i rent a car,40,car_rental,40,car_rental,run_01_seed_42,0.9966738224029541
4245,where can i rent a car in singapore,40,car_rental,40,car_rental,run_01_seed_42,0.999703586101532
4246,"march 2nd through march 18th, i'm going to need a jeep in frankfort",40,car_rental,40,car_rental,run_01_seed_42,0.49546197056770325
4247,rent a car for 3/1 through 3/3 in boston; i'd prefer an suv,40,car_rental,40,car_rental,run_01_seed_42,0.9996175765991211
4248,can i rent a sports car in augusta for 3/4 through 3/8,40,car_rental,40,car_rental,run_01_seed_42,0.9998607635498047
4249,"in tampa, i'd like to rent a sedan from 4/1 until 4/5",40,car_rental,40,car_rental,run_01_seed_42,0.928196370601654
4250,i'm going to need a coupe car in sedona from 5/1 until 5/4,40,car_rental,40,car_rental,run_01_seed_42,0.9836987257003784
4251,schedule a rental car starting monday the 5th thru friday the 9th at rent a car in town,40,car_rental,40,car_rental,run_01_seed_42,0.9239850640296936
4252,"can you find a rental car for me that is available this monday through thursday , any make will do",40,car_rental,40,car_rental,run_01_seed_42,0.9993205070495605
4253,i need to rent a car from traveler's rent a car downtown and make it from friday the 6th to monday the 9th cheapest available,40,car_rental,40,car_rental,run_01_seed_42,0.9999616146087646
4254,i want a rental car that is available tomorrow and that i can keep for four days please find me one,40,car_rental,40,car_rental,run_01_seed_42,0.5923529863357544
4255,"find me a rental car for next week , from friday the 5th thru monday the 8th, any kind",40,car_rental,40,car_rental,run_01_seed_42,0.980351984500885
4256,i need to rent a car for may 8th to may 25th in danville and i'd like a ford,40,car_rental,40,car_rental,run_01_seed_42,0.9999589920043945
4257,i need to rent a car for may 10th to may 15th in lizton and i'd like a bmw,40,car_rental,40,car_rental,run_01_seed_42,0.9998934268951416
4258,i need to rent a car for may 3rd to may 5th in indianapolis and i'd like a mercedes,40,car_rental,40,car_rental,run_01_seed_42,0.9999549388885498
4259,i need to rent a car for may 11thto may 13th in chicago and i'd like a coupe,40,car_rental,40,car_rental,run_01_seed_42,0.9998651742935181
4260,what should i do to get my car jump started,17,jump_start,17,jump_start,run_01_seed_42,0.9991987347602844
4261,what do i need to do to get my car jump started,17,jump_start,17,jump_start,run_01_seed_42,0.9980917572975159
4262,how can i go about jump starting my car,17,jump_start,17,jump_start,run_01_seed_42,0.9999561309814453
4263,what steps should be taken to jump start a car,17,jump_start,17,jump_start,run_01_seed_42,0.9997920393943787
4264,what can i do to jump start my car,17,jump_start,17,jump_start,run_01_seed_42,0.9998719692230225
4265,how do i jump start my car,17,jump_start,17,jump_start,run_01_seed_42,0.999984622001648
4266,i need to know how to get my car jump started,17,jump_start,17,jump_start,run_01_seed_42,0.9983048439025879
4267,my car needs a jump start; what do i need to do,17,jump_start,17,jump_start,run_01_seed_42,0.9947794675827026
4268,tell me how to jump start my car,17,jump_start,17,jump_start,run_01_seed_42,0.9999972581863403
4269,what steps should i take if i think my car battery is dead,17,jump_start,17,jump_start,run_01_seed_42,0.9999192953109741
4270,"i'm almost certain my car battery died, please tell me what to do",17,jump_start,17,jump_start,run_01_seed_42,0.9694268107414246
4271,please give me a quick tutorial on jump starting my car,17,jump_start,17,jump_start,run_01_seed_42,0.997597873210907
4272,"will you guide me through the process to jump start my car, please",17,jump_start,17,jump_start,run_01_seed_42,0.6708829402923584
4273,what steps do i need to follow to jump start my car,17,jump_start,17,jump_start,run_01_seed_42,0.9989808201789856
4274,what do i do if my car battery died,17,jump_start,17,jump_start,run_01_seed_42,0.9999957084655762
4275,what do i do if i suspect my car battery is dead,17,jump_start,17,jump_start,run_01_seed_42,0.9999730587005615
4276,i need instructions to walk me through jump starting my car,17,jump_start,17,jump_start,run_01_seed_42,0.9992019534111023
4277,"i believe that my car battery has died, what do i do next",17,jump_start,17,jump_start,run_01_seed_42,0.9985443353652954
4278,"can you give me instructions on how to jump start my car, please",17,jump_start,17,jump_start,run_01_seed_42,0.9973045587539673
4279,i wanna know how to jump start my car,17,jump_start,17,jump_start,run_01_seed_42,0.9999923706054688
4280,what do i do now that my battery is dead,17,jump_start,17,jump_start,run_01_seed_42,0.9800931215286255
4281,my car battery is dead what do i do,17,jump_start,17,jump_start,run_01_seed_42,0.9982454776763916
4282,i would like to jump start my car,17,jump_start,17,jump_start,run_01_seed_42,0.9998859167098999
4283,i really need to jump start my car,17,jump_start,17,jump_start,run_01_seed_42,0.9997678399085999
4284,what should i do now that my car battery is dead,17,jump_start,17,jump_start,run_01_seed_42,0.9999394416809082
4285,what do i need to do now that my battery is dead,17,jump_start,17,jump_start,run_01_seed_42,0.9475380182266235
4286,i have to jump start my car,17,jump_start,17,jump_start,run_01_seed_42,0.9999756813049316
4287,what shall i do now that my battery is dead,17,jump_start,17,jump_start,run_01_seed_42,0.9627053141593933
4288,i gotta jump start my car,17,jump_start,17,jump_start,run_01_seed_42,0.9980121850967407
4289,what is the process for jump starting my car,17,jump_start,17,jump_start,run_01_seed_42,0.9998471736907959
4290,what's a good italian meal,46,meal_suggestion,46,meal_suggestion,run_01_seed_42,0.9999793767929077
4291,i'm looking for a meal that's from the asian cuisine,46,meal_suggestion,46,meal_suggestion,run_01_seed_42,0.9992178678512573
4292,i'm feeling like a greek meal and need some suggestions,46,meal_suggestion,46,meal_suggestion,run_01_seed_42,0.9998935461044312
4293,"indian cuisine suits me and i'd like a meal suggestion, please",46,meal_suggestion,46,meal_suggestion,run_01_seed_42,0.9997701048851013
4294,"what's a good, popular american meal",46,meal_suggestion,46,meal_suggestion,run_01_seed_42,0.9997984766960144
4295,i'd like a meal suggestion from thailand,46,meal_suggestion,46,meal_suggestion,run_01_seed_42,0.9999206066131592
4296,tell me what meal to eat from texas,46,meal_suggestion,46,meal_suggestion,run_01_seed_42,0.8880067467689514
4297,can you give me a meal suggestion from the south,46,meal_suggestion,46,meal_suggestion,run_01_seed_42,0.9996472597122192
4298,i want to try a meal from ireland,46,meal_suggestion,46,meal_suggestion,run_01_seed_42,0.9998834133148193
4299,i want a meal from vietnam to be suggested to me,46,meal_suggestion,46,meal_suggestion,run_01_seed_42,0.9536877870559692
4300,what are good thai dishes,46,meal_suggestion,46,meal_suggestion,run_01_seed_42,0.9447840452194214
4301,i would like thai food,46,meal_suggestion,13,repeat,run_01_seed_42,0.7200953960418701
4302,can you recommend thai food,46,meal_suggestion,119,change_speed,run_01_seed_42,0.39135345816612244
4303,i need a thai food suggestion,46,meal_suggestion,16,order,run_01_seed_42,0.535817563533783
4304,thai food suggestions,46,meal_suggestion,46,meal_suggestion,run_01_seed_42,0.5243124961853027
4305,i need options or italian tonight,46,meal_suggestion,29,change_language,run_01_seed_42,0.8878565430641174
4306,do you have any recommendations for korean,46,meal_suggestion,46,meal_suggestion,run_01_seed_42,0.6703723073005676
4307,do you have any ideas for a mexican meal,46,meal_suggestion,46,meal_suggestion,run_01_seed_42,0.9999990463256836
4308,what kind of indian would you recommend,46,meal_suggestion,46,meal_suggestion,run_01_seed_42,0.7884966731071472
4309,what would you suggest for japanese,46,meal_suggestion,46,meal_suggestion,run_01_seed_42,0.999927282333374
4310,i need to know what's good for chinese around here,46,meal_suggestion,46,meal_suggestion,run_01_seed_42,0.9972068667411804
4311,i want to make something from ethiopia for dinner,46,meal_suggestion,46,meal_suggestion,run_01_seed_42,0.9945693016052246
4312,i need some ideas for a mexican meal,46,meal_suggestion,46,meal_suggestion,run_01_seed_42,0.9999973773956299
4313,i want to eat something from turkey,46,meal_suggestion,129,fun_fact,run_01_seed_42,0.4859043061733246
4314,i need a good italian dish,46,meal_suggestion,46,meal_suggestion,run_01_seed_42,0.967191755771637
4315,i need a good meal idea from italy,46,meal_suggestion,46,meal_suggestion,run_01_seed_42,0.999972939491272
4316,do you have any suggested roman recipes,46,meal_suggestion,15,what_are_your_hobbies,run_01_seed_42,0.31520935893058777
4317,can you give me a american dinner suggestion,46,meal_suggestion,46,meal_suggestion,run_01_seed_42,0.9999279975891113
4318,tell me what to make for dinner,46,meal_suggestion,46,meal_suggestion,run_01_seed_42,0.9800389409065247
4319,do you know what is for dinner,46,meal_suggestion,46,meal_suggestion,run_01_seed_42,0.996861457824707
4320,what do i need to do to cook a chicken,104,recipe,112,ingredients_list,run_01_seed_42,0.9100103378295898
4321,how do i go about cooking a 10lb turkey,104,recipe,86,cook_time,run_01_seed_42,0.635442852973938
4322,how do i get started making homemade pizza dough,104,recipe,46,meal_suggestion,run_01_seed_42,0.5221216678619385
4323,what instructions do i need to bake a cake from scratch,104,recipe,112,ingredients_list,run_01_seed_42,0.9437444806098938
4324,how do i make lasagna,104,recipe,104,recipe,run_01_seed_42,0.9982865452766418
4325,how do you make pasta,104,recipe,104,recipe,run_01_seed_42,0.9932851791381836
4326,how do you prepare omelet,104,recipe,75,what_is_your_name,run_01_seed_42,0.5967798233032227
4327,how do you prepare taco,104,recipe,104,recipe,run_01_seed_42,0.5308942198753357
4328,how do you make fried rice,104,recipe,104,recipe,run_01_seed_42,0.9715632200241089
4329,how do you cooked eggs,104,recipe,82,greeting,run_01_seed_42,0.9845287203788757
4330,what's a good chili recipe,104,recipe,104,recipe,run_01_seed_42,0.9998674392700195
4331,i need a recipe for chili,104,recipe,104,recipe,run_01_seed_42,0.999977707862854
4332,search for chili recipes,104,recipe,104,recipe,run_01_seed_42,0.9718718528747559
4333,search for a chili recipe for me,104,recipe,104,recipe,run_01_seed_42,0.9998579025268555
4334,find me a recipe for chili,104,recipe,104,recipe,run_01_seed_42,0.9999887943267822
4335,show me ideas for hamburger,104,recipe,145,restaurant_suggestion,run_01_seed_42,0.49568599462509155
4336,can you get me recipes for eggs please,104,recipe,32,timer,run_01_seed_42,0.9787992238998413
4337,show me how to make tuna casserole please,104,recipe,104,recipe,run_01_seed_42,0.99564528465271
4338,recipes for garlic bread please,104,recipe,88,reset_settings,run_01_seed_42,0.12886951863765717
4339,please tell me a recipe for this meal,104,recipe,46,meal_suggestion,run_01_seed_42,0.8857592940330505
4340,can you find me a pork recipe,104,recipe,104,recipe,run_01_seed_42,0.9999805688858032
4341,can you find me a brisket recipe,104,recipe,104,recipe,run_01_seed_42,0.9994078874588013
4342,can you find me a rice recipe,104,recipe,104,recipe,run_01_seed_42,0.9988697171211243
4343,can you find me a salsa recipe,104,recipe,104,recipe,run_01_seed_42,0.9998043179512024
4344,scan you find me a chicken recipe,104,recipe,104,recipe,run_01_seed_42,0.9666448831558228
4345,i need a pasta recipe,104,recipe,104,recipe,run_01_seed_42,0.9999103546142578
4346,i want a recipe for roasted veggies,104,recipe,104,recipe,run_01_seed_42,0.9994908571243286
4347,what is in a burrito recipe,104,recipe,104,recipe,run_01_seed_42,0.9982122182846069
4348,give me a tuna salad recipe,104,recipe,104,recipe,run_01_seed_42,0.9356012940406799
4349,find a recipe for baked ziti,104,recipe,104,recipe,run_01_seed_42,0.9996814727783203
4350,how much money do i make,93,income,93,income,run_01_seed_42,0.9998998641967773
4351,how much money do i earn,93,income,93,income,run_01_seed_42,0.9999889135360718
4352,what amount of money do i earn,93,income,93,income,run_01_seed_42,0.9999138116836548
4353,what do i take home,93,income,93,income,run_01_seed_42,0.8685460686683655
4354,how much do i take home yearly,93,income,93,income,run_01_seed_42,0.9804415702819824
4355,how much do i earn,93,income,93,income,run_01_seed_42,0.9998924732208252
4356,what's my yearly salary,93,income,93,income,run_01_seed_42,0.9999557733535767
4357,what's my salary,93,income,93,income,run_01_seed_42,0.9999841451644897
4358,how much do i earn a year,93,income,93,income,run_01_seed_42,0.9994077682495117
4359,what do i make annually,93,income,93,income,run_01_seed_42,0.993913471698761
4360,what do i bring in over a year,93,income,93,income,run_01_seed_42,0.97182297706604
4361,please tell me what amount i'm earning,93,income,93,income,run_01_seed_42,0.7164246439933777
4362,can you please tell me my income,93,income,93,income,run_01_seed_42,0.9999905824661255
4363,how much money am i earning,93,income,93,income,run_01_seed_42,0.9986627101898193
4364,what is my compensation,93,income,93,income,run_01_seed_42,0.7635294795036316
4365,how much am i paid,93,income,93,income,run_01_seed_42,0.999920129776001
4366,how much do i get paid,93,income,93,income,run_01_seed_42,0.9998880624771118
4367,what is my income this year,93,income,93,income,run_01_seed_42,0.9999792575836182
4368,how much money do i make from work,93,income,93,income,run_01_seed_42,0.999932050704956
4369,what will i make this year,93,income,93,income,run_01_seed_42,0.9772017002105713
4370,what will i get paid this year,93,income,93,income,run_01_seed_42,0.7635440230369568
4371,how much am i paid a year,93,income,93,income,run_01_seed_42,0.999473512172699
4372,how much money am i making this year at work,93,income,93,income,run_01_seed_42,0.9984242916107178
4373,what's my salary for this year,93,income,93,income,run_01_seed_42,0.9998925924301147
4374,what is my current salary,93,income,93,income,run_01_seed_42,0.9999321699142456
4375,what's the amount of my income,93,income,93,income,run_01_seed_42,0.9999988079071045
4376,what amount is my income,93,income,93,income,run_01_seed_42,0.9999990463256836
4377,i want to know my income,93,income,93,income,run_01_seed_42,0.9999958276748657
4378,what is my payment going to be,93,income,27,bill_balance,run_01_seed_42,0.9745123386383057
4379,how much is the pay offered for my work,93,income,93,income,run_01_seed_42,0.8395494818687439
4380,"alexa, buy a new television",16,order,16,order,run_01_seed_42,0.9378867149353027
4381,place my order alexa,16,order,84,order_status,run_01_seed_42,0.9846683144569397
4382,"siri, place my amazon order",16,order,84,order_status,run_01_seed_42,0.9999111890792847
4383,"alexa, buy my grocery list",16,order,16,order,run_01_seed_42,0.973145067691803
4384,purchase grass seed from the store,16,order,16,order,run_01_seed_42,0.9918169379234314
4385,find inner tube and buy it for me,16,order,16,order,run_01_seed_42,0.19438360631465912
4386,can you order me some nacho chips,16,order,16,order,run_01_seed_42,0.9952977299690247
4387,i'd like to buy something,16,order,16,order,run_01_seed_42,0.999521017074585
4388,"i need to buy something, please",16,order,16,order,run_01_seed_42,0.9510385394096375
4389,i'd like to buy a lamp online,16,order,16,order,run_01_seed_42,0.9996709823608398
4390,order all items on my shopping list,16,order,16,order,run_01_seed_42,0.9999785423278809
4391,get me an order of creatine powder,16,order,84,order_status,run_01_seed_42,0.893772304058075
4392,place an order for my whole shopping list,16,order,16,order,run_01_seed_42,0.9993166923522949
4393,"order me some doritos, please",16,order,16,order,run_01_seed_42,0.950905442237854
4394,place an order for my entire shopping list,16,order,16,order,run_01_seed_42,0.9998618364334106
4395,can you buy something,16,order,16,order,run_01_seed_42,0.9988483190536499
4396,make a purchase of doritos,16,order,16,order,run_01_seed_42,0.9922007918357849
4397,i'd like to you order everything that's on my shopping list,16,order,16,order,run_01_seed_42,0.9999639987945557
4398,please buy me something,16,order,16,order,run_01_seed_42,0.9990472197532654
4399,order my whole shopping list,16,order,16,order,run_01_seed_42,0.993085503578186
4400,can you order some more eggs for me since i just ran out,16,order,16,order,run_01_seed_42,0.9997100234031677
4401,i've used the last can of tuna fish and need you to order a new case of it,16,order,16,order,run_01_seed_42,0.2656209468841553
4402,i've just run out of butter and need you to order me some more,16,order,16,order,run_01_seed_42,0.9996328353881836
4403,i'm out of milk so you will order me some more,16,order,16,order,run_01_seed_42,0.9999799728393555
4404,can you place an order for the olive oil i just finished,16,order,16,order,run_01_seed_42,0.8879779577255249
4405,please go on amazon so i can buy bluetooth speakers,16,order,54,food_last,run_01_seed_42,0.40252336859703064
4406,will you please go on amazon so i can buy speakers,16,order,19,meeting_schedule,run_01_seed_42,0.38287222385406494
4407,where can i find bluetooth speakers,16,order,42,oos,run_01_seed_42,0.8914830088615417
4408,what is the price of bluetooth speakers on amazon,16,order,42,oos,run_01_seed_42,0.7498023509979248
4409,please order some more pepsi,16,order,16,order,run_01_seed_42,0.9975659847259521
4410,i need to know traffic patterns heading to the george washington bridge from manhattan,24,traffic,24,traffic,run_01_seed_42,0.9190346002578735
4411,"can you give me a traffic update for driving routes nearest ocean city, new jersey from philadelphia",24,traffic,24,traffic,run_01_seed_42,0.9365655779838562
4412,"what will traffic be like nearest the george washington bridge, new york",24,traffic,24,traffic,run_01_seed_42,0.9998347759246826
4413,"what traffic can i expect on the way to the newark, new jersey from philadelphia",24,traffic,24,traffic,run_01_seed_42,0.9989344477653503
4414,can you tell me the traffic situation from philadelphia to the new jersey turnpike,24,traffic,24,traffic,run_01_seed_42,0.9999233484268188
4415,"how is the traffic normally driving into downtown washington, dc, from baltimore at 4:00 pm",24,traffic,24,traffic,run_01_seed_42,0.9999717473983765
4416,how is traffic nearest the ben franklin bridge philadelphia heading to the new jersey turnpike,24,traffic,24,traffic,run_01_seed_42,0.9969841837882996
4417,i need to know what traffic is going to be like at 3:00 pm on the new jersey turnpike heading into camden from north jersey,24,traffic,24,traffic,run_01_seed_42,0.9998039603233337
4418,"what kind of traffic can i expect driving to newark, new jersey on i-95 from philadelphia at noon",24,traffic,24,traffic,run_01_seed_42,0.996289849281311
4419,"i need to know what traffic looks like nearest the smithsonian institute in washington, dc for the next hour",24,traffic,24,traffic,run_01_seed_42,0.9988101720809937
4420,please tell me how traffic from the new jersey turnpike into the lincoln tunnel looks currently,24,traffic,24,traffic,run_01_seed_42,0.9708865284919739
4421,is there traffic on i-95 north to new york from philadelphia,24,traffic,24,traffic,run_01_seed_42,0.999993085861206
4422,"can you tell me what the traffic is usually like at 7:00 pm from philadelphia to ocean city, new jersey",24,traffic,24,traffic,run_01_seed_42,0.9998346567153931
4423,will there be heavy traffic near downtown philadelphia from lincoln drive in the next two hours,24,traffic,24,traffic,run_01_seed_42,0.9930956959724426
4424,what does post rush hour traffic generally look like heading into the lincoln tunnel in manhattan from new jersey,24,traffic,24,traffic,run_01_seed_42,0.9852535128593445
4425,is traffic good or bad at 9:00 on the way to detroit,24,traffic,24,traffic,run_01_seed_42,0.9939603805541992
4426,what kind of traffic is there at 9:00 on the route to detroit,24,traffic,24,traffic,run_01_seed_42,0.9999204874038696
4427,how is the traffic at 9:00 on the way to detroit,24,traffic,24,traffic,run_01_seed_42,0.9999675750732422
4428,what kind of traffic can i expect at 9:00 on the route to detroit,24,traffic,24,traffic,run_01_seed_42,0.9998437166213989
4429,how bad is traffic at 9:00 going to detroit,24,traffic,24,traffic,run_01_seed_42,0.9995680451393127
4430,is there traffic right now on my route to work,24,traffic,24,traffic,run_01_seed_42,0.9998257756233215
4431,"going to work, will there be traffic",24,traffic,24,traffic,run_01_seed_42,0.9998985528945923
4432,is there traffic on my work route,24,traffic,24,traffic,run_01_seed_42,0.9994819760322571
4433,is there traffic expected,24,traffic,24,traffic,run_01_seed_42,0.999894380569458
4434,"on my way to work, is there traffic",24,traffic,24,traffic,run_01_seed_42,0.9980055689811707
4435,on the way to work is there traffic,24,traffic,24,traffic,run_01_seed_42,0.9989914298057556
4436,is there traffic on the way to work,24,traffic,24,traffic,run_01_seed_42,0.9999275207519531
4437,will i encounter traffic,24,traffic,24,traffic,run_01_seed_42,0.9999116659164429
4438,is there traffic on the way,24,traffic,24,traffic,run_01_seed_42,0.9999443292617798
4439,whats the traffic for the drive to the nearest restaurant,24,traffic,24,traffic,run_01_seed_42,0.9972822666168213
4440,"can i get some more checkbooks sent to me, please",127,order_checks,127,order_checks,run_01_seed_42,0.9999051094055176
4441,could i get some more checkbooks sent to me,127,order_checks,127,order_checks,run_01_seed_42,0.9997184872627258
4442,"can i get some more checkbooks mailed to me, please",127,order_checks,127,order_checks,run_01_seed_42,0.9999933242797852
4443,can i get some more checkbooks sent to me,127,order_checks,127,order_checks,run_01_seed_42,0.9996947050094604
4444,"could i get some more checkbooks sent to me, please",127,order_checks,127,order_checks,run_01_seed_42,0.9998375177383423
4445,how do i order some checkbooks for my chase account,127,order_checks,127,order_checks,run_01_seed_42,0.9999489784240723
4446,for checkbooks can i order them for my chase account,127,order_checks,127,order_checks,run_01_seed_42,0.9993863105773926
4447,am i able to order more checkbooks for my chase account,127,order_checks,127,order_checks,run_01_seed_42,0.9999886751174927
4448,for my chase account can i order some checkbooks,127,order_checks,127,order_checks,run_01_seed_42,0.9998966455459595
4449,is there a way to order checkbooks for a chase account,127,order_checks,127,order_checks,run_01_seed_42,0.9998979568481445
4450,can you overnight me a few checkbooks,127,order_checks,127,order_checks,run_01_seed_42,0.5017668008804321
4451,send me more checkbooks please,127,order_checks,127,order_checks,run_01_seed_42,0.9999433755874634
4452,please mail me more checkbooks,127,order_checks,127,order_checks,run_01_seed_42,0.9999204874038696
4453,i need more checkbooks mailed as soon as possible,127,order_checks,127,order_checks,run_01_seed_42,0.9978042244911194
4454,i'd like more checkbooks mailed to me,127,order_checks,127,order_checks,run_01_seed_42,0.9999268054962158
4455,how do i order some more checks for my bank of the west account,127,order_checks,127,order_checks,run_01_seed_42,0.9999897480010986
4456,how do i order some more checks for my bank of america account,127,order_checks,127,order_checks,run_01_seed_42,0.9999942779541016
4457,how do i order some more checks for my chase account,127,order_checks,127,order_checks,run_01_seed_42,0.9999961853027344
4458,how do i order some more checks for my usaa account,127,order_checks,127,order_checks,run_01_seed_42,0.9999935626983643
4459,how do i order some more checks for my navy federal account,127,order_checks,127,order_checks,run_01_seed_42,0.9999903440475464
4460,i'm out of all my checks can i get some new ones,127,order_checks,127,order_checks,run_01_seed_42,0.9999960660934448
4461,i'm out of my checks i need some new ones,127,order_checks,127,order_checks,run_01_seed_42,0.9999772310256958
4462,can i get some new checks i'm out of mine,127,order_checks,127,order_checks,run_01_seed_42,0.9999154806137085
4463,"i need to order some new checks, i'm all out of them",127,order_checks,127,order_checks,run_01_seed_42,0.994314968585968
4464,i am in need of new checks i'm completely out of mine,127,order_checks,127,order_checks,run_01_seed_42,0.9984093308448792
4465,may i order more checks for my well's fargo account,127,order_checks,127,order_checks,run_01_seed_42,0.9999939203262329
4466,do you know how i order more checks for my well's fargo account,127,order_checks,127,order_checks,run_01_seed_42,0.9999939203262329
4467,what do i do to order new checkbooks for my well's fargo account,127,order_checks,127,order_checks,run_01_seed_42,0.9991556406021118
4468,how do i order more checkbooks for my well's fargo account,127,order_checks,127,order_checks,run_01_seed_42,0.9999347925186157
4469,where do i go to order more checks for my well's fargo account,127,order_checks,127,order_checks,run_01_seed_42,0.9999927282333374
4470,my card got declined; why,49,card_declined,49,card_declined,run_01_seed_42,0.991866409778595
4471,can you help me understand why my card got declined,49,card_declined,49,card_declined,run_01_seed_42,0.9999618530273438
4472,why was my card not accepted,49,card_declined,49,card_declined,run_01_seed_42,0.9999479055404663
4473,can you tell me why my card got declined,49,card_declined,49,card_declined,run_01_seed_42,0.9999843835830688
4474,i was at publix trying to buy some food but my card wouldnt work,49,card_declined,49,card_declined,run_01_seed_42,0.9771247506141663
4475,who do i need to contact to find out why my card got declined,49,card_declined,49,card_declined,run_01_seed_42,0.9999353885650635
4476,i need to know why my card got declined,49,card_declined,49,card_declined,run_01_seed_42,0.9999924898147583
4477,"how do i fix my card, it was declined",49,card_declined,49,card_declined,run_01_seed_42,0.9995216131210327
4478,why did my card get declined at public when i was trying to buy food,49,card_declined,49,card_declined,run_01_seed_42,0.9996691942214966
4479,i was trying to buy food at publix but my card got declined,49,card_declined,49,card_declined,run_01_seed_42,0.9999854564666748
4480,i was trying to use my card to get food at publix but it got declined,49,card_declined,49,card_declined,run_01_seed_42,0.9983035326004028
4481,how can i fix my card being declined,49,card_declined,49,card_declined,run_01_seed_42,0.9995993971824646
4482,"i was trying to get food at publix, why was my card declined",49,card_declined,49,card_declined,run_01_seed_42,0.9999904632568359
4483,do you know why my card got declined,49,card_declined,49,card_declined,run_01_seed_42,0.9999786615371704
4484,why my card stop working,49,card_declined,49,card_declined,run_01_seed_42,0.9988667964935303
4485,my card declined,49,card_declined,49,card_declined,run_01_seed_42,0.9934107661247253
4486,i was in australia trying to buy chips and my cards got declined,49,card_declined,49,card_declined,run_01_seed_42,0.9829640984535217
4487,i was in thailand trying to buy candies and my card got declined,49,card_declined,49,card_declined,run_01_seed_42,0.9998412132263184
4488,why was my card got declined when i am trying to pay for dinner when i am in vietnam,49,card_declined,49,card_declined,run_01_seed_42,0.7442314028739929
4489,i could not buy food using my card when i was in vietnam,49,card_declined,49,card_declined,run_01_seed_42,0.3715752959251404
4490,i was in thailand and i could not use my card to buy snacks,49,card_declined,49,card_declined,run_01_seed_42,0.9866807460784912
4491,can you explain why i couldn't use my card at target,49,card_declined,49,card_declined,run_01_seed_42,0.9999568462371826
4492,why was my card not working at target,49,card_declined,49,card_declined,run_01_seed_42,0.9999217987060547
4493,my credit card was turned down at target and i'd like to know why,49,card_declined,49,card_declined,run_01_seed_42,0.9957714676856995
4494,how come i got declined,49,card_declined,121,maybe,run_01_seed_42,0.5832650065422058
4495,why can't i use my credit card,49,card_declined,49,card_declined,run_01_seed_42,0.7770700454711914
4496,why won't you let me pay with my credit card,49,card_declined,56,bill_due,run_01_seed_42,0.25712156295776367
4497,why did i get rejected on my card,49,card_declined,49,card_declined,run_01_seed_42,0.9938674569129944
4498,how come my credit card isn't working,49,card_declined,56,bill_due,run_01_seed_42,0.33979034423828125
4499,why didn't my card work,49,card_declined,49,card_declined,run_01_seed_42,0.9829766750335693
4500,how much has the dow changed today,42,oos,42,oos,run_01_seed_42,0.998740017414093
4501,how many prime numbers are there between 0 and 100,42,oos,42,oos,run_01_seed_42,0.992713987827301
4502,can you tell me how to solve simple algebraic equations with one variable,42,oos,42,oos,run_01_seed_42,0.30759763717651367
4503,can you dim the brightness of my screen,42,oos,68,transactions,run_01_seed_42,0.40343213081359863
4504,what is the account number to the internet service i have,42,oos,42,oos,run_01_seed_42,0.9996117949485779
4505,can you see a hdmi cord,42,oos,42,oos,run_01_seed_42,0.5401559472084045
4506,what veggies can i pair with mushrooms,42,oos,138,calculator,run_01_seed_42,0.7656561136245728
4507,can you put the car in fuel efficient mode,42,oos,8,gas_type,run_01_seed_42,0.9853783845901489
4508,at what age can someone get a card,42,oos,90,replacement_card_duration,run_01_seed_42,0.48758208751678467
4509,please find today's most read stories from the new york times todayi,42,oos,138,calculator,run_01_seed_42,0.4636375904083252
4510,how do i get red wine out of a couch cushion,42,oos,112,ingredients_list,run_01_seed_42,0.15529760718345642
4511,can you tell me who sells dixie paper plates,42,oos,96,who_made_you,run_01_seed_42,0.7876325249671936
4512,who invented the internet,42,oos,139,definition,run_01_seed_42,0.4671953320503235
4513,what big news happened over the weekend,42,oos,138,calculator,run_01_seed_42,0.30603665113449097
4514,what is happening in politicsu,42,oos,38,exchange_rate,run_01_seed_42,0.24532437324523926
4515,how is my driving,42,oos,82,greeting,run_01_seed_42,0.8331105709075928
4516,is the earth flat,42,oos,42,oos,run_01_seed_42,0.607475996017456
4517,what is the best way to clean ceiling fans,42,oos,72,directions,run_01_seed_42,0.8407706022262573
4518,please tell me the status of the government shutdown,42,oos,42,oos,run_01_seed_42,0.8210045099258423
4519,what oil is best for chicken,42,oos,42,oos,run_01_seed_42,0.5187289714813232
4520,what is today's big article in the washington post,42,oos,72,directions,run_01_seed_42,0.7936672568321228
4521,has there been anything breaking this afternoon,42,oos,0,restaurant_reviews,run_01_seed_42,0.2744975984096527
4522,what are yahoo's top stories right now,42,oos,139,definition,run_01_seed_42,0.46043428778648376
4523,what's at movies,42,oos,93,income,run_01_seed_42,0.9139320850372314
4524,what is the amount of blood needed to stay alive,42,oos,42,oos,run_01_seed_42,0.8240268230438232
4525,can you add a bag to my reservation,42,oos,67,cancel_reservation,run_01_seed_42,0.8424261808395386
4526,can you auto-pilot the car,42,oos,10,smart_home,run_01_seed_42,0.9908283948898315
4527,wash windshield,42,oos,107,yes,run_01_seed_42,0.32464325428009033
4528,can you tell me what credit cards i have open,42,oos,42,oos,run_01_seed_42,0.6409409046173096
4529,did the stock market finish up for the day,42,oos,42,oos,run_01_seed_42,0.9967175126075745
4530,what is the population of south africa,42,oos,42,oos,run_01_seed_42,0.9789478182792664
4531,watch the fbi,42,oos,147,cancel,run_01_seed_42,0.9352188110351562
4532,can you find the answer to number 26 in this algebra two textbook,42,oos,29,change_language,run_01_seed_42,0.6232643723487854
4533,how to remove a stripped bolt,42,oos,42,oos,run_01_seed_42,0.7229004502296448
4534,which stocks have lost the least today,42,oos,42,oos,run_01_seed_42,0.9997774958610535
4535,what are some things i can do on the way to work,42,oos,72,directions,run_01_seed_42,0.31430378556251526
4536,how many steps have i taken today,42,oos,148,pto_used,run_01_seed_42,0.9287097454071045
4537,can you fill in my credit card number on the screen,42,oos,6,redeem_rewards,run_01_seed_42,0.27230754494667053
4538,who won the patriots game last nightu,42,oos,42,oos,run_01_seed_42,0.9642636775970459
4539,is anything being newscasted about the threat of famine in chadu,42,oos,1,nutrition_info,run_01_seed_42,0.47128233313560486
4540,what are the different types of tvs,42,oos,42,oos,run_01_seed_42,0.9024720191955566
4541,do laundry,42,oos,42,oos,run_01_seed_42,0.1986648142337799
4542,what did trump do todayu,42,oos,42,oos,run_01_seed_42,0.45714443922042847
4543,how many miles does my car currently have,42,oos,142,mpg,run_01_seed_42,0.9502550959587097
4544,close all internet tabs,42,oos,42,oos,run_01_seed_42,0.19709226489067078
4545,can you sell stocks for me,42,oos,114,goodbye,run_01_seed_42,0.36002418398857117
4546,how do you treat an iron skillet,42,oos,112,ingredients_list,run_01_seed_42,0.39971351623535156
4547,how much has microsoft's stock changed over the last year,42,oos,93,income,run_01_seed_42,0.5640844106674194
4548,what is the best product for removing soap scum,42,oos,42,oos,run_01_seed_42,0.9975422620773315
4549,read text,42,oos,26,text,run_01_seed_42,0.9862724542617798
4550,park the car,42,oos,37,last_maintenance,run_01_seed_42,0.574960470199585
4551,show me a list of top rated airlines,42,oos,68,transactions,run_01_seed_42,0.7912496328353882
4552,may i finish washing then i give you please,42,oos,150,change_volume,run_01_seed_42,0.18632425367832184
4553,do i have overdraft protection,42,oos,19,meeting_schedule,run_01_seed_42,0.4113512933254242
4554,can you delete my saved credit card,42,oos,87,damaged_card,run_01_seed_42,0.2503151297569275
4555,can you give me the most current market news,42,oos,42,oos,run_01_seed_42,0.9998358488082886
4556,did the supreme court nominee get approvedu,42,oos,42,oos,run_01_seed_42,0.326267272233963
4557,which company has gone up the most today,42,oos,42,oos,run_01_seed_42,0.9999834299087524
4558,who were the superbowl 23 champions,42,oos,42,oos,run_01_seed_42,0.40654870867729187
4559,can you tell me how to clean a fish tank,42,oos,28,improve_credit_score,run_01_seed_42,0.5569897890090942
4560,open cnn websiteo,42,oos,42,oos,run_01_seed_42,0.28635719418525696
4561,how do i make my android phone more secure,42,oos,130,sync_device,run_01_seed_42,0.5873340368270874
4562,i need to update my address,42,oos,42,oos,run_01_seed_42,0.2672877907752991
4563,what is that crunchy stuff on creme bruleo,42,oos,21,what_song,run_01_seed_42,0.7043721675872803
4564,which airports do southwest service around the greater new york city area,42,oos,42,oos,run_01_seed_42,0.9647765755653381
4565,can you retrieve client d's file please,42,oos,114,goodbye,run_01_seed_42,0.3171512186527252
4566,can you list all channels of a certain category,42,oos,112,ingredients_list,run_01_seed_42,0.695466160774231
4567,where does jelly come from,42,oos,42,oos,run_01_seed_42,0.8970969915390015
4568,can you tell me the s&p average,42,oos,42,oos,run_01_seed_42,0.5145787000656128
4569,how would you rate the airport i am traveling to,42,oos,88,reset_settings,run_01_seed_42,0.3165324926376343
4570,am i too old to be a sugar babyo,42,oos,29,change_language,run_01_seed_42,0.450965017080307
4571,what was the closing number of the nasdaq today,42,oos,42,oos,run_01_seed_42,0.9997767806053162
4572,has ko gone up or down,42,oos,42,oos,run_01_seed_42,0.9826394319534302
4573,how many cars average are on the road daily,42,oos,42,oos,run_01_seed_42,0.6658480167388916
4574,what does the plus sign mean on my dashboard,42,oos,138,calculator,run_01_seed_42,0.46754857897758484
4575,how is ford's stock doing,42,oos,82,greeting,run_01_seed_42,0.9871113896369934
4576,what is my checking account number,42,oos,2,account_blocked,run_01_seed_42,0.44510674476623535
4577,when should i remove my snow tires,42,oos,47,tire_change,run_01_seed_42,0.9994003772735596
4578,which stocks gained the most today,42,oos,42,oos,run_01_seed_42,0.9980973601341248
4579,what is the fee for a cash advance,42,oos,42,oos,run_01_seed_42,0.9608980417251587
4580,tell me about the earthquake in california that happened this morning,42,oos,5,weather,run_01_seed_42,0.27262237668037415
4581,change color contrast,42,oos,114,goodbye,run_01_seed_42,0.7043763399124146
4582,what is the golden ratio's number,42,oos,42,oos,run_01_seed_42,0.7748632431030273
4583,is the bank open on mlk day,42,oos,42,oos,run_01_seed_42,0.8346767425537109
4584,can i deposit a check,42,oos,42,oos,run_01_seed_42,0.6688023805618286
4585,"from the second of the left ,the pink one",42,oos,133,transfer,run_01_seed_42,0.24032872915267944
4586,go and check the fridge,42,oos,54,food_last,run_01_seed_42,0.9970368146896362
4587,can you tell me the score of the heat game,42,oos,42,oos,run_01_seed_42,0.993780791759491
4588,can you mark this note as important,42,oos,96,who_made_you,run_01_seed_42,0.28143495321273804
4589,can you tell me how to multiply two fractions,42,oos,75,what_is_your_name,run_01_seed_42,0.28714367747306824
4590,i want to find a new car under $25000,42,oos,16,order,run_01_seed_42,0.37836354970932007
4591,when is the next full moon,42,oos,140,next_holiday,run_01_seed_42,0.875977635383606
4592,how do i change the windshield wipers,42,oos,42,oos,run_01_seed_42,0.9999313354492188
4593,why is the sky blue,42,oos,42,oos,run_01_seed_42,0.9357807040214539
4594,should i do a complete stop at red lights,42,oos,9,accept_reservations,run_01_seed_42,0.42081141471862793
4595,are all televisions high definition,42,oos,139,definition,run_01_seed_42,0.6061320304870605
4596,can you tell me today's headlines pleasei,42,oos,139,definition,run_01_seed_42,0.9499381184577942
4597,who invented custardo,42,oos,96,who_made_you,run_01_seed_42,0.6656771302223206
4598,how to be millionare,42,oos,104,recipe,run_01_seed_42,0.6386698484420776
4599,when does the stock market update,42,oos,42,oos,run_01_seed_42,0.9996746778488159
4600,can you tell me how to get gum out of my rug,42,oos,136,current_location,run_01_seed_42,0.5441364049911499
4601,how can i get a better rate on my card,42,oos,91,new_card,run_01_seed_42,0.9584665894508362
4602,open up internet browser,42,oos,42,oos,run_01_seed_42,0.9566193222999573
4603,it is white colour,42,oos,107,yes,run_01_seed_42,0.6917123198509216
4604,what makes pi so mathematically important,42,oos,42,oos,run_01_seed_42,0.9291914105415344
4605,why can you have the square root of a negative number,42,oos,42,oos,run_01_seed_42,0.9391024708747864
4606,how much time do i have left on my 0% apr,42,oos,132,apr,run_01_seed_42,0.7988109588623047
4607,what are the highest-rated android phones,42,oos,42,oos,run_01_seed_42,0.6758590340614319
4608,what time do i need to arrive to make it on time,42,oos,86,cook_time,run_01_seed_42,0.8987817764282227
4609,find articles about the protests in parisi,42,oos,42,oos,run_01_seed_42,0.5015828609466553
4610,can you tell me how fast the average airplane enroute to california goes,42,oos,42,oos,run_01_seed_42,0.9516897201538086
4611,how many hurricanes are in an average hurricane season,42,oos,73,spelling,run_01_seed_42,0.3917844295501709
4612,how does my current htc phone compare to other android phones,42,oos,42,oos,run_01_seed_42,0.31653836369514465
4613,what movies are available,42,oos,42,oos,run_01_seed_42,0.4023038446903229
4614,how many items are in a bakers dozen,42,oos,73,spelling,run_01_seed_42,0.552815854549408
4615,what articles are written at the cnn site about the women's march,42,oos,10,smart_home,run_01_seed_42,0.2726711928844452
4616,when does napa close,42,oos,42,oos,run_01_seed_42,0.522580087184906
4617,what is the current price of tsla,42,oos,42,oos,run_01_seed_42,0.9392663240432739
4618,when will world war 3 begin,42,oos,42,oos,run_01_seed_42,0.9453913569450378
4619,what's going on in the world today,42,oos,42,oos,run_01_seed_42,0.8383150696754456
4620,what battery percentage is my phone at,42,oos,81,find_phone,run_01_seed_42,0.8000293970108032
4621,can you sign out of my bank login,42,oos,35,balance,run_01_seed_42,0.5825576186180115
4622,what is one standard deviation,42,oos,5,weather,run_01_seed_42,0.3581944704055786
4623,has the market been up or down since the beginning of this year,42,oos,42,oos,run_01_seed_42,0.9966443777084351
4624,how many moons does mars have,42,oos,42,oos,run_01_seed_42,0.9860844016075134
4625,what is the cashback rate for my credit card,42,oos,132,apr,run_01_seed_42,0.6265287399291992
4626,who has the best record in the nba,42,oos,145,restaurant_suggestion,run_01_seed_42,0.6035847067832947
4627,how long is the bank open until,42,oos,86,cook_time,run_01_seed_42,0.4625069200992584
4628,what are some good games for my android phone,42,oos,149,travel_suggestion,run_01_seed_42,0.48401838541030884
4629,can my grace period be extended any possible way,42,oos,42,oos,run_01_seed_42,0.9544590711593628
4630,how much over will overdraft protection cover,42,oos,73,spelling,run_01_seed_42,0.9118636846542358
4631,how fast am i going,42,oos,42,oos,run_01_seed_42,0.509004533290863
4632,who was the first person to discover cells,42,oos,42,oos,run_01_seed_42,0.9993523955345154
4633,how many people died in yesterday's storm,42,oos,42,oos,run_01_seed_42,0.41641902923583984
4634,how much memory do i have left on this phone,42,oos,27,bill_balance,run_01_seed_42,0.7569054365158081
4635,can i set up mobile deposits,42,oos,32,timer,run_01_seed_42,0.5074015259742737
4636,sell three calls of of nvda,42,oos,125,shopping_list_update,run_01_seed_42,0.20495784282684326
4637,what bills is congress talking about passing or blocking today,42,oos,1,nutrition_info,run_01_seed_42,0.22580114006996155
4638,how much data does my phone have left this month,42,oos,27,bill_balance,run_01_seed_42,0.6537885665893555
4639,how do i add someone to my account,42,oos,20,freeze_account,run_01_seed_42,0.4170544743537903
4640,how much money would my house sell for,42,oos,27,bill_balance,run_01_seed_42,0.5272161364555359
4641,how do i install new cabinets,42,oos,64,insurance_change,run_01_seed_42,0.5604488253593445
4642,is there a fee for cancelling a flight i've booked,42,oos,80,flight_status,run_01_seed_42,0.9038370847702026
4643,delete the contact uncle john from my phone,42,oos,130,sync_device,run_01_seed_42,0.9837263226509094
4644,search my contacts for the auto repair place,42,oos,136,current_location,run_01_seed_42,0.8015638589859009
4645,does my carrier have coverage in europe,42,oos,48,todo_list,run_01_seed_42,0.5688576698303223
4646,is there a cheaper rate with another carrier for my mobile,42,oos,138,calculator,run_01_seed_42,0.29493606090545654
4647,what are the limits in my phone plan,42,oos,74,insurance,run_01_seed_42,0.9766479730606079
4648,is there a way to change your houses address,42,oos,55,change_ai_name,run_01_seed_42,0.9067389965057373
4649,does dhl deliver to my address,42,oos,42,oos,run_01_seed_42,0.5038574934005737
4650,how frequently is the bus running today,42,oos,72,directions,run_01_seed_42,0.6286670565605164
4651,is there a better bus route i should be taking,42,oos,24,traffic,run_01_seed_42,0.7331774234771729
4652,what stores are at my local mall,42,oos,42,oos,run_01_seed_42,0.6520352959632874
4653,i need to get kalee added to my phone plan,42,oos,130,sync_device,run_01_seed_42,0.9975811243057251
4654,what is the price of other company's similar phone plans,42,oos,81,find_phone,run_01_seed_42,0.30292201042175293
4655,how long do i have to wait to get my refund,42,oos,102,how_busy,run_01_seed_42,0.8498706817626953
4656,how long does it take the irs to issue a tax refund,42,oos,94,taxes,run_01_seed_42,0.8301099538803101
4657,do you know if it is possible to close my savings account,42,oos,28,improve_credit_score,run_01_seed_42,0.7424261569976807
4658,how hard is it to close a bank account at wells fargo,42,oos,40,car_rental,run_01_seed_42,0.3579486310482025
4659,add my wife as an authorized user to checking account 20905432,42,oos,141,update_playlist,run_01_seed_42,0.25871291756629944
4660,i would like to upgrade to full coverage for my car,42,oos,65,todo_list_update,run_01_seed_42,0.22090329229831696
4661,who has the cheapest insurance for my model car in the area,42,oos,42,oos,run_01_seed_42,0.8995160460472107
4662,tell me the value on my current car,42,oos,142,mpg,run_01_seed_42,0.8215164542198181
4663,where can i list my vehicle for sell,42,oos,48,todo_list,run_01_seed_42,0.7275384664535522
4664,what is the price to buy more data on my phone,42,oos,100,rollover_401k,run_01_seed_42,0.6995397806167603
4665,i need to add a person to my bank account,42,oos,20,freeze_account,run_01_seed_42,0.9718733429908752
4666,who is the best local real estate agent,42,oos,16,order,run_01_seed_42,0.4928778111934662
4667,i want to install new tiles in my kitchen,42,oos,64,insurance_change,run_01_seed_42,0.3287909924983978
4668,what's the way for delta to cancel a flight,42,oos,42,oos,run_01_seed_42,0.38088172674179077
4669,read the phone number for mom in my phone contacts,42,oos,42,oos,run_01_seed_42,0.5385469794273376
4670,create a contact labeled mom,42,oos,25,make_call,run_01_seed_42,0.8445144295692444
4671,do other providers have better coverage than my cell carrier,42,oos,54,food_last,run_01_seed_42,0.8307395577430725
4672,does centurytel offer any better plans than the one i'm on,42,oos,18,schedule_meeting,run_01_seed_42,0.9966723918914795
4673,"what's going on in the world today, anything major",42,oos,19,meeting_schedule,run_01_seed_42,0.40363720059394836
4674,what is the extra digits that are sometimes included on my zip code,42,oos,42,oos,run_01_seed_42,0.76804518699646
4675,what's the extended zipcode for my address,42,oos,21,what_song,run_01_seed_42,0.6411720514297485
4676,is there an alternate bus stop close to my home i can use,42,oos,72,directions,run_01_seed_42,0.9882225394248962
4677,what stores are in the local mall,42,oos,42,oos,run_01_seed_42,0.9336400032043457
4678,"add mary to my phone plan, please",42,oos,130,sync_device,run_01_seed_42,0.9883669018745422
4679,how much is it to get more data on my phone plan,42,oos,27,bill_balance,run_01_seed_42,0.31169188022613525
4680,can i use direct deposit for my tax refund,42,oos,122,w2,run_01_seed_42,0.4702921211719513
4681,how much of a refund will i get this year,42,oos,126,pto_balance,run_01_seed_42,0.3519780933856964
4682,please take all my money out of my checking account and close the account,42,oos,133,transfer,run_01_seed_42,0.8102237582206726
4683,what are cars like mine selling for online,42,oos,60,calendar,run_01_seed_42,0.24047337472438812
4684,what's the blue book value of my car,42,oos,142,mpg,run_01_seed_42,0.8490657210350037
4685,what are the last 4 digits of my credit card number,42,oos,49,card_declined,run_01_seed_42,0.5735883712768555
4686,switch over to low power mode to preserve battery life,42,oos,14,whisper_mode,run_01_seed_42,0.7823847532272339
4687,show me the most popular nonfiction book currently on the market,42,oos,42,oos,run_01_seed_42,0.9908966422080994
4688,can you recommend some fiction books,42,oos,106,play_music,run_01_seed_42,0.4850369393825531
4689,how can i repair a broken watch,42,oos,25,make_call,run_01_seed_42,0.14346729218959808
4690,what's out at the theaters right now,42,oos,5,weather,run_01_seed_42,0.3538661599159241
4691,what is the most popular movie currently in theaters,42,oos,42,oos,run_01_seed_42,0.9834397435188293
4692,what is the cheapest new car for this year,42,oos,8,gas_type,run_01_seed_42,0.5590862035751343
4693,show me new cars with the highest safety rating,42,oos,24,traffic,run_01_seed_42,0.743000864982605
4694,i am looking for a suit for work,42,oos,104,recipe,run_01_seed_42,0.42226454615592957
4695,i need to find a black suit under $100,42,oos,112,ingredients_list,run_01_seed_42,0.608659029006958
4696,what is a good laptop for gaming,42,oos,46,meal_suggestion,run_01_seed_42,0.24425102770328522
4697,"show me laptops for sale that are under $2,000",42,oos,43,shopping_list,run_01_seed_42,0.3522762060165405
4698,which element on the periodic table is k,42,oos,67,cancel_reservation,run_01_seed_42,0.7855873107910156
4699,what kind of bonds do molecules have,42,oos,112,ingredients_list,run_01_seed_42,0.2726699411869049
4700,how much is my car worth used,42,oos,148,pto_used,run_01_seed_42,0.7452374696731567
4701,look up prices for parking at the airport over the weekend,42,oos,80,flight_status,run_01_seed_42,0.5208075642585754
4702,what is the best way for dealing with the airport,42,oos,42,oos,run_01_seed_42,0.49566882848739624
4703,what are my hours this week at work,42,oos,93,income,run_01_seed_42,0.9438742399215698
4704,can you check my voicemail,42,oos,93,income,run_01_seed_42,0.7319751977920532
4705,how many voicemails are currently in my inbox,42,oos,42,oos,run_01_seed_42,0.933692991733551
4706,i would like to know how long a charge is suppose to last on my phone,42,oos,44,expiration_date,run_01_seed_42,0.583786129951477
4707,check battery health on this device,42,oos,74,insurance,run_01_seed_42,0.901042640209198
4708,what is a well reviewed book for a teenage girl to read,42,oos,138,calculator,run_01_seed_42,0.38023123145103455
4709,i want to find new cyberpunk fiction books,42,oos,16,order,run_01_seed_42,0.3147563636302948
4710,what channel is cw on,42,oos,10,smart_home,run_01_seed_42,0.45199745893478394
4711,what is the most rented movie this week,42,oos,42,oos,run_01_seed_42,0.976423978805542
4712,what is a good movie to go see in theaters for a family with young kids,42,oos,112,ingredients_list,run_01_seed_42,0.41831883788108826
4713,i would like to find a stylish suit for a party,42,oos,46,meal_suggestion,run_01_seed_42,0.18388882279396057
4714,can you give me suggestions for a professional suit under $200,42,oos,112,ingredients_list,run_01_seed_42,0.4673330783843994
4715,when is it cheapest to travel to hawaii,42,oos,128,travel_alert,run_01_seed_42,0.6694939732551575
4716,i need a laptop with 16gb of ram,42,oos,18,schedule_meeting,run_01_seed_42,0.2106785923242569
4717,what is the best reviewed laptop available on the market,42,oos,42,oos,run_01_seed_42,0.8296039700508118
4718,give me information about the element carbon and its reactions with hydrogen,42,oos,42,oos,run_01_seed_42,0.5800085663795471
4719,what is a good chemistry experiment to learn from,42,oos,42,oos,run_01_seed_42,0.5363571047782898
4720,how much is this years model of my car cost,42,oos,142,mpg,run_01_seed_42,0.7516000866889954
4721,how do i best deal with the airport,42,oos,42,oos,run_01_seed_42,0.6704361438751221
4722,remind me of the address for my workplace please,42,oos,60,calendar,run_01_seed_42,0.5145600438117981
4723,what time do i have to go to work today,42,oos,48,todo_list,run_01_seed_42,0.35999977588653564
4724,how many voicemail messages do i have,42,oos,142,mpg,run_01_seed_42,0.4356476366519928
4725,erase all voicemails in my inbox please,42,oos,65,todo_list_update,run_01_seed_42,0.7935187220573425
4726,can you look up grocery coupons for me,42,oos,139,definition,run_01_seed_42,0.5613770484924316
4727,what is money used for,42,oos,71,spending_history,run_01_seed_42,0.6678921580314636
4728,what are some natural remedies to help ease stress,42,oos,112,ingredients_list,run_01_seed_42,0.8582223057746887
4729,what are some good methods of relieving stress,42,oos,115,what_can_i_ask_you,run_01_seed_42,0.38437268137931824
4730,how do you make sure a bridge doesn't fall down,42,oos,104,recipe,run_01_seed_42,0.3356790542602539
4731,what is the median salary for someone with an engineering degree,42,oos,93,income,run_01_seed_42,0.783044159412384
4732,what size pipes are used for sinks,42,oos,46,meal_suggestion,run_01_seed_42,0.8204033374786377
4733,why would the water be turned off,42,oos,22,meaning_of_life,run_01_seed_42,0.41611430048942566
4734,what is a good sink filter for water,42,oos,46,meal_suggestion,run_01_seed_42,0.9017844200134277
4735,what does water taste like,42,oos,66,timezone,run_01_seed_42,0.47784146666526794
4736,are there any sales on groceries today,42,oos,42,oos,run_01_seed_42,0.31640905141830444
4737,when was my lawn last mowed,42,oos,37,last_maintenance,run_01_seed_42,0.9996135830879211
4738,what store has the best deals going on right now,42,oos,42,oos,run_01_seed_42,0.9999476671218872
4739,can you tell me the best time to visit downtown when driving,42,oos,120,plug_type,run_01_seed_42,0.37942081689834595
4740,am i currently connected to wifi,42,oos,142,mpg,run_01_seed_42,0.29118913412094116
4741,is there an internet outage in my area,42,oos,42,oos,run_01_seed_42,0.9941660165786743
4742,tell me about personal finance,42,oos,139,definition,run_01_seed_42,0.3139675259590149
4743,does amazon collect my personal information,42,oos,42,oos,run_01_seed_42,0.6622453331947327
4744,check the status of my amazon orders for me,42,oos,84,order_status,run_01_seed_42,0.9934049248695374
4745,what is the official language of romania,42,oos,29,change_language,run_01_seed_42,0.980963945388794
4746,show me the best times to book flights for traveling to another country,42,oos,116,book_hotel,run_01_seed_42,0.48099881410598755
4747,disconnect from wifi immediately please,42,oos,130,sync_device,run_01_seed_42,0.8351923823356628
4748,am i connected to wifi,42,oos,135,calories,run_01_seed_42,0.2969040274620056
4749,list the contents of my safety deposit box at the bank,42,oos,68,transactions,run_01_seed_42,0.3219529986381531
4750,what's the more secure bank vault,42,oos,21,what_song,run_01_seed_42,0.31912118196487427
4751,what coupons do i have for restaurants,42,oos,60,calendar,run_01_seed_42,0.4810378849506378
4752,how do i make money,42,oos,104,recipe,run_01_seed_42,0.7298784852027893
4753,can you give me some stress management tips,42,oos,46,meal_suggestion,run_01_seed_42,0.5653244853019714
4754,how unhealthy is stress,42,oos,42,oos,run_01_seed_42,0.8501203656196594
4755,what's the best way to build a skyscraper,42,oos,28,improve_credit_score,run_01_seed_42,0.5725160241127014
4756,find engineering programs to apply to,42,oos,91,new_card,run_01_seed_42,0.3322092592716217
4757,what kind of glue is used for gluing pipes together,42,oos,120,plug_type,run_01_seed_42,0.6259203553199768
4758,check to see how many miles are on my car,42,oos,50,rewards_balance,run_01_seed_42,0.2771824598312378
4759,how do i change my windshield wipers,42,oos,42,oos,run_01_seed_42,0.9994210004806519
4760,how many ppm of particulate is in my local water,42,oos,42,oos,run_01_seed_42,0.4422103464603424
4761,what color is water,42,oos,4,time,run_01_seed_42,0.5523241758346558
4762,is anything on my grocery list on sale today,42,oos,48,todo_list,run_01_seed_42,0.9925659894943237
4763,how long does it take for grass seed to grow on my lawn,42,oos,86,cook_time,run_01_seed_42,0.8711429238319397
4764,please activate a wireless hotspot so i can use the internet,42,oos,25,make_call,run_01_seed_42,0.3588598072528839
4765,look up a good broker for mutual funds,42,oos,5,weather,run_01_seed_42,0.5391649603843689
4766,what are the best personal finance practices,42,oos,42,oos,run_01_seed_42,0.9691720008850098
4767,will amazon ship an order even if there was a pricing mistake,42,oos,84,order_status,run_01_seed_42,0.9487857818603516
4768,where did mandarin originate from,42,oos,77,where_are_you_from,run_01_seed_42,0.9995825886726379
4769,what are some of the most visited countries for people looking to travel abroad,42,oos,59,international_visa,run_01_seed_42,0.4624253809452057
4770,tell me which wifi network you are connected to right now,42,oos,96,who_made_you,run_01_seed_42,0.8801602125167847
4771,what is my current signal strength,42,oos,48,todo_list,run_01_seed_42,0.4159705638885498
4772,if i'm locked in a bank vault what's the best way to get out,42,oos,72,directions,run_01_seed_42,0.752539873123169
4773,how do i upgrade my operating system,42,oos,42,oos,run_01_seed_42,0.8486687541007996
4774,how much ram does my computer have,42,oos,93,income,run_01_seed_42,0.14848628640174866
4775,is it ok to feed dogs people food,42,oos,5,weather,run_01_seed_42,0.6076955795288086
4776,how do you fix a leaking sink,42,oos,75,what_is_your_name,run_01_seed_42,0.5962914228439331
4777,how do you unclog a toilet,42,oos,15,what_are_your_hobbies,run_01_seed_42,0.2362295538187027
4778,can you tell me local crime in my area,42,oos,42,oos,run_01_seed_42,0.9997432827949524
4779,what's the power consumption of my fridge,42,oos,54,food_last,run_01_seed_42,0.9196873307228088
4780,what is the warranty on my microwave,42,oos,10,smart_home,run_01_seed_42,0.36408811807632446
4781,how do i use my microwaves defrost,42,oos,42,oos,run_01_seed_42,0.6727775931358337
4782,how do you get red wine out of the carpet,42,oos,42,oos,run_01_seed_42,0.8443853855133057
4783,how do i get stains out of the carpet,42,oos,42,oos,run_01_seed_42,0.8842616081237793
4784,what is the highest quality carpet available,42,oos,99,how_old_are_you,run_01_seed_42,0.4924272894859314
4785,has everyone come home from school,42,oos,42,oos,run_01_seed_42,0.9679410457611084
4786,what time did my daughter get home from her date,42,oos,79,payday,run_01_seed_42,0.5946314334869385
4787,is my computer free from viruses,42,oos,68,transactions,run_01_seed_42,0.7603743076324463
4788,are you allowed to call someone a dirty name as part of free speech,42,oos,55,change_ai_name,run_01_seed_42,0.7323472499847412
4789,can you really get arrested for yelling fire in a crowded theater,42,oos,112,ingredients_list,run_01_seed_42,0.47415778040885925
4790,what amendment guarantees the freedom of speech to americans,42,oos,139,definition,run_01_seed_42,0.3745671212673187
4791,do employers have to honor freedom of speech,42,oos,86,cook_time,run_01_seed_42,0.6154903173446655
4792,what's the average score on a round of golf,42,oos,42,oos,run_01_seed_42,0.9784873127937317
4793,where is the closest driving range,42,oos,72,directions,run_01_seed_42,0.9161696434020996
4794,when does tiger woods play next,42,oos,42,oos,run_01_seed_42,0.7130369544029236
4795,how can i improve my golf swing,42,oos,28,improve_credit_score,run_01_seed_42,0.7871862649917603
4796,are your step-parent's parents considered your grandparents,42,oos,15,what_are_your_hobbies,run_01_seed_42,0.9583878517150879
4797,what's a good gift to get for your grandparents,42,oos,46,meal_suggestion,run_01_seed_42,0.4639655351638794
4798,what year did my grandparents get married,42,oos,68,transactions,run_01_seed_42,0.3733842074871063
4799,fun gift ideas to give to grandparents,42,oos,72,directions,run_01_seed_42,0.6150509715080261
4800,which came first; greek mythology or roman mythology,42,oos,21,what_song,run_01_seed_42,0.46874237060546875
4801,how many greek mythology characters are there,42,oos,42,oos,run_01_seed_42,0.9978971481323242
4802,who created the world in greek mythology,42,oos,66,timezone,run_01_seed_42,0.2966006398200989
4803,what was hercules the god of,42,oos,42,oos,run_01_seed_42,0.6939646005630493
4804,how many harry potter books are there,42,oos,42,oos,run_01_seed_42,0.9640918970108032
4805,what is harry's real name,42,oos,11,user_name,run_01_seed_42,0.7019990086555481
4806,who played ronald weasly,42,oos,96,who_made_you,run_01_seed_42,0.5838292241096497
4807,how do you repel a bear when you're out on a hike,42,oos,51,change_accent,run_01_seed_42,0.47037991881370544
4808,where's the best place to hike in the rockies,42,oos,145,restaurant_suggestion,run_01_seed_42,0.849088728427887
4809,what should i wear to hike,42,oos,46,meal_suggestion,run_01_seed_42,0.7526711225509644
4810,what is the main cause of becoming homeless,42,oos,42,oos,run_01_seed_42,0.7933669090270996
4811,how many people are jobless in america,42,oos,42,oos,run_01_seed_42,0.7613477110862732
4812,how many homeless people are there,42,oos,42,oos,run_01_seed_42,0.9923005104064941
4813,where are most homeless people,42,oos,42,oos,run_01_seed_42,0.9885731935501099
4814,are indians nowadays reminiscent of a decade ago,42,oos,42,oos,run_01_seed_42,0.41012081503868103
4815,what were indians like 100 years ago,42,oos,99,how_old_are_you,run_01_seed_42,0.24674643576145172
4816,how old is jennifer aniston,42,oos,99,how_old_are_you,run_01_seed_42,0.9991575479507446
4817,i need tips on how to overcome insomnia,42,oos,29,change_language,run_01_seed_42,0.2631063759326935
4818,how many people have insomnia,42,oos,42,oos,run_01_seed_42,0.9765373468399048
4819,what causes dyslexia,42,oos,139,definition,run_01_seed_42,0.30442672967910767
4820,is insomnia curable,42,oos,42,oos,run_01_seed_42,0.7984329462051392
4821,what are sigmund freud's most famous books,42,oos,42,oos,run_01_seed_42,0.9839727878570557
4822,what year was jane austen born,42,oos,42,oos,run_01_seed_42,0.8206897377967834
4823,where is te lawrence,42,oos,42,oos,run_01_seed_42,0.7308399081230164
4824,who is jane goodall,42,oos,42,oos,run_01_seed_42,0.4506915807723999
4825,how long does it take to get your yellow belt in karate,42,oos,86,cook_time,run_01_seed_42,0.9702484607696533
4826,what's the most practiced form of mma in the world,42,oos,42,oos,run_01_seed_42,0.9997746348381042
4827,what is the highest belt in karate,42,oos,112,ingredients_list,run_01_seed_42,0.4765576422214508
4828,where does jiu jitsu originate,42,oos,42,oos,run_01_seed_42,0.8489609956741333
4829,what's the proper subject verb order in japanese,42,oos,1,nutrition_info,run_01_seed_42,0.4117348790168762
4830,how do i learn more about linguistics,42,oos,46,meal_suggestion,run_01_seed_42,0.22655309736728668
4831,what kind of paint do makeup artists use,42,oos,42,oos,run_01_seed_42,0.38820379972457886
4832,the bus moves with tyre,42,oos,72,directions,run_01_seed_42,0.9572144150733948
4833,how the bus moves,42,oos,72,directions,run_01_seed_42,0.9826220273971558
4834,what are some good resources to learn about mental illness,42,oos,46,meal_suggestion,run_01_seed_42,0.5264394879341125
4835,are people with a mental illness eligible for disability,42,oos,0,restaurant_reviews,run_01_seed_42,0.7475852966308594
4836,how many people suffer from mental illness,42,oos,42,oos,run_01_seed_42,0.9883052110671997
4837,how can i get help for my mental health,42,oos,74,insurance,run_01_seed_42,0.7560661435127258
4838,what's trending now,42,oos,96,who_made_you,run_01_seed_42,0.23400788009166718
4839,what's the first romantic movie ever made,42,oos,42,oos,run_01_seed_42,0.9999321699142456
4840,"when was the term ""zombie"" first used",42,oos,42,oos,run_01_seed_42,0.9993274211883545
4841,what kind of traits do vampires have,42,oos,42,oos,run_01_seed_42,0.8004600405693054
4842,what do mummies eat,42,oos,42,oos,run_01_seed_42,0.8514968156814575
4843,send information on flood clean up to my phone,42,oos,130,sync_device,run_01_seed_42,0.6400113105773926
4844,what's the cost of buying a sump pump,42,oos,42,oos,run_01_seed_42,0.9806584119796753
4845,recommend a flood clean up service,42,oos,28,improve_credit_score,run_01_seed_42,0.3424474596977234
4846,what is the safest model of airplane to fly in,42,oos,42,oos,run_01_seed_42,0.99968421459198
4847,what year was the first airplane built in,42,oos,42,oos,run_01_seed_42,0.9999970197677612
4848,what's the best reviewed local roof repair place,42,oos,122,w2,run_01_seed_42,0.49117156863212585
4849,what's the best type of plan to upgrade to,42,oos,65,todo_list_update,run_01_seed_42,0.3784395456314087
4850,give me a suggestion for roofers,42,oos,46,meal_suggestion,run_01_seed_42,0.999085545539856
4851,where can i buy new shingles,42,oos,16,order,run_01_seed_42,0.3872976303100586
4852,what's the safest pet to be around toddlers,42,oos,24,traffic,run_01_seed_42,0.43715840578079224
4853,why is my dog vomiting after eating,42,oos,2,account_blocked,run_01_seed_42,0.5691426396369934
4854,tiger,42,oos,114,goodbye,run_01_seed_42,0.44540566205978394
4855,what's the average rent of apartments in my city,42,oos,142,mpg,run_01_seed_42,0.5353827476501465
4856,are there any apartments for rent nearby,42,oos,46,meal_suggestion,run_01_seed_42,0.3799508512020111
4857,what are apartment prices now,42,oos,42,oos,run_01_seed_42,0.48111623525619507
4858,what's the highest building in the world,42,oos,42,oos,run_01_seed_42,0.9957162737846375
4859,where is the closest architecture college,42,oos,72,directions,run_01_seed_42,0.9823929071426392
4860,where can i submit my architecture plans,42,oos,42,oos,run_01_seed_42,0.842333972454071
4861,who is the best architecture,42,oos,42,oos,run_01_seed_42,0.9867051243782043
4862,please give me a listing of all the bottled water brands in the area,42,oos,42,oos,run_01_seed_42,0.8396304249763489
4863,what are the lowest prices of bottled water at costco,42,oos,5,weather,run_01_seed_42,0.33310627937316895
4864,how do they filter pollutants out of bottled water,42,oos,42,oos,run_01_seed_42,0.38873007893562317
4865,what's the cost of bottled water,42,oos,4,time,run_01_seed_42,0.6415255069732666
4866,what's the cost to have a business card printed,42,oos,139,definition,run_01_seed_42,0.6046726703643799
4867,when can i get a business card printed locally,42,oos,90,replacement_card_duration,run_01_seed_42,0.9797887206077576
4868,what to use to design my business cards,42,oos,139,definition,run_01_seed_42,0.2995973229408264
4869,download all the photos off my phone into the cloud,42,oos,130,sync_device,run_01_seed_42,0.9592204093933105
4870,tell me about that kind of cameras,42,oos,46,meal_suggestion,run_01_seed_42,0.5124638676643372
4871,how much is the new nikon camera,42,oos,38,exchange_rate,run_01_seed_42,0.2771829664707184
4872,what kind of camera should i buy,42,oos,46,meal_suggestion,run_01_seed_42,0.4461262822151184
4873,how much candy have i consumed this week,42,oos,71,spending_history,run_01_seed_42,0.8691132664680481
4874,how many flavors of mnm's are there,42,oos,42,oos,run_01_seed_42,0.9979585409164429
4875,who makes milky way bars,42,oos,96,who_made_you,run_01_seed_42,0.8709443211555481
4876,how safe is it to consume the substance h2o,42,oos,42,oos,run_01_seed_42,0.2984027564525604
4877,how many elements are on the periodic table,42,oos,67,cancel_reservation,run_01_seed_42,0.7770340442657471
4878,what's the chemical composition of a fart,42,oos,42,oos,run_01_seed_42,0.8769315481185913
4879,what is phosphorus on the periodic table,42,oos,67,cancel_reservation,run_01_seed_42,0.34031450748443604
4880,look up some christmas songs for me,42,oos,34,do_you_have_pets,run_01_seed_42,0.5180360674858093
4881,is espn covering the golden state warriors game,42,oos,42,oos,run_01_seed_42,0.7574832439422607
4882,how many calories does doing 20 situps burn,42,oos,135,calories,run_01_seed_42,0.9987649917602539
4883,what is a normal resting heart rate,42,oos,138,calculator,run_01_seed_42,0.877995491027832
4884,should i run every day,42,oos,140,next_holiday,run_01_seed_42,0.9508126378059387
4885,how many months do i left in my hbo subscription,42,oos,126,pto_balance,run_01_seed_42,0.5335568785667419
4886,when does game of thrones return on hbo,42,oos,42,oos,run_01_seed_42,0.966097354888916
4887,cancel my subscription to scientific american,42,oos,67,cancel_reservation,run_01_seed_42,0.7144097685813904
4888,i'd like to renew my subscription to playboy,42,oos,141,update_playlist,run_01_seed_42,0.24258500337600708
4889,what are popular lifestyle magazines,42,oos,46,meal_suggestion,run_01_seed_42,0.4338289201259613
4890,what are popular sports magazines,42,oos,42,oos,run_01_seed_42,0.9996566772460938
4891,how can i use make up to cover a cut on my cheek,42,oos,28,improve_credit_score,run_01_seed_42,0.3590499758720398
4892,what's the best make-up to cover a black eye,42,oos,24,traffic,run_01_seed_42,0.25427326560020447
4893,send me videos of how to do a smoky eye,42,oos,3,oil_change_how,run_01_seed_42,0.21639478206634521
4894,whats the best rated lipstick,42,oos,42,oos,run_01_seed_42,0.544380247592926
4895,when will the government file another antitrust suit against microsoft,42,oos,79,payday,run_01_seed_42,0.590099573135376
4896,when will microsoft drop support for windows 7,42,oos,102,how_busy,run_01_seed_42,0.9223942756652832
4897,how do i make a sentence have stylized strike out in microsoft word,42,oos,42,oos,run_01_seed_42,0.4558851718902588
4898,how can i control where microsoft word inserts a page break,42,oos,42,oos,run_01_seed_42,0.7744324803352356
4899,what are the current prices for mushrooms,42,oos,42,oos,run_01_seed_42,0.8756940960884094
4900,what bands are touring in my city this week,42,oos,43,shopping_list,run_01_seed_42,0.5436278581619263
4901,i need for you to look up some of the major gods in mythology,42,oos,145,restaurant_suggestion,run_01_seed_42,0.18636944890022278
4902,what was the original name of jesus in egyptian myth,42,oos,42,oos,run_01_seed_42,0.48879507184028625
4903,was the god osiris a titan or an old god,42,oos,67,cancel_reservation,run_01_seed_42,0.4064389169216156
4904,tell me who aphrodite is,42,oos,10,smart_home,run_01_seed_42,0.9473236799240112
4905,what activities can i to do outside today,42,oos,42,oos,run_01_seed_42,0.8921909928321838
4906,when will the daffodils bloom this year,42,oos,42,oos,run_01_seed_42,0.8880730867385864
4907,what zelda games are available on the switch,42,oos,67,cancel_reservation,run_01_seed_42,0.5172073245048523
4908,i want to buy some nintendo switch game,42,oos,16,order,run_01_seed_42,0.8953536748886108
4909,how much does a nintendo switch cost,42,oos,42,oos,run_01_seed_42,0.8757779002189636
4910,show me a cool nintendo switch game,42,oos,42,oos,run_01_seed_42,0.9994786381721497
4911,can you check how many miles i walked today when i was out get the info from my phone,42,oos,37,last_maintenance,run_01_seed_42,0.8100848197937012
4912,can you check how many steps i have walked in the last week from my phone app,42,oos,37,last_maintenance,run_01_seed_42,0.6298019886016846
4913,what should i do if it hurts when i pee,42,oos,15,what_are_your_hobbies,run_01_seed_42,0.40581047534942627
4914,what are the symptoms of cancer,42,oos,42,oos,run_01_seed_42,0.971875786781311
4915,how many pokemon have i caught in my pokemon go app,42,oos,145,restaurant_suggestion,run_01_seed_42,0.795142412185669
4916,tell me what pokemon is,42,oos,42,oos,run_01_seed_42,0.506134569644928
4917,has the school my kids go to been in the news for any reason,42,oos,80,flight_status,run_01_seed_42,0.6710807681083679
4918,are there any school closures today,42,oos,42,oos,run_01_seed_42,0.5354282259941101
4919,how long is the school year,42,oos,86,cook_time,run_01_seed_42,0.5085674524307251
4920,why did a bunch of christians go off murdering muslims in the middle ages,42,oos,42,oos,run_01_seed_42,0.5083605051040649
4921,what was the point of the crusades,42,oos,139,definition,run_01_seed_42,0.5502253770828247
4922,what other countries speak the english language,42,oos,29,change_language,run_01_seed_42,0.9999183416366577
4923,why doesn't english have consistent forms,42,oos,21,what_song,run_01_seed_42,0.5185105204582214
4924,do they speak english in australia,42,oos,29,change_language,run_01_seed_42,0.799753725528717
4925,who teaches english near me,42,oos,21,what_song,run_01_seed_42,0.46062588691711426
4926,can you see what the budget for the united states military was in 2018,42,oos,42,oos,run_01_seed_42,0.999782383441925
4927,can you look at what the oldest age is someone can enlist in the army,42,oos,42,oos,run_01_seed_42,0.9746177196502686
4928,how many years do you need to be in the army to get a college tuition,42,oos,86,cook_time,run_01_seed_42,0.5178130269050598
4929,where are most the servicemen right now,42,oos,42,oos,run_01_seed_42,0.7763477563858032
4930,what movies are playing at my local cinemax,42,oos,21,what_song,run_01_seed_42,0.5843552350997925
4931,what time is a star is born showing,42,oos,4,time,run_01_seed_42,0.48734766244888306
4932,what movies are playing,42,oos,21,what_song,run_01_seed_42,0.9814682602882385
4933,can you get me the scores from the games that were played last night,42,oos,13,repeat,run_01_seed_42,0.39625975489616394
4934,has there been any times when lebron james was arrested,42,oos,42,oos,run_01_seed_42,0.9824773669242859
4935,what are the new player rankings for the nhl,42,oos,24,traffic,run_01_seed_42,0.8833329081535339
4936,who won in the gsw vs suns game last night,42,oos,42,oos,run_01_seed_42,0.9923931360244751
4937,give me the news on the newspaper today,42,oos,42,oos,run_01_seed_42,0.966981053352356
4938,tell me a list of my local papers,42,oos,68,transactions,run_01_seed_42,0.321137398481369
4939,what's the newspaper today,42,oos,42,oos,run_01_seed_42,0.9986392855644226
4940,would you let me know who won the gold metal in gymnastics at the olympics,42,oos,24,traffic,run_01_seed_42,0.7973374724388123
4941,"at the olympics, what country won the gold medal in basketball",42,oos,67,cancel_reservation,run_01_seed_42,0.26627805829048157
4942,where will the next olympics be hosted,42,oos,42,oos,run_01_seed_42,0.9267336130142212
4943,when are the winter olympic games,42,oos,42,oos,run_01_seed_42,0.7789475321769714
4944,what films are in the running for best song at this year's oscars,42,oos,23,restaurant_reservation,run_01_seed_42,0.5329633951187134
4945,who are the nominees for best picture this year,42,oos,42,oos,run_01_seed_42,0.5867083668708801
4946,give me information on the oscars,42,oos,42,oos,run_01_seed_42,0.8918338418006897
4947,tell me about the oscars,42,oos,42,oos,run_01_seed_42,0.8735081553459167
4948,why did we elect this woman who made amazon leave and take its jobs with it,42,oos,42,oos,run_01_seed_42,0.39325660467147827
4949,how many people live in vermillion,42,oos,42,oos,run_01_seed_42,0.9999316930770874
4950,what's a good way to organize my tools in my garage,42,oos,116,book_hotel,run_01_seed_42,0.2888059616088867
4951,what's the cost of a good pegboard,42,oos,36,tell_joke,run_01_seed_42,0.4851412773132324
4952,is the stop sign around the corner still knocked over,42,oos,24,traffic,run_01_seed_42,0.5335806608200073
4953,is there a fork in the road sign at main & 1st avenue,42,oos,76,reminder,run_01_seed_42,0.21900489926338196
4954,are there cameras hidden in stop lights,42,oos,42,oos,run_01_seed_42,0.2590654492378235
4955,what does a flashing yellow light mean,42,oos,139,definition,run_01_seed_42,0.9764894843101501
4956,what is the deadline to register at university of georgia,42,oos,86,cook_time,run_01_seed_42,0.8034816384315491
4957,what universities are nearby to me and highly rated,42,oos,42,oos,run_01_seed_42,0.48225951194763184
4958,what are the top rated universities within my state,42,oos,42,oos,run_01_seed_42,0.7107692956924438
4959,will the anti-vaxxers die off if no one gives them vaccines,42,oos,102,how_busy,run_01_seed_42,0.8099064826965332
4960,how safe is the herpes vaccine they give women,42,oos,42,oos,run_01_seed_42,0.5316806435585022
4961,where can i get the flu shot,42,oos,42,oos,run_01_seed_42,0.8838508129119873
4962,when do i have to get the mmr,42,oos,79,payday,run_01_seed_42,0.37620416283607483
4963,how much are the clorox detergents,42,oos,42,oos,run_01_seed_42,0.6958529949188232
4964,when will nightwish be touring through my city,42,oos,80,flight_status,run_01_seed_42,0.8865978717803955
4965,does iron maiden have any new releases,42,oos,145,restaurant_suggestion,run_01_seed_42,0.4224984049797058
4966,tell me something about linkin park,42,oos,129,fun_fact,run_01_seed_42,0.8072679042816162
4967,i need you to check the resistance of a coil wrapped 6 times with an id of 25mm,42,oos,83,alarm,run_01_seed_42,0.28600969910621643
4968,can you tell me whether the knicks will play the lakers this week,42,oos,106,play_music,run_01_seed_42,0.5809135437011719
4969,what do you do if your 4 year old just ate playdoh,42,oos,99,how_old_are_you,run_01_seed_42,0.23181630671024323
4970,when do the kids get out of school today,42,oos,42,oos,run_01_seed_42,0.44686785340309143
4971,please check up on my son's homework,42,oos,83,alarm,run_01_seed_42,0.5153670310974121
4972,give me a list of the top three landscaping companies nearby,42,oos,46,meal_suggestion,run_01_seed_42,0.6370311379432678
4973,when should you mow your grass after it's rained,42,oos,99,how_old_are_you,run_01_seed_42,0.5000566244125366
4974,how much sugar was in my urine this morning,42,oos,93,income,run_01_seed_42,0.502834677696228
4975,what's a good blouse to wear with pink shoes,42,oos,21,what_song,run_01_seed_42,0.33497491478919983
4976,what are the best jeans in my size,42,oos,76,reminder,run_01_seed_42,0.2984878420829773
4977,how much does it cost to spay a puppy,42,oos,42,oos,run_01_seed_42,0.4481687843799591
4978,what's the best style shoe to wear to the prom,42,oos,24,traffic,run_01_seed_42,0.4056296944618225
4979,can you tell me about that tornado that just tore up alabama,42,oos,13,repeat,run_01_seed_42,0.9576702117919922
4980,tell me what the hot topics are that are trending on google,42,oos,42,oos,run_01_seed_42,0.9353355169296265
4981,what happened with the summit between trump and jong,42,oos,138,calculator,run_01_seed_42,0.27220186591148376
4982,check and see what the local news in broadcasting,42,oos,42,oos,run_01_seed_42,0.999731719493866
4983,please uninstall this intrusive social media app,42,oos,150,change_volume,run_01_seed_42,0.32507121562957764
4984,upload the pictures to the correct album,42,oos,130,sync_device,run_01_seed_42,0.28201887011528015
4985,i have a super runny nose and want to find a doctor,42,oos,42,oos,run_01_seed_42,0.6139810085296631
4986,which medicine to relieve my cough,42,oos,24,traffic,run_01_seed_42,0.3923092484474182
4987,how do i get rid of blocked nose at home,42,oos,42,oos,run_01_seed_42,0.8684008717536926
4988,how do i get rid of sore throat at home,42,oos,42,oos,run_01_seed_42,0.5110161900520325
4989,how can i make my living room appear to be bigger than it is,42,oos,53,reminder_update,run_01_seed_42,0.44905802607536316
4990,i'd like to find some curtains that look good in this room,42,oos,76,reminder,run_01_seed_42,0.39075544476509094
4991,how to paint walls,42,oos,28,improve_credit_score,run_01_seed_42,0.6662484407424927
4992,how to fix walls,42,oos,104,recipe,run_01_seed_42,0.9383994340896606
4993,can you tell me the purpose of a safe deposit box,42,oos,104,recipe,run_01_seed_42,0.8927053213119507
4994,can you store a gun in a safe deposit box,42,oos,134,ingredient_substitution,run_01_seed_42,0.28059953451156616
4995,how do you get a safe deposit box,42,oos,104,recipe,run_01_seed_42,0.6356618404388428
4996,look up how to apply cream to smooth itchiness,42,oos,141,update_playlist,run_01_seed_42,0.486629843711853
4997,"how do i deal with angry, painful red bumps",42,oos,75,what_is_your_name,run_01_seed_42,0.30306610465049744
4998,where should i go if i hammered a nail through my foot,42,oos,53,reminder_update,run_01_seed_42,0.5483101606369019
4999,how long does it take to call an ambulance,42,oos,86,cook_time,run_01_seed_42,0.9713621735572815
5000,how to get the right medicine,42,oos,72,directions,run_01_seed_42,0.9388082027435303
5001,how to take care of the sick,42,oos,42,oos,run_01_seed_42,0.8063914775848389
5002,do vegans really want to blame cows for climate change,42,oos,29,change_language,run_01_seed_42,0.3837096393108368
5003,give me a recommendation for a local landscaper,42,oos,42,oos,run_01_seed_42,0.24621620774269104
5004,i need to hire a grass treatment specialist,42,oos,67,cancel_reservation,run_01_seed_42,0.6331915855407715
5005,when is the best time of year for pruning,42,oos,123,oil_change_when,run_01_seed_42,0.3733000159263611
5006,find someone local who mows lawns,42,oos,42,oos,run_01_seed_42,0.9342960715293884
5007,create a speech on historical events surrounding albert einstein,42,oos,34,do_you_have_pets,run_01_seed_42,0.20021438598632812
5008,create a pamphlet on albert einsteins childhood,42,oos,118,next_song,run_01_seed_42,0.7486534118652344
5009,what is albert einstein famous for,42,oos,42,oos,run_01_seed_42,0.855755090713501
5010,when was albert einstein born,42,oos,42,oos,run_01_seed_42,0.8820607662200928
5011,when will cameron release the sequel to avatar,42,oos,42,oos,run_01_seed_42,0.4913982152938843
5012,can you please start the avatar movie for me,42,oos,147,cancel,run_01_seed_42,0.9823318123817444
5013,is the movie avatar culturally insensitive,42,oos,42,oos,run_01_seed_42,0.9504221081733704
5014,could you create a new avatar for me,42,oos,16,order,run_01_seed_42,0.586358368396759
5015,does bill gates still have any material participation in the running of microsoft,42,oos,24,traffic,run_01_seed_42,0.8671829700469971
5016,tell me more about bill gates,42,oos,27,bill_balance,run_01_seed_42,0.5984408259391785
5017,give me the weather forecast for today,42,oos,5,weather,run_01_seed_42,0.9999978542327881
5018,what is bitcoin trading for currently,42,oos,138,calculator,run_01_seed_42,0.917284369468689
5019,where can i have a black and white photo blown up to poster size,42,oos,19,meeting_schedule,run_01_seed_42,0.6926063299179077
5020,adjust the contrast of the black and white photos,42,oos,19,meeting_schedule,run_01_seed_42,0.39716586470603943
5021,can you colorize a black and white photo,42,oos,19,meeting_schedule,run_01_seed_42,0.5054374933242798
5022,add color to the black and white photos,42,oos,105,calendar_update,run_01_seed_42,0.9682227969169617
5023,how many people were killed in the boston marathon by bombers,42,oos,42,oos,run_01_seed_42,0.4199069142341614
5024,compile a list of historical events from the boston marathon,42,oos,112,ingredients_list,run_01_seed_42,0.5398512482643127
5025,time my next run at the boston marathon,42,oos,118,next_song,run_01_seed_42,0.9532217979431152
5026,when will the next boston marathon be,42,oos,140,next_holiday,run_01_seed_42,0.8490068316459656
5027,look up which animal is represented in this year's chinese new year,42,oos,42,oos,run_01_seed_42,0.46833282709121704
5028,what is the animal for this chinese new year,42,oos,86,cook_time,run_01_seed_42,0.5826296210289001
5029,would it be legal to have battles to the death in a homemade colosseum,42,oos,29,change_language,run_01_seed_42,0.43001896142959595
5030,do the romans still use the colosseum for anything today,42,oos,42,oos,run_01_seed_42,0.9968986511230469
5031,where is the colosseum,42,oos,42,oos,run_01_seed_42,0.9717172980308533
5032,"can you really time your compressions to queen's ""another one bites the dust""",42,oos,29,change_language,run_01_seed_42,0.9689879417419434
5033,do i have to put my mouth on theirs when doing cpr,42,oos,19,meeting_schedule,run_01_seed_42,0.8212579488754272
5034,what is the breath to compression ratio for cpr,42,oos,21,what_song,run_01_seed_42,0.4874438941478729
5035,tell me how to perform cpr,42,oos,72,directions,run_01_seed_42,0.26496604084968567
5036,create a for-while loop that continues 10 times,42,oos,106,play_music,run_01_seed_42,0.2882542014122009
5037,where are classes taught near me for c++,42,oos,145,restaurant_suggestion,run_01_seed_42,0.8564725518226624
5038,"declare a variable named ""golf""",42,oos,106,play_music,run_01_seed_42,0.6079105138778687
5039,how do i write c++,42,oos,42,oos,run_01_seed_42,0.561538577079773
5040,is the depiction of gold mining in the movie the ballad of buster scruggs realistic,42,oos,67,cancel_reservation,run_01_seed_42,0.4662262797355652
5041,do you own the mineral rights to gold nuggets you find in your back yard,42,oos,34,do_you_have_pets,run_01_seed_42,0.705910325050354
5042,where is the best place to mine for gold,42,oos,145,restaurant_suggestion,run_01_seed_42,0.9966341853141785
5043,when was the gold rush,42,oos,42,oos,run_01_seed_42,0.9950813055038452
5044,make a list of facts about green book,42,oos,1,nutrition_info,run_01_seed_42,0.3060513734817505
5045,find out when green book was created,42,oos,42,oos,run_01_seed_42,0.77440345287323
5046,who wrote green book,42,oos,32,timer,run_01_seed_42,0.35349735617637634
5047,what's the main export by the peoples of greenland,42,oos,21,what_song,run_01_seed_42,0.29338690638542175
5048,how many people still live on greenland,42,oos,42,oos,run_01_seed_42,0.9998905658721924
5049,scan my photos and tell me which hair style is most suiting for my face,42,oos,42,oos,run_01_seed_42,0.9976212382316589
5050,create several photos of me with different hair styles,42,oos,118,next_song,run_01_seed_42,0.19761814177036285
5051,latest hair styles for long natural hair,42,oos,43,shopping_list,run_01_seed_42,0.30390802025794983
5052,show video of hair styling tips,42,oos,42,oos,run_01_seed_42,0.7050579786300659
5053,did a man really die trying to be loved by a horse,42,oos,92,roll_dice,run_01_seed_42,0.4797073006629944
5054,how many acres do you need to buy a horse,42,oos,86,cook_time,run_01_seed_42,0.508987545967102
5055,get me a picture of a horse,42,oos,112,ingredients_list,run_01_seed_42,0.5556175112724304
5056,does eating poop really help your gut fauna,42,oos,43,shopping_list,run_01_seed_42,0.26573729515075684
5057,is there a vaccine for ebola,42,oos,128,travel_alert,run_01_seed_42,0.4045952260494232
5058,find out how many latin scholars there are at the university of chicago,42,oos,0,restaurant_reviews,run_01_seed_42,0.7576637864112854
5059,make a list of side hustles i could start today to make a little extra cash,42,oos,112,ingredients_list,run_01_seed_42,0.3834178149700165
5060,make a list of stocks that would be good to invest in to start making money,42,oos,104,recipe,run_01_seed_42,0.22902117669582367
5061,how can i add my signature to the proposed bill legalizing prostitution,42,oos,141,update_playlist,run_01_seed_42,0.9638170599937439
5062,what's the roi doing arbitrage with ebay,42,oos,4,time,run_01_seed_42,0.33749234676361084
5063,do women still bare their chests for beads at mardi gras,42,oos,21,what_song,run_01_seed_42,0.4305926561355591
5064,when's the next mardi gras going to be,42,oos,118,next_song,run_01_seed_42,0.5722748041152954
5065,what is the best way to kill microbes,42,oos,42,oos,run_01_seed_42,0.26081883907318115
5066,start a speech on microbes for me,42,oos,33,flip_coin,run_01_seed_42,0.42388394474983215
5067,inform me of what microbes are,42,oos,42,oos,run_01_seed_42,0.8304768800735474
5068,what is the top 10 best modems,42,oos,42,oos,run_01_seed_42,0.706521213054657
5069,what is the time signature for the castlevania song bloody tears,42,oos,21,what_song,run_01_seed_42,0.2360583394765854
5070,can you tell me what key frank zappa's keep it greasy is in,42,oos,139,definition,run_01_seed_42,0.9526231288909912
5071,please go to wikipedia and search for articles related to nsa,42,oos,118,next_song,run_01_seed_42,0.2316650003194809
5072,can the nsa crack the encryption on my iphone,42,oos,10,smart_home,run_01_seed_42,0.21129769086837769
5073,does the nsa listen to me,42,oos,106,play_music,run_01_seed_42,0.6960269212722778
5074,could you pull up the nsa website,42,oos,150,change_volume,run_01_seed_42,0.6535163521766663
5075,can you see if the octopus eggs have hatched yet,42,oos,68,transactions,run_01_seed_42,0.3114009201526642
5076,what do you do if your cat eats an octopus,42,oos,15,what_are_your_hobbies,run_01_seed_42,0.5552106499671936
5077,find out which museum houses the most post modern art in new york state,42,oos,116,book_hotel,run_01_seed_42,0.9867890477180481
5078,look up the top 3 selling post modern artists in the united states,42,oos,24,traffic,run_01_seed_42,0.7979631423950195
5079,create a portrait for me using post modern art,42,oos,112,ingredients_list,run_01_seed_42,0.9297473430633545
5080,find me examples of post modern art,42,oos,42,oos,run_01_seed_42,0.6193504333496094
5081,find the names of all the rain forests located in south america,42,oos,42,oos,run_01_seed_42,0.9275895357131958
5082,does cutting down the rain forest really add to global warming,42,oos,65,todo_list_update,run_01_seed_42,0.3001672029495239
5083,what's the current demand for wood from rain forests,42,oos,5,weather,run_01_seed_42,0.658558189868927
5084,what's the current prevailing interest rate for mortgages in my area,42,oos,7,interest_rate,run_01_seed_42,0.9972112774848938
5085,how's the real estate market doing this week,42,oos,0,restaurant_reviews,run_01_seed_42,0.7225595712661743
5086,please list my real estate for sale,42,oos,85,confirm_reservation,run_01_seed_42,0.40815892815589905
5087,make an ad to sell my real estate,42,oos,53,reminder_update,run_01_seed_42,0.5599430799484253
5088,what's the status of robotic servants from japan,42,oos,140,next_holiday,run_01_seed_42,0.4310680627822876
5089,finish the final touches on my newest robotic creation,42,oos,24,traffic,run_01_seed_42,0.2500191330909729
5090,can a robot really travel back in time,42,oos,128,travel_alert,run_01_seed_42,0.9940171241760254
5091,program my new robot to bring me snacks,42,oos,53,reminder_update,run_01_seed_42,0.6392250061035156
5092,how long would it take you to die of thirst in the sahara desert,42,oos,86,cook_time,run_01_seed_42,0.8779738545417786
5093,can a samurai sword deflect a bullet,42,oos,18,schedule_meeting,run_01_seed_42,0.4052603542804718
5094,how much for a samurai sword,42,oos,42,oos,run_01_seed_42,0.6343731880187988
5095,make a list of what materials have been used for spacesuits,42,oos,148,pto_used,run_01_seed_42,0.5955366492271423
5096,what size space suit should you get based on your girth,42,oos,99,how_old_are_you,run_01_seed_42,0.2815711498260498
5097,see if you can purchase a spacesuit online,42,oos,16,order,run_01_seed_42,0.9842526316642761
5098,compile a folder of paintings of sparta,42,oos,112,ingredients_list,run_01_seed_42,0.2122298628091812
5099,display history of sparta,42,oos,42,oos,run_01_seed_42,0.685578465461731
5100,compile a list of articles pertaining to venture capital funding for me,42,oos,112,ingredients_list,run_01_seed_42,0.4503769874572754
5101,start a portfolio on venture capital funding for me to look over,42,oos,25,make_call,run_01_seed_42,0.25123676657676697
5102,how do i get venture capital for my app,42,oos,60,calendar,run_01_seed_42,0.49454787373542786
5103,what's the latest vc funded company,42,oos,139,definition,run_01_seed_42,0.3238956034183502
5104,i'd like to hire a wedding planner and need help finding one,42,oos,112,ingredients_list,run_01_seed_42,0.755994975566864
5105,how to plan for weddings,42,oos,64,insurance_change,run_01_seed_42,0.9033938646316528
5106,find out how many whales are currently in monterey bay,42,oos,73,spelling,run_01_seed_42,0.939098060131073
5107,make a chart of the different types of whales,42,oos,70,report_fraud,run_01_seed_42,0.22772783041000366
5108,what did my best friend do in the kitchen while we were gone,42,oos,149,travel_suggestion,run_01_seed_42,0.3840813934803009
5109,what's my boss' home address,42,oos,93,income,run_01_seed_42,0.9924437403678894
5110,what's it like to have parents who actually love you,42,oos,96,who_made_you,run_01_seed_42,0.8440617322921753
5111,is there any news if my parents survived the crash,42,oos,42,oos,run_01_seed_42,0.5962865352630615
5112,tell me who gives the best motivational speeches on the web,42,oos,10,smart_home,run_01_seed_42,0.5062742233276367
5113,find an article on celebrities who made it out of poverty,42,oos,42,oos,run_01_seed_42,0.4799937605857849
5114,send me a motivational quote everyday for the next week,42,oos,46,meal_suggestion,run_01_seed_42,0.4173445999622345
5115,who is the hardest working man in hollywood,42,oos,10,smart_home,run_01_seed_42,0.7512099146842957
5116,tell me where i can get more information on getting a job at the post office,42,oos,122,w2,run_01_seed_42,0.4798480272293091
5117,pull up the classifieds and read the career section to me,42,oos,24,traffic,run_01_seed_42,0.46533551812171936
5118,help me find a new position as a programmer,42,oos,127,order_checks,run_01_seed_42,0.5803134441375732
5119,what's the best career search website,42,oos,104,recipe,run_01_seed_42,0.6781677603721619
5120,write the next chapter of my biography and let me know when you have finished it,42,oos,37,last_maintenance,run_01_seed_42,0.9459138512611389
5121,give me a list of the biographies written by nyu professors after 2001,42,oos,139,definition,run_01_seed_42,0.6206845641136169
5122,i would like for you to start a biography on me,42,oos,33,flip_coin,run_01_seed_42,0.421581894159317
5123,show me all biographies on teddy kennedy,42,oos,42,oos,run_01_seed_42,0.9241263270378113
5124,find out what supplies i am missing and will need on my upcoming camping trip,42,oos,136,current_location,run_01_seed_42,0.6120973229408264
5125,what are the camping restrictions at bear island,42,oos,42,oos,run_01_seed_42,0.6795565485954285
5126,find articles that can help me advance my position in my work field,42,oos,93,income,run_01_seed_42,0.6030855774879456
5127,show me what one should do to get ahead in a tech corporation,42,oos,112,ingredients_list,run_01_seed_42,0.9488142132759094
5128,get me a copy of a book on negotiation in the workplace,42,oos,112,ingredients_list,run_01_seed_42,0.3749242126941681
5129,look up ways for me to advance my job placement,42,oos,42,oos,run_01_seed_42,0.7825869917869568
5130,see if there is a recipe to make a casserole without any dairy,42,oos,112,ingredients_list,run_01_seed_42,0.5574301481246948
5131,tell me in how many different colors i can get dinner plates from pier one imports,42,oos,42,oos,run_01_seed_42,0.4605938494205475
5132,tell me amazon's choice for a set of 4 dinner plates,42,oos,46,meal_suggestion,run_01_seed_42,0.5885035395622253
5133,find out where i can by melamine dinner plates,42,oos,42,oos,run_01_seed_42,0.37350594997406006
5134,find out what the maximum memory size is that i can buy in a dvd,42,oos,48,todo_list,run_01_seed_42,0.362335205078125
5135,tell me who makes the best dvd's for movie storage,42,oos,42,oos,run_01_seed_42,0.9844492077827454
5136,how many dvds do i currently have on file,42,oos,126,pto_balance,run_01_seed_42,0.5721603631973267
5137,give me a listing of all my dvd's,42,oos,42,oos,run_01_seed_42,0.4274941384792328
5138,look up the conversion rate for the euro to dollar exchange,42,oos,38,exchange_rate,run_01_seed_42,0.999921441078186
5139,how do i put a lens that's fallen out back in my glasses,42,oos,53,reminder_update,run_01_seed_42,0.15787750482559204
5140,i need you to order a new pair of eyeglasses for me,42,oos,16,order,run_01_seed_42,0.6464787125587463
5141,tell me what my current eyeglasses prescription is,42,oos,93,income,run_01_seed_42,0.8518012762069702
5142,show me examples of cute eyeglass frames,42,oos,42,oos,run_01_seed_42,0.5036872029304504
5143,make a list of all sites in the us where spirits have been seen at night,42,oos,122,w2,run_01_seed_42,0.6050097942352295
5144,tell me how to get rid of a spirit that's haunting me,42,oos,112,ingredients_list,run_01_seed_42,0.8301152586936951
5145,show me how to contact a paranormal spirit,42,oos,72,directions,run_01_seed_42,0.3207395672798157
5146,tell me a scary story,42,oos,36,tell_joke,run_01_seed_42,0.5926138162612915
5147,show me the goals of my local police department in terms of reducing crime,42,oos,19,meeting_schedule,run_01_seed_42,0.779927134513855
5148,make a list of goals i need to meet in order to write a book,42,oos,112,ingredients_list,run_01_seed_42,0.8642756938934326
5149,what is the distance between the goal posts in football,42,oos,42,oos,run_01_seed_42,0.42844539880752563
5150,remind me what my weight loss goals are,42,oos,68,transactions,run_01_seed_42,0.2052377313375473
5151,give me a list of tax attorneys that practice in my city,42,oos,94,taxes,run_01_seed_42,0.3339347243309021
5152,tell me how i can file a pleading in circuit court,42,oos,24,traffic,run_01_seed_42,0.390580952167511
5153,give me the number of a traffic attorney near here,42,oos,24,traffic,run_01_seed_42,0.9998438358306885
5154,what are the top rated local lawyers,42,oos,42,oos,run_01_seed_42,0.9948084950447083
5155,find out how many miles the mississippi waterway runs,42,oos,42,oos,run_01_seed_42,0.6399571299552917
5156,tell me what the longest tributary is in venezuela,42,oos,5,weather,run_01_seed_42,0.2949084937572479
5157,please book another boat for this weekends trip,42,oos,138,calculator,run_01_seed_42,0.3684752881526947
5158,get me a list of universities that provide full scholarships in arizona,42,oos,112,ingredients_list,run_01_seed_42,0.4172220528125763
5159,tell me where to go to get my son enrolled in public kindergarten,42,oos,149,travel_suggestion,run_01_seed_42,0.9923658967018127
5160,"do a job search on monstercom for jobs in the tech field in arlington, va",42,oos,112,ingredients_list,run_01_seed_42,0.4680546224117279
5161,"i need to find work, help me connect to a local business through linkedin",42,oos,16,order,run_01_seed_42,0.6955835223197937
5162,detail a list of possible job openings in the miami public school system,42,oos,62,carry_on,run_01_seed_42,0.2328471690416336
5163,look for a position similar to mine that is open around my area,42,oos,72,directions,run_01_seed_42,0.7187219262123108
5164,find out where one can get involved in discussing local election issues,42,oos,42,oos,run_01_seed_42,0.9535265564918518
5165,give me a list of the top 5 issues people have in this country,42,oos,116,book_hotel,run_01_seed_42,0.9557545781135559
5166,what is the government department that regulates emissions,42,oos,73,spelling,run_01_seed_42,0.4886447787284851
5167,what's the highest rated social services non-profit,42,oos,42,oos,run_01_seed_42,0.540758490562439
5168,explain to me the process of evaporation,42,oos,42,oos,run_01_seed_42,0.4487723112106323
5169,how do i write an iep for a high schooler,42,oos,42,oos,run_01_seed_42,0.7369575500488281
5170,tell me how to refinish a wooden desk,42,oos,72,directions,run_01_seed_42,0.4640800952911377
5171,tell me how to make a lesson plan,42,oos,64,insurance_change,run_01_seed_42,0.8065354824066162
5172,tell me where i can get the cheapest tennis balls on the internet,42,oos,24,traffic,run_01_seed_42,0.4579232335090637
5173,play the current tennis match on the tv in the living room,42,oos,106,play_music,run_01_seed_42,0.505977213382721
5174,give me a list of the top 10 tennis players in the world,42,oos,54,food_last,run_01_seed_42,0.19317860901355743
5175,make a chart of all the tennis scores from this year,42,oos,92,roll_dice,run_01_seed_42,0.5385261178016663
5176,find the best prices for toothpaste at any store within a 5 mile radius of my location,42,oos,125,shopping_list_update,run_01_seed_42,0.6024211049079895
5177,tell me what the best shampoo is for someone with dry scalp,42,oos,104,recipe,run_01_seed_42,0.6588402390480042
5178,what's the best price on a gray xl ll bean men's parka,42,oos,42,oos,run_01_seed_42,0.8663856983184814
5179,tell me who has the cheapest watch bands on ebay,42,oos,42,oos,run_01_seed_42,0.9254154562950134
5180,how do i set the time on my tag heuer,42,oos,10,smart_home,run_01_seed_42,0.7505569458007812
5181,tell me the steps as to how to begin a career as a journalist,42,oos,51,change_accent,run_01_seed_42,0.22789131104946136
5182,give me prices on a copy of the mla grammar handbook,42,oos,24,traffic,run_01_seed_42,0.36589333415031433
5183,put words on the paper about what you want,42,oos,96,who_made_you,run_01_seed_42,0.6629881858825684
5184,put into words what you want,42,oos,96,who_made_you,run_01_seed_42,0.5021449327468872
5185,what kind of foods are border collies allergic to,42,oos,112,ingredients_list,run_01_seed_42,0.39306288957595825
5186,find out how i can best clip my dog's nails,42,oos,28,improve_credit_score,run_01_seed_42,0.466569185256958
5187,what is the lifespan of a border collie,42,oos,42,oos,run_01_seed_42,0.4545566141605377
5188,look up daily dog kennels in my area,42,oos,42,oos,run_01_seed_42,0.8113285303115845
5189,give me a list of grocery stores that sell japanese sweet potatoes,42,oos,46,meal_suggestion,run_01_seed_42,0.927518904209137
5190,tell me the price of bananas at whole foods this week,42,oos,42,oos,run_01_seed_42,0.4337034523487091
5191,call the grocery store and get their operational hours,42,oos,25,make_call,run_01_seed_42,0.40678176283836365
5192,call an uber to take me to the closest grocery store,42,oos,39,uber,run_01_seed_42,0.9929587841033936
5193,show me how many community centers are located within 5 miles of my location,42,oos,80,flight_status,run_01_seed_42,0.3490014672279358
5194,which houses do not have automatic spot lights in front of their garage,42,oos,42,oos,run_01_seed_42,0.8754586577415466
5195,are all the street lamps working on my street,42,oos,24,traffic,run_01_seed_42,0.4527323544025421
5196,make a list of all community gardens near me,42,oos,112,ingredients_list,run_01_seed_42,0.39767202734947205
5197,tell me where to send my resume in order to get a job at delta airlines,42,oos,122,w2,run_01_seed_42,0.6024456024169922
5198,review my resume for spelling errors,42,oos,19,meeting_schedule,run_01_seed_42,0.9739629030227661
5199,please print out copies of my resume,42,oos,20,freeze_account,run_01_seed_42,0.5240942239761353
5200,please spell check my resume,42,oos,93,income,run_01_seed_42,0.611321210861206
5201,where can i get 100% merino wool t-shirts on the internet,42,oos,42,oos,run_01_seed_42,0.336097776889801
5202,show me all listings on amazon for leather belts for men,42,oos,42,oos,run_01_seed_42,0.5292799472808838
5203,tell me how many blue ties i own,42,oos,42,oos,run_01_seed_42,0.6154311895370483
5204,who is the start of the movie almost famous,42,oos,42,oos,run_01_seed_42,0.9989563226699829
5205,search up someone who plays in a movie,42,oos,42,oos,run_01_seed_42,0.9633066058158875
5206,search up the cast in the walking dead,42,oos,65,todo_list_update,run_01_seed_42,0.6166426539421082
5207,tell me about the amusement park,42,oos,42,oos,run_01_seed_42,0.64528489112854
5208,what's the amusement park like,42,oos,73,spelling,run_01_seed_42,0.6836526989936829
5209,take a ride on the ferris wheel,42,oos,118,next_song,run_01_seed_42,0.7212234139442444
5210,go on the ferris wheel,42,oos,118,next_song,run_01_seed_42,0.846748411655426
5211,what is the cost of four double a batteries,42,oos,42,oos,run_01_seed_42,0.5912423133850098
5212,instruct a list of all the brands of cereal manufactured by kelloggs,42,oos,34,do_you_have_pets,run_01_seed_42,0.3473875820636749
5213,compare prices of malt-o-meal to kelloggs,42,oos,118,next_song,run_01_seed_42,0.5384747385978699
5214,what kinds of cereal are gluten free,42,oos,1,nutrition_info,run_01_seed_42,0.5874614715576172
5215,what kinds of cereal are low sugar,42,oos,1,nutrition_info,run_01_seed_42,0.7978454828262329
5216,what is the last time the living room was vacuumed,42,oos,42,oos,run_01_seed_42,0.9558791518211365
5217,search all movies created by disney in the 1980's,42,oos,42,oos,run_01_seed_42,0.9989748001098633
5218,does disney world close when it storms,42,oos,42,oos,run_01_seed_42,0.5673863887786865
5219,mickey mouse is a huge part of disney,42,oos,1,nutrition_info,run_01_seed_42,0.2567058503627777
5220,what are the hours for disney world,42,oos,42,oos,run_01_seed_42,0.936042070388794
5221,what time did i get the last text message i received,42,oos,37,last_maintenance,run_01_seed_42,0.7698342204093933
5222,please read me the last text message i received,42,oos,42,oos,run_01_seed_42,0.7164015769958496
5223,read my friend's text message,42,oos,26,text,run_01_seed_42,0.9941369295120239
5224,watch the stories on instagram,42,oos,118,next_song,run_01_seed_42,0.3915584087371826
5225,update my status on instagram,42,oos,84,order_status,run_01_seed_42,0.9281273484230042
5226,can you check on what it would cost me to upgrade my iphone with t-mobile,42,oos,42,oos,run_01_seed_42,0.20403379201889038
5227,please alert me when my iphone battery falls below 30%,42,oos,37,last_maintenance,run_01_seed_42,0.39964723587036133
5228,can you look at when the next iphone is due out,42,oos,56,bill_due,run_01_seed_42,0.5491687655448914
5229,what type of industries do innovation managers work in,42,oos,112,ingredients_list,run_01_seed_42,0.39589962363243103
5230,what are the requirements of a lab technician,42,oos,112,ingredients_list,run_01_seed_42,0.8636588454246521
5231,generate a list of 20 songs that include the word love in the title,42,oos,10,smart_home,run_01_seed_42,0.21487268805503845
5232,create a 500 word letter expressing love,42,oos,29,change_language,run_01_seed_42,0.46988412737846375
5233,find a couple's therapist who can help me and my wife,42,oos,3,oil_change_how,run_01_seed_42,0.8814775943756104
5234,what does the average cost of an engagement ring,42,oos,42,oos,run_01_seed_42,0.9907135963439941
5235,what is popular in fashion right now,42,oos,138,calculator,run_01_seed_42,0.5229232907295227
5236,does denim go with anything,42,oos,1,nutrition_info,run_01_seed_42,0.3469366133213043
5237,accept incoming phone call,42,oos,25,make_call,run_01_seed_42,0.9964550733566284
5238,deny incoming phone call,42,oos,25,make_call,run_01_seed_42,0.988271176815033
5239,what do i wear on my feet when it rains,42,oos,93,income,run_01_seed_42,0.5223070979118347
5240,what do i put on my feet,42,oos,93,income,run_01_seed_42,0.9933727979660034
5241,what are the words to the chorus for this song,42,oos,21,what_song,run_01_seed_42,0.9839087128639221
5242,display the song lyrics for me,42,oos,21,what_song,run_01_seed_42,0.7300546765327454
5243,"google ""odell beckham free agency""",42,oos,118,next_song,run_01_seed_42,0.36737021803855896
5244,clear my search history,42,oos,58,share_location,run_01_seed_42,0.8365119695663452
5245,compare the new life growth in trees when the seasons change,42,oos,51,change_accent,run_01_seed_42,0.41691482067108154
5246,plant all your flowers just after easter in early april,42,oos,120,plug_type,run_01_seed_42,0.2873488962650299
5247,find a good toy to give a 5 year old boy that costs less than $40,42,oos,16,order,run_01_seed_42,0.46362489461898804
5248,find out where i can buy a barbie doll for my niece,42,oos,16,order,run_01_seed_42,0.3335639238357544
5249,look on amazon for the price of a nitendo switch,42,oos,42,oos,run_01_seed_42,0.949979841709137
5250,what brand was the last advertisement for,42,oos,42,oos,run_01_seed_42,0.9630298018455505
5251,how do i skip all of the advertisements,42,oos,42,oos,run_01_seed_42,0.5337426662445068
5252,make a list of decor i would need to have a titanic themed birthday party,42,oos,112,ingredients_list,run_01_seed_42,0.8496749401092529
5253,aquire the soundtracks from the movie if i stay and add them to my ipod,42,oos,65,todo_list_update,run_01_seed_42,0.29287174344062805
5254,"i watched ""were the millers"" on netflix last night",42,oos,67,cancel_reservation,run_01_seed_42,0.8296692967414856
5255,"can you find ""were the millers"" on hulu",42,oos,42,oos,run_01_seed_42,0.7675091028213501
5256,"how many people have held the role of county attorney bearing the family name ""dixon""",42,oos,24,traffic,run_01_seed_42,0.7688782215118408
5257,tell me about the candidates running for local office in my area,42,oos,42,oos,run_01_seed_42,0.9897018671035767
5258,find out who is the representative of my district,42,oos,42,oos,run_01_seed_42,0.49440398812294006
5259,generate a list of the past 10 judge executives,42,oos,112,ingredients_list,run_01_seed_42,0.8990899324417114
5260,look up the email address of the local police,42,oos,42,oos,run_01_seed_42,0.9194269776344299
5261,how many hits have i done today,42,oos,19,meeting_schedule,run_01_seed_42,0.9805930852890015
5262,change out the older photos with the newer ones,42,oos,147,cancel,run_01_seed_42,0.34258463978767395
5263,organize photos by year they were taken,42,oos,147,cancel,run_01_seed_42,0.409588485956192
5264,can you group my photos by location,42,oos,58,share_location,run_01_seed_42,0.9595425724983215
5265,organize my photos by date please,42,oos,106,play_music,run_01_seed_42,0.4808810353279114
5266,tell me what my local park's policy is on letting dogs off of leashes,42,oos,42,oos,run_01_seed_42,0.8896746635437012
5267,look up the operating hours of my local park on weekends,42,oos,68,transactions,run_01_seed_42,0.7217029333114624
5268,how many parks are within 20 miles of me,42,oos,42,oos,run_01_seed_42,0.3245050609111786
5269,check to see if i still have allergy medication,42,oos,110,gas,run_01_seed_42,0.6964113116264343
5270,sign me up for the writing class you told me about 2 days ago,42,oos,99,how_old_are_you,run_01_seed_42,0.8224610686302185
5271,find articles on essay writing for beginners,42,oos,42,oos,run_01_seed_42,0.7695533633232117
5272,how long should an essay be,42,oos,86,cook_time,run_01_seed_42,0.99662846326828
5273,how do you start an essay,42,oos,75,what_is_your_name,run_01_seed_42,0.6108394265174866
5274,what should you do if your laundry machine is making a high pitched whine,42,oos,46,meal_suggestion,run_01_seed_42,0.4934169352054596
5275,find out who the best appliance repairman is for the downtown area,42,oos,42,oos,run_01_seed_42,0.950134813785553
5276,look up local repair shops that work on vacuum cleaners,42,oos,24,traffic,run_01_seed_42,0.34549254179000854
5277,can i get a sear's appliance repairman,42,oos,112,ingredients_list,run_01_seed_42,0.339138001203537
5278,find directions to the sunshine car wash from my house,42,oos,10,smart_home,run_01_seed_42,0.9584566354751587
5279,can you book me an appointment at a car wash,42,oos,92,roll_dice,run_01_seed_42,0.4417254626750946
5280,what brush can i use to wash my car that won't scratch it,42,oos,8,gas_type,run_01_seed_42,0.76747727394104
5281,please clean the car windows,42,oos,17,jump_start,run_01_seed_42,0.17132052779197693
5282,vacuum out the car,42,oos,10,smart_home,run_01_seed_42,0.9176931381225586
5283,schedule an appointment with the credit counselor for tuesday,42,oos,105,calendar_update,run_01_seed_42,0.6002776622772217
5284,find a credit mentoring service number for me please,42,oos,45,routing,run_01_seed_42,0.5134789347648621
5285,how much does it cost to get two jackets dry cleaned,42,oos,102,how_busy,run_01_seed_42,0.4263884127140045
5286,look up articles on the green dry cleaning industry,42,oos,10,smart_home,run_01_seed_42,0.1992449313402176
5287,find a cleaner that specializes in suede,42,oos,116,book_hotel,run_01_seed_42,0.36898374557495117
5288,when should you use a dry cleaner,42,oos,55,change_ai_name,run_01_seed_42,0.5486268401145935
5289,create emergency phone numbers list,42,oos,130,sync_device,run_01_seed_42,0.44427689909935
5290,do sets of 25 set-ups each morning til you have completed your goal,42,oos,112,ingredients_list,run_01_seed_42,0.3653982877731323
5291,keep a note of how many miles you walk a day,42,oos,82,greeting,run_01_seed_42,0.79948490858078
5292,how much weight should i lift to get buff,42,oos,86,cook_time,run_01_seed_42,0.5914133191108704
5293,what's a good stretch to do to limber up,42,oos,149,travel_suggestion,run_01_seed_42,0.3727825880050659
5294,look up the most requested famous person for quotes,42,oos,42,oos,run_01_seed_42,0.9858497977256775
5295,what is the most famous quote on the internet,42,oos,42,oos,run_01_seed_42,0.9996905326843262
5296,make a list of the top 100 famous quotes,42,oos,65,todo_list_update,run_01_seed_42,0.3132046163082123
5297,show me the top 10 quotes by mark twain,42,oos,42,oos,run_01_seed_42,0.9971640706062317
5298,what do you do if you can't stop vomiting,42,oos,20,freeze_account,run_01_seed_42,0.258696049451828
5299,what should i take for a cold,42,oos,46,meal_suggestion,run_01_seed_42,0.7154626250267029
5300,"i have too many credit cards, is there any way you can help me organize them",42,oos,3,oil_change_how,run_01_seed_42,0.617685854434967
5301,find a credit counseling service for me on the web,42,oos,42,oos,run_01_seed_42,0.5825712084770203
5302,explain how to reduce my debt burden,42,oos,28,improve_credit_score,run_01_seed_42,0.7434450387954712
5303,look up the current auto loan rate at chase bank,42,oos,7,interest_rate,run_01_seed_42,0.8991138339042664
5304,look up student loan offers on google,42,oos,139,definition,run_01_seed_42,0.2858014702796936
5305,check current prime mortgage rate,42,oos,138,calculator,run_01_seed_42,0.9495912194252014
5306,what should you do if you can't be bothered to get out of bed,42,oos,15,what_are_your_hobbies,run_01_seed_42,0.4391804337501526
5307,send me a quote from a motivational speaker twice a day,42,oos,18,schedule_meeting,run_01_seed_42,0.7247751951217651
5308,find me a book on motivational speaking from amazon,42,oos,138,calculator,run_01_seed_42,0.5859293937683105
5309,check to see if i need a pass to use the parking garages downtown,42,oos,112,ingredients_list,run_01_seed_42,0.7043700814247131
5310,can you check to see which parking garages are open downtown,42,oos,42,oos,run_01_seed_42,0.9977768063545227
5311,how much does it cost to use the parking garage downtown,42,oos,42,oos,run_01_seed_42,0.42973071336746216
5312,what's a good way of backing out of a parking spot,42,oos,42,oos,run_01_seed_42,0.5222470164299011
5313,search the web for monthly parking near my house,42,oos,145,restaurant_suggestion,run_01_seed_42,0.8738769888877869
5314,find out where parking is close to the stadium,42,oos,72,directions,run_01_seed_42,0.9348224997520447
5315,how do i get perfect alignment with the curb,42,oos,118,next_song,run_01_seed_42,0.670548141002655
5316,describe to me how i can learn to make small talk,42,oos,104,recipe,run_01_seed_42,0.9976150989532471
5317,explain how small talk helps bind groups together,42,oos,46,meal_suggestion,run_01_seed_42,0.7385174632072449
5318,what do you do all day while i'm at work,42,oos,15,what_are_your_hobbies,run_01_seed_42,0.952552855014801
5319,"so, hang out around this house often",42,oos,150,change_volume,run_01_seed_42,0.20664100348949432
5320,tell me the best way to freshen the smell in my car,42,oos,72,directions,run_01_seed_42,0.6757240891456604
5321,where's the closest car wash my car smells,42,oos,10,smart_home,run_01_seed_42,0.6110059022903442
5322,how much is auto febreeze on amazon,42,oos,42,oos,run_01_seed_42,0.8384682536125183
5323,find out how to deodorize a car,42,oos,17,jump_start,run_01_seed_42,0.9779404401779175
5324,see if you can find a good vegetable wash for me,42,oos,36,tell_joke,run_01_seed_42,0.3762360215187073
5325,look up website on container gardening,42,oos,139,definition,run_01_seed_42,0.2709923982620239
5326,are we allowed to wash our cars during the drought,42,oos,72,directions,run_01_seed_42,0.9171943068504333
5327,request a refund on the car wax i bought yesterday,42,oos,33,flip_coin,run_01_seed_42,0.26392874121665955
5328,i'd like to hire someone to wash my car,42,oos,53,reminder_update,run_01_seed_42,0.6510055661201477
5329,find out what gentlemen are wearing to weddings these days,42,oos,43,shopping_list,run_01_seed_42,0.627808690071106
5330,find me articles on appropriate wedding attire,42,oos,10,smart_home,run_01_seed_42,0.3984258770942688
5331,zip the back of the brides maid dress,42,oos,67,cancel_reservation,run_01_seed_42,0.5550499558448792
5332,rent the tuxedo the day before,42,oos,24,traffic,run_01_seed_42,0.4340553879737854
5333,find available letter writing classes at the local community college,42,oos,42,oos,run_01_seed_42,0.9371533989906311
5334,find me a graphic tutorial on writing longhand,42,oos,42,oos,run_01_seed_42,0.609379231929779
5335,order me a book of stamps and envelopes,42,oos,16,order,run_01_seed_42,0.988331139087677
5336,start listening to me dictate a letter,42,oos,36,tell_joke,run_01_seed_42,0.978725790977478
5337,"email my boss, tell him i wont be in today",42,oos,19,meeting_schedule,run_01_seed_42,0.5020238757133484
5338,are the schools closed,42,oos,10,smart_home,run_01_seed_42,0.3286988139152527
5339,let me know what time the patriots game starts,42,oos,4,time,run_01_seed_42,0.7353821396827698
5340,tell me how long until the nascar race begins,42,oos,86,cook_time,run_01_seed_42,0.5110484957695007
5341,are there any sales on liquor,42,oos,42,oos,run_01_seed_42,0.976621687412262
5342,what shows are on tonight,42,oos,42,oos,run_01_seed_42,0.9992021918296814
5343,are there any new job postings in my area in the last hour for jobs on craigslist,42,oos,145,restaurant_suggestion,run_01_seed_42,0.954358696937561
5344,see if there are any employment agencies hiring managers right now,42,oos,19,meeting_schedule,run_01_seed_42,0.347891628742218
5345,can you tell me what the best places are to look for a job online,42,oos,145,restaurant_suggestion,run_01_seed_42,0.6470316052436829
5346,sign me up for the slack employment forum,42,oos,19,meeting_schedule,run_01_seed_42,0.43218690156936646
5347,please replay the last five minutes,42,oos,32,timer,run_01_seed_42,0.5110872387886047
5348,can you enable subtitles,42,oos,114,goodbye,run_01_seed_42,0.6687057018280029
5349,consult the gq website to find what men wear to weddings,42,oos,67,cancel_reservation,run_01_seed_42,0.1887379288673401
5350,order me a blue pin stripe suit from saville row,42,oos,16,order,run_01_seed_42,0.9599120616912842
5351,what's in fashion this month,42,oos,21,what_song,run_01_seed_42,0.8965790867805481
5352,is it too late to wear white,42,oos,29,change_language,run_01_seed_42,0.18016429245471954
5353,how many calories does jumping up and down burn,42,oos,135,calories,run_01_seed_42,0.977605402469635
5354,how many push-ups do i need to do to get ripped,42,oos,31,measurement_conversion,run_01_seed_42,0.36023569107055664
5355,fill up my water bottle for the gym,42,oos,98,tire_pressure,run_01_seed_42,0.4773332178592682
5356,pick out an excerise outfit for me,42,oos,112,ingredients_list,run_01_seed_42,0.21982960402965546
5357,find out how long a cold should last before i call a doctor,42,oos,86,cook_time,run_01_seed_42,0.8285725116729736
5358,what should i take for nausea,42,oos,46,meal_suggestion,run_01_seed_42,0.7810389399528503
5359,how do you relieve a hangover,42,oos,75,what_is_your_name,run_01_seed_42,0.6654617190361023
5360,what is a good home remedy for a rash,42,oos,145,restaurant_suggestion,run_01_seed_42,0.47006431221961975
5361,"i have a rash, what can i use for it",42,oos,139,definition,run_01_seed_42,0.6667073965072632
5362,can you order some ointment for me,42,oos,16,order,run_01_seed_42,0.9998397827148438
5363,how do i get rid of an itchy rash,42,oos,42,oos,run_01_seed_42,0.9769175052642822
5364,forward the text i just got from henry to giselle,42,oos,26,text,run_01_seed_42,0.9751704335212708
5365,please read the text message i just received,42,oos,26,text,run_01_seed_42,0.9975214600563049
5366,save my text on my laptop hard drive,42,oos,26,text,run_01_seed_42,0.9917866587638855
5367,what time does my ex-boss leave the office,42,oos,42,oos,run_01_seed_42,0.8219716548919678
5368,how much does gun ammunition cost,42,oos,42,oos,run_01_seed_42,0.8997584581375122
5369,restart my newspaper delivery for monday,42,oos,42,oos,run_01_seed_42,0.9995540976524353
5370,are there any messages,42,oos,42,oos,run_01_seed_42,0.2596251368522644
5371,what's that smell,42,oos,21,what_song,run_01_seed_42,0.5736348628997803
5372,get me a list of the best savings account rates right now,42,oos,133,transfer,run_01_seed_42,0.311509907245636
5373,is beer legal in this state,42,oos,94,taxes,run_01_seed_42,0.22650441527366638
5374,get me articles and pics of different types of household bugs for this area,42,oos,42,oos,run_01_seed_42,0.9804295301437378
5375,what should i do if i saw a cockroach in my house,42,oos,61,translate,run_01_seed_42,0.5546908974647522
5376,look up articles on squealing brakes for ford f-150's,42,oos,42,oos,run_01_seed_42,0.4138294756412506
5377,please answer the phone and put it on speaker on the tv,42,oos,25,make_call,run_01_seed_42,0.5326829552650452
5378,can you tell me who's calling me,42,oos,144,change_user_name,run_01_seed_42,0.48569390177726746
5379,answer the phone,42,oos,25,make_call,run_01_seed_42,0.928716242313385
5380,ignore call,42,oos,25,make_call,run_01_seed_42,0.9995490908622742
5381,find out what type of wax is needed for a late model ford sedan,42,oos,42,oos,run_01_seed_42,0.9546645879745483
5382,what's the first thing you should do to wash your car,42,oos,42,oos,run_01_seed_42,0.21331684291362762
5383,what supplies do i need to clean my car,42,oos,17,jump_start,run_01_seed_42,0.6129357218742371
5384,look up articles on car washing at home,42,oos,139,definition,run_01_seed_42,0.508367657661438
5385,how old is the oldest person that is in the guiness book of world records,42,oos,24,traffic,run_01_seed_42,0.3773416578769684
5386,how could i get into the guiness book of world records,42,oos,112,ingredients_list,run_01_seed_42,0.3068847358226776
5387,what person is the heaviest ever recorded,42,oos,42,oos,run_01_seed_42,0.9868359565734863
5388,who has the longest hair ever,42,oos,42,oos,run_01_seed_42,0.9981871247291565
5389,can you look at what average reviews say about the new windows phone on amazon for me,42,oos,42,oos,run_01_seed_42,0.2834326922893524
5390,tell me a summary of reviews that oakley frogskins get on amazon,42,oos,68,transactions,run_01_seed_42,0.7978783845901489
5391,make me a list of the top ten reviewed hiking boots on jetcom,42,oos,16,order,run_01_seed_42,0.40453943610191345
5392,show me a tabulation of reviews for lcd tv's on amazon,42,oos,0,restaurant_reviews,run_01_seed_42,0.9981227517127991
5393,can you tell me what happened to han solo in episode 4,42,oos,42,oos,run_01_seed_42,0.391547292470932
5394,how many movies are in the star wars series,42,oos,73,spelling,run_01_seed_42,0.8692283630371094
5395,how many star wars movies are there,42,oos,42,oos,run_01_seed_42,0.9966163039207458
5396,who plays han solo,42,oos,10,smart_home,run_01_seed_42,0.31716063618659973
5397,which movie is it that someone says perfectly balanced as all things should be,42,oos,46,meal_suggestion,run_01_seed_42,0.19940873980522156
5398,what movie is the line today is our independence day from,42,oos,140,next_holiday,run_01_seed_42,0.4444518983364105
5399,what movie is it that says today is a good day to die,42,oos,95,date,run_01_seed_42,0.4625680148601532
5400,what movie does it's just a flesh wound come from,42,oos,112,ingredients_list,run_01_seed_42,0.7205612659454346
5401,is michonne wrong for not working with the kingdom to put on the fair,42,oos,105,calendar_update,run_01_seed_42,0.6277347803115845
5402,which actors have played more than 1 comic book character,42,oos,43,shopping_list,run_01_seed_42,0.16496488451957703
5403,what marvel movie did mark ruffalo first appear in,42,oos,42,oos,run_01_seed_42,0.9950359463691711
5404,why did negan return to his jail cell,42,oos,49,card_declined,run_01_seed_42,0.26590803265571594
5405,is there more than one occult that a person can join,42,oos,71,spending_history,run_01_seed_42,0.36816641688346863
5406,can i summon a demon using just an ouija board,42,oos,112,ingredients_list,run_01_seed_42,0.2190089374780655
5407,what's the best way to drown a witch,42,oos,25,make_call,run_01_seed_42,0.3089810311794281
5408,what does it mean to join the occult,42,oos,139,definition,run_01_seed_42,0.9790678024291992
5409,did madison really bathe in the potomac naked,42,oos,42,oos,run_01_seed_42,0.3583393394947052
5410,can you explain a good risk strategy to me,42,oos,145,restaurant_suggestion,run_01_seed_42,0.8331459760665894
5411,what are the rules for chess,42,oos,117,are_you_a_bot,run_01_seed_42,0.3907768428325653
5412,fill out the paperwork for tonys new daycare center,42,oos,145,restaurant_suggestion,run_01_seed_42,0.9222196936607361
5413,i need to find a new babysitter,42,oos,64,insurance_change,run_01_seed_42,0.5736851692199707
5414,get me a list of divorce attorneys in the new york area,42,oos,112,ingredients_list,run_01_seed_42,0.38633790612220764
5415,how long does it take to get a divorce finalized,42,oos,86,cook_time,run_01_seed_42,0.9791913628578186
5416,where can i find the best divorce lawyer,42,oos,42,oos,run_01_seed_42,0.5803623199462891
5417,make me a map of all earthquake hotspots in the continental us,42,oos,112,ingredients_list,run_01_seed_42,0.9221964478492737
5418,how much damage did the last earthquake here do,42,oos,68,transactions,run_01_seed_42,0.45153021812438965
5419,what was the latest tremor on the richter scale,42,oos,42,oos,run_01_seed_42,0.8284002542495728
5420,get me articles on earthquake preparedness,42,oos,68,transactions,run_01_seed_42,0.3574821650981903
5421,what is appropriate to spend on a bouquet of flowers for mother's day,42,oos,138,calculator,run_01_seed_42,0.9164842963218689
5422,get me a list of personal conservation tips that i can use around the house,42,oos,36,tell_joke,run_01_seed_42,0.18155287206172943
5423,look up the average temperature changes over the last 30 years for my area,42,oos,68,transactions,run_01_seed_42,0.37567269802093506
5424,is the polar vortex of 2019 apart of global warming,42,oos,42,oos,run_01_seed_42,0.23060207068920135
5425,what is global warming,42,oos,139,definition,run_01_seed_42,0.6828332543373108
5426,can you book me a tee time at cantigny at 2 pm on saturday,42,oos,23,restaurant_reservation,run_01_seed_42,0.9849039316177368
5427,what's the best golf club to use on the lower nine,42,oos,42,oos,run_01_seed_42,0.8860286474227905
5428,how do i stop my child from setting small animals on fire for amusement,42,oos,20,freeze_account,run_01_seed_42,0.5568011999130249
5429,review chapter 6 with my son and verify his math homework answers,42,oos,26,text,run_01_seed_42,0.20935410261154175
5430,can you look up how i shoot a time lapse video on my iphone camera or is it even possible,42,oos,4,time,run_01_seed_42,0.3184796869754791
5431,how do i turn up the resolution that i am taking pictures in on my camera phone,42,oos,111,pay_bill,run_01_seed_42,0.3064557909965515
5432,print out the photos i took today,42,oos,67,cancel_reservation,run_01_seed_42,0.5520200133323669
5433,can you find me sheet music for the beatles white album online,42,oos,106,play_music,run_01_seed_42,0.9947783946990967
5434,find me a good band instructor or two to compare in my area,42,oos,116,book_hotel,run_01_seed_42,0.46647611260414124
5435,can i get a starter course for the trumpet,42,oos,112,ingredients_list,run_01_seed_42,0.5884171724319458
5436,how many keys does a xylophone have,42,oos,42,oos,run_01_seed_42,0.923918604850769
5437,how many polar bears are still alive in the arctic,42,oos,42,oos,run_01_seed_42,0.8891206383705139
5438,are polar bears on the endangered species list,42,oos,19,meeting_schedule,run_01_seed_42,0.5723326206207275
5439,what is the life expectancy of a polar bear,42,oos,22,meaning_of_life,run_01_seed_42,0.8602380752563477
5440,can a polar bear live in alabama,42,oos,42,oos,run_01_seed_42,0.9644777774810791
5441,when will george rr martin publish the next game of thrones book,42,oos,42,oos,run_01_seed_42,0.9198453426361084
5442,show me the new york times most popular book list for this week,42,oos,138,calculator,run_01_seed_42,0.6768430471420288
5443,how many books are in piers anthony virtual mode series,42,oos,73,spelling,run_01_seed_42,0.6523776054382324
5444,"order the new book titled ""ghost work""",42,oos,127,order_checks,run_01_seed_42,0.5109848380088806
5445,please check if god is really living in a small apartment in brussels,42,oos,61,translate,run_01_seed_42,0.31114262342453003
5446,what did the mesopotamians call the creator of the universe,42,oos,42,oos,run_01_seed_42,0.9058228731155396
5447,put on an educational program about buddhism,42,oos,42,oos,run_01_seed_42,0.27787095308303833
5448,what happens if you're skydiving and your parachute doesn't open,42,oos,9,accept_reservations,run_01_seed_42,0.31296035647392273
5449,research how many deaths has resulted from skydiving,42,oos,42,oos,run_01_seed_42,0.9998835325241089
5450,how many people die each year while skydiving,42,oos,42,oos,run_01_seed_42,0.996681272983551
5451,google the price of skydiving in florida,42,oos,42,oos,run_01_seed_42,0.6907222270965576
5452,in what movie did mrs congeniality feature a contestant championing for world peace,42,oos,34,do_you_have_pets,run_01_seed_42,0.4320751130580902
5453,"has there ever been total world peace, where no nations in the world are at war",42,oos,145,restaurant_suggestion,run_01_seed_42,0.8602048754692078
5454,name the leader from tibet that stands firm for world peace,42,oos,55,change_ai_name,run_01_seed_42,0.5090405344963074
5455,what will it take to achieve world peace,42,oos,42,oos,run_01_seed_42,0.32962021231651306
5456,was einstein right to be scared of spooky action at a distance,42,oos,114,goodbye,run_01_seed_42,0.7203919291496277
5457,what is the nature of the big bang theory,42,oos,42,oos,run_01_seed_42,0.9507821202278137
5458,how does the etheric body operate,42,oos,42,oos,run_01_seed_42,0.9539389610290527
5459,do we actually have a soul,42,oos,42,oos,run_01_seed_42,0.7724379897117615
5460,where can i find cheap rental skis nearby,42,oos,106,play_music,run_01_seed_42,0.2992532253265381
5461,check the nanny cam and send the feed to my phone,42,oos,130,sync_device,run_01_seed_42,0.9935460686683655
5462,how much should i tip on this bill,42,oos,27,bill_balance,run_01_seed_42,0.8658556938171387
5463,send me live feed of the pre-game prediction show on my phone,42,oos,42,oos,run_01_seed_42,0.9905931353569031
5464,what are the scores of other teams in this division,42,oos,139,definition,run_01_seed_42,0.35635319352149963
5465,look up pitcher stats on jake rooney,42,oos,107,yes,run_01_seed_42,0.2750273048877716
5466,what teams are playing right now,42,oos,21,what_song,run_01_seed_42,0.982258677482605
5467,is it too late to upgrade to first class,42,oos,114,goodbye,run_01_seed_42,0.6922835111618042
5468,"according to my fitness tracker, how many push ups have i done today",42,oos,19,meeting_schedule,run_01_seed_42,0.7895349860191345
5469,renew gym membership,42,oos,114,goodbye,run_01_seed_42,0.4849037528038025
5470,what's my budget for today's shopping trip,42,oos,43,shopping_list,run_01_seed_42,0.980692446231842
5471,can you find my car in the parking lot,42,oos,10,smart_home,run_01_seed_42,0.5982847809791565
5472,what's the best hand to have in texas hold em,42,oos,116,book_hotel,run_01_seed_42,0.8482787013053894
5473,is gambling legal in my state,42,oos,42,oos,run_01_seed_42,0.8908812403678894
5474,fold my hand,42,oos,42,oos,run_01_seed_42,0.2048109471797943
5475,what time did i put in my first load of laundry,42,oos,42,oos,run_01_seed_42,0.6285918354988098
5476,how much time is left on my laundry,42,oos,142,mpg,run_01_seed_42,0.27362900972366333
5477,report outage to my electric provider,42,oos,24,traffic,run_01_seed_42,0.14900153875350952
5478,power up my generator,42,oos,114,goodbye,run_01_seed_42,0.7037533521652222
5479,call up instructables website and find article on bike assembly,42,oos,25,make_call,run_01_seed_42,0.8256155848503113
5480,find schematics for ikea desk assembly,42,oos,42,oos,run_01_seed_42,0.4744221866130829
5481,search information on how to apply foundation,42,oos,91,new_card,run_01_seed_42,0.6575774550437927
5482,find instructions on how to play taboo,42,oos,42,oos,run_01_seed_42,0.8730815649032593
5483,what casino game has the best odds,42,oos,42,oos,run_01_seed_42,0.9996143579483032
5484,tell me how much energy i have consumed so far this year,42,oos,136,current_location,run_01_seed_42,0.5237674713134766
5485,give me an energy usage breakdown for march,42,oos,42,oos,run_01_seed_42,0.9722940325737
5486,how many kilowatts have i used this month,42,oos,148,pto_used,run_01_seed_42,0.9970993995666504
5487,what's my current electric bill,42,oos,27,bill_balance,run_01_seed_42,0.9982348680496216
5488,can you locate the television remote,42,oos,42,oos,run_01_seed_42,0.9708113670349121
5489,where did i last place my remote,42,oos,68,transactions,run_01_seed_42,0.9496729373931885
5490,do you know where the remote is,42,oos,42,oos,run_01_seed_42,0.9409264922142029
5491,have you seen the remote,42,oos,114,goodbye,run_01_seed_42,0.9843660593032837
5492,please ping the rfid in my wallet and tell me where it's at right now,42,oos,122,w2,run_01_seed_42,0.3467584550380707
5493,can you detect where i placed my wallet,42,oos,136,current_location,run_01_seed_42,0.29456090927124023
5494,give me my wallet location,42,oos,136,current_location,run_01_seed_42,0.9992876648902893
5495,find my wallet,42,oos,136,current_location,run_01_seed_42,0.5217134356498718
5496,can you give me the gps location of harvey,42,oos,136,current_location,run_01_seed_42,0.9682871699333191
5497,where's my buddy steve right this second,42,oos,10,smart_home,run_01_seed_42,0.4291504919528961
5498,locate jenny at her present position,42,oos,30,no,run_01_seed_42,0.19442243874073029
5499,let me know where jim is right now,42,oos,139,definition,run_01_seed_42,0.477404922246933
