example_index,text,true_label_id,true_label_name,predicted_label_id,predicted_label_name,run_id,max_confidence
0,how would you say fly in italian,61,translate,61,translate,run_03_seed_2024,0.9737744331359863
1,what's the spanish word for pasta,61,translate,61,translate,run_03_seed_2024,0.4863731563091278
2,how would they say butter in zambia,61,translate,61,translate,run_03_seed_2024,0.9859374165534973
3,how do you say fast in spanish,61,translate,61,translate,run_03_seed_2024,0.9921602606773376
4,what's the word for trees in norway,61,translate,73,spelling,run_03_seed_2024,0.3118794858455658
5,how does one say wonderful in german,61,translate,61,translate,run_03_seed_2024,0.817561686038971
6,how do they say tacos in mexico,61,translate,61,translate,run_03_seed_2024,0.9566230177879333
7,how would one say cruiser in china,61,translate,61,translate,run_03_seed_2024,0.9115227460861206
8,what's the french word you use for potato,61,translate,73,spelling,run_03_seed_2024,0.1863866150379181
9,what would the word for grass be in finland,61,translate,73,spelling,run_03_seed_2024,0.2319612056016922
10,how do you say please in french,61,translate,61,translate,run_03_seed_2024,0.9904974102973938
11,how would i say nice to meet you if i were russian,61,translate,61,translate,run_03_seed_2024,0.9684406518936157
12,what is the right way to say excuse me in spanish,61,translate,61,translate,run_03_seed_2024,0.9594499468803406
13,how do i say i'm sorry in chinese,61,translate,61,translate,run_03_seed_2024,0.9681745767593384
14,how would i say thank you if i were mexican,61,translate,61,translate,run_03_seed_2024,0.9772902727127075
15,how would i say what is your name if i were french,61,translate,61,translate,run_03_seed_2024,0.9669692516326904
16,how would i say i must be going now if i were german,61,translate,61,translate,run_03_seed_2024,0.9590067863464355
17,how do i say bathroom in italian,61,translate,61,translate,run_03_seed_2024,0.9796742796897888
18,how might i say hello if i were scottish,61,translate,61,translate,run_03_seed_2024,0.9762631058692932
19,i must know how to say thank you in german,61,translate,61,translate,run_03_seed_2024,0.910711944103241
20,how would i say i love you if i were german,61,translate,61,translate,run_03_seed_2024,0.9933278560638428
21,how would i say how are you today if i were mexican,61,translate,61,translate,run_03_seed_2024,0.8777191638946533
22,how would i say where is the bathroom if i were korean,61,translate,61,translate,run_03_seed_2024,0.9090535640716553
23,how would i say i need directions if i were french,61,translate,61,translate,run_03_seed_2024,0.9915567636489868
24,how would i say i am lost if i were japanese,61,translate,61,translate,run_03_seed_2024,0.9899910688400269
25,english to spanish for dog,61,translate,29,change_language,run_03_seed_2024,0.5397642254829407
26,what is dog in spanish,61,translate,61,translate,run_03_seed_2024,0.9193120002746582
27,how do you say dog in spanish,61,translate,61,translate,run_03_seed_2024,0.9942409992218018
28,dog in spanish,61,translate,61,translate,run_03_seed_2024,0.5911094546318054
29,what's the spanish word for dog,61,translate,61,translate,run_03_seed_2024,0.5104054808616638
30,can you please provide me with assistance in moving money from one account to another,133,transfer,133,transfer,run_03_seed_2024,0.8617731332778931
31,i would like help moving money between accounts,133,transfer,133,transfer,run_03_seed_2024,0.6345528960227966
32,can you assist me in moving money from one account to another,133,transfer,133,transfer,run_03_seed_2024,0.8875902891159058
33,i would like help moving money from one account to another,133,transfer,133,transfer,run_03_seed_2024,0.9704012274742126
34,i would like assistance moving money from one account to another,133,transfer,133,transfer,run_03_seed_2024,0.977895200252533
35,can i move some money around,133,transfer,133,transfer,run_03_seed_2024,0.7572392821311951
36,can i make a transfer between my accounts,133,transfer,133,transfer,run_03_seed_2024,0.7869115471839905
37,i need to make a transfer of my money,133,transfer,133,transfer,run_03_seed_2024,0.9741511940956116
38,can i move some money between my two accounts,133,transfer,133,transfer,run_03_seed_2024,0.9400129914283752
39,i would like to distribute some money between my accounts,133,transfer,133,transfer,run_03_seed_2024,0.7916527986526489
40,i would like to transfer $100 from my checking to saving account,133,transfer,133,transfer,run_03_seed_2024,0.9698528051376343
41,help me transfer $100 from my checking to saving account,133,transfer,133,transfer,run_03_seed_2024,0.9620622992515564
42,transfer $100 from my checking to saving account,133,transfer,133,transfer,run_03_seed_2024,0.9764052629470825
43,can you please help me move $100 from my checking to saving account,133,transfer,133,transfer,run_03_seed_2024,0.9119851589202881
44,please move $100 from my checking to saving account,133,transfer,133,transfer,run_03_seed_2024,0.9692459106445312
45,"transfer seventeen dollars from rbs to woodforest account, please",133,transfer,133,transfer,run_03_seed_2024,0.9958835244178772
46,"send twelve dollars between cabelas and bank of london accounts, please",133,transfer,133,transfer,run_03_seed_2024,0.9334559440612793
47,"transfer ninety dollars between glacier checking and farmers accounts, please",133,transfer,133,transfer,run_03_seed_2024,0.995579183101654
48,transfer seventy dollars between national and citizens accounts,133,transfer,133,transfer,run_03_seed_2024,0.9462743997573853
49,transfer four and sixty seven dollars from bank of oklahoma checking to security bank account,133,transfer,133,transfer,run_03_seed_2024,0.9902224540710449
50,how much money can i transfer today,133,transfer,93,income,run_03_seed_2024,0.2863060534000397
51,add funds to the retirement account from the pnc account only,133,transfer,133,transfer,run_03_seed_2024,0.5576544404029846
52,would you move 100 dollars from the checking and put it into savings,133,transfer,133,transfer,run_03_seed_2024,0.9769162535667419
53,repeat what the weather will be like,133,transfer,5,weather,run_03_seed_2024,0.9731439352035522
54,i would like to put 100 dollars from the checking into the savings account now,133,transfer,133,transfer,run_03_seed_2024,0.9373549818992615
55,please transfer $5000 to money market from checking account,133,transfer,133,transfer,run_03_seed_2024,0.9877453446388245
56,i need $360 transfered from savings to checking account,133,transfer,133,transfer,run_03_seed_2024,0.963140606880188
57,make an immediate transfer of ten thousand from money market to checking,133,transfer,133,transfer,run_03_seed_2024,0.9635986685752869
58,i'd like to transfer $400 from household to savings account,133,transfer,133,transfer,run_03_seed_2024,0.8692599534988403
59,transer $800 from my checking to savings account,133,transfer,133,transfer,run_03_seed_2024,0.9235861897468567
60,set a 4 minute timer,32,timer,32,timer,run_03_seed_2024,0.9780148267745972
61,set a 2 minute timer,32,timer,32,timer,run_03_seed_2024,0.9780148267745972
62,set a 3 minute timer,32,timer,32,timer,run_03_seed_2024,0.9780148267745972
63,set a 5 minute timer,32,timer,32,timer,run_03_seed_2024,0.9780148267745972
64,set a 1 minute timer,32,timer,32,timer,run_03_seed_2024,0.9780148267745972
65,who set up the numbers for it,32,timer,10,smart_home,run_03_seed_2024,0.2640545666217804
66,start the timer,32,timer,32,timer,run_03_seed_2024,0.8343303203582764
67,start a timer please,32,timer,32,timer,run_03_seed_2024,0.8238561749458313
68,i need to start a timer,32,timer,32,timer,run_03_seed_2024,0.5679030418395996
69,i need a timer to be set,32,timer,32,timer,run_03_seed_2024,0.7505903840065002
70,could you set a timer,32,timer,32,timer,run_03_seed_2024,0.949522852897644
71,set a timer,32,timer,32,timer,run_03_seed_2024,0.9963991641998291
72,i need to have a timer for 10 minutes,32,timer,32,timer,run_03_seed_2024,0.991115927696228
73,make a 10 minute timer,32,timer,32,timer,run_03_seed_2024,0.982620894908905
74,give me a 10 minute timer,32,timer,32,timer,run_03_seed_2024,0.9773046970367432
75,will you create a timer for me,32,timer,32,timer,run_03_seed_2024,0.9215915203094482
76,please begin a timer,32,timer,32,timer,run_03_seed_2024,0.8097273707389832
77,is it possible to set a timer,32,timer,32,timer,run_03_seed_2024,0.7918503880500793
78,i want a timer set for 10 minutes,32,timer,32,timer,run_03_seed_2024,0.9918591380119324
79,set a timer for 10 minutes,32,timer,32,timer,run_03_seed_2024,0.9991348385810852
80,can i get a timer set,32,timer,32,timer,run_03_seed_2024,0.771893322467804
81,i need to use a timer,32,timer,32,timer,run_03_seed_2024,0.43039563298225403
82,set a timer to go off in 1 hour,32,timer,32,timer,run_03_seed_2024,0.8351346254348755
83,i need a timer for 45 minutes,32,timer,32,timer,run_03_seed_2024,0.98823082447052
84,in 15 minutes the timer should go off,32,timer,32,timer,run_03_seed_2024,0.9304332733154297
85,start the timer now,32,timer,32,timer,run_03_seed_2024,0.8006983399391174
86,set a timer for 30 minutes,32,timer,32,timer,run_03_seed_2024,0.9981462955474854
87,set a timer for 5 minutes from now,32,timer,32,timer,run_03_seed_2024,0.9980524778366089
88,let me know when it's been 5 minutes,32,timer,79,payday,run_03_seed_2024,0.14119312167167664
89,can you set the timer to 20 minutes,32,timer,32,timer,run_03_seed_2024,0.9794385433197021
90,define antebellum,139,definition,139,definition,run_03_seed_2024,0.9224303960800171
91,define discontent,139,definition,139,definition,run_03_seed_2024,0.9224303960800171
92,what is the meaning of incandescent,139,definition,139,definition,run_03_seed_2024,0.9407305121421814
93,what does confrontation mean,139,definition,139,definition,run_03_seed_2024,0.9453354477882385
94,what does serendipity mean,139,definition,139,definition,run_03_seed_2024,0.9453354477882385
95,what's the definition of luminescent,139,definition,139,definition,run_03_seed_2024,0.9946656227111816
96,what is the definiton of auspicious,139,definition,138,calculator,run_03_seed_2024,0.6090353727340698
97,what does circuitous mean,139,definition,139,definition,run_03_seed_2024,0.9453354477882385
98,what's the definition of unencumbered,139,definition,139,definition,run_03_seed_2024,0.9946656227111816
99,what does adulation mean,139,definition,139,definition,run_03_seed_2024,0.9453354477882385
100,what does assiduous mean,139,definition,139,definition,run_03_seed_2024,0.9453354477882385
101,what does amicable mean,139,definition,139,definition,run_03_seed_2024,0.9453354477882385
102,what's the definition of remunerative,139,definition,139,definition,run_03_seed_2024,0.9946656227111816
103,what does anachronistic mean,139,definition,139,definition,run_03_seed_2024,0.9453354477882385
104,what's the definition of idiosyncratic,139,definition,139,definition,run_03_seed_2024,0.9946656227111816
105,what does yolo mean,139,definition,139,definition,run_03_seed_2024,0.9453354477882385
106,can you tell me the meaning of fluctuate,139,definition,139,definition,run_03_seed_2024,0.8855686187744141
107,what does the word polynomial mean,139,definition,139,definition,run_03_seed_2024,0.9751667976379395
108,what does ferrari mean,139,definition,139,definition,run_03_seed_2024,0.9453354477882385
109,what is the meaning of the word girn,139,definition,139,definition,run_03_seed_2024,0.9836897253990173
110,what does mature mean,139,definition,139,definition,run_03_seed_2024,0.9453354477882385
111,i'd like to know what bitcoin means,139,definition,139,definition,run_03_seed_2024,0.6124226450920105
112,"i heard some woman say she was going to yerd me, what's that mean",139,definition,13,repeat,run_03_seed_2024,0.17617583274841309
113,can you tell me what obsolescence means,139,definition,139,definition,run_03_seed_2024,0.8220215439796448
114,please explain the word catastrophic to me,139,definition,139,definition,run_03_seed_2024,0.16694419085979462
115,what's the meaning of naff,139,definition,139,definition,run_03_seed_2024,0.9062203168869019
116,can you tell me what dendrofilous means,139,definition,139,definition,run_03_seed_2024,0.8220215439796448
117,what does peer-to-peer actually mean,139,definition,139,definition,run_03_seed_2024,0.772208571434021
118,define epicurean,139,definition,139,definition,run_03_seed_2024,0.9224303960800171
119,what does epicurean mean,139,definition,139,definition,run_03_seed_2024,0.9453354477882385
120,would you let me know what the meaning is life is,22,meaning_of_life,22,meaning_of_life,run_03_seed_2024,0.8872939944267273
121,would you let me know what is the point of life,22,meaning_of_life,22,meaning_of_life,run_03_seed_2024,0.9649479389190674
122,"right now, i need to know the meaning of life",22,meaning_of_life,22,meaning_of_life,run_03_seed_2024,0.9430696368217468
123,define the meaning of life for me,22,meaning_of_life,22,meaning_of_life,run_03_seed_2024,0.7874588966369629
124,i want to know the meaning of life,22,meaning_of_life,22,meaning_of_life,run_03_seed_2024,0.980085551738739
125,would you explain the meaning of life,22,meaning_of_life,22,meaning_of_life,run_03_seed_2024,0.9835814237594604
126,i need you to tell me the meaning of life,22,meaning_of_life,22,meaning_of_life,run_03_seed_2024,0.9430176615715027
127,i need to know what the meaning of life is now,22,meaning_of_life,22,meaning_of_life,run_03_seed_2024,0.9418336153030396
128,tell me what the meaning of life is,22,meaning_of_life,22,meaning_of_life,run_03_seed_2024,0.9421274065971375
129,i need to know what the point of life is,22,meaning_of_life,22,meaning_of_life,run_03_seed_2024,0.9867796897888184
130,let me know what the point of life is,22,meaning_of_life,22,meaning_of_life,run_03_seed_2024,0.9796868562698364
131,would you provide me with what the point of life is,22,meaning_of_life,22,meaning_of_life,run_03_seed_2024,0.9551242589950562
132,tell me what the point of life is,22,meaning_of_life,22,meaning_of_life,run_03_seed_2024,0.9907400608062744
133,what is the reason humans even exist,22,meaning_of_life,22,meaning_of_life,run_03_seed_2024,0.17102061212062836
134,do you think our lives have purpose or meaning,22,meaning_of_life,22,meaning_of_life,run_03_seed_2024,0.9289649128913879
135,can you tell me about the meaning of life,22,meaning_of_life,22,meaning_of_life,run_03_seed_2024,0.9758443832397461
136,can you tell me what the meaning of life is,22,meaning_of_life,22,meaning_of_life,run_03_seed_2024,0.9251833558082581
137,what do you know about the meaning of life,22,meaning_of_life,22,meaning_of_life,run_03_seed_2024,0.9715813398361206
138,i would like information on the meaning of life,22,meaning_of_life,22,meaning_of_life,run_03_seed_2024,0.9600949883460999
139,what information can you give me on the meaning of life,22,meaning_of_life,22,meaning_of_life,run_03_seed_2024,0.9245589971542358
140,what is the core meaning of life,22,meaning_of_life,22,meaning_of_life,run_03_seed_2024,0.9938335418701172
141,what do you know about lifes meaning,22,meaning_of_life,22,meaning_of_life,run_03_seed_2024,0.6031345725059509
142,is there any consensun regarding lifes true meaning,22,meaning_of_life,22,meaning_of_life,run_03_seed_2024,0.5852152109146118
143,is there a reason beyond biology about why humans are alive,22,meaning_of_life,22,meaning_of_life,run_03_seed_2024,0.3505958914756775
144,do you think being alive has any meaning,22,meaning_of_life,22,meaning_of_life,run_03_seed_2024,0.7801349759101868
145,is there meaning to life,22,meaning_of_life,22,meaning_of_life,run_03_seed_2024,0.9837620854377747
146,is there meaning in life,22,meaning_of_life,22,meaning_of_life,run_03_seed_2024,0.9793608784675598
147,what is the answer to life,22,meaning_of_life,22,meaning_of_life,run_03_seed_2024,0.7901625037193298
148,what's the answer to it all,22,meaning_of_life,138,calculator,run_03_seed_2024,0.2521246671676636
149,what's life mean to you,22,meaning_of_life,22,meaning_of_life,run_03_seed_2024,0.8829925656318665
150,i would like to change my insurance policy,64,insurance_change,64,insurance_change,run_03_seed_2024,0.9897093176841736
151,can i edit my insurance policy,64,insurance_change,64,insurance_change,run_03_seed_2024,0.9941681623458862
152,i am interested in a new insurance plan,64,insurance_change,64,insurance_change,run_03_seed_2024,0.9780130982398987
153,i really would like to get a new insurance plan,64,insurance_change,64,insurance_change,run_03_seed_2024,0.9968697428703308
154,i am in the market for a new insurance plan,64,insurance_change,64,insurance_change,run_03_seed_2024,0.9895311594009399
155,is there a way to alter my insurance policy,64,insurance_change,64,insurance_change,run_03_seed_2024,0.9413114190101624
156,how can i change to new insurance plan,64,insurance_change,64,insurance_change,run_03_seed_2024,0.9955185651779175
157,help me find a new insurance plan,64,insurance_change,64,insurance_change,run_03_seed_2024,0.9940791130065918
158,can i update my insurance policy,64,insurance_change,64,insurance_change,run_03_seed_2024,0.9822341799736023
159,who do i contact about updating my insurance,64,insurance_change,74,insurance,run_03_seed_2024,0.4661295413970947
160,can you help me change my insurance policy,64,insurance_change,64,insurance_change,run_03_seed_2024,0.9819915890693665
161,"i need to change my insurance policy, do you know how",64,insurance_change,64,insurance_change,run_03_seed_2024,0.981327474117279
162,what are the steps to change my insurance policy,64,insurance_change,64,insurance_change,run_03_seed_2024,0.9209132790565491
163,do you know how i can change my insurance policy,64,insurance_change,64,insurance_change,run_03_seed_2024,0.9589136242866516
164,how to i change the policy on my insurace,64,insurance_change,3,oil_change_how,run_03_seed_2024,0.46955907344818115
165,what do i need to do to get new insurance,64,insurance_change,64,insurance_change,run_03_seed_2024,0.9244333505630493
166,do you know how i get new insurance,64,insurance_change,64,insurance_change,run_03_seed_2024,0.9705290794372559
167,what is the protocol for getting new insurance,64,insurance_change,64,insurance_change,run_03_seed_2024,0.8426473140716553
168,let me know the process for new insurance,64,insurance_change,64,insurance_change,run_03_seed_2024,0.8525842428207397
169,i want to sign up for a new allstate insurance plan,64,insurance_change,64,insurance_change,run_03_seed_2024,0.9449763298034668
170,i need to sign up for a new allstate plan,64,insurance_change,64,insurance_change,run_03_seed_2024,0.26932817697525024
171,what is the procedure for signing up for a new allstate plan,64,insurance_change,64,insurance_change,run_03_seed_2024,0.12312910705804825
172,how do i sign up for a new allstatedplan,64,insurance_change,91,new_card,run_03_seed_2024,0.3535800576210022
173,i want to change to a new allstate insurance plan,64,insurance_change,64,insurance_change,run_03_seed_2024,0.990664005279541
174,i want a new insurance plan,64,insurance_change,64,insurance_change,run_03_seed_2024,0.9951282739639282
175,what if i want to switch insurance plans,64,insurance_change,64,insurance_change,run_03_seed_2024,0.7991999387741089
176,is there a way to get a new insurance plan,64,insurance_change,64,insurance_change,run_03_seed_2024,0.9912816286087036
177,i want to switch to a new insurance plan,64,insurance_change,64,insurance_change,run_03_seed_2024,0.9969170093536377
178,how do i switch insurance plans,64,insurance_change,64,insurance_change,run_03_seed_2024,0.9567657113075256
179,phone number to state farm to change insurance,64,insurance_change,64,insurance_change,run_03_seed_2024,0.24671587347984314
180,"can you help me find my phone, please",81,find_phone,81,find_phone,run_03_seed_2024,0.9627960324287415
181,could you help me locate my phone,81,find_phone,81,find_phone,run_03_seed_2024,0.9422804117202759
182,can you help me locate my phone,81,find_phone,81,find_phone,run_03_seed_2024,0.9596898555755615
183,"could you help me locate my phone, please",81,find_phone,81,find_phone,run_03_seed_2024,0.8825566172599792
184,"can you help me locate my phone, please",81,find_phone,81,find_phone,run_03_seed_2024,0.9247686862945557
185,"i cannot locate my phone, can you help me",81,find_phone,81,find_phone,run_03_seed_2024,0.9724639058113098
186,i need help locating my phone,81,find_phone,81,find_phone,run_03_seed_2024,0.9327060580253601
187,can you assist me with finding my phone,81,find_phone,81,find_phone,run_03_seed_2024,0.8795297145843506
188,i lost my phone can you help me,81,find_phone,81,find_phone,run_03_seed_2024,0.9751612544059753
189,where the bleep did i put my bleeping phone,81,find_phone,81,find_phone,run_03_seed_2024,0.45996323227882385
190,is my phone somewhere around here,81,find_phone,81,find_phone,run_03_seed_2024,0.5524688959121704
191,"help, i've lost my cellphone!",81,find_phone,81,find_phone,run_03_seed_2024,0.8542160391807556
192,i seem to have lost my phone,81,find_phone,81,find_phone,run_03_seed_2024,0.8028041124343872
193,do you know my phone's location,81,find_phone,81,find_phone,run_03_seed_2024,0.8085907101631165
194,can you find my phone,81,find_phone,81,find_phone,run_03_seed_2024,0.9854470491409302
195,where's my phone at,81,find_phone,81,find_phone,run_03_seed_2024,0.9447225332260132
196,what's my phone's location,81,find_phone,81,find_phone,run_03_seed_2024,0.8627497553825378
197,can you help me hunt for my missing cellphone,81,find_phone,81,find_phone,run_03_seed_2024,0.36302584409713745
198,locate my cellphone in this room,81,find_phone,81,find_phone,run_03_seed_2024,0.7352931499481201
199,where did i last put my phone,81,find_phone,81,find_phone,run_03_seed_2024,0.8573779463768005
200,find my cellphone for me!,81,find_phone,81,find_phone,run_03_seed_2024,0.9503986239433289
201,where did i place my phone,81,find_phone,81,find_phone,run_03_seed_2024,0.9479652643203735
202,where's my phone,81,find_phone,81,find_phone,run_03_seed_2024,0.9736346006393433
203,my phone isn't where i left it,81,find_phone,81,find_phone,run_03_seed_2024,0.8993231058120728
204,i think i've misplaced my phone,81,find_phone,81,find_phone,run_03_seed_2024,0.7456951141357422
205,i've lost my phone somewhere,81,find_phone,81,find_phone,run_03_seed_2024,0.920730471611023
206,i think i lost my phone,81,find_phone,81,find_phone,run_03_seed_2024,0.9216659665107727
207,would you know where to find my phone,81,find_phone,81,find_phone,run_03_seed_2024,0.8986607193946838
208,please assist me in looking for my phone,81,find_phone,81,find_phone,run_03_seed_2024,0.6801848411560059
209,look for my phone with me,81,find_phone,81,find_phone,run_03_seed_2024,0.6385612487792969
210,is there a travel alert in spain,128,travel_alert,128,travel_alert,run_03_seed_2024,0.9704239964485168
211,travel alert in cuba,128,travel_alert,128,travel_alert,run_03_seed_2024,0.9392396807670593
212,alerts for travel in colombia,128,travel_alert,128,travel_alert,run_03_seed_2024,0.9818137884140015
213,are there travel alerts in mexico,128,travel_alert,128,travel_alert,run_03_seed_2024,0.9896422028541565
214,mexico travel alerts,128,travel_alert,128,travel_alert,run_03_seed_2024,0.9975060820579529
215,have there been any travel alerts for the us,128,travel_alert,128,travel_alert,run_03_seed_2024,0.9750325679779053
216,are there any travel advisories for the us,128,travel_alert,128,travel_alert,run_03_seed_2024,0.9488614797592163
217,what are the travel alerts for the us,128,travel_alert,128,travel_alert,run_03_seed_2024,0.9637425541877747
218,are there travel alerts for the us,128,travel_alert,128,travel_alert,run_03_seed_2024,0.994865357875824
219,what travel alerts are in effect for the us,128,travel_alert,128,travel_alert,run_03_seed_2024,0.9388192296028137
220,i want to know if i will be safe if i travel to europe,128,travel_alert,128,travel_alert,run_03_seed_2024,0.8693323731422424
221,would i be safe if i traveled to japan,128,travel_alert,128,travel_alert,run_03_seed_2024,0.5174834728240967
222,is it safe to go to north korea,128,travel_alert,128,travel_alert,run_03_seed_2024,0.6252368092536926
223,will i be safe going to south america,128,travel_alert,128,travel_alert,run_03_seed_2024,0.6549772620201111
224,am i safe to go to africa,128,travel_alert,128,travel_alert,run_03_seed_2024,0.3903854191303253
225,which countries have travel alerts,128,travel_alert,128,travel_alert,run_03_seed_2024,0.9881742000579834
226,is it safe in italy,128,travel_alert,128,travel_alert,run_03_seed_2024,0.7196881771087646
227,what are the travel conditions for haiti,128,travel_alert,128,travel_alert,run_03_seed_2024,0.3871624171733856
228,are there any travel bulletins about haiti,128,travel_alert,128,travel_alert,run_03_seed_2024,0.9219344854354858
229,note any travel alerts for haiti,128,travel_alert,128,travel_alert,run_03_seed_2024,0.9972718358039856
230,find travel alerts for haiti,128,travel_alert,128,travel_alert,run_03_seed_2024,0.9981903433799744
231,does the state department say anything about traveling to haiti,128,travel_alert,128,travel_alert,run_03_seed_2024,0.05561402812600136
232,is there a travel alert for france,128,travel_alert,128,travel_alert,run_03_seed_2024,0.985005795955658
233,is it safe for me to go to turkey,128,travel_alert,128,travel_alert,run_03_seed_2024,0.760114312171936
234,is it safe to go to serbia,128,travel_alert,128,travel_alert,run_03_seed_2024,0.9084047079086304
235,safety concerns for malaysia,128,travel_alert,23,restaurant_reservation,run_03_seed_2024,0.3330730199813843
236,is it safe for me to visit malawi,128,travel_alert,128,travel_alert,run_03_seed_2024,0.7907568216323853
237,is travel to monterrey safe now,128,travel_alert,128,travel_alert,run_03_seed_2024,0.9875742793083191
238,is it safe for people to travel to pakistan,128,travel_alert,128,travel_alert,run_03_seed_2024,0.9749627709388733
239,can people safely travel to cambodia,128,travel_alert,128,travel_alert,run_03_seed_2024,0.4499695599079132
240,please help me set up a vacation request,97,pto_request,97,pto_request,run_03_seed_2024,0.7005037069320679
241,how does one go about putting in a vacation request,97,pto_request,97,pto_request,run_03_seed_2024,0.7263582944869995
242,how do i put in a vacation request,97,pto_request,97,pto_request,run_03_seed_2024,0.9727401733398438
243,walk me through on how to make a vacation request,97,pto_request,97,pto_request,run_03_seed_2024,0.9197951555252075
244,please put in a vacation request,97,pto_request,97,pto_request,run_03_seed_2024,0.8648773431777954
245,how is a vacation request done,97,pto_request,101,pto_request_status,run_03_seed_2024,0.7519963979721069
246,how is a vacation request made,97,pto_request,101,pto_request_status,run_03_seed_2024,0.7741299271583557
247,what is the process of making a vacation request,97,pto_request,97,pto_request,run_03_seed_2024,0.5820724964141846
248,how would one make a vacation request,97,pto_request,97,pto_request,run_03_seed_2024,0.9004673361778259
249,can i put in a pto request for september 1st to september 8th,97,pto_request,97,pto_request,run_03_seed_2024,0.9952893257141113
250,"if i want to make a vacation request, how do i do it",97,pto_request,97,pto_request,run_03_seed_2024,0.9736407995223999
251,can i put in a pto request for august 1st to august 10th,97,pto_request,97,pto_request,run_03_seed_2024,0.9677194356918335
252,can i put in a pto request for january 4th to january 9th,97,pto_request,97,pto_request,run_03_seed_2024,0.964108407497406
253,can i put in a pto request for december 3rd to december 10th,97,pto_request,97,pto_request,run_03_seed_2024,0.9808416366577148
254,can i put in a pto request for december 25th to january 1st,97,pto_request,97,pto_request,run_03_seed_2024,0.9833089709281921
255,can i take pto from the end of the month to the 5th of the next month,97,pto_request,97,pto_request,run_03_seed_2024,0.21714943647384644
256,can you help me plan a vacation,97,pto_request,97,pto_request,run_03_seed_2024,0.21407543122768402
257,it it possible to take pto from the 8th to the 11th,97,pto_request,97,pto_request,run_03_seed_2024,0.6812435984611511
258,is it ok if i use some of my pto on may 24th to may 29th,97,pto_request,134,ingredient_substitution,run_03_seed_2024,0.15249256789684296
259,what do i do to set up a vacation,97,pto_request,97,pto_request,run_03_seed_2024,0.5525363087654114
260,i need to use pto on october 5th to october 10th,97,pto_request,97,pto_request,run_03_seed_2024,0.3232746422290802
261,how do i plan a vacation,97,pto_request,97,pto_request,run_03_seed_2024,0.7743170857429504
262,can i put in a pto request for monday to wednesday,97,pto_request,97,pto_request,run_03_seed_2024,0.9823697805404663
263,can i purchase a vacation using this,97,pto_request,97,pto_request,run_03_seed_2024,0.19403183460235596
264,how do i get help with a vacation itinerary,97,pto_request,97,pto_request,run_03_seed_2024,0.3950948715209961
265,how do i request a vacation,97,pto_request,97,pto_request,run_03_seed_2024,0.9831452369689941
266,i'd like to request a vacation,97,pto_request,97,pto_request,run_03_seed_2024,0.9797746539115906
267,i need to request a vacation,97,pto_request,97,pto_request,run_03_seed_2024,0.9733672142028809
268,vacation request information,97,pto_request,101,pto_request_status,run_03_seed_2024,0.77899169921875
269,vacation request please,97,pto_request,101,pto_request_status,run_03_seed_2024,0.6604561805725098
270,how can i increase my credit score,28,improve_credit_score,28,improve_credit_score,run_03_seed_2024,0.8368092775344849
271,how can i raise my credit score,28,improve_credit_score,28,improve_credit_score,run_03_seed_2024,0.8781374096870422
272,how can i contribute to my credit score,28,improve_credit_score,28,improve_credit_score,run_03_seed_2024,0.8400341868400574
273,how is it possible to get a better credit score,28,improve_credit_score,28,improve_credit_score,run_03_seed_2024,0.8185009360313416
274,how can i up my credit score,28,improve_credit_score,28,improve_credit_score,run_03_seed_2024,0.5128390789031982
275,can you explain to me how i might boost my credit score,28,improve_credit_score,69,credit_score,run_03_seed_2024,0.4858246445655823
276,my credit score stinks but i don't know how to improve it,28,improve_credit_score,28,improve_credit_score,run_03_seed_2024,0.8071630001068115
277,what preventative measures can i take to avoid a low credit score,28,improve_credit_score,28,improve_credit_score,run_03_seed_2024,0.867953360080719
278,how can i keep my credit score from falling,28,improve_credit_score,28,improve_credit_score,run_03_seed_2024,0.9782211184501648
279,give me some ideas for boosting my credit score,28,improve_credit_score,28,improve_credit_score,run_03_seed_2024,0.701324999332428
280,how can i prevent my credit score from dropping,28,improve_credit_score,28,improve_credit_score,run_03_seed_2024,0.9519274234771729
281,what steps can i take to build my credit score,28,improve_credit_score,28,improve_credit_score,run_03_seed_2024,0.9804787039756775
282,give me some tips on building up my credit score,28,improve_credit_score,28,improve_credit_score,run_03_seed_2024,0.8310744762420654
283,how can i rehabilitate my poor credit score,28,improve_credit_score,28,improve_credit_score,run_03_seed_2024,0.7531920075416565
284,give me some ideas of how to avoid my credit score lowering,28,improve_credit_score,28,improve_credit_score,run_03_seed_2024,0.9034568071365356
285,give me tips on improving my credit score,28,improve_credit_score,69,credit_score,run_03_seed_2024,0.5892615914344788
286,what steps should i take if i want to ensure my credit score doesn't drop,28,improve_credit_score,28,improve_credit_score,run_03_seed_2024,0.8758432865142822
287,can you tell me some strategies for raising my credit score,28,improve_credit_score,69,credit_score,run_03_seed_2024,0.5691004395484924
288,i want to know how i can build up a good credit score,28,improve_credit_score,28,improve_credit_score,run_03_seed_2024,0.976780354976654
289,"""what's the method to improve credit score",28,improve_credit_score,28,improve_credit_score,run_03_seed_2024,0.9474173188209534
290,"""which is the best way to improve the credit score",28,improve_credit_score,28,improve_credit_score,run_03_seed_2024,0.9029029607772827
291,"""which could be improve the credit score",28,improve_credit_score,28,improve_credit_score,run_03_seed_2024,0.7969403266906738
292,"""when the credit score improve",28,improve_credit_score,28,improve_credit_score,run_03_seed_2024,0.7401033639907837
293,"""where is improve the credit score",28,improve_credit_score,28,improve_credit_score,run_03_seed_2024,0.5410937070846558
294,it is damaging to my credit score if i miss one credit card payment,28,improve_credit_score,28,improve_credit_score,run_03_seed_2024,0.40378671884536743
295,i have a revolving store card and defaulted so will my fico score be affected,28,improve_credit_score,87,damaged_card,run_03_seed_2024,0.16854804754257202
296,will my fico score decrease if i increase my student loan debt,28,improve_credit_score,109,credit_limit_change,run_03_seed_2024,0.13498471677303314
297,if i lose my job will my credit score go down,28,improve_credit_score,28,improve_credit_score,run_03_seed_2024,0.5034720301628113
298,can i hurt my credit rating if i open several credit cards in a short time frame,28,improve_credit_score,28,improve_credit_score,run_03_seed_2024,0.8956929445266724
299,will only having five late payments really make my credit bad,28,improve_credit_score,28,improve_credit_score,run_03_seed_2024,0.24654459953308105
300,name unusual facts about the circus,129,fun_fact,129,fun_fact,run_03_seed_2024,0.8756332993507385
301,i need interesting baseball trivia from the nineteen eighties,129,fun_fact,129,fun_fact,run_03_seed_2024,0.5184359550476074
302,tell me a fun fact about cars,129,fun_fact,129,fun_fact,run_03_seed_2024,0.9948354959487915
303,give me a fun fact about kangaroo,129,fun_fact,129,fun_fact,run_03_seed_2024,0.994758665561676
304,give me a fun fact about koala,129,fun_fact,129,fun_fact,run_03_seed_2024,0.994758665561676
305,give me a fun fact about dolphin,129,fun_fact,129,fun_fact,run_03_seed_2024,0.994758665561676
306,what is some trivia about frog,129,fun_fact,129,fun_fact,run_03_seed_2024,0.9928225874900818
307,tell me fun facts of today,129,fun_fact,129,fun_fact,run_03_seed_2024,0.8277560472488403
308,give me something interesting about stars,129,fun_fact,129,fun_fact,run_03_seed_2024,0.9426565170288086
309,what is some trivia question about coffee,129,fun_fact,129,fun_fact,run_03_seed_2024,0.9392029643058777
310,tell me some trivia about sweat,129,fun_fact,129,fun_fact,run_03_seed_2024,0.9930574893951416
311,tell me some trivia about dolphin,129,fun_fact,129,fun_fact,run_03_seed_2024,0.9930574893951416
312,what is some trivia about the weather,129,fun_fact,129,fun_fact,run_03_seed_2024,0.8434435725212097
313,give me a fun fact about komodo dragon,129,fun_fact,129,fun_fact,run_03_seed_2024,0.994758665561676
314,give me a amusing fact about wolf,129,fun_fact,129,fun_fact,run_03_seed_2024,0.9855201840400696
315,what is the interesting trivia about human bodies,129,fun_fact,129,fun_fact,run_03_seed_2024,0.9845656752586365
316,i want to learn something about apples,129,fun_fact,129,fun_fact,run_03_seed_2024,0.22380003333091736
317,tell me today's fun fact,129,fun_fact,129,fun_fact,run_03_seed_2024,0.9017196893692017
318,i want today's fun fact please,129,fun_fact,129,fun_fact,run_03_seed_2024,0.9270398020744324
319,what is today's fun fact,129,fun_fact,129,fun_fact,run_03_seed_2024,0.6989732980728149
320,today's fun fact,129,fun_fact,129,fun_fact,run_03_seed_2024,0.960033118724823
321,i want a fun fact about london,129,fun_fact,129,fun_fact,run_03_seed_2024,0.9945560693740845
322,tell me something interesting about bees,129,fun_fact,129,fun_fact,run_03_seed_2024,0.955327033996582
323,i would you like to learn something interesting about bees,129,fun_fact,129,fun_fact,run_03_seed_2024,0.7010560631752014
324,i want to hear cool bee facts,129,fun_fact,129,fun_fact,run_03_seed_2024,0.6095248460769653
325,what's something interesting about bees,129,fun_fact,129,fun_fact,run_03_seed_2024,0.9604480266571045
326,i wanna hear something cool about bees,129,fun_fact,129,fun_fact,run_03_seed_2024,0.7119206786155701
327,tell me fun facts on science topics,129,fun_fact,129,fun_fact,run_03_seed_2024,0.7931845784187317
328,tell me fun science facts,129,fun_fact,129,fun_fact,run_03_seed_2024,0.8662219047546387
329,i want to know fun facts about koala bears,129,fun_fact,129,fun_fact,run_03_seed_2024,0.9876213669776917
330,please speak in tagalog,29,change_language,29,change_language,run_03_seed_2024,0.5216004252433777
331,speak in german,29,change_language,29,change_language,run_03_seed_2024,0.8693164587020874
332,speak to me in dutch,29,change_language,29,change_language,run_03_seed_2024,0.9131398797035217
333,speak in french please,29,change_language,29,change_language,run_03_seed_2024,0.9581206440925598
334,speak spanish please,29,change_language,29,change_language,run_03_seed_2024,0.7017276287078857
335,i am not understanding the language you are responding in; switch it for me,29,change_language,29,change_language,run_03_seed_2024,0.8479679822921753
336,i can't understand the language you are responding in; i need you to switch it,29,change_language,29,change_language,run_03_seed_2024,0.929169774055481
337,i need you to switch the language you are responding as i don't understand,29,change_language,29,change_language,run_03_seed_2024,0.8031865954399109
338,i don't understand your language; switch the language,29,change_language,29,change_language,run_03_seed_2024,0.9944431185722351
339,i need you to switch the language you are responding in,29,change_language,29,change_language,run_03_seed_2024,0.9684176445007324
340,i'd like to speak in portuguese,29,change_language,29,change_language,run_03_seed_2024,0.5077747702598572
341,can we speak in german,29,change_language,29,change_language,run_03_seed_2024,0.8927993774414062
342,i want to use spanish with you,29,change_language,29,change_language,run_03_seed_2024,0.4463508427143097
343,please let's speak in spanish,29,change_language,29,change_language,run_03_seed_2024,0.931795060634613
344,please can we speak in dutch,29,change_language,29,change_language,run_03_seed_2024,0.6074011921882629
345,can you make the default language swedish,29,change_language,29,change_language,run_03_seed_2024,0.5573181509971619
346,is it possible to talk to you in mandarin,29,change_language,29,change_language,run_03_seed_2024,0.7801383137702942
347,would you understand me if i speak to you in navajo,29,change_language,29,change_language,run_03_seed_2024,0.6673583984375
348,i'd like the language to be in spanish,29,change_language,29,change_language,run_03_seed_2024,0.9873908162117004
349,i'd like to use you using russian,29,change_language,29,change_language,run_03_seed_2024,0.12045129388570786
350,can i speak spanish to you hombre,29,change_language,29,change_language,run_03_seed_2024,0.8540741801261902
351,i want to start talking to you in swedish,29,change_language,29,change_language,run_03_seed_2024,0.7084210515022278
352,can i get you to change your language setting to russian,29,change_language,29,change_language,run_03_seed_2024,0.959658145904541
353,please make your language setting norwegian,29,change_language,29,change_language,run_03_seed_2024,0.9378440380096436
354,i am going to speak english now,29,change_language,29,change_language,run_03_seed_2024,0.8156588673591614
355,do you speak english,29,change_language,29,change_language,run_03_seed_2024,0.4606821835041046
356,i want to talk english,29,change_language,29,change_language,run_03_seed_2024,0.4619683027267456
357,we have to speak in english,29,change_language,29,change_language,run_03_seed_2024,0.7531165480613708
358,speak in dutch,29,change_language,29,change_language,run_03_seed_2024,0.5689134001731873
359,i want to speak to you in swiss german,29,change_language,29,change_language,run_03_seed_2024,0.9405790567398071
360,how long until my paycheck shows up,79,payday,79,payday,run_03_seed_2024,0.8084160685539246
361,can you tell me the date of my last check,79,payday,37,last_maintenance,run_03_seed_2024,0.5537578463554382
362,what was the date when i last go paid,79,payday,79,payday,run_03_seed_2024,0.7798298001289368
363,what's the date on my last pay stub,79,payday,79,payday,run_03_seed_2024,0.33345282077789307
364,when can i expect my paycheck,79,payday,79,payday,run_03_seed_2024,0.8844814896583557
365,when is the next time i'll receive a paycheck,79,payday,79,payday,run_03_seed_2024,0.6802660226821899
366,when did i last collect my salary,79,payday,37,last_maintenance,run_03_seed_2024,0.6267093420028687
367,when do i next get paid,79,payday,79,payday,run_03_seed_2024,0.9904760122299194
368,when is my paycheck arriving,79,payday,79,payday,run_03_seed_2024,0.9765579104423523
369,what day is payday,79,payday,79,payday,run_03_seed_2024,0.44628968834877014
370,do you know when my next check is coming,79,payday,79,payday,run_03_seed_2024,0.5465720295906067
371,when do i get my next paycheck,79,payday,79,payday,run_03_seed_2024,0.9951215386390686
372,when's pay day for me,79,payday,56,bill_due,run_03_seed_2024,0.5537136197090149
373,i need to know when i get paid next,79,payday,79,payday,run_03_seed_2024,0.9804677963256836
374,when's my next pay day,79,payday,79,payday,run_03_seed_2024,0.41432246565818787
375,what day's my pay coming next,79,payday,79,payday,run_03_seed_2024,0.6755282282829285
376,when do i get paid for my work,79,payday,79,payday,run_03_seed_2024,0.9574069380760193
377,look up when my payday is supposed to be,79,payday,79,payday,run_03_seed_2024,0.4722949266433716
378,when can i expect to be paid,79,payday,79,payday,run_03_seed_2024,0.6545386910438538
379,look up the date for my next payday,79,payday,79,payday,run_03_seed_2024,0.9061753153800964
380,what day will i earn my payment from work,79,payday,93,income,run_03_seed_2024,0.28538668155670166
381,find out when my next upcoming payday will be,79,payday,79,payday,run_03_seed_2024,0.7981897592544556
382,when is the next payday i can look forward to,79,payday,79,payday,run_03_seed_2024,0.6076449751853943
383,what day can i expect to receive payment on,79,payday,56,bill_due,run_03_seed_2024,0.07819588482379913
384,when will my next paycheck be coming,79,payday,79,payday,run_03_seed_2024,0.9805501103401184
385,when will my payment be deposited,79,payday,56,bill_due,run_03_seed_2024,0.44954487681388855
386,when do i get my next pay check,79,payday,79,payday,run_03_seed_2024,0.7273558974266052
387,is it payday,79,payday,79,payday,run_03_seed_2024,0.403761625289917
388,do you know when i'll receive my next paycheck,79,payday,79,payday,run_03_seed_2024,0.9760375022888184
389,what date do i get paid,79,payday,79,payday,run_03_seed_2024,0.9688225388526917
390,how long does it take for a credit card to be reissued and mailed to me,90,replacement_card_duration,90,replacement_card_duration,run_03_seed_2024,0.9264644980430603
391,can credit card companies expedite delivery of reissued credit cards,90,replacement_card_duration,91,new_card,run_03_seed_2024,0.2100624293088913
392,can you call the help desk line for my credit card company,90,replacement_card_duration,6,redeem_rewards,run_03_seed_2024,0.16888917982578278
393,how can i request a new credit card,90,replacement_card_duration,91,new_card,run_03_seed_2024,0.8191131353378296
394,what's the phone number for my credit card company,90,replacement_card_duration,42,oos,run_03_seed_2024,0.14352254569530487
395,i recently lost my credit card and need to know how long it takes to get a new one mailed to me,90,replacement_card_duration,90,replacement_card_duration,run_03_seed_2024,0.798574686050415
396,i need to know the time it takes to get a new credit card sent to someone who lost theirs,90,replacement_card_duration,90,replacement_card_duration,run_03_seed_2024,0.43180257081985474
397,i lost my credit card recently how long does take to get a new one in the mail,90,replacement_card_duration,90,replacement_card_duration,run_03_seed_2024,0.9071750640869141
398,what is amount of time it takes to get a new credit card i lost mine recently,90,replacement_card_duration,90,replacement_card_duration,run_03_seed_2024,0.5856621861457825
399,what is the time frame for sending a customer who lost their credit card a new one,90,replacement_card_duration,90,replacement_card_duration,run_03_seed_2024,0.5292497277259827
400,will i get getting my new card anytime soon,90,replacement_card_duration,90,replacement_card_duration,run_03_seed_2024,0.9291529059410095
401,what is the shipping status of my replacement card,90,replacement_card_duration,90,replacement_card_duration,run_03_seed_2024,0.6523550748825073
402,how long until i get my replacement card,90,replacement_card_duration,90,replacement_card_duration,run_03_seed_2024,0.9810622334480286
403,when is my new card expected to arrive,90,replacement_card_duration,90,replacement_card_duration,run_03_seed_2024,0.9460552930831909
404,is my replacement card due to arrive in the mail today,90,replacement_card_duration,90,replacement_card_duration,run_03_seed_2024,0.9139883518218994
405,how long before my new card is mailed to me,90,replacement_card_duration,90,replacement_card_duration,run_03_seed_2024,0.9927674531936646
406,what is the shipping time for my card,90,replacement_card_duration,90,replacement_card_duration,run_03_seed_2024,0.6631787419319153
407,how much time before my new card is mailed to me,90,replacement_card_duration,90,replacement_card_duration,run_03_seed_2024,0.9846677184104919
408,how long does it take to get a new credit card,90,replacement_card_duration,90,replacement_card_duration,run_03_seed_2024,0.884799063205719
409,time to order and receive a new credit card,90,replacement_card_duration,90,replacement_card_duration,run_03_seed_2024,0.6483587622642517
410,when will i received a replacement card,90,replacement_card_duration,90,replacement_card_duration,run_03_seed_2024,0.9805648922920227
411,time to replace my credit card,90,replacement_card_duration,90,replacement_card_duration,run_03_seed_2024,0.5829965472221375
412,how long before the replacement card is mailed to me,90,replacement_card_duration,90,replacement_card_duration,run_03_seed_2024,0.9837696552276611
413,how much longer before the card is mailed to me,90,replacement_card_duration,90,replacement_card_duration,run_03_seed_2024,0.36607399582862854
414,how long will it takes to get a new credit card,90,replacement_card_duration,90,replacement_card_duration,run_03_seed_2024,0.9496574401855469
415,what is the shipping wait for my card,90,replacement_card_duration,90,replacement_card_duration,run_03_seed_2024,0.5316625237464905
416,when will the replaecment card arrive,90,replacement_card_duration,90,replacement_card_duration,run_03_seed_2024,0.7276656031608582
417,let me know the wait on a replacement credit card,90,replacement_card_duration,90,replacement_card_duration,run_03_seed_2024,0.6576613783836365
418,let me know when the replacement card will arrive,90,replacement_card_duration,90,replacement_card_duration,run_03_seed_2024,0.9143991470336914
419,how soon can i expect a replacement card for my lost card to arrive,90,replacement_card_duration,90,replacement_card_duration,run_03_seed_2024,0.893275260925293
420,i need you to tell me what time it is in new york now,4,time,4,time,run_03_seed_2024,0.7919670939445496
421,"what time is it in adelaide, australia right now",4,time,4,time,run_03_seed_2024,0.9951153993606567
422,is it after noon,4,time,5,weather,run_03_seed_2024,0.3443654179573059
423,is it six o clock yet,4,time,4,time,run_03_seed_2024,0.24424411356449127
424,please give me the time in tanzania at this moment,4,time,4,time,run_03_seed_2024,0.8593788146972656
425,can you tell me the current time in jamaica,4,time,4,time,run_03_seed_2024,0.9519054889678955
426,"tell me the time in san francisco, please",4,time,4,time,run_03_seed_2024,0.9202864766120911
427,"what time is it right now in adelaide, australia",4,time,4,time,run_03_seed_2024,0.9931437969207764
428,what time is it in the eastern timezone,4,time,4,time,run_03_seed_2024,0.9885878562927246
429,what time is it in the mountain timezone,4,time,4,time,run_03_seed_2024,0.9902991056442261
430,what time is it in the greenwich timezone,4,time,4,time,run_03_seed_2024,0.9943753480911255
431,what time is it in the central timezone,4,time,4,time,run_03_seed_2024,0.9794421792030334
432,tell me what the time is in dallas,4,time,4,time,run_03_seed_2024,0.9521748423576355
433,what is the current time in dallas,4,time,4,time,run_03_seed_2024,0.9793369770050049
434,can you tell me what time it is in dallas,4,time,4,time,run_03_seed_2024,0.9061923623085022
435,what time is it in dallas,4,time,4,time,run_03_seed_2024,0.9856327772140503
436,tell time for another city: dallas,4,time,86,cook_time,run_03_seed_2024,0.23525965213775635
437,what time is it right now at home,4,time,4,time,run_03_seed_2024,0.9681670665740967
438,what’s the time in new york,4,time,4,time,run_03_seed_2024,0.9419383406639099
439,tell me the time in california,4,time,4,time,run_03_seed_2024,0.9957773685455322
440,tell me the time in las vegas,4,time,4,time,run_03_seed_2024,0.9432565569877625
441,what is the time is central time zone,4,time,4,time,run_03_seed_2024,0.9415884017944336
442,what is the time in the usa,4,time,4,time,run_03_seed_2024,0.9714386463165283
443,what is the time in est,4,time,4,time,run_03_seed_2024,0.997066080570221
444,whats the exact time,4,time,4,time,run_03_seed_2024,0.6835658550262451
445,what is the current time,4,time,4,time,run_03_seed_2024,0.9880377054214478
446,what's the current time,4,time,4,time,run_03_seed_2024,0.9877544045448303
447,what time is it in california,4,time,4,time,run_03_seed_2024,0.9976968169212341
448,please give me the time,4,time,4,time,run_03_seed_2024,0.9371201992034912
449,the time is what,4,time,4,time,run_03_seed_2024,0.9914531707763672
450,how is the status of my credit card application coming along,103,application_status,103,application_status,run_03_seed_2024,0.9944490194320679
451,what exactly is the status of my application for the credit card,103,application_status,103,application_status,run_03_seed_2024,0.9832751154899597
452,i need to know the status of my credit card application,103,application_status,103,application_status,run_03_seed_2024,0.9954819679260254
453,i would like to know the status of my credit card application,103,application_status,103,application_status,run_03_seed_2024,0.9913316965103149
454,let me know if my application for american saving bank,103,application_status,103,application_status,run_03_seed_2024,0.6218427419662476
455,check the status of my credit card application for me,103,application_status,103,application_status,run_03_seed_2024,0.9939457774162292
456,i want to know if my credit card application has been processed,103,application_status,103,application_status,run_03_seed_2024,0.998688280582428
457,i want to know the status of my credit card application,103,application_status,103,application_status,run_03_seed_2024,0.9950259327888489
458,can you check if my credit card application has been processed,103,application_status,103,application_status,run_03_seed_2024,0.997747004032135
459,i want to know how is my credit card application going,103,application_status,103,application_status,run_03_seed_2024,0.9643383026123047
460,can you let me know the status of my discover credit card application status,103,application_status,103,application_status,run_03_seed_2024,0.9560105204582214
461,can you tell me the status of my credit card application,103,application_status,103,application_status,run_03_seed_2024,0.9932441115379333
462,has my application for american express gone through yet,103,application_status,103,application_status,run_03_seed_2024,0.9702306985855103
463,let me know about the status of my credit card application,103,application_status,103,application_status,run_03_seed_2024,0.9901658892631531
464,can you please tell me about the status of my credit card application,103,application_status,103,application_status,run_03_seed_2024,0.9842547178268433
465,can you please let me know the status of my capital one application,103,application_status,103,application_status,run_03_seed_2024,0.289959192276001
466,let me know the credit card application status,103,application_status,103,application_status,run_03_seed_2024,0.9700621962547302
467,has my application for discover card gone through yet,103,application_status,103,application_status,run_03_seed_2024,0.97621750831604
468,can you tell me the credit card application status,103,application_status,103,application_status,run_03_seed_2024,0.9764857292175293
469,has my application for the hsbc card been approved yet,103,application_status,103,application_status,run_03_seed_2024,0.9641416668891907
470,please tell me if my application for the hsbc card has gone through yet,103,application_status,103,application_status,run_03_seed_2024,0.9816770553588867
471,how far has my application for the hsbc card gone till now,103,application_status,103,application_status,run_03_seed_2024,0.8728345632553101
472,what's the status on my application for the hsbc credit card,103,application_status,103,application_status,run_03_seed_2024,0.9799203276634216
473,how far has my application for the hsbc card proceeded till now,103,application_status,103,application_status,run_03_seed_2024,0.8948164582252502
474,did the application for my visa card finish,103,application_status,103,application_status,run_03_seed_2024,0.8139151930809021
475,has my mastercard application gone through the process,103,application_status,103,application_status,run_03_seed_2024,0.8855819702148438
476,has my mastercard application gone through yet,103,application_status,103,application_status,run_03_seed_2024,0.9620332717895508
477,has my application for my visa card gone through,103,application_status,103,application_status,run_03_seed_2024,0.9662703275680542
478,has my mastercard application been processed,103,application_status,103,application_status,run_03_seed_2024,0.9895200729370117
479,when will i know if my visa card application was approved,103,application_status,103,application_status,run_03_seed_2024,0.9740205407142639
480,what's the status of by delta flight,80,flight_status,80,flight_status,run_03_seed_2024,0.9814481139183044
481,what's the status of my virgin airlines flight,80,flight_status,80,flight_status,run_03_seed_2024,0.9346138834953308
482,what's the status of my jetblue flight,80,flight_status,80,flight_status,run_03_seed_2024,0.9240962266921997
483,what's the status of my southwest flight,80,flight_status,80,flight_status,run_03_seed_2024,0.9576765894889832
484,what's the status of my american airlines flight,80,flight_status,80,flight_status,run_03_seed_2024,0.8995363116264343
485,what's the news with my delta flight,80,flight_status,80,flight_status,run_03_seed_2024,0.9275691509246826
486,where is my delta flight,80,flight_status,80,flight_status,run_03_seed_2024,0.914344310760498
487,what can you tell me about flight dl123,80,flight_status,80,flight_status,run_03_seed_2024,0.8060920834541321
488,where is flight dl123,80,flight_status,80,flight_status,run_03_seed_2024,0.9629791975021362
489,has flight dl123 left,80,flight_status,80,flight_status,run_03_seed_2024,0.9888119697570801
490,is flight dl123 going to arrive on time,80,flight_status,80,flight_status,run_03_seed_2024,0.936479926109314
491,is my spirit flight running on time,80,flight_status,80,flight_status,run_03_seed_2024,0.9226241111755371
492,what's the status for my delta flight this afternoon,80,flight_status,80,flight_status,run_03_seed_2024,0.9514699578285217
493,give me the status on my united airlines flight,80,flight_status,80,flight_status,run_03_seed_2024,0.7403149008750916
494,what's up with my american airline flight will it be on time,80,flight_status,80,flight_status,run_03_seed_2024,0.46108874678611755
495,tell me what the status is for my aa flight,80,flight_status,80,flight_status,run_03_seed_2024,0.8571857213973999
496,i need for you to get me the status of my american airlines flight,80,flight_status,80,flight_status,run_03_seed_2024,0.6125971078872681
497,tell me the status of my american airlines flight,80,flight_status,80,flight_status,run_03_seed_2024,0.9086131453514099
498,i need to know the status of my american airlines flight,80,flight_status,80,flight_status,run_03_seed_2024,0.8407921195030212
499,would you let me know the status of my american airlines flight,80,flight_status,80,flight_status,run_03_seed_2024,0.8104597926139832
500,let me know the status of my american airlines flight,80,flight_status,80,flight_status,run_03_seed_2024,0.8761558532714844
501,has flight dl123 landed,80,flight_status,80,flight_status,run_03_seed_2024,0.9934483170509338
502,"is my flight, dl123 on time",80,flight_status,80,flight_status,run_03_seed_2024,0.9986832737922668
503,how far out is flight dl123,80,flight_status,80,flight_status,run_03_seed_2024,0.9025063514709473
504,is flight dl123 delayed,80,flight_status,80,flight_status,run_03_seed_2024,0.9874675869941711
505,what time is boarding scheduled,80,flight_status,4,time,run_03_seed_2024,0.8061056137084961
506,when is boarding scheduled,80,flight_status,80,flight_status,run_03_seed_2024,0.3091038763523102
507,what time is boarding for my flight,80,flight_status,80,flight_status,run_03_seed_2024,0.9925051927566528
508,when is boarding scheduled for my flight,80,flight_status,80,flight_status,run_03_seed_2024,0.9882517457008362
509,when is my flight scheduled to board,80,flight_status,80,flight_status,run_03_seed_2024,0.994716465473175
510,flip a coin for me and i call heads,33,flip_coin,33,flip_coin,run_03_seed_2024,0.9795854091644287
511,can you flip a coin for me,33,flip_coin,33,flip_coin,run_03_seed_2024,0.9870643615722656
512,give me the results of a coin flip,33,flip_coin,33,flip_coin,run_03_seed_2024,0.9469122886657715
513,please flip a coin for me,33,flip_coin,33,flip_coin,run_03_seed_2024,0.989719033241272
514,please flip a coin for me ai,33,flip_coin,33,flip_coin,run_03_seed_2024,0.9869983792304993
515,flip a coin and tell me if it's heads,33,flip_coin,33,flip_coin,run_03_seed_2024,0.9940932393074036
516,"ai, flip a coin for me",33,flip_coin,33,flip_coin,run_03_seed_2024,0.9940357208251953
517,"ai, please flip a simulated coin",33,flip_coin,33,flip_coin,run_03_seed_2024,0.9760554432868958
518,let's flip a coin i choose heads,33,flip_coin,33,flip_coin,run_03_seed_2024,0.9967646598815918
519,can you please do a simulated coin flip for me ai,33,flip_coin,33,flip_coin,run_03_seed_2024,0.9445052146911621
520,flip a coin i choose heads,33,flip_coin,33,flip_coin,run_03_seed_2024,0.9976529479026794
521,flip a coin i'm calling heads,33,flip_coin,33,flip_coin,run_03_seed_2024,0.999042809009552
522,can you do a coin flip for me ai,33,flip_coin,33,flip_coin,run_03_seed_2024,0.9656438231468201
523,i want you to flip a coin i choose heads,33,flip_coin,33,flip_coin,run_03_seed_2024,0.9943566918373108
524,just toss a coin,33,flip_coin,33,flip_coin,run_03_seed_2024,0.8608057498931885
525,just flip a coin,33,flip_coin,33,flip_coin,run_03_seed_2024,0.9984343647956848
526,throw a coin in the air,33,flip_coin,33,flip_coin,run_03_seed_2024,0.18911506235599518
527,flip a coin into the air,33,flip_coin,33,flip_coin,run_03_seed_2024,0.9025208353996277
528,"heads, coin flip",33,flip_coin,33,flip_coin,run_03_seed_2024,0.9997078776359558
529,"flip coin, heads!",33,flip_coin,33,flip_coin,run_03_seed_2024,0.9998171925544739
530,"flip a coin, i call heads!",33,flip_coin,33,flip_coin,run_03_seed_2024,0.9953493475914001
531,"coin flip, choose heads",33,flip_coin,33,flip_coin,run_03_seed_2024,0.9967638254165649
532,"please flip a coin, i choose heads!",33,flip_coin,33,flip_coin,run_03_seed_2024,0.9948658347129822
533,can you flip a coin i call heads,33,flip_coin,33,flip_coin,run_03_seed_2024,0.990583062171936
534,"flip a coin, i'm heads",33,flip_coin,33,flip_coin,run_03_seed_2024,0.9998171925544739
535,"flip a coin, heads",33,flip_coin,33,flip_coin,run_03_seed_2024,0.9998171925544739
536,"flip us a coin, i call heads",33,flip_coin,33,flip_coin,run_03_seed_2024,0.9870185852050781
537,"flip a coin, you're tails and i'm heads",33,flip_coin,33,flip_coin,run_03_seed_2024,0.9973461627960205
538,give me a coin toss result,33,flip_coin,33,flip_coin,run_03_seed_2024,0.6062066555023193
539,"flip the coin, i choose heads",33,flip_coin,33,flip_coin,run_03_seed_2024,0.9872848391532898
540,bob is my name now,144,change_user_name,144,change_user_name,run_03_seed_2024,0.7468748688697815
541,please start calling me bob,144,change_user_name,144,change_user_name,run_03_seed_2024,0.8705521821975708
542,change my name to bob,144,change_user_name,144,change_user_name,run_03_seed_2024,0.9317763447761536
543,call me bob from now on,144,change_user_name,144,change_user_name,run_03_seed_2024,0.9169428944587708
544,don't call me bill anymore - call me bob,144,change_user_name,144,change_user_name,run_03_seed_2024,0.9838008284568787
545,i want you to call me bailey,144,change_user_name,144,change_user_name,run_03_seed_2024,0.9639304876327515
546,don't call me anything besides bailey,144,change_user_name,144,change_user_name,run_03_seed_2024,0.9342312216758728
547,refer to me as bailey,144,change_user_name,144,change_user_name,run_03_seed_2024,0.7139253616333008
548,"address me as ""bailey",144,change_user_name,144,change_user_name,run_03_seed_2024,0.8976584076881409
549,please call me bailey,144,change_user_name,144,change_user_name,run_03_seed_2024,0.9766567945480347
550,can you call me a different name,144,change_user_name,144,change_user_name,run_03_seed_2024,0.8353726267814636
551,could you call me a different name,144,change_user_name,144,change_user_name,run_03_seed_2024,0.7904208302497864
552,"could you call me a different name, please",144,change_user_name,144,change_user_name,run_03_seed_2024,0.7709330916404724
553,"could you call me by a different name, please",144,change_user_name,144,change_user_name,run_03_seed_2024,0.784156322479248
554,"can you call me a different name, please",144,change_user_name,144,change_user_name,run_03_seed_2024,0.8116024136543274
555,"ai, my name is deb please use my name when you talk to me",144,change_user_name,144,change_user_name,run_03_seed_2024,0.8403792977333069
556,ai answer my questions with my name first which is deb,144,change_user_name,11,user_name,run_03_seed_2024,0.36082884669303894
557,"ai, refer to me as deb when answering me",144,change_user_name,11,user_name,run_03_seed_2024,0.4617590308189392
558,"ai, address me as deb when speaking to me",144,change_user_name,144,change_user_name,run_03_seed_2024,0.8117644190788269
559,"ai, call me deb",144,change_user_name,144,change_user_name,run_03_seed_2024,0.9649668335914612
560,change my name please,144,change_user_name,144,change_user_name,run_03_seed_2024,0.9328898191452026
561,please go ahead and change my name,144,change_user_name,144,change_user_name,run_03_seed_2024,0.8326542973518372
562,please switch my name,144,change_user_name,144,change_user_name,run_03_seed_2024,0.6058674454689026
563,change name for me,144,change_user_name,144,change_user_name,run_03_seed_2024,0.3877458870410919
564,my name is going to be sherlock,144,change_user_name,144,change_user_name,run_03_seed_2024,0.8333512544631958
565,start calling me jake from now on,144,change_user_name,55,change_ai_name,run_03_seed_2024,0.4562981128692627
566,call me shane,144,change_user_name,144,change_user_name,run_03_seed_2024,0.9839782118797302
567,i want you to call me sheldon,144,change_user_name,144,change_user_name,run_03_seed_2024,0.9639304876327515
568,i want to be called timothy,144,change_user_name,144,change_user_name,run_03_seed_2024,0.7925716638565063
569,call me mike from now on,144,change_user_name,144,change_user_name,run_03_seed_2024,0.8055503368377686
570,where are you coming from,77,where_are_you_from,77,where_are_you_from,run_03_seed_2024,0.7723401188850403
571,from where do you come,77,where_are_you_from,77,where_are_you_from,run_03_seed_2024,0.8547500967979431
572,what place are you from,77,where_are_you_from,77,where_are_you_from,run_03_seed_2024,0.9757052063941956
573,where are you from originally,77,where_are_you_from,77,where_are_you_from,run_03_seed_2024,0.9822931885719299
574,"so, where do you come from",77,where_are_you_from,77,where_are_you_from,run_03_seed_2024,0.770738422870636
575,so where do you come from originally,77,where_are_you_from,77,where_are_you_from,run_03_seed_2024,0.7596837282180786
576,where do you call home,77,where_are_you_from,77,where_are_you_from,run_03_seed_2024,0.7575486302375793
577,what's your home country,77,where_are_you_from,77,where_are_you_from,run_03_seed_2024,0.9350857138633728
578,where did you live before you moved here,77,where_are_you_from,77,where_are_you_from,run_03_seed_2024,0.9779741168022156
579,are you from here or somewhere else originally,77,where_are_you_from,77,where_are_you_from,run_03_seed_2024,0.5143699049949646
580,tell me where you're from,77,where_are_you_from,77,where_are_you_from,run_03_seed_2024,0.9771364331245422
581,what area did you come from,77,where_are_you_from,77,where_are_you_from,run_03_seed_2024,0.8969023823738098
582,what is your origin,77,where_are_you_from,77,where_are_you_from,run_03_seed_2024,0.7779632806777954
583,where was it you were born,77,where_are_you_from,77,where_are_you_from,run_03_seed_2024,0.7796742916107178
584,the place you were born is,77,where_are_you_from,77,where_are_you_from,run_03_seed_2024,0.5849378705024719
585,what location were you born,77,where_are_you_from,77,where_are_you_from,run_03_seed_2024,0.9444854259490967
586,where were you put together,77,where_are_you_from,77,where_are_you_from,run_03_seed_2024,0.8420803546905518
587,where is your home planet,77,where_are_you_from,77,where_are_you_from,run_03_seed_2024,0.9789766073226929
588,where is your home town,77,where_are_you_from,77,where_are_you_from,run_03_seed_2024,0.9591920971870422
589,where were you thought of,77,where_are_you_from,77,where_are_you_from,run_03_seed_2024,0.9854596257209778
590,where do you originate from,77,where_are_you_from,77,where_are_you_from,run_03_seed_2024,0.8624903559684753
591,where have you come from,77,where_are_you_from,77,where_are_you_from,run_03_seed_2024,0.8303275108337402
592,where were you before,77,where_are_you_from,77,where_are_you_from,run_03_seed_2024,0.9731485843658447
593,where were you processed,77,where_are_you_from,77,where_are_you_from,run_03_seed_2024,0.9647611379623413
594,a hidden government facility,77,where_are_you_from,114,goodbye,run_03_seed_2024,0.04470822960138321
595,what region were you born,77,where_are_you_from,77,where_are_you_from,run_03_seed_2024,0.7240803837776184
596,from where did you originate,77,where_are_you_from,77,where_are_you_from,run_03_seed_2024,0.9684885144233704
597,are you from around here,77,where_are_you_from,77,where_are_you_from,run_03_seed_2024,0.6776291728019714
598,in what place are you originally from,77,where_are_you_from,77,where_are_you_from,run_03_seed_2024,0.8089303970336914
599,where did you grow up,77,where_are_you_from,77,where_are_you_from,run_03_seed_2024,0.7646544575691223
600,tack on a gallon of milk to the grocery list,125,shopping_list_update,125,shopping_list_update,run_03_seed_2024,0.2028060257434845
601,add laundry detergent to the list,125,shopping_list_update,65,todo_list_update,run_03_seed_2024,0.5045508742332458
602,make sure to put eggs on the grocery list,125,shopping_list_update,125,shopping_list_update,run_03_seed_2024,0.7330153584480286
603,the list should also have 2 loaves of bread,125,shopping_list_update,125,shopping_list_update,run_03_seed_2024,0.3166097402572632
604,include asparagus on the list,125,shopping_list_update,125,shopping_list_update,run_03_seed_2024,0.39963147044181824
605,remove milk and add eggs to my shopping list,125,shopping_list_update,125,shopping_list_update,run_03_seed_2024,0.9909864068031311
606,put milk on my shopping list,125,shopping_list_update,125,shopping_list_update,run_03_seed_2024,0.688304603099823
607,i'd like to add pancake mix to my shopping list if it's not already there,125,shopping_list_update,125,shopping_list_update,run_03_seed_2024,0.949134886264801
608,"if soda isn't on my shopping list, go ahead and add it for me",125,shopping_list_update,125,shopping_list_update,run_03_seed_2024,0.887213408946991
609,add milk to my shopping list,125,shopping_list_update,125,shopping_list_update,run_03_seed_2024,0.9698057174682617
610,take toilet paper off my shopping list,125,shopping_list_update,125,shopping_list_update,run_03_seed_2024,0.8872094750404358
611,i need to add flour to my list for shopping if i haven't already,125,shopping_list_update,125,shopping_list_update,run_03_seed_2024,0.9526102542877197
612,take toilet paper off my shopping list and add paper towels,125,shopping_list_update,125,shopping_list_update,run_03_seed_2024,0.9487152695655823
613,i need hot dogs added to my shopping list please,125,shopping_list_update,125,shopping_list_update,run_03_seed_2024,0.9456668496131897
614,please put chips on my shopping list,125,shopping_list_update,125,shopping_list_update,run_03_seed_2024,0.9512052536010742
615,"is milk in my shopping list if not, add it",125,shopping_list_update,125,shopping_list_update,run_03_seed_2024,0.9266329407691956
616,can you add eggs to my shopping list,125,shopping_list_update,125,shopping_list_update,run_03_seed_2024,0.9764010310173035
617,add eggs to my shopping list if it's not already there,125,shopping_list_update,125,shopping_list_update,run_03_seed_2024,0.9684864282608032
618,i'd like to get soda while i'm out; add it to my shopping list,125,shopping_list_update,125,shopping_list_update,run_03_seed_2024,0.964531421661377
619,"on my shopping list, remove eggs",125,shopping_list_update,125,shopping_list_update,run_03_seed_2024,0.7969074249267578
620,i need eggs; add them to my shopping list,125,shopping_list_update,125,shopping_list_update,run_03_seed_2024,0.9835804104804993
621,"take soda from my shopping list, and while you're at it add tea",125,shopping_list_update,125,shopping_list_update,run_03_seed_2024,0.9525375962257385
622,milk should be added to my shopping list,125,shopping_list_update,125,shopping_list_update,run_03_seed_2024,0.9213005304336548
623,"i don't need eggs anymore, but i do need milk",125,shopping_list_update,134,ingredient_substitution,run_03_seed_2024,0.1741429716348648
624,take paper towels off of my shopping list,125,shopping_list_update,125,shopping_list_update,run_03_seed_2024,0.7636740207672119
625,i need milk on my shopping list,125,shopping_list_update,43,shopping_list,run_03_seed_2024,0.5831526517868042
626,i don't need toilet paper anymore; take it off my shopping list,125,shopping_list_update,125,shopping_list_update,run_03_seed_2024,0.8400314450263977
627,"throw eggs on my shopping list, please",125,shopping_list_update,125,shopping_list_update,run_03_seed_2024,0.7835821509361267
628,i need water on my shopping list and beer off of it,125,shopping_list_update,125,shopping_list_update,run_03_seed_2024,0.9086300730705261
629,i need bananas on the list too,125,shopping_list_update,125,shopping_list_update,run_03_seed_2024,0.5709070563316345
630,can you tell me what you can help with,115,what_can_i_ask_you,115,what_can_i_ask_you,run_03_seed_2024,0.8676571249961853
631,what things are you able to help me with,115,what_can_i_ask_you,115,what_can_i_ask_you,run_03_seed_2024,0.988838791847229
632,i would like to know what you can help with,115,what_can_i_ask_you,115,what_can_i_ask_you,run_03_seed_2024,0.6743146777153015
633,what kind of things can you help with,115,what_can_i_ask_you,115,what_can_i_ask_you,run_03_seed_2024,0.9669753909111023
634,i want to know what type of things you can help me with,115,what_can_i_ask_you,115,what_can_i_ask_you,run_03_seed_2024,0.95539391040802
635,please help me to know what type of things you can help me with,115,what_can_i_ask_you,115,what_can_i_ask_you,run_03_seed_2024,0.9230658411979675
636,can i know what type of things you can help me with,115,what_can_i_ask_you,115,what_can_i_ask_you,run_03_seed_2024,0.9592997431755066
637,i would like to know what type of things you can help me with,115,what_can_i_ask_you,115,what_can_i_ask_you,run_03_seed_2024,0.9355469346046448
638,i will be glad to know what type of things you can help me with,115,what_can_i_ask_you,115,what_can_i_ask_you,run_03_seed_2024,0.9008742570877075
639,what subjects do you like,115,what_can_i_ask_you,115,what_can_i_ask_you,run_03_seed_2024,0.8579287528991699
640,tell me what subjects you like,115,what_can_i_ask_you,115,what_can_i_ask_you,run_03_seed_2024,0.8816469311714172
641,please tell me what subjects you like,115,what_can_i_ask_you,115,what_can_i_ask_you,run_03_seed_2024,0.8473196029663086
642,so what subjects do you like,115,what_can_i_ask_you,115,what_can_i_ask_you,run_03_seed_2024,0.7152350544929504
643,what type of questions can i ask you,115,what_can_i_ask_you,115,what_can_i_ask_you,run_03_seed_2024,0.993827760219574
644,what kinds of things are you familiar with,115,what_can_i_ask_you,115,what_can_i_ask_you,run_03_seed_2024,0.96240234375
645,what subjects are you experienced in,115,what_can_i_ask_you,115,what_can_i_ask_you,run_03_seed_2024,0.9373305439949036
646,what knowledge do you have on certain subjects,115,what_can_i_ask_you,115,what_can_i_ask_you,run_03_seed_2024,0.6766231060028076
647,what kid of subjects do you excel in,115,what_can_i_ask_you,115,what_can_i_ask_you,run_03_seed_2024,0.8771515488624573
648,what subjects or areas are you familiar with,115,what_can_i_ask_you,115,what_can_i_ask_you,run_03_seed_2024,0.9826516509056091
649,which subjects are you the most experienced with,115,what_can_i_ask_you,115,what_can_i_ask_you,run_03_seed_2024,0.4899149537086487
650,tell me what you can do for me,115,what_can_i_ask_you,115,what_can_i_ask_you,run_03_seed_2024,0.29162174463272095
651,what sorts of tasks can you do,115,what_can_i_ask_you,115,what_can_i_ask_you,run_03_seed_2024,0.8369739055633545
652,what can you do for me,115,what_can_i_ask_you,115,what_can_i_ask_you,run_03_seed_2024,0.7885420322418213
653,what can you do to make yourself useful,115,what_can_i_ask_you,115,what_can_i_ask_you,run_03_seed_2024,0.29544976353645325
654,what would you be able to do with me,115,what_can_i_ask_you,115,what_can_i_ask_you,run_03_seed_2024,0.5841395854949951
655,give me examples of what to ask you,115,what_can_i_ask_you,115,what_can_i_ask_you,run_03_seed_2024,0.8720914721488953
656,tell me what types of questions i can ask you,115,what_can_i_ask_you,115,what_can_i_ask_you,run_03_seed_2024,0.9970666766166687
657,what are you programmed to do for me,115,what_can_i_ask_you,115,what_can_i_ask_you,run_03_seed_2024,0.34113165736198425
658,what things do you know how to do,115,what_can_i_ask_you,115,what_can_i_ask_you,run_03_seed_2024,0.6880863308906555
659,how can you help me,115,what_can_i_ask_you,115,what_can_i_ask_you,run_03_seed_2024,0.7123259902000427
660,undecided,121,maybe,114,goodbye,run_03_seed_2024,0.05108167231082916
661,i'm afraid i don't know how to answer that,121,maybe,121,maybe,run_03_seed_2024,0.9703075885772705
662,might,121,maybe,121,maybe,run_03_seed_2024,0.25479134917259216
663,it might go either way,121,maybe,121,maybe,run_03_seed_2024,0.8250889778137207
664,both could be,121,maybe,121,maybe,run_03_seed_2024,0.9330223202705383
665,either or,121,maybe,121,maybe,run_03_seed_2024,0.9541760087013245
666,my answer would be maybe,121,maybe,121,maybe,run_03_seed_2024,0.8947116732597351
667,either one might be,121,maybe,121,maybe,run_03_seed_2024,0.9661313891410828
668,i can't say for certain either way,121,maybe,121,maybe,run_03_seed_2024,0.3926917016506195
669,it could go either way,121,maybe,121,maybe,run_03_seed_2024,0.9396563172340393
670,it's definitely a maybe for that,121,maybe,121,maybe,run_03_seed_2024,0.7857771515846252
671,i am not sure,121,maybe,121,maybe,run_03_seed_2024,0.9527677893638611
672,maybe it is,121,maybe,121,maybe,run_03_seed_2024,0.929523766040802
673,i can't say,121,maybe,61,translate,run_03_seed_2024,0.6037418842315674
674,could be,121,maybe,121,maybe,run_03_seed_2024,0.6580988168716431
675,i am unable to say,121,maybe,61,translate,run_03_seed_2024,0.16665640473365784
676,i am not able to say,121,maybe,121,maybe,run_03_seed_2024,0.18043464422225952
677,i am really not sure,121,maybe,121,maybe,run_03_seed_2024,0.9232386350631714
678,i do not know,121,maybe,121,maybe,run_03_seed_2024,0.8032410144805908
679,not sure,121,maybe,121,maybe,run_03_seed_2024,0.9388139843940735
680,not sure to be honest,121,maybe,121,maybe,run_03_seed_2024,0.7739450931549072
681,i think maybe,121,maybe,121,maybe,run_03_seed_2024,0.8515791296958923
682,"um, i'm not quite sure",121,maybe,121,maybe,run_03_seed_2024,0.7845041751861572
683,"um, i'm not totally sure",121,maybe,121,maybe,run_03_seed_2024,0.46722063422203064
684,"um, i'm not actually sure",121,maybe,30,no,run_03_seed_2024,0.4305981695652008
685,i'm not actually sure,121,maybe,30,no,run_03_seed_2024,0.4305981695652008
686,"um, i'm not sure",121,maybe,121,maybe,run_03_seed_2024,0.9388139843940735
687,that might be the case,121,maybe,121,maybe,run_03_seed_2024,0.4217059314250946
688,i'm not completely certain,121,maybe,30,no,run_03_seed_2024,0.3849997818470001
689,unsure,121,maybe,121,maybe,run_03_seed_2024,0.8275988101959229
690,help me change my oil,3,oil_change_how,3,oil_change_how,run_03_seed_2024,0.7601302862167358
691,what oil should i use for an oil change and how do i do it,3,oil_change_how,3,oil_change_how,run_03_seed_2024,0.9152078032493591
692,how do i do an oil change,3,oil_change_how,3,oil_change_how,run_03_seed_2024,0.7004773616790771
693,diy oil change,3,oil_change_how,123,oil_change_when,run_03_seed_2024,0.8392902612686157
694,how to do an oil change,3,oil_change_how,3,oil_change_how,run_03_seed_2024,0.7405042052268982
695,give me instructions for an oil change,3,oil_change_how,3,oil_change_how,run_03_seed_2024,0.5257081389427185
696,diy oil change and oil type,3,oil_change_how,3,oil_change_how,run_03_seed_2024,0.5933114290237427
697,oil type and do it yourself oil change information please,3,oil_change_how,3,oil_change_how,run_03_seed_2024,0.5868405103683472
698,i want to know how to change my oil,3,oil_change_how,3,oil_change_how,run_03_seed_2024,0.9782291054725647
699,can you tell me how to change my oil and what kind i use,3,oil_change_how,3,oil_change_how,run_03_seed_2024,0.9928366541862488
700,how to change oil and what oil type,3,oil_change_how,3,oil_change_how,run_03_seed_2024,0.9924342632293701
701,can you please instruct me on the proper way to change the oil in my car,3,oil_change_how,3,oil_change_how,run_03_seed_2024,0.8697395920753479
702,i need guidance on changing my oil,3,oil_change_how,3,oil_change_how,run_03_seed_2024,0.6645428538322449
703,i want a step by step explanation of how to change the oil in my car,3,oil_change_how,3,oil_change_how,run_03_seed_2024,0.9511913657188416
704,can you teach me how to change my oil,3,oil_change_how,3,oil_change_how,run_03_seed_2024,0.9444161057472229
705,can you teach me how to change my oil in my car,3,oil_change_how,3,oil_change_how,run_03_seed_2024,0.9823203086853027
706,help me figure out how to change my oil,3,oil_change_how,3,oil_change_how,run_03_seed_2024,0.900629460811615
707,walk me through the steps involved in changing my oil,3,oil_change_how,3,oil_change_how,run_03_seed_2024,0.7599345445632935
708,give me step by step instructions for changing my oil,3,oil_change_how,3,oil_change_how,run_03_seed_2024,0.6877982020378113
709,i want to change the oil in my car but i do not know how to do it can you help,3,oil_change_how,3,oil_change_how,run_03_seed_2024,0.9733673334121704
710,put together a list of instructions for me on how to change the oil in my car,3,oil_change_how,3,oil_change_how,run_03_seed_2024,0.9641027450561523
711,"is it possible to change oil, if so how and what do i use",3,oil_change_how,3,oil_change_how,run_03_seed_2024,0.8869401216506958
712,what oil do i use when changing oil and how do i do it,3,oil_change_how,3,oil_change_how,run_03_seed_2024,0.9415661692619324
713,how would i replace my oil and what sort of oil should i use,3,oil_change_how,3,oil_change_how,run_03_seed_2024,0.9263337850570679
714,"can you change the oil, with what and how",3,oil_change_how,3,oil_change_how,run_03_seed_2024,0.9098036289215088
715,how could i replace my oil and what form of oil ought to i take advantage of,3,oil_change_how,3,oil_change_how,run_03_seed_2024,0.8639094233512878
716,can you tell me how to change my oil please,3,oil_change_how,3,oil_change_how,run_03_seed_2024,0.9734719395637512
717,how do i change my oil,3,oil_change_how,3,oil_change_how,run_03_seed_2024,0.9231727123260498
718,please let me know how to change the oil,3,oil_change_how,3,oil_change_how,run_03_seed_2024,0.9216035604476929
719,i need to know how to change oil in a car,3,oil_change_how,3,oil_change_how,run_03_seed_2024,0.980899453163147
720,"i'd like to make a reservation at rooth chris, can you do that",23,restaurant_reservation,9,accept_reservations,run_03_seed_2024,0.41687238216400146
721,make a reservation for chik-fil-a at 3 o' clock please,23,restaurant_reservation,23,restaurant_reservation,run_03_seed_2024,0.9129651784896851
722,reserve a table for 3 at 7 for olive garden,23,restaurant_reservation,23,restaurant_reservation,run_03_seed_2024,0.9760572910308838
723,will you reserve a table at olive garden for 3 people at 7,23,restaurant_reservation,23,restaurant_reservation,run_03_seed_2024,0.8539863228797913
724,"at 7, i need a table for 3 at olive garden",23,restaurant_reservation,23,restaurant_reservation,run_03_seed_2024,0.9770492911338806
725,i need a table for 3 at olive garden for 7,23,restaurant_reservation,23,restaurant_reservation,run_03_seed_2024,0.9680536389350891
726,get a table for me at 7 for 3 people at olive garden,23,restaurant_reservation,23,restaurant_reservation,run_03_seed_2024,0.9429351091384888
727,reserve table for 5 at red robin under the name sara at 3,23,restaurant_reservation,23,restaurant_reservation,run_03_seed_2024,0.9924196600914001
728,reverse a table for 5 at burger king under the name sara at 6,23,restaurant_reservation,23,restaurant_reservation,run_03_seed_2024,0.9583076238632202
729,can you reserve a table for 6 at red robin under the name mavrick at 5 clock,23,restaurant_reservation,23,restaurant_reservation,run_03_seed_2024,0.9910891056060791
730,could you reserve table for 3 at carlos jr under the name adam at 4,23,restaurant_reservation,23,restaurant_reservation,run_03_seed_2024,0.9833478331565857
731,i want to reserve table for 5 at red robin under the name sara at 5,23,restaurant_reservation,23,restaurant_reservation,run_03_seed_2024,0.9895681738853455
732,i need a table for two at the havana at nine,23,restaurant_reservation,23,restaurant_reservation,run_03_seed_2024,0.9319294095039368
733,look for me a table at carl's cabin for twelve at eight,23,restaurant_reservation,23,restaurant_reservation,run_03_seed_2024,0.7009040713310242
734,i need a table at gemma for nine at two,23,restaurant_reservation,23,restaurant_reservation,run_03_seed_2024,0.8533586859703064
735,book me a table for three at rainforest cafe at seven,23,restaurant_reservation,23,restaurant_reservation,run_03_seed_2024,0.9599698185920715
736,get me a table for five at itta bena at three,23,restaurant_reservation,23,restaurant_reservation,run_03_seed_2024,0.9775791764259338
737,"5 people are going to be at tropicana by 8pm, reserve the table under martins name please",23,restaurant_reservation,23,restaurant_reservation,run_03_seed_2024,0.34808018803596497
738,use martins name to reserve a table at tropicana for 5 people at 8pm,23,restaurant_reservation,23,restaurant_reservation,run_03_seed_2024,0.9234990477561951
739,reserve a table at tropicana for 5 people under the name martins for 8pm,23,restaurant_reservation,23,restaurant_reservation,run_03_seed_2024,0.9648445844650269
740,martins needs a table for 5 people at tropicana at 8pm precisely,23,restaurant_reservation,23,restaurant_reservation,run_03_seed_2024,0.9071161150932312
741,the table should be reserved at 8pm at tropicana using martins name and it should be for 5 people,23,restaurant_reservation,23,restaurant_reservation,run_03_seed_2024,0.33250483870506287
742,are there any open reservations at outback tonight,23,restaurant_reservation,9,accept_reservations,run_03_seed_2024,0.5573688745498657
743,make a reservation for 2 tonight at 7:00 at outback steakhouse,23,restaurant_reservation,23,restaurant_reservation,run_03_seed_2024,0.8995498418807983
744,michael will reserve a table for two at 7:00pm for olive garden,23,restaurant_reservation,23,restaurant_reservation,run_03_seed_2024,0.820705235004425
745,a table for two needs to be reserved for 7:00pm at olive garden using the name michael,23,restaurant_reservation,23,restaurant_reservation,run_03_seed_2024,0.7611091732978821
746,please reserve a table for two at olive garden at 7:00pm for michael,23,restaurant_reservation,23,restaurant_reservation,run_03_seed_2024,0.9370021224021912
747,get reservations at olive garden for two at 7:00pm under michael,23,restaurant_reservation,23,restaurant_reservation,run_03_seed_2024,0.3285795748233795
748,reservations for two need to be made using michael's name for 7:00pm at olive garden,23,restaurant_reservation,23,restaurant_reservation,run_03_seed_2024,0.45885804295539856
749,i want to eat at seven in the restaurant for two people,23,restaurant_reservation,23,restaurant_reservation,run_03_seed_2024,0.2703678607940674
750,what are my coffers at,35,balance,136,current_location,run_03_seed_2024,0.43233776092529297
751,tell me the current balance of my bank accounts,35,balance,35,balance,run_03_seed_2024,0.9713844656944275
752,what's my current bank account total,35,balance,35,balance,run_03_seed_2024,0.875653862953186
753,how much do i have in my bank accounts,35,balance,35,balance,run_03_seed_2024,0.9951688647270203
754,what's the balance in my bank accounts,35,balance,35,balance,run_03_seed_2024,0.9946449995040894
755,what do i have in my bank accounts right now,35,balance,35,balance,run_03_seed_2024,0.9845778346061707
756,is there enough in my wells fargo account to buy some nike's,35,balance,35,balance,run_03_seed_2024,0.6413315534591675
757,do i have enough in my wells fargo account to get some nike's,35,balance,35,balance,run_03_seed_2024,0.8221052289009094
758,do i have money in my wells fargo account for nike's,35,balance,35,balance,run_03_seed_2024,0.9508418440818787
759,"i want some nike's, is there enough in my wells fargo account",35,balance,35,balance,run_03_seed_2024,0.7513738870620728
760,check my wells fargo account to see if i have enough for these nike's,35,balance,35,balance,run_03_seed_2024,0.4593978822231293
761,would you tell me my bank balance,35,balance,35,balance,run_03_seed_2024,0.9393033981323242
762,can you tell me my bank balance,35,balance,35,balance,run_03_seed_2024,0.9583007097244263
763,will you let me know my bank balance,35,balance,35,balance,run_03_seed_2024,0.7735714912414551
764,will you tell me my bank balance,35,balance,35,balance,run_03_seed_2024,0.9379174709320068
765,how much money is there in my bank accounts,35,balance,35,balance,run_03_seed_2024,0.9835454225540161
766,how much money do i have in my various bank accounts,35,balance,35,balance,run_03_seed_2024,0.9951390027999878
767,how much cash do i have in my various bank accounts,35,balance,35,balance,run_03_seed_2024,0.9928808212280273
768,how much cash do i have in my bank accounts,35,balance,35,balance,run_03_seed_2024,0.9953882694244385
769,how much dough do i have in my bank accounts,35,balance,35,balance,run_03_seed_2024,0.9933851361274719
770,whats the combined total of the money inside my bank accounts,35,balance,35,balance,run_03_seed_2024,0.8638132810592651
771,whats my bank accounts look like,35,balance,35,balance,run_03_seed_2024,0.4946509897708893
772,how much moola is in my bank accounts,35,balance,35,balance,run_03_seed_2024,0.9902058243751526
773,what the numerical number inside my bank accounts,35,balance,35,balance,run_03_seed_2024,0.7618256211280823
774,how much does my bank account have,35,balance,35,balance,run_03_seed_2024,0.7370602488517761
775,tell me the current account balance,35,balance,35,balance,run_03_seed_2024,0.8976296782493591
776,check my checking balance,35,balance,35,balance,run_03_seed_2024,0.9096073508262634
777,how much do i have left in my checking account,35,balance,35,balance,run_03_seed_2024,0.9528261423110962
778,what's my checking look like,35,balance,35,balance,run_03_seed_2024,0.2707862854003906
779,how much do i have in my savings account,35,balance,35,balance,run_03_seed_2024,0.9895228743553162
780,confirm my reservation for march 12 at 9:00 am,85,confirm_reservation,85,confirm_reservation,run_03_seed_2024,0.9796088337898254
781,please confirm that i have a reservation for march 1st at 7,85,confirm_reservation,85,confirm_reservation,run_03_seed_2024,0.9923480749130249
782,can you confirm that i have a reservation for february 21 at 6 o'clock,85,confirm_reservation,85,confirm_reservation,run_03_seed_2024,0.9913008809089661
783,verify my reservation for smith and wollensky at 6:45,85,confirm_reservation,85,confirm_reservation,run_03_seed_2024,0.9271023869514465
784,please confirm my reservation for bar les freres at 7,85,confirm_reservation,85,confirm_reservation,run_03_seed_2024,0.9896094799041748
785,tell me whether or not i have a reservation at gramercy tavern for tad,85,confirm_reservation,85,confirm_reservation,run_03_seed_2024,0.4667953848838806
786,can you confirm that i have a reservation for 2/20 at 6:00 pm,85,confirm_reservation,85,confirm_reservation,run_03_seed_2024,0.9870179295539856
787,please tell me if i still have a reservation at acero for susie,85,confirm_reservation,85,confirm_reservation,run_03_seed_2024,0.7832671403884888
788,please confirm my reservation at brio for theodore,85,confirm_reservation,85,confirm_reservation,run_03_seed_2024,0.9825558662414551
789,confirm my reservation for acero at 7,85,confirm_reservation,85,confirm_reservation,run_03_seed_2024,0.9900237917900085
790,please confirm that i have a reservation for 2/20 at 6:00 pm,85,confirm_reservation,85,confirm_reservation,run_03_seed_2024,0.9829749464988708
791,confirm that there is a reservation at bellagio for thomas,85,confirm_reservation,85,confirm_reservation,run_03_seed_2024,0.948268711566925
792,can you confirm the reservation at fleming's for jane,85,confirm_reservation,85,confirm_reservation,run_03_seed_2024,0.7522278428077698
793,are there reservation for joe and will,85,confirm_reservation,85,confirm_reservation,run_03_seed_2024,0.4271504580974579
794,please verify my reservation for john at bardenay,85,confirm_reservation,85,confirm_reservation,run_03_seed_2024,0.9640119075775146
795,will you call and check on my reservation for john at bardenay,85,confirm_reservation,85,confirm_reservation,run_03_seed_2024,0.9455358982086182
796,is my reservation set for john at bardenay,85,confirm_reservation,85,confirm_reservation,run_03_seed_2024,0.903118371963501
797,do we know if my reservation for john at bardenay was accepted,85,confirm_reservation,85,confirm_reservation,run_03_seed_2024,0.8810263872146606
798,has my reservation for john at bardenay been confirmed,85,confirm_reservation,85,confirm_reservation,run_03_seed_2024,0.9237521290779114
799,"let's try and confirm my reservation for bubble bar under ""franklin",85,confirm_reservation,85,confirm_reservation,run_03_seed_2024,0.9787760376930237
800,i need to confirm my reservation for red lobster for frank,85,confirm_reservation,85,confirm_reservation,run_03_seed_2024,0.9062209129333496
801,"find my reservation for steve at crucere's and confirm it, please",85,confirm_reservation,85,confirm_reservation,run_03_seed_2024,0.9292769432067871
802,confirm the john reservation at applebee's,85,confirm_reservation,85,confirm_reservation,run_03_seed_2024,0.6207596659660339
803,i'd like to confirm the josh reservation at moe's,85,confirm_reservation,85,confirm_reservation,run_03_seed_2024,0.7872993350028992
804,i have a reservation for strip house for jennifer that i'd like to confirm,85,confirm_reservation,85,confirm_reservation,run_03_seed_2024,0.9649206399917603
805,please try to confirm my reservation for jim at barney's,85,confirm_reservation,85,confirm_reservation,run_03_seed_2024,0.9820581078529358
806,confirm my reservation for joe at hoss's,85,confirm_reservation,85,confirm_reservation,run_03_seed_2024,0.9864479303359985
807,i need to confirm the reservation for frank at chili's,85,confirm_reservation,67,cancel_reservation,run_03_seed_2024,0.47444549202919006
808,i'll be confirming my reservation for joseph at red lobster,85,confirm_reservation,85,confirm_reservation,run_03_seed_2024,0.45543545484542847
809,is there a reservation for mark at mimis,85,confirm_reservation,85,confirm_reservation,run_03_seed_2024,0.7703259587287903
810,can you freeze my bank account,20,freeze_account,20,freeze_account,run_03_seed_2024,0.9415687322616577
811,i want to freeze my bank account,20,freeze_account,20,freeze_account,run_03_seed_2024,0.9602416753768921
812,i want my account locked out,20,freeze_account,20,freeze_account,run_03_seed_2024,0.6707209348678589
813,stop all access to my account,20,freeze_account,20,freeze_account,run_03_seed_2024,0.8642638325691223
814,i need my account frozen!,20,freeze_account,20,freeze_account,run_03_seed_2024,0.9399318695068359
815,i need to lock my account right now!,20,freeze_account,20,freeze_account,run_03_seed_2024,0.8959656953811646
816,please force my account to freeze,20,freeze_account,20,freeze_account,run_03_seed_2024,0.9372090697288513
817,please stop my account,20,freeze_account,20,freeze_account,run_03_seed_2024,0.9085721969604492
818,please allow my account to freeze,20,freeze_account,20,freeze_account,run_03_seed_2024,0.9236662983894348
819,please put my account on hold,20,freeze_account,20,freeze_account,run_03_seed_2024,0.9658800959587097
820,freeze my account at the bank immediately,20,freeze_account,20,freeze_account,run_03_seed_2024,0.9681975841522217
821,would you be able to freeze my bank account,20,freeze_account,20,freeze_account,run_03_seed_2024,0.8492113351821899
822,my account at the bank needs to be frozen,20,freeze_account,20,freeze_account,run_03_seed_2024,0.5312520265579224
823,please block my discover account immediately,20,freeze_account,20,freeze_account,run_03_seed_2024,0.933207631111145
824,please put a block on my citi account immediately,20,freeze_account,20,freeze_account,run_03_seed_2024,0.9840893745422363
825,block my american saving bank for now,20,freeze_account,20,freeze_account,run_03_seed_2024,0.4985226094722748
826,block my bank of america immdediately,20,freeze_account,20,freeze_account,run_03_seed_2024,0.694427490234375
827,put a block on bank of amerian immediately,20,freeze_account,20,freeze_account,run_03_seed_2024,0.8160547018051147
828,my account needs to be frozen,20,freeze_account,20,freeze_account,run_03_seed_2024,0.7416045069694519
829,freeze my account for me,20,freeze_account,20,freeze_account,run_03_seed_2024,0.9616312980651855
830,put a freeze on my account,20,freeze_account,20,freeze_account,run_03_seed_2024,0.9504357576370239
831,could you please put a stop on my bank account,20,freeze_account,20,freeze_account,run_03_seed_2024,0.9910821914672852
832,i need to put a stop on my bank account,20,freeze_account,20,freeze_account,run_03_seed_2024,0.993337869644165
833,are you able to put a stop on my bank account,20,freeze_account,20,freeze_account,run_03_seed_2024,0.9577451348304749
834,please put a stop on my bank account,20,freeze_account,20,freeze_account,run_03_seed_2024,0.9956371188163757
835,i am hoping you can put a stop on my bank account,20,freeze_account,20,freeze_account,run_03_seed_2024,0.9661521315574646
836,please put a freeze on my banking account,20,freeze_account,20,freeze_account,run_03_seed_2024,0.9672523140907288
837,i need my bank account frozen,20,freeze_account,20,freeze_account,run_03_seed_2024,0.8105718493461609
838,how do i freeze my bank account,20,freeze_account,20,freeze_account,run_03_seed_2024,0.8371680378913879
839,would you freeze my bank account,20,freeze_account,20,freeze_account,run_03_seed_2024,0.9432092905044556
840,"i heard i can transfer my 401k, but don't know how, do you",100,rollover_401k,100,rollover_401k,run_03_seed_2024,0.9306983947753906
841,"i need some help with transferring my 401k, can you help",100,rollover_401k,100,rollover_401k,run_03_seed_2024,0.9461215734481812
842,can you tell me how to transfer my 401k,100,rollover_401k,100,rollover_401k,run_03_seed_2024,0.9915522933006287
843,i want to transfer my 401k,100,rollover_401k,100,rollover_401k,run_03_seed_2024,0.9977136850357056
844,i wanna transfer my 401k,100,rollover_401k,100,rollover_401k,run_03_seed_2024,0.9977096319198608
845,i have to rollover my 401k,100,rollover_401k,100,rollover_401k,run_03_seed_2024,0.9978603720664978
846,i must rollover my 401k,100,rollover_401k,100,rollover_401k,run_03_seed_2024,0.998406708240509
847,i want help to transfer my 401k,100,rollover_401k,100,rollover_401k,run_03_seed_2024,0.991480827331543
848,help me to transfer my 401k,100,rollover_401k,100,rollover_401k,run_03_seed_2024,0.9973642230033875
849,i will rollover my 401k,100,rollover_401k,100,rollover_401k,run_03_seed_2024,0.9990723133087158
850,i need help to transfer my 401k,100,rollover_401k,100,rollover_401k,run_03_seed_2024,0.9969936609268188
851,i want to rollover my 401k,100,rollover_401k,100,rollover_401k,run_03_seed_2024,0.9982870221138
852,how do i transfer my 401k to a new firm,100,rollover_401k,100,rollover_401k,run_03_seed_2024,0.9909120798110962
853,how do i roll over my 401k,100,rollover_401k,100,rollover_401k,run_03_seed_2024,0.9924752116203308
854,can i move my 401k to an ira,100,rollover_401k,100,rollover_401k,run_03_seed_2024,0.8879711031913757
855,how do i do a 401(k) rollover,100,rollover_401k,104,recipe,run_03_seed_2024,0.17041389644145966
856,can 401ks be moved,100,rollover_401k,134,ingredient_substitution,run_03_seed_2024,0.18351373076438904
857,can i transfer my 401k somewhere,100,rollover_401k,100,rollover_401k,run_03_seed_2024,0.9959457516670227
858,how do i switch 401k companies,100,rollover_401k,100,rollover_401k,run_03_seed_2024,0.41125771403312683
859,tell me how to roll over my 401k,100,rollover_401k,100,rollover_401k,run_03_seed_2024,0.9840083122253418
860,how can i transfer my 401k,100,rollover_401k,100,rollover_401k,run_03_seed_2024,0.9976315498352051
861,what are the steps to rollover my 401k,100,rollover_401k,100,rollover_401k,run_03_seed_2024,0.9831441640853882
862,"my 401k, can i roll it over",100,rollover_401k,100,rollover_401k,run_03_seed_2024,0.99762362241745
863,"i want to rollover my 401k , can i",100,rollover_401k,100,rollover_401k,run_03_seed_2024,0.9978930354118347
864,help me rollover my 401k,100,rollover_401k,100,rollover_401k,run_03_seed_2024,0.9989103078842163
865,do you know the process to rollover my 401k,100,rollover_401k,100,rollover_401k,run_03_seed_2024,0.9771293997764587
866,tell me how to rollover my 401k,100,rollover_401k,100,rollover_401k,run_03_seed_2024,0.9962825179100037
867,my 401k needs to rollover and i need your help,100,rollover_401k,100,rollover_401k,run_03_seed_2024,0.9795213341712952
868,let me know how to rollover my 401k,100,rollover_401k,100,rollover_401k,run_03_seed_2024,0.990159809589386
869,what do i have to do to transfer my 401k,100,rollover_401k,100,rollover_401k,run_03_seed_2024,0.951220691204071
870,what company made this ai,96,who_made_you,96,who_made_you,run_03_seed_2024,0.9965176582336426
871,what is the name of the person who made you,96,who_made_you,96,who_made_you,run_03_seed_2024,0.8983104228973389
872,who is the person that brought you to life,96,who_made_you,96,who_made_you,run_03_seed_2024,0.7522058486938477
873,who is the one that made you,96,who_made_you,96,who_made_you,run_03_seed_2024,0.8241016268730164
874,who is your maker,96,who_made_you,96,who_made_you,run_03_seed_2024,0.524154543876648
875,which company made you,96,who_made_you,96,who_made_you,run_03_seed_2024,0.988494336605072
876,who assembled you,96,who_made_you,96,who_made_you,run_03_seed_2024,0.9736443161964417
877,i wanna know who programmed you,96,who_made_you,96,who_made_you,run_03_seed_2024,0.9730843305587769
878,let me know who programmed you,96,who_made_you,96,who_made_you,run_03_seed_2024,0.9744207262992859
879,who made you,96,who_made_you,96,who_made_you,run_03_seed_2024,0.9945136308670044
880,i wanna know your maker,96,who_made_you,75,what_is_your_name,run_03_seed_2024,0.15042944252490997
881,who was your maker,96,who_made_you,96,who_made_you,run_03_seed_2024,0.9246923923492432
882,who is the one who programmed you,96,who_made_you,96,who_made_you,run_03_seed_2024,0.9308596253395081
883,i must know who programmed you,96,who_made_you,96,who_made_you,run_03_seed_2024,0.9674509763717651
884,tell me who your maker was,96,who_made_you,96,who_made_you,run_03_seed_2024,0.9211662411689758
885,what was the company that designed you,96,who_made_you,96,who_made_you,run_03_seed_2024,0.8651220202445984
886,do you know what company were you designed by,96,who_made_you,96,who_made_you,run_03_seed_2024,0.8186110854148865
887,let me know which company were you designed by,96,who_made_you,96,who_made_you,run_03_seed_2024,0.8990898132324219
888,what company were you designed by,96,who_made_you,96,who_made_you,run_03_seed_2024,0.9444334506988525
889,can you let me know what company were you designed by,96,who_made_you,96,who_made_you,run_03_seed_2024,0.8496708869934082
890,which company were you designed by,96,who_made_you,96,who_made_you,run_03_seed_2024,0.9487243294715881
891,tell me who made you please,96,who_made_you,96,who_made_you,run_03_seed_2024,0.9772371053695679
892,can you tell me who made you,96,who_made_you,96,who_made_you,run_03_seed_2024,0.9780251979827881
893,whats the name of the person who made you,96,who_made_you,96,who_made_you,run_03_seed_2024,0.9398571848869324
894,what company did the design for this,96,who_made_you,96,who_made_you,run_03_seed_2024,0.8154623508453369
895,what company did this design,96,who_made_you,96,who_made_you,run_03_seed_2024,0.8829213380813599
896,what company is responsible for this design,96,who_made_you,96,who_made_you,run_03_seed_2024,0.9224696755409241
897,what company designed this,96,who_made_you,96,who_made_you,run_03_seed_2024,0.8556165099143982
898,"for this design, what company did it",96,who_made_you,96,who_made_you,run_03_seed_2024,0.7830651998519897
899,name the person or group that programmed you,96,who_made_you,96,who_made_you,run_03_seed_2024,0.41029858589172363
900,which way do we go and how long will it take to get to the sears tower in chicago,78,distance,78,distance,run_03_seed_2024,0.954288899898529
901,"so, does it take long to get to dodger stadium in anaheim",78,distance,78,distance,run_03_seed_2024,0.9751453399658203
902,how many minutes will it take to get to the empire state building in manhattan,78,distance,78,distance,run_03_seed_2024,0.9344475865364075
903,what's the mileage to get the the taj mahal in atlantic city,78,distance,142,mpg,run_03_seed_2024,0.2404504418373108
904,does it take long to get to yankee stadium in the bronx,78,distance,78,distance,run_03_seed_2024,0.9786691665649414
905,how much time is left until we get there,78,distance,78,distance,run_03_seed_2024,0.20200420916080475
906,what's the time to destination going via bus to omaha,78,distance,78,distance,run_03_seed_2024,0.8272641897201538
907,how far from our destination are we,78,distance,78,distance,run_03_seed_2024,0.31529879570007324
908,how many minutes am i from texaco,78,distance,86,cook_time,run_03_seed_2024,0.36727795004844666
909,how long will i be on the bus if i rid it to seattle,78,distance,78,distance,run_03_seed_2024,0.7229836583137512
910,is it going to be much longer until i reach the bank,78,distance,146,travel_notification,run_03_seed_2024,0.319819837808609
911,am i close to arriving at the post office,78,distance,72,directions,run_03_seed_2024,0.4674263894557953
912,what's the estimated travel time to get to dc via bus,78,distance,78,distance,run_03_seed_2024,0.9090451002120972
913,when will i arrive at hy-vee,78,distance,102,how_busy,run_03_seed_2024,0.1013878807425499
914,how long does it take to get to el paso on a bus,78,distance,78,distance,run_03_seed_2024,0.9745698571205139
915,how long will it take me to get to walmart,78,distance,78,distance,run_03_seed_2024,0.9878922700881958
916,what's the average time to boston when riding a bus,78,distance,78,distance,run_03_seed_2024,0.5509440302848816
917,when will the bus get me to vermont,78,distance,78,distance,run_03_seed_2024,0.3493938446044922
918,how long will i be on the bus to new orleans,78,distance,78,distance,run_03_seed_2024,0.7448684573173523
919,how long is a bus ride to staples,78,distance,78,distance,run_03_seed_2024,0.951752781867981
920,how long does it take to get downtown by bus,78,distance,78,distance,run_03_seed_2024,0.9706602692604065
921,what time will i get to the beach taking the bus,78,distance,78,distance,run_03_seed_2024,0.9393516778945923
922,how far am i from orlando,78,distance,78,distance,run_03_seed_2024,0.45922812819480896
923,give me an eta on when i will arrive at my destination,78,distance,80,flight_status,run_03_seed_2024,0.22369754314422607
924,tell me how much longer i will have to drive to reach the destination,78,distance,78,distance,run_03_seed_2024,0.4677127003669739
925,when will i get to orlando,78,distance,80,flight_status,run_03_seed_2024,0.24505417048931122
926,how much farther is orlando from my location,78,distance,136,current_location,run_03_seed_2024,0.4190167486667633
927,do i have a ways to go or am i close to getting to penn station,78,distance,72,directions,run_03_seed_2024,0.33410248160362244
928,please give me the approximate amount of time i will need to go from jfk international airport to penn station,78,distance,78,distance,run_03_seed_2024,0.6970798969268799
929,can you tell me about what time i should be arriving at the airport,78,distance,4,time,run_03_seed_2024,0.2559853792190552
930,how do you refer to me,11,user_name,11,user_name,run_03_seed_2024,0.8871709704399109
931,call my name,11,user_name,144,change_user_name,run_03_seed_2024,0.6817259192466736
932,what do i go by,11,user_name,144,change_user_name,run_03_seed_2024,0.1450347900390625
933,say my name,11,user_name,11,user_name,run_03_seed_2024,0.8823051452636719
934,what do you think my name is,11,user_name,11,user_name,run_03_seed_2024,0.9844222068786621
935,what do you think i'm called,11,user_name,11,user_name,run_03_seed_2024,0.6348581314086914
936,what do you have for my name,11,user_name,11,user_name,run_03_seed_2024,0.9889158010482788
937,how do you address my name,11,user_name,11,user_name,run_03_seed_2024,0.9625197649002075
938,what's your designation,11,user_name,75,what_is_your_name,run_03_seed_2024,0.4186173677444458
939,what do you call me,11,user_name,11,user_name,run_03_seed_2024,0.9766378402709961
940,i want to hear my name,11,user_name,144,change_user_name,run_03_seed_2024,0.46395397186279297
941,my name,11,user_name,11,user_name,run_03_seed_2024,0.7702606916427612
942,what's my name,11,user_name,11,user_name,run_03_seed_2024,0.9894012808799744
943,what's my name on file,11,user_name,11,user_name,run_03_seed_2024,0.9184444546699524
944,what name do you have for me,11,user_name,11,user_name,run_03_seed_2024,0.9617229104042053
945,what did i tell you to call me,11,user_name,11,user_name,run_03_seed_2024,0.6114382147789001
946,please tell me the name that you have for me,11,user_name,11,user_name,run_03_seed_2024,0.9071949124336243
947,i need to know the name that you have for me,11,user_name,11,user_name,run_03_seed_2024,0.8788246512413025
948,can you tell me what name you have for me,11,user_name,11,user_name,run_03_seed_2024,0.963664710521698
949,tell me what name you have for me,11,user_name,11,user_name,run_03_seed_2024,0.9815698862075806
950,i would like to know the name you have for me,11,user_name,11,user_name,run_03_seed_2024,0.9194905757904053
951,what is the name you have for me,11,user_name,11,user_name,run_03_seed_2024,0.9831227660179138
952,could you tell me my name,11,user_name,11,user_name,run_03_seed_2024,0.9739912748336792
953,do you have a name for me,11,user_name,11,user_name,run_03_seed_2024,0.8852534890174866
954,can you tell me my name for me,11,user_name,11,user_name,run_03_seed_2024,0.990050196647644
955,what's the name you use for me,11,user_name,11,user_name,run_03_seed_2024,0.9020289778709412
956,you call me what,11,user_name,11,user_name,run_03_seed_2024,0.8756670355796814
957,what do you know me by,11,user_name,11,user_name,run_03_seed_2024,0.6258313059806824
958,you know me by what right now,11,user_name,11,user_name,run_03_seed_2024,0.16966736316680908
959,what's the way you refer to me,11,user_name,11,user_name,run_03_seed_2024,0.4603160321712494
960,what's the timezone for britain,66,timezone,66,timezone,run_03_seed_2024,0.9929004907608032
961,i need the time zone for la,66,timezone,66,timezone,run_03_seed_2024,0.7525521516799927
962,i would like to know the timezone for britain,66,timezone,66,timezone,run_03_seed_2024,0.9536381959915161
963,i need la's time zone,66,timezone,66,timezone,run_03_seed_2024,0.8945886492729187
964,i need to know britain's timezone,66,timezone,66,timezone,run_03_seed_2024,0.957745373249054
965,what timezone is britain in,66,timezone,66,timezone,run_03_seed_2024,0.9994028806686401
966,can you tell me britain's timezone,66,timezone,66,timezone,run_03_seed_2024,0.9469672441482544
967,what is the la's time zone,66,timezone,66,timezone,run_03_seed_2024,0.8572635054588318
968,can you tell me the time zone for la,66,timezone,66,timezone,run_03_seed_2024,0.7711459398269653
969,what is texas's timezone,66,timezone,66,timezone,run_03_seed_2024,0.9024155139923096
970,tell me the timezone for california,66,timezone,66,timezone,run_03_seed_2024,0.9887810945510864
971,what timezone would missouri be in,66,timezone,66,timezone,run_03_seed_2024,0.9961447715759277
972,what timezone do they use in arizona,66,timezone,66,timezone,run_03_seed_2024,0.93353670835495
973,is new york in mountain timezone,66,timezone,66,timezone,run_03_seed_2024,0.6837252974510193
974,what is the timezone for la,66,timezone,66,timezone,run_03_seed_2024,0.9802196621894836
975,what is the timezone for new york,66,timezone,66,timezone,run_03_seed_2024,0.9275522232055664
976,what is the timezone for san francisco,66,timezone,66,timezone,run_03_seed_2024,0.9501374959945679
977,what is the timezone for paris,66,timezone,66,timezone,run_03_seed_2024,0.9770845770835876
978,what is the timezone for houston,66,timezone,66,timezone,run_03_seed_2024,0.9746714234352112
979,denver's timezone is what,66,timezone,66,timezone,run_03_seed_2024,0.9890174865722656
980,does denver reside in the eastern timezones,66,timezone,54,food_last,run_03_seed_2024,0.19234871864318848
981,which timezone is denver located,66,timezone,66,timezone,run_03_seed_2024,0.9585264921188354
982,"denver's timezone is a mystery, i wonder where its located",66,timezone,66,timezone,run_03_seed_2024,0.6847705245018005
983,in which time zone does denver reside,66,timezone,66,timezone,run_03_seed_2024,0.9452601075172424
984,what's the timezone in valencia,66,timezone,66,timezone,run_03_seed_2024,0.9909163117408752
985,what's the timezone now in hiram,66,timezone,66,timezone,run_03_seed_2024,0.9494036436080933
986,timezone in salt lake city,66,timezone,66,timezone,run_03_seed_2024,0.8937930464744568
987,timezone currently in mobile,66,timezone,66,timezone,run_03_seed_2024,0.8882984519004822
988,what time is it in phoenix,66,timezone,4,time,run_03_seed_2024,0.9942964911460876
989,can you give me the timezone for the country,66,timezone,66,timezone,run_03_seed_2024,0.7842584252357483
990,"i don't like this song, can skip it",118,next_song,118,next_song,run_03_seed_2024,0.7358440160751343
991,can we move onto the next song,118,next_song,118,next_song,run_03_seed_2024,0.9838659167289734
992,"skip this song, please",118,next_song,118,next_song,run_03_seed_2024,0.7731872200965881
993,can you swipe to the next song,118,next_song,118,next_song,run_03_seed_2024,0.9962131977081299
994,"next song, please!",118,next_song,118,next_song,run_03_seed_2024,0.9558625817298889
995,start the next song,118,next_song,118,next_song,run_03_seed_2024,0.9839348196983337
996,go to the next song and play it,118,next_song,118,next_song,run_03_seed_2024,0.992665708065033
997,move forward one song,118,next_song,118,next_song,run_03_seed_2024,0.740727424621582
998,play the next one,118,next_song,118,next_song,run_03_seed_2024,0.9495266079902649
999,skip to next track,118,next_song,118,next_song,run_03_seed_2024,0.6380918622016907
1000,skip ahead one song,118,next_song,118,next_song,run_03_seed_2024,0.8395033478736877
1001,go to upcoming song,118,next_song,118,next_song,run_03_seed_2024,0.45363473892211914
1002,play the next song please,118,next_song,118,next_song,run_03_seed_2024,0.9889450669288635
1003,i dont want to listen to this song,118,next_song,118,next_song,run_03_seed_2024,0.6282037496566772
1004,could you hit next,118,next_song,118,next_song,run_03_seed_2024,0.09191247820854187
1005,can you go to the next song,118,next_song,118,next_song,run_03_seed_2024,0.9868720769882202
1006,let's go to the next song please,118,next_song,118,next_song,run_03_seed_2024,0.9705623388290405
1007,maybe we can go to the next song,118,next_song,118,next_song,run_03_seed_2024,0.9774885177612305
1008,may i suggest we go to the next song,118,next_song,118,next_song,run_03_seed_2024,0.9783136248588562
1009,please can we go to the next song,118,next_song,118,next_song,run_03_seed_2024,0.9905993342399597
1010,might we go to the next song,118,next_song,118,next_song,run_03_seed_2024,0.9865760803222656
1011,next track,118,next_song,118,next_song,run_03_seed_2024,0.5665583610534668
1012,skip to the next track,118,next_song,118,next_song,run_03_seed_2024,0.923423707485199
1013,skip this track,118,next_song,118,next_song,run_03_seed_2024,0.3625008463859558
1014,play next song,118,next_song,118,next_song,run_03_seed_2024,0.9807352423667908
1015,next song,118,next_song,118,next_song,run_03_seed_2024,0.9930441975593567
1016,change this song please,118,next_song,118,next_song,run_03_seed_2024,0.5218621492385864
1017,i want you to play the next song,118,next_song,118,next_song,run_03_seed_2024,0.9705085158348083
1018,play the next song please if you would,118,next_song,118,next_song,run_03_seed_2024,0.969168484210968
1019,please play the next track,118,next_song,118,next_song,run_03_seed_2024,0.812580406665802
1020,i need to know all my spending transactions,68,transactions,68,transactions,run_03_seed_2024,0.5519456267356873
1021,when did i last make a purchase,68,transactions,37,last_maintenance,run_03_seed_2024,0.6871015429496765
1022,how much did i spend on my most recent transaction,68,transactions,68,transactions,run_03_seed_2024,0.5606675148010254
1023,show me my ten most recent transactions on account xyz,68,transactions,68,transactions,run_03_seed_2024,0.9840922355651855
1024,i want to see all transactions in the past month for all accounts,68,transactions,68,transactions,run_03_seed_2024,0.8462944626808167
1025,show me my recent transactions from account xyz,68,transactions,68,transactions,run_03_seed_2024,0.9857276082038879
1026,open bank app and show my most recent transactions,68,transactions,68,transactions,run_03_seed_2024,0.9671207666397095
1027,are you able to find my recent transactions for me,68,transactions,68,transactions,run_03_seed_2024,0.8921257257461548
1028,i made a transaction recently,68,transactions,68,transactions,run_03_seed_2024,0.8908416628837585
1029,what was my recent transaction,68,transactions,68,transactions,run_03_seed_2024,0.989095151424408
1030,i want to know what my recent transaction was,68,transactions,68,transactions,run_03_seed_2024,0.9312523007392883
1031,i need information about my recent transaction,68,transactions,68,transactions,run_03_seed_2024,0.9194280505180359
1032,state recent transaction,68,transactions,68,transactions,run_03_seed_2024,0.9643524885177612
1033,is my visa bill over my limit this month,68,transactions,27,bill_balance,run_03_seed_2024,0.38182324171066284
1034,what have i spent things on,68,transactions,71,spending_history,run_03_seed_2024,0.9379423260688782
1035,show my transactions,68,transactions,68,transactions,run_03_seed_2024,0.9776498079299927
1036,what were my last 10 charges on my credit card,68,transactions,68,transactions,run_03_seed_2024,0.42721477150917053
1037,show what i have spent things on,68,transactions,71,spending_history,run_03_seed_2024,0.9114602208137512
1038,how much have i spent on my debit card this month,68,transactions,71,spending_history,run_03_seed_2024,0.9474192261695862
1039,how much have i spent on my bank card sine i last paid my bill,68,transactions,71,spending_history,run_03_seed_2024,0.7068424224853516
1040,how much was my last target trip,68,transactions,68,transactions,run_03_seed_2024,0.19376206398010254
1041,can you verify my recent visa card transaction,68,transactions,68,transactions,run_03_seed_2024,0.78975510597229
1042,what was my recent transaction on my visa card,68,transactions,68,transactions,run_03_seed_2024,0.9696055054664612
1043,what is the last transaction on my visa card,68,transactions,68,transactions,run_03_seed_2024,0.8333470225334167
1044,show my my most recent visa card transaction,68,transactions,68,transactions,run_03_seed_2024,0.9016686677932739
1045,please review my recent visa card transaction,68,transactions,68,transactions,run_03_seed_2024,0.8590613603591919
1046,how many transactions do i have on flower shops from last wednesday between 2pm and 7pm,68,transactions,68,transactions,run_03_seed_2024,0.21771015226840973
1047,what transactions did i make on electronics this morning after 6am,68,transactions,68,transactions,run_03_seed_2024,0.5543271899223328
1048,what is the largest transaction i have made on video games this month,68,transactions,68,transactions,run_03_seed_2024,0.3329117000102997
1049,what transactions do i have on groceries from yesterday,68,transactions,68,transactions,run_03_seed_2024,0.5369250774383545
1050,please give me the name of a few good options for places to eat dinner tonight,145,restaurant_suggestion,145,restaurant_suggestion,run_03_seed_2024,0.6579140424728394
1051,i need some suggestions for dinner places tonight,145,restaurant_suggestion,46,meal_suggestion,run_03_seed_2024,0.7118833065032959
1052,what are some good places to go out for dinner in my area tonight,145,restaurant_suggestion,145,restaurant_suggestion,run_03_seed_2024,0.9159002900123596
1053,show me some restaurants that have high reviews for eating out,145,restaurant_suggestion,145,restaurant_suggestion,run_03_seed_2024,0.6349391937255859
1054,can you search recommended casual restaurants for tonight in philadelphia,145,restaurant_suggestion,145,restaurant_suggestion,run_03_seed_2024,0.8913089036941528
1055,where can i go to eat,145,restaurant_suggestion,145,restaurant_suggestion,run_03_seed_2024,0.5171972513198853
1056,where can i get some good food,145,restaurant_suggestion,145,restaurant_suggestion,run_03_seed_2024,0.7642616629600525
1057,"in cleveland, are there any good places that serve clams",145,restaurant_suggestion,145,restaurant_suggestion,run_03_seed_2024,0.9699795246124268
1058,does cleveland have any good places that serve clams,145,restaurant_suggestion,145,restaurant_suggestion,run_03_seed_2024,0.892878532409668
1059,can you find any good places in cleveland that serve clams,145,restaurant_suggestion,145,restaurant_suggestion,run_03_seed_2024,0.9770895838737488
1060,are there good clam places in cleveland,145,restaurant_suggestion,145,restaurant_suggestion,run_03_seed_2024,0.8716999292373657
1061,are there any good places in cleveland that serve clams,145,restaurant_suggestion,145,restaurant_suggestion,run_03_seed_2024,0.9650596380233765
1062,"could you suggest a french restaurant, please",145,restaurant_suggestion,145,restaurant_suggestion,run_03_seed_2024,0.5378935933113098
1063,can you suggest a french restaurant,145,restaurant_suggestion,145,restaurant_suggestion,run_03_seed_2024,0.7217130064964294
1064,can you suggest a thai restaurant,145,restaurant_suggestion,145,restaurant_suggestion,run_03_seed_2024,0.8511648774147034
1065,"can you suggest a french restaurant, please",145,restaurant_suggestion,145,restaurant_suggestion,run_03_seed_2024,0.6368862390518188
1066,"can you suggest a thai restaurant, please",145,restaurant_suggestion,145,restaurant_suggestion,run_03_seed_2024,0.8058205246925354
1067,are there are any good places in washington that serve cheese pizza,145,restaurant_suggestion,145,restaurant_suggestion,run_03_seed_2024,0.8903307318687439
1068,what's the food can easily get in canada,145,restaurant_suggestion,42,oos,run_03_seed_2024,0.09192417562007904
1069,what are the best places to get shrimp in chicago,145,restaurant_suggestion,145,restaurant_suggestion,run_03_seed_2024,0.7679864764213562
1070,what are the best restaurants open tonight,145,restaurant_suggestion,145,restaurant_suggestion,run_03_seed_2024,0.9452828168869019
1071,i need a list of good places to eat near me,145,restaurant_suggestion,145,restaurant_suggestion,run_03_seed_2024,0.9518138766288757
1072,pull up some recommendations for places serving fish in maine,145,restaurant_suggestion,145,restaurant_suggestion,run_03_seed_2024,0.3573169410228729
1073,where should i go for food tonight,145,restaurant_suggestion,145,restaurant_suggestion,run_03_seed_2024,0.9718765020370483
1074,where should i eat,145,restaurant_suggestion,145,restaurant_suggestion,run_03_seed_2024,0.8637956380844116
1075,any fantastic restaurants to get shrimp at in atlanta,145,restaurant_suggestion,145,restaurant_suggestion,run_03_seed_2024,0.7007715106010437
1076,give me a list of places that serve the best wings in charlotte,145,restaurant_suggestion,145,restaurant_suggestion,run_03_seed_2024,0.4550691843032837
1077,i need reviews for places serving tacos in chicago,145,restaurant_suggestion,145,restaurant_suggestion,run_03_seed_2024,0.4341033101081848
1078,give me restaurant reccomendations,145,restaurant_suggestion,145,restaurant_suggestion,run_03_seed_2024,0.8959575891494751
1079,where can i satisfy my craving for french food in milwaukee,145,restaurant_suggestion,145,restaurant_suggestion,run_03_seed_2024,0.28838464617729187
1080,x card has earned how many points,50,rewards_balance,50,rewards_balance,run_03_seed_2024,0.9465842843055725
1081,can you give me a points update on my rewards plus card,50,rewards_balance,50,rewards_balance,run_03_seed_2024,0.7714667916297913
1082,can you pull up how many points i've earned with travel card,50,rewards_balance,50,rewards_balance,run_03_seed_2024,0.6934643387794495
1083,what is the updated points that i earned with synovus card,50,rewards_balance,50,rewards_balance,run_03_seed_2024,0.5877997875213623
1084,how many points do i have on my six flags rewards card,50,rewards_balance,50,rewards_balance,run_03_seed_2024,0.996324360370636
1085,i would like to check my rewards for my credit card,50,rewards_balance,50,rewards_balance,run_03_seed_2024,0.5931680798530579
1086,i need to check my rewards for my credit card,50,rewards_balance,50,rewards_balance,run_03_seed_2024,0.6853320598602295
1087,i wanna know how many points have i earned with my credit card,50,rewards_balance,50,rewards_balance,run_03_seed_2024,0.8756223320960999
1088,i would like to know my debit card's rewards balance,50,rewards_balance,50,rewards_balance,run_03_seed_2024,0.9076499342918396
1089,i would like to know how many points have i earned with my credit card,50,rewards_balance,50,rewards_balance,run_03_seed_2024,0.8034976124763489
1090,i need to know my credit card's rewards balance,50,rewards_balance,50,rewards_balance,run_03_seed_2024,0.8299803137779236
1091,i wanna know my credit card's rewards balance,50,rewards_balance,50,rewards_balance,run_03_seed_2024,0.8392575979232788
1092,i really need to check my rewards for my credit card,50,rewards_balance,50,rewards_balance,run_03_seed_2024,0.6558570265769958
1093,i would like to check my rewards for my debit card,50,rewards_balance,50,rewards_balance,run_03_seed_2024,0.8830337524414062
1094,i wish to know my debit card's rewards balance,50,rewards_balance,50,rewards_balance,run_03_seed_2024,0.9250419735908508
1095,i wanna check my rewards for my credit card,50,rewards_balance,50,rewards_balance,run_03_seed_2024,0.7146369218826294
1096,tell me my debit card's rewards balance,50,rewards_balance,50,rewards_balance,run_03_seed_2024,0.9550294280052185
1097,i need to understand how many points have i earned with my credit card,50,rewards_balance,50,rewards_balance,run_03_seed_2024,0.7512772679328918
1098,i must know how many points have i earned with my credit card,50,rewards_balance,50,rewards_balance,run_03_seed_2024,0.8690189123153687
1099,i gotta know how many points i have gotten with my debit card,50,rewards_balance,50,rewards_balance,run_03_seed_2024,0.8824450969696045
1100,how many points earned do i have with my american express card,50,rewards_balance,50,rewards_balance,run_03_seed_2024,0.9554212093353271
1101,how many points have i earned with my paypal credit card so far,50,rewards_balance,50,rewards_balance,run_03_seed_2024,0.8894237279891968
1102,i have points on my capital one card and i'd like to know how many i've earned,50,rewards_balance,50,rewards_balance,run_03_seed_2024,0.911831796169281
1103,"have i earned points with my venture card, and how many",50,rewards_balance,50,rewards_balance,run_03_seed_2024,0.8962297439575195
1104,what do my visa points look like,50,rewards_balance,50,rewards_balance,run_03_seed_2024,0.4003281891345978
1105,how many points do i have on my visa,50,rewards_balance,50,rewards_balance,run_03_seed_2024,0.980678141117096
1106,tell me the number of points on my visa card,50,rewards_balance,50,rewards_balance,run_03_seed_2024,0.8972103595733643
1107,give me the point total on my visa card,50,rewards_balance,50,rewards_balance,run_03_seed_2024,0.4609299600124359
1108,what points have i earned on my visa,50,rewards_balance,50,rewards_balance,run_03_seed_2024,0.9019134640693665
1109,how many rewards points do i have on my rewards points i have on my mastercard,50,rewards_balance,50,rewards_balance,run_03_seed_2024,0.9945855736732483
1110,i have a car payment that needs to be paid,111,pay_bill,56,bill_due,run_03_seed_2024,0.19149792194366455
1111,i need to put in a payment towards my phone bill,111,pay_bill,111,pay_bill,run_03_seed_2024,0.4963601231575012
1112,help me get my gas bill paid,111,pay_bill,111,pay_bill,run_03_seed_2024,0.4946153461933136
1113,pay my con edison bill using my capital one account,111,pay_bill,111,pay_bill,run_03_seed_2024,0.9537766575813293
1114,"use my navy federal account and pay this month's verizon bill, please",111,pay_bill,111,pay_bill,run_03_seed_2024,0.6190066337585449
1115,please pay my sprint bill using my bank of america checking account,111,pay_bill,111,pay_bill,run_03_seed_2024,0.8649803400039673
1116,i need some assistance paying my utilities bill,111,pay_bill,111,pay_bill,run_03_seed_2024,0.715602695941925
1117,i need a hand getting this gas bill paid,111,pay_bill,111,pay_bill,run_03_seed_2024,0.6563737392425537
1118,can you help me pay my electricity bill,111,pay_bill,111,pay_bill,run_03_seed_2024,0.929145097732544
1119,i have to pay my water bill but need help doing it,111,pay_bill,111,pay_bill,run_03_seed_2024,0.8564464449882507
1120,i am going to need help paying my rent bill,111,pay_bill,111,pay_bill,run_03_seed_2024,0.8679710626602173
1121,i want to pay my bill,111,pay_bill,111,pay_bill,run_03_seed_2024,0.9816696643829346
1122,can you help me pay my bill,111,pay_bill,111,pay_bill,run_03_seed_2024,0.9816375374794006
1123,i want to pay my bill through the app,111,pay_bill,111,pay_bill,run_03_seed_2024,0.9188611507415771
1124,pay my electric bill for me,111,pay_bill,111,pay_bill,run_03_seed_2024,0.8977358341217041
1125,"pull up my electric bill, i want to pay it",111,pay_bill,111,pay_bill,run_03_seed_2024,0.898897647857666
1126,how do i pay my electric bill,111,pay_bill,111,pay_bill,run_03_seed_2024,0.6695516705513
1127,"i want to pay my electric bill, can you do it for me",111,pay_bill,111,pay_bill,run_03_seed_2024,0.8807733058929443
1128,pay my light bill,111,pay_bill,111,pay_bill,run_03_seed_2024,0.9751772284507751
1129,pay my utility bill from my bank account,111,pay_bill,111,pay_bill,run_03_seed_2024,0.9322527647018433
1130,charge my internet bill to the corporate account,111,pay_bill,111,pay_bill,run_03_seed_2024,0.46627748012542725
1131,pay my gas bill with my checking account,111,pay_bill,111,pay_bill,run_03_seed_2024,0.9814541339874268
1132,i need to pay my electric bill,111,pay_bill,111,pay_bill,run_03_seed_2024,0.9470369219779968
1133,i know i should pay my electric bill,111,pay_bill,111,pay_bill,run_03_seed_2024,0.7627378106117249
1134,"today my electric bill will be paid, or should be",111,pay_bill,56,bill_due,run_03_seed_2024,0.4891127347946167
1135,today is the day i should pay my electric bill,111,pay_bill,56,bill_due,run_03_seed_2024,0.8324794173240662
1136,my electric bill should be paid today,111,pay_bill,56,bill_due,run_03_seed_2024,0.5103031396865845
1137,i need to pay my visa,111,pay_bill,111,pay_bill,run_03_seed_2024,0.8012804388999939
1138,pay $175 on my visa,111,pay_bill,41,credit_limit,run_03_seed_2024,0.19638626277446747
1139,i'd like to pay $4735 to my water bill,111,pay_bill,111,pay_bill,run_03_seed_2024,0.9493939876556396
1140,what's the total i've spent on shoes this month,71,spending_history,71,spending_history,run_03_seed_2024,0.9700223803520203
1141,how many dollars have i spent on coffee this month,71,spending_history,71,spending_history,run_03_seed_2024,0.949162483215332
1142,what have i spent on food this month,71,spending_history,71,spending_history,run_03_seed_2024,0.9983280301094055
1143,how much have i spent on tires this month,71,spending_history,71,spending_history,run_03_seed_2024,0.9942288398742676
1144,how much have i been spending on booze this month,71,spending_history,71,spending_history,run_03_seed_2024,0.9909220337867737
1145,what have i spent on fast food recently,71,spending_history,71,spending_history,run_03_seed_2024,0.9922450184822083
1146,how much total have i spent on fast food lately,71,spending_history,71,spending_history,run_03_seed_2024,0.9944941401481628
1147,how much fast food have i bought recently,71,spending_history,71,spending_history,run_03_seed_2024,0.6221759915351868
1148,check how much i spent this week,71,spending_history,71,spending_history,run_03_seed_2024,0.8689891695976257
1149,how much money have i spent on fast food lately,71,spending_history,71,spending_history,run_03_seed_2024,0.9956919550895691
1150,how much money have a spent in the last week,71,spending_history,71,spending_history,run_03_seed_2024,0.9949330687522888
1151,how much money did i spend this weekend,71,spending_history,71,spending_history,run_03_seed_2024,0.9241780638694763
1152,tell me how much money i've spent on fast food in the past week,71,spending_history,71,spending_history,run_03_seed_2024,0.9827804565429688
1153,what is the total amount i spent last week,71,spending_history,71,spending_history,run_03_seed_2024,0.9426510334014893
1154,what've i spent on gas this month,71,spending_history,71,spending_history,run_03_seed_2024,0.9611772298812866
1155,have i gone over my entertainment budget,71,spending_history,42,oos,run_03_seed_2024,0.09049100428819656
1156,would you say i've spent too much money on chips as of late,71,spending_history,71,spending_history,run_03_seed_2024,0.2960360646247864
1157,"looking at this week only, have i overspent on hoagies",71,spending_history,71,spending_history,run_03_seed_2024,0.24173809587955475
1158,do i overspend when it comes to fast food,71,spending_history,42,oos,run_03_seed_2024,0.037903834134340286
1159,"looking at the past month, what did i spend total",71,spending_history,71,spending_history,run_03_seed_2024,0.9315581917762756
1160,have i gone over my chocolate budget lately,71,spending_history,42,oos,run_03_seed_2024,0.07829413563013077
1161,how much have i spent this week,71,spending_history,71,spending_history,run_03_seed_2024,0.9872668385505676
1162,about how much did i spend recently,71,spending_history,71,spending_history,run_03_seed_2024,0.9700748920440674
1163,tell me how much i have been buying as of late,71,spending_history,71,spending_history,run_03_seed_2024,0.46439194679260254
1164,what did i spend on beer last month,71,spending_history,71,spending_history,run_03_seed_2024,0.9406496286392212
1165,did i stick to my dinner budget,71,spending_history,46,meal_suggestion,run_03_seed_2024,0.1880287528038025
1166,how much have i spent on video games recently,71,spending_history,71,spending_history,run_03_seed_2024,0.998285710811615
1167,do i spend too much on beer,71,spending_history,71,spending_history,run_03_seed_2024,0.27625855803489685
1168,what are my finances like lately,71,spending_history,136,current_location,run_03_seed_2024,0.2526804208755493
1169,how much money have i spent recently,71,spending_history,71,spending_history,run_03_seed_2024,0.9930195212364197
1170,did my vacation get approval,101,pto_request_status,101,pto_request_status,run_03_seed_2024,0.9590954184532166
1171,do you know if vacation got approved,101,pto_request_status,101,pto_request_status,run_03_seed_2024,0.7482602000236511
1172,does my vacation have approval,101,pto_request_status,101,pto_request_status,run_03_seed_2024,0.8100603818893433
1173,can you let me know if my vacation was approved,101,pto_request_status,101,pto_request_status,run_03_seed_2024,0.8918354511260986
1174,any news on my vacation,101,pto_request_status,101,pto_request_status,run_03_seed_2024,0.8166212439537048
1175,tell me if my vacation was approved yet,101,pto_request_status,101,pto_request_status,run_03_seed_2024,0.9638283848762512
1176,was there any progress on my vacation request,101,pto_request_status,101,pto_request_status,run_03_seed_2024,0.9704136848449707
1177,is my vacation approved,101,pto_request_status,101,pto_request_status,run_03_seed_2024,0.9883572459220886
1178,is my request going to be approved for vacation,101,pto_request_status,101,pto_request_status,run_03_seed_2024,0.9870917797088623
1179,is vacation a go,101,pto_request_status,101,pto_request_status,run_03_seed_2024,0.5926594734191895
1180,will i get my time off approved,101,pto_request_status,101,pto_request_status,run_03_seed_2024,0.3894321620464325
1181,how is my vacation looking,101,pto_request_status,101,pto_request_status,run_03_seed_2024,0.7234475016593933
1182,did the manager approve my vacation yet,101,pto_request_status,101,pto_request_status,run_03_seed_2024,0.9090504050254822
1183,any new info on my vacation,101,pto_request_status,101,pto_request_status,run_03_seed_2024,0.5510430335998535
1184,any update on my vacation,101,pto_request_status,101,pto_request_status,run_03_seed_2024,0.9273181557655334
1185,is there a status update on my vacation approval,101,pto_request_status,101,pto_request_status,run_03_seed_2024,0.9184522032737732
1186,can you notify me when my vacation days have approved,101,pto_request_status,126,pto_balance,run_03_seed_2024,0.43929561972618103
1187,when will my vacation time be confirmed,101,pto_request_status,101,pto_request_status,run_03_seed_2024,0.649371325969696
1188,when will i hear back about my days off,101,pto_request_status,148,pto_used,run_03_seed_2024,0.2123793065547943
1189,am i okay to take those vacation days,101,pto_request_status,97,pto_request,run_03_seed_2024,0.405752569437027
1190,has my vacation time been approved,101,pto_request_status,101,pto_request_status,run_03_seed_2024,0.9950780868530273
1191,what is the day off request status as of now,101,pto_request_status,101,pto_request_status,run_03_seed_2024,0.8129788637161255
1192,what is the day off request status please,101,pto_request_status,101,pto_request_status,run_03_seed_2024,0.8317141532897949
1193,what is the day off request status if you would tell me,101,pto_request_status,101,pto_request_status,run_03_seed_2024,0.7114576697349548
1194,what is the day off request status,101,pto_request_status,101,pto_request_status,run_03_seed_2024,0.8518304228782654
1195,what is the day off request status if you could tell me,101,pto_request_status,101,pto_request_status,run_03_seed_2024,0.6204773783683777
1196,i need to know status of my day off request,101,pto_request_status,101,pto_request_status,run_03_seed_2024,0.9898617267608643
1197,i want to know the status of my vacation request,101,pto_request_status,101,pto_request_status,run_03_seed_2024,0.9882606267929077
1198,tell me status of my day off request,101,pto_request_status,101,pto_request_status,run_03_seed_2024,0.9924612641334534
1199,please let me know the status of my vacation request,101,pto_request_status,101,pto_request_status,run_03_seed_2024,0.9788139462471008
1200,i would like to know my credit score,69,credit_score,69,credit_score,run_03_seed_2024,0.9545421600341797
1201,tell me what my credit score is,69,credit_score,69,credit_score,run_03_seed_2024,0.9861374497413635
1202,can you find what my credit score is,69,credit_score,69,credit_score,run_03_seed_2024,0.977490246295929
1203,how is my credit score numberwise,69,credit_score,69,credit_score,run_03_seed_2024,0.9655638337135315
1204,what credit score number do i have,69,credit_score,69,credit_score,run_03_seed_2024,0.8769572377204895
1205,what is my credit score number,69,credit_score,69,credit_score,run_03_seed_2024,0.9935444593429565
1206,how much is my credit score,69,credit_score,69,credit_score,run_03_seed_2024,0.9756425619125366
1207,what number is my credit score currently,69,credit_score,69,credit_score,run_03_seed_2024,0.9452056884765625
1208,is my credit score over 700 yet,69,credit_score,69,credit_score,run_03_seed_2024,0.9775200486183167
1209,please give me my current credit score,69,credit_score,69,credit_score,run_03_seed_2024,0.896759569644928
1210,i'm trying to raise my credit score can you tell me what it is now,69,credit_score,28,improve_credit_score,run_03_seed_2024,0.3802114427089691
1211,i need to know what my credit score is,69,credit_score,69,credit_score,run_03_seed_2024,0.9783135056495667
1212,could you tell me what my credit score is,69,credit_score,69,credit_score,run_03_seed_2024,0.9571132063865662
1213,give me my credit score please,69,credit_score,69,credit_score,run_03_seed_2024,0.932277500629425
1214,could you share my credit score,69,credit_score,69,credit_score,run_03_seed_2024,0.7733005285263062
1215,how's my credit score,69,credit_score,69,credit_score,run_03_seed_2024,0.7912936210632324
1216,i was wondering what my credit score is,69,credit_score,69,credit_score,run_03_seed_2024,0.9626367092132568
1217,where do i go for my credit score,69,credit_score,69,credit_score,run_03_seed_2024,0.763176441192627
1218,i need to find my credit score,69,credit_score,69,credit_score,run_03_seed_2024,0.9813924431800842
1219,how can i locate my credit score,69,credit_score,69,credit_score,run_03_seed_2024,0.8609481453895569
1220,what is my credit rating,69,credit_score,69,credit_score,run_03_seed_2024,0.9931604862213135
1221,i want to know my credit rating,69,credit_score,69,credit_score,run_03_seed_2024,0.9737994074821472
1222,my credit rating is what,69,credit_score,69,credit_score,run_03_seed_2024,0.9818379282951355
1223,tell me my credit raing,69,credit_score,69,credit_score,run_03_seed_2024,0.8904114365577698
1224,give me my credit rating,69,credit_score,69,credit_score,run_03_seed_2024,0.9806504845619202
1225,please tell me what my credit score is,69,credit_score,69,credit_score,run_03_seed_2024,0.9795264601707458
1226,i'd like you to check on my credit score,69,credit_score,69,credit_score,run_03_seed_2024,0.7071571350097656
1227,let me know what my credit score is today,69,credit_score,69,credit_score,run_03_seed_2024,0.936381459236145
1228,can you check my credit score,69,credit_score,69,credit_score,run_03_seed_2024,0.9237136840820312
1229,can you check my credit score for me,69,credit_score,69,credit_score,run_03_seed_2024,0.9208212494850159
1230,i would like to get a new credt card,91,new_card,91,new_card,run_03_seed_2024,0.8293923139572144
1231,i would love to get a new credit card,91,new_card,91,new_card,run_03_seed_2024,0.8884037733078003
1232,do you have any information on how to open a new credit card,91,new_card,91,new_card,run_03_seed_2024,0.510876476764679
1233,tell me how to apply for a new credit card,91,new_card,91,new_card,run_03_seed_2024,0.9979122281074524
1234,tell me how to apply for a credit card,91,new_card,91,new_card,run_03_seed_2024,0.9837326407432556
1235,i want to know how to go about getting a new credit card,91,new_card,91,new_card,run_03_seed_2024,0.7872759103775024
1236,please tell me how to get a new credit card,91,new_card,91,new_card,run_03_seed_2024,0.9616279006004333
1237,am i eligible for a new credit card,91,new_card,91,new_card,run_03_seed_2024,0.969788670539856
1238,i need to get a new credit card application,91,new_card,91,new_card,run_03_seed_2024,0.8982133269309998
1239,what's the best way to get a mastercard,91,new_card,104,recipe,run_03_seed_2024,0.2032991200685501
1240,is this where i apply for a new credit card,91,new_card,91,new_card,run_03_seed_2024,0.9898603558540344
1241,how do i apply do get myself a visa,91,new_card,91,new_card,run_03_seed_2024,0.2499251365661621
1242,can you complete an application for a new credit card for me,91,new_card,91,new_card,run_03_seed_2024,0.9853888154029846
1243,i need to get a mastercard somehow,91,new_card,91,new_card,run_03_seed_2024,0.18138615787029266
1244,how can i get a visa card,91,new_card,91,new_card,run_03_seed_2024,0.618027925491333
1245,can i apply here for a new card,91,new_card,91,new_card,run_03_seed_2024,0.8914862275123596
1246,does bank of america give credit cards to people like me,91,new_card,91,new_card,run_03_seed_2024,0.08773670345544815
1247,what do i do to get a visa card,91,new_card,91,new_card,run_03_seed_2024,0.41265738010406494
1248,is it possible for me to get a better credit card,91,new_card,91,new_card,run_03_seed_2024,0.4474531412124634
1249,how do i submit an application for a discover card,91,new_card,91,new_card,run_03_seed_2024,0.9454010725021362
1250,how do i apply for american express,91,new_card,91,new_card,run_03_seed_2024,0.8279778361320496
1251,find out if there's a new credit card that suits me,91,new_card,91,new_card,run_03_seed_2024,0.5254110097885132
1252,how do i apply for a new credit card,91,new_card,91,new_card,run_03_seed_2024,0.9958956241607666
1253,what's it take to get a mastercard,91,new_card,78,distance,run_03_seed_2024,0.35840603709220886
1254,can i apply for a visa card,91,new_card,91,new_card,run_03_seed_2024,0.9896267652511597
1255,how do i apply for a visa card,91,new_card,91,new_card,run_03_seed_2024,0.9873052835464478
1256,i wish to apply for a visa card,91,new_card,91,new_card,run_03_seed_2024,0.9826384782791138
1257,help me apply for a visa card,91,new_card,91,new_card,run_03_seed_2024,0.9889006614685059
1258,is there a list of good credit cards i can choose from to apply for,91,new_card,91,new_card,run_03_seed_2024,0.40465763211250305
1259,how can i find a new credit card to apply to,91,new_card,91,new_card,run_03_seed_2024,0.971789538860321
1260,is my luggage lost,113,lost_luggage,113,lost_luggage,run_03_seed_2024,0.9990302324295044
1261,why is my luggage not here,113,lost_luggage,113,lost_luggage,run_03_seed_2024,0.9813306927680969
1262,what happened to my luggage,113,lost_luggage,113,lost_luggage,run_03_seed_2024,0.9842738509178162
1263,i need help finding my luggage,113,lost_luggage,113,lost_luggage,run_03_seed_2024,0.8973321318626404
1264,what steps should i take if my luggage has been lost,113,lost_luggage,113,lost_luggage,run_03_seed_2024,0.9813393950462341
1265,i seem to have lost my luggage! what are my options now,113,lost_luggage,113,lost_luggage,run_03_seed_2024,0.9565850496292114
1266,what would be the best way to deal with lost luggage,113,lost_luggage,113,lost_luggage,run_03_seed_2024,0.8768495917320251
1267,it appears that my luggage has been lost,113,lost_luggage,113,lost_luggage,run_03_seed_2024,0.9916613101959229
1268,i'm afraid my luggage has gone missing,113,lost_luggage,113,lost_luggage,run_03_seed_2024,0.9951056241989136
1269,i am a bit panicked because my luggage seems to have gone missing,113,lost_luggage,113,lost_luggage,run_03_seed_2024,0.9006860256195068
1270,i have no idea where my luggage went!,113,lost_luggage,113,lost_luggage,run_03_seed_2024,0.8920546174049377
1271,unfortunately it would appear that my luggage is totally lost,113,lost_luggage,113,lost_luggage,run_03_seed_2024,0.9970598816871643
1272,how should i proceed if i accidentally lost my luggage,113,lost_luggage,113,lost_luggage,run_03_seed_2024,0.9925750494003296
1273,"if i lost my luggage, what should i do next",113,lost_luggage,113,lost_luggage,run_03_seed_2024,0.9903240203857422
1274,i have no idea where my luggage is,113,lost_luggage,113,lost_luggage,run_03_seed_2024,0.9602501392364502
1275,i think my luggage has been misplaced,113,lost_luggage,113,lost_luggage,run_03_seed_2024,0.9844887256622314
1276,what do i have to do if i lost my luggage,113,lost_luggage,113,lost_luggage,run_03_seed_2024,0.9898382425308228
1277,i think my luggage is lost,113,lost_luggage,113,lost_luggage,run_03_seed_2024,0.9980423450469971
1278,my luggage appears to be lost,113,lost_luggage,113,lost_luggage,run_03_seed_2024,0.9955884218215942
1279,i can't seem to track down my luggage,113,lost_luggage,113,lost_luggage,run_03_seed_2024,0.925748884677887
1280,what is the next thing i should do if i lost my luggage,113,lost_luggage,113,lost_luggage,run_03_seed_2024,0.9842193722724915
1281,what step should i take next if i lost my luggage,113,lost_luggage,113,lost_luggage,run_03_seed_2024,0.9872763752937317
1282,i've lost my luggage what should i do now,113,lost_luggage,113,lost_luggage,run_03_seed_2024,0.9838882684707642
1283,what should i do about losing my luggage,113,lost_luggage,113,lost_luggage,run_03_seed_2024,0.985423743724823
1284,where would i find my luggage,113,lost_luggage,113,lost_luggage,run_03_seed_2024,0.9851404428482056
1285,my luggage has been misplaced,113,lost_luggage,113,lost_luggage,run_03_seed_2024,0.9934149980545044
1286,i can't find my luggage,113,lost_luggage,113,lost_luggage,run_03_seed_2024,0.9980231523513794
1287,i lost all my stuff that i had packed,113,lost_luggage,113,lost_luggage,run_03_seed_2024,0.12098807096481323
1288,my luggage has disappeared,113,lost_luggage,113,lost_luggage,run_03_seed_2024,0.9994321465492249
1289,it appears my luggage is lost,113,lost_luggage,113,lost_luggage,run_03_seed_2024,0.998606264591217
1290,may you say that again,13,repeat,13,repeat,run_03_seed_2024,0.9605912566184998
1291,can you please repeat that,13,repeat,13,repeat,run_03_seed_2024,0.987625777721405
1292,can you please say that again,13,repeat,13,repeat,run_03_seed_2024,0.9731506109237671
1293,may you please say that again,13,repeat,13,repeat,run_03_seed_2024,0.9417921900749207
1294,would you say it again please,13,repeat,13,repeat,run_03_seed_2024,0.9585490822792053
1295,would you repeat what you said earlier,13,repeat,13,repeat,run_03_seed_2024,0.9551091194152832
1296,i would like you to repeat it,13,repeat,13,repeat,run_03_seed_2024,0.8445920944213867
1297,repeat please,13,repeat,13,repeat,run_03_seed_2024,0.9834414720535278
1298,"pardon, i didn't hear you",13,repeat,13,repeat,run_03_seed_2024,0.9193739891052246
1299,i didn't hear you can you say that again,13,repeat,13,repeat,run_03_seed_2024,0.9978266358375549
1300,i didn't catch that,13,repeat,13,repeat,run_03_seed_2024,0.36249372363090515
1301,could you repeat that,13,repeat,13,repeat,run_03_seed_2024,0.9831114411354065
1302,say again please,13,repeat,13,repeat,run_03_seed_2024,0.8907159566879272
1303,would you mind repeating that,13,repeat,147,cancel,run_03_seed_2024,0.3483085632324219
1304,"sorry, i didn't catch that could you say it again",13,repeat,13,repeat,run_03_seed_2024,0.9664690494537354
1305,i need you to repeat that please,13,repeat,13,repeat,run_03_seed_2024,0.9724354147911072
1306,repeat that for me please,13,repeat,13,repeat,run_03_seed_2024,0.9813600778579712
1307,what did you just say,13,repeat,13,repeat,run_03_seed_2024,0.9032669067382812
1308,please say it one more time,13,repeat,13,repeat,run_03_seed_2024,0.9586843848228455
1309,sorry i missed that,13,repeat,121,maybe,run_03_seed_2024,0.1865490823984146
1310,i didn't understand you,13,repeat,13,repeat,run_03_seed_2024,0.14755330979824066
1311,can you repeat the question again,13,repeat,13,repeat,run_03_seed_2024,0.9972800016403198
1312,can you phrase that question again,13,repeat,13,repeat,run_03_seed_2024,0.9236636757850647
1313,what'd you say,13,repeat,61,translate,run_03_seed_2024,0.4014985263347626
1314,please repeat the last thing,13,repeat,13,repeat,run_03_seed_2024,0.905575156211853
1315,repeat that,13,repeat,13,repeat,run_03_seed_2024,0.9854986667633057
1316,can you repeat that,13,repeat,13,repeat,run_03_seed_2024,0.9894537925720215
1317,what were you just saying,13,repeat,13,repeat,run_03_seed_2024,0.188274547457695
1318,come again,13,repeat,13,repeat,run_03_seed_2024,0.8593025803565979
1319,"can you say that again, please",13,repeat,13,repeat,run_03_seed_2024,0.9793605208396912
1320,tell me: car gas mileage,142,mpg,142,mpg,run_03_seed_2024,0.9248242378234863
1321,what is my car's gas mileage,142,mpg,142,mpg,run_03_seed_2024,0.9595982432365417
1322,tell me what the gas mileage is on my car,142,mpg,142,mpg,run_03_seed_2024,0.9407868981361389
1323,what is the gas mileage of my car,142,mpg,142,mpg,run_03_seed_2024,0.957608699798584
1324,check: car gas mileage,142,mpg,142,mpg,run_03_seed_2024,0.9565577507019043
1325,what is my car's mpg,142,mpg,142,mpg,run_03_seed_2024,0.9701504707336426
1326,"what is my car's mpg, please",142,mpg,142,mpg,run_03_seed_2024,0.9558209776878357
1327,what's my car's mpg,142,mpg,142,mpg,run_03_seed_2024,0.9815374612808228
1328,"what's my car's mpg, please",142,mpg,142,mpg,run_03_seed_2024,0.9721795916557312
1329,what is the highway mpg of this car,142,mpg,142,mpg,run_03_seed_2024,0.9888796806335449
1330,hows the city mpg of this car,142,mpg,142,mpg,run_03_seed_2024,0.9913499355316162
1331,what is the highway mpg on this car like,142,mpg,142,mpg,run_03_seed_2024,0.9913980960845947
1332,what mpg does this car get in the city,142,mpg,142,mpg,run_03_seed_2024,0.9964912533760071
1333,how many mpg does this car get in the city,142,mpg,142,mpg,run_03_seed_2024,0.9977275729179382
1334,tell me about this car's highway mpg,142,mpg,142,mpg,run_03_seed_2024,0.9820845723152161
1335,can i have more information about this car's highway mpg,142,mpg,142,mpg,run_03_seed_2024,0.8968451619148254
1336,what is the city mpg on this car,142,mpg,142,mpg,run_03_seed_2024,0.9972611665725708
1337,whats the mpg for this car,142,mpg,142,mpg,run_03_seed_2024,0.9908486604690552
1338,whats the mpg of this car,142,mpg,142,mpg,run_03_seed_2024,0.9870204925537109
1339,i need to know my cars mpg,142,mpg,142,mpg,run_03_seed_2024,0.825154185295105
1340,can i get this car's mpg,142,mpg,142,mpg,run_03_seed_2024,0.9789806604385376
1341,i would like to know the mpg of my car,142,mpg,142,mpg,run_03_seed_2024,0.8114203214645386
1342,what kind of mileage am i getting,142,mpg,142,mpg,run_03_seed_2024,0.17059369385242462
1343,what the mpg,142,mpg,142,mpg,run_03_seed_2024,0.9831860065460205
1344,can you tell me my vehicles mpg,142,mpg,142,mpg,run_03_seed_2024,0.6714073419570923
1345,whats the fuel economy of this car,142,mpg,142,mpg,run_03_seed_2024,0.9746916890144348
1346,what kind of mileage does this car get,142,mpg,142,mpg,run_03_seed_2024,0.8472133874893188
1347,mpg for this car please,142,mpg,142,mpg,run_03_seed_2024,0.9757305383682251
1348,what is the miles per gallon,142,mpg,142,mpg,run_03_seed_2024,0.8755775094032288
1349,how is the car's fuel economy,142,mpg,142,mpg,run_03_seed_2024,0.9384680390357971
1350,am i due for an oil change yet,123,oil_change_when,123,oil_change_when,run_03_seed_2024,0.8225539326667786
1351,when is the next time i should change my oil,123,oil_change_when,123,oil_change_when,run_03_seed_2024,0.9819351434707642
1352,when is my car due for its next oil change,123,oil_change_when,123,oil_change_when,run_03_seed_2024,0.9511476755142212
1353,when am i due for my next oil change,123,oil_change_when,123,oil_change_when,run_03_seed_2024,0.9517685174942017
1354,when should i get my next oil change,123,oil_change_when,123,oil_change_when,run_03_seed_2024,0.9878457188606262
1355,when's the next time i should change my oil,123,oil_change_when,123,oil_change_when,run_03_seed_2024,0.9772768020629883
1356,when should i get my car's oil changed next,123,oil_change_when,123,oil_change_when,run_03_seed_2024,0.9323209524154663
1357,when is the next time i need to get an oil change,123,oil_change_when,123,oil_change_when,run_03_seed_2024,0.9638583064079285
1358,when is my car's next oil change supposed to be,123,oil_change_when,123,oil_change_when,run_03_seed_2024,0.9198122620582581
1359,how long until my next oil change,123,oil_change_when,123,oil_change_when,run_03_seed_2024,0.9745813012123108
1360,when's the next time i ought to change my oil,123,oil_change_when,123,oil_change_when,run_03_seed_2024,0.9564507007598877
1361,when's the next time i have to get an oil change,123,oil_change_when,123,oil_change_when,run_03_seed_2024,0.9454454183578491
1362,when should i get my oil changed,123,oil_change_when,123,oil_change_when,run_03_seed_2024,0.9849189519882202
1363,when should i get the oil changed in my car,123,oil_change_when,123,oil_change_when,run_03_seed_2024,0.8861852288246155
1364,figure out when my car will next need an oil change,123,oil_change_when,123,oil_change_when,run_03_seed_2024,0.7973036766052246
1365,can you recommend for me when to next get my oil changed,123,oil_change_when,123,oil_change_when,run_03_seed_2024,0.8240056037902832
1366,when do you think i ought to change the oil in my car next,123,oil_change_when,123,oil_change_when,run_03_seed_2024,0.7964962720870972
1367,how soon until i will need to get my oil changed,123,oil_change_when,123,oil_change_when,run_03_seed_2024,0.8196846842765808
1368,find out for me when my car is next due for an oil change,123,oil_change_when,123,oil_change_when,run_03_seed_2024,0.6803211569786072
1369,where can i find information on oil changes for my car,123,oil_change_when,3,oil_change_how,run_03_seed_2024,0.3056643009185791
1370,what are the manufacturers guidance on oil changes,123,oil_change_when,3,oil_change_how,run_03_seed_2024,0.22068575024604797
1371,is my car due for it's next oil change,123,oil_change_when,123,oil_change_when,run_03_seed_2024,0.9399527311325073
1372,what is the recommended interval to get my oil changed,123,oil_change_when,123,oil_change_when,run_03_seed_2024,0.6385678052902222
1373,when will i need my next oil change,123,oil_change_when,123,oil_change_when,run_03_seed_2024,0.9832012057304382
1374,how often should i change the oil,123,oil_change_when,123,oil_change_when,run_03_seed_2024,0.9510189294815063
1375,do i need to change my oil soon,123,oil_change_when,123,oil_change_when,run_03_seed_2024,0.7035151124000549
1376,when will my oil change be due for this car,123,oil_change_when,123,oil_change_when,run_03_seed_2024,0.9547367095947266
1377,is my oil change coming up soon,123,oil_change_when,123,oil_change_when,run_03_seed_2024,0.9044345617294312
1378,what's my oil change status,123,oil_change_when,123,oil_change_when,run_03_seed_2024,0.7134504318237305
1379,when does this car need oil changes,123,oil_change_when,123,oil_change_when,run_03_seed_2024,0.7888577580451965
1380,i will say yes as my response,107,yes,107,yes,run_03_seed_2024,0.7981737852096558
1381,my answer to your question is yes,107,yes,107,yes,run_03_seed_2024,0.5517725348472595
1382,yes is my answer,107,yes,107,yes,run_03_seed_2024,0.7760980129241943
1383,"yes, ai, that is correct",107,yes,107,yes,run_03_seed_2024,0.9888947010040283
1384,that's true,107,yes,107,yes,run_03_seed_2024,0.9861286878585815
1385,that's correct,107,yes,107,yes,run_03_seed_2024,0.6068414449691772
1386,that checks out,107,yes,127,order_checks,run_03_seed_2024,0.8437129259109497
1387,that's right,107,yes,107,yes,run_03_seed_2024,0.7634919285774231
1388,affirmative,107,yes,107,yes,run_03_seed_2024,0.9537429809570312
1389,"yes, that is factual",107,yes,107,yes,run_03_seed_2024,0.9899815917015076
1390,"yes, that happens to be correct",107,yes,107,yes,run_03_seed_2024,0.9846537709236145
1391,that would be correct,107,yes,107,yes,run_03_seed_2024,0.9407185912132263
1392,thats right,107,yes,107,yes,run_03_seed_2024,0.6624447703361511
1393,"yes, this is true",107,yes,107,yes,run_03_seed_2024,0.9884379506111145
1394,sure,107,yes,121,maybe,run_03_seed_2024,0.6348204016685486
1395,okay,107,yes,82,greeting,run_03_seed_2024,0.4479903280735016
1396,definitely,107,yes,30,no,run_03_seed_2024,0.23934045433998108
1397,roger that,107,yes,30,no,run_03_seed_2024,0.23833945393562317
1398,i agree,107,yes,114,goodbye,run_03_seed_2024,0.05108167231082916
1399,absolutely,107,yes,107,yes,run_03_seed_2024,0.7445074915885925
1400,you're right,107,yes,119,change_speed,run_03_seed_2024,0.20256724953651428
1401,"yes, that's right",107,yes,107,yes,run_03_seed_2024,0.9923384189605713
1402,please let's do it,107,yes,147,cancel,run_03_seed_2024,0.09869848191738129
1403,yes please,107,yes,107,yes,run_03_seed_2024,0.9652732610702515
1404,can we please,107,yes,147,cancel,run_03_seed_2024,0.14212602376937866
1405,"yes, please",107,yes,107,yes,run_03_seed_2024,0.9652732610702515
1406,10-4,107,yes,32,timer,run_03_seed_2024,0.144229918718338
1407,ya,107,yes,114,goodbye,run_03_seed_2024,0.26083967089653015
1408,yup,107,yes,114,goodbye,run_03_seed_2024,0.05108167231082916
1409,great,107,yes,124,thank_you,run_03_seed_2024,0.5726643204689026
1410,what are some interesting things i can do while in raleigh,149,travel_suggestion,149,travel_suggestion,run_03_seed_2024,0.9636059403419495
1411,can you help me pick some fun things to do in london during my trip,149,travel_suggestion,149,travel_suggestion,run_03_seed_2024,0.9279578328132629
1412,"help me plan my traveling itinerary for my trip to madrid, i want to see lots of sights!",149,travel_suggestion,52,vaccines,run_03_seed_2024,0.10729669034481049
1413,help me pick a new location to travel to,149,travel_suggestion,128,travel_alert,run_03_seed_2024,0.16280783712863922
1414,can you do some research about the best places to travel,149,travel_suggestion,149,travel_suggestion,run_03_seed_2024,0.5504267811775208
1415,tell me some fun activities to do in oklahoma city,149,travel_suggestion,149,travel_suggestion,run_03_seed_2024,0.977327823638916
1416,what are some popular tourist activities in mexico city,149,travel_suggestion,149,travel_suggestion,run_03_seed_2024,0.9150103330612183
1417,i am itching to travel but don't know where to go,149,travel_suggestion,149,travel_suggestion,run_03_seed_2024,0.21709594130516052
1418,give me some recommendations of good tourist attractions in montreal,149,travel_suggestion,149,travel_suggestion,run_03_seed_2024,0.9483064413070679
1419,tell me some fun tourist attractions in london,149,travel_suggestion,149,travel_suggestion,run_03_seed_2024,0.9468806385993958
1420,give me some ideas of what to do during my trip to dallas,149,travel_suggestion,149,travel_suggestion,run_03_seed_2024,0.4869670271873474
1421,find out the best tourist attractions to visit in moscow,149,travel_suggestion,149,travel_suggestion,run_03_seed_2024,0.7368252873420715
1422,i want some suggestions for tourist activities in dublin,149,travel_suggestion,149,travel_suggestion,run_03_seed_2024,0.9545673727989197
1423,i am traveling to paris soon and would like some suggestions of what to do and see,149,travel_suggestion,149,travel_suggestion,run_03_seed_2024,0.5996290445327759
1424,what are some local attractions in portland,149,travel_suggestion,149,travel_suggestion,run_03_seed_2024,0.8987342119216919
1425,what sorts of activities should i get up to while i am in dublin,149,travel_suggestion,149,travel_suggestion,run_03_seed_2024,0.21461141109466553
1426,i want to explore a new place but don't know where i should go do you have any ideas,149,travel_suggestion,145,restaurant_suggestion,run_03_seed_2024,0.522728443145752
1427,please give me some ideas of fun tourist activities to do while i am in paris,149,travel_suggestion,149,travel_suggestion,run_03_seed_2024,0.9540197849273682
1428,can you throw out some suggestions to me of places to travel to,149,travel_suggestion,149,travel_suggestion,run_03_seed_2024,0.7269444465637207
1429,suggest some things for me to do while i am in los angeles,149,travel_suggestion,149,travel_suggestion,run_03_seed_2024,0.6576706171035767
1430,let me know some things to do in phoenix,149,travel_suggestion,149,travel_suggestion,run_03_seed_2024,0.9487672448158264
1431,let me know some things i can do in dallas,149,travel_suggestion,149,travel_suggestion,run_03_seed_2024,0.9613614082336426
1432,i wanna know some things to do in phoenix,149,travel_suggestion,149,travel_suggestion,run_03_seed_2024,0.9649130702018738
1433,i would like to do some things in phoenix,149,travel_suggestion,149,travel_suggestion,run_03_seed_2024,0.7336525321006775
1434,tell me some things to do in phoenix,149,travel_suggestion,149,travel_suggestion,run_03_seed_2024,0.9795407652854919
1435,what are some fun silly things to do in new jersey,149,travel_suggestion,149,travel_suggestion,run_03_seed_2024,0.9937724471092224
1436,what are some cool tourist attractions in england,149,travel_suggestion,149,travel_suggestion,run_03_seed_2024,0.9689169526100159
1437,what are some fun local experiences in canada,149,travel_suggestion,149,travel_suggestion,run_03_seed_2024,0.708189070224762
1438,what are some fun tourist things to do in mumbai,149,travel_suggestion,149,travel_suggestion,run_03_seed_2024,0.998056173324585
1439,what are some fun cheap activities to do in colorado,149,travel_suggestion,149,travel_suggestion,run_03_seed_2024,0.9881147146224976
1440,which insurance plan to i have,74,insurance,74,insurance,run_03_seed_2024,0.591668426990509
1441,do you know which insurance plan i have,74,insurance,74,insurance,run_03_seed_2024,0.9235035181045532
1442,what kind of insurance plan am i in,74,insurance,74,insurance,run_03_seed_2024,0.8105945587158203
1443,what health coverage do i have,74,insurance,74,insurance,run_03_seed_2024,0.8346636891365051
1444,what are the details on my health care plan,74,insurance,74,insurance,run_03_seed_2024,0.9524842500686646
1445,which insurance plan am i enrolled in,74,insurance,74,insurance,run_03_seed_2024,0.9631686806678772
1446,what is my health insurance,74,insurance,74,insurance,run_03_seed_2024,0.9894104599952698
1447,what insurance plan am i enrolled in,74,insurance,74,insurance,run_03_seed_2024,0.9703649282455444
1448,check on my health care plan,74,insurance,74,insurance,run_03_seed_2024,0.9457839727401733
1449,what's my health insurance plan,74,insurance,74,insurance,run_03_seed_2024,0.9861733913421631
1450,what sort of health benefits do i have,74,insurance,74,insurance,run_03_seed_2024,0.9244059920310974
1451,"which health plan do i have, again",74,insurance,74,insurance,run_03_seed_2024,0.9512843489646912
1452,tell me about my health benefits,74,insurance,74,insurance,run_03_seed_2024,0.9932200908660889
1453,what's the name of my health insurance plan,74,insurance,74,insurance,run_03_seed_2024,0.996482253074646
1454,explain my health benefits,74,insurance,74,insurance,run_03_seed_2024,0.9985242486000061
1455,what are my health insurance benefits,74,insurance,74,insurance,run_03_seed_2024,0.9991391897201538
1456,what specific health plan do i have,74,insurance,74,insurance,run_03_seed_2024,0.9648327231407166
1457,tell me the full name of my health plan,74,insurance,74,insurance,run_03_seed_2024,0.9718238711357117
1458,how do my health benefits work,74,insurance,74,insurance,run_03_seed_2024,0.991172730922699
1459,can you tell me what health plan i am on,74,insurance,74,insurance,run_03_seed_2024,0.9323477745056152
1460,tell me my current health plan,74,insurance,74,insurance,run_03_seed_2024,0.9500545263290405
1461,which health plan am i currently enrolled in,74,insurance,74,insurance,run_03_seed_2024,0.9493594169616699
1462,i want to know what health plan i'm currently on,74,insurance,74,insurance,run_03_seed_2024,0.9455968141555786
1463,could you please inform me what health plan i am currently on,74,insurance,74,insurance,run_03_seed_2024,0.7641873359680176
1464,what are the benefits associated with my insurance,74,insurance,74,insurance,run_03_seed_2024,0.970798671245575
1465,what are the benefits of having this insurance,74,insurance,74,insurance,run_03_seed_2024,0.9062702655792236
1466,what are my benefits with this insurance,74,insurance,74,insurance,run_03_seed_2024,0.9862980842590332
1467,what are my benefits on the insurance,74,insurance,74,insurance,run_03_seed_2024,0.9924907088279724
1468,google find out what health plan i am under,74,insurance,74,insurance,run_03_seed_2024,0.8627674579620361
1469,tell me what health plan coverage i have,74,insurance,74,insurance,run_03_seed_2024,0.98382169008255
1470,cross grocery shopping off the todo list,65,todo_list_update,65,todo_list_update,run_03_seed_2024,0.6367570161819458
1471,i don't need grocery shopping on my todo list anymore,65,todo_list_update,65,todo_list_update,run_03_seed_2024,0.4152360260486603
1472,take grocery shopping off my todo list,65,todo_list_update,65,todo_list_update,run_03_seed_2024,0.8224065899848938
1473,remove grocery shopping from todo list,65,todo_list_update,65,todo_list_update,run_03_seed_2024,0.5431981086730957
1474,cross off grocery shopping from todo list,65,todo_list_update,65,todo_list_update,run_03_seed_2024,0.6394221782684326
1475,i don't need mowing the lawn on my to do list anymore,65,todo_list_update,65,todo_list_update,run_03_seed_2024,0.47844523191452026
1476,empty the contents of my to do list,65,todo_list_update,48,todo_list,run_03_seed_2024,0.8473788499832153
1477,take everything off my to do list please,65,todo_list_update,65,todo_list_update,run_03_seed_2024,0.9624191522598267
1478,take everything off my to do list,65,todo_list_update,65,todo_list_update,run_03_seed_2024,0.9260632991790771
1479,please remove science fair from my to do list,65,todo_list_update,65,todo_list_update,run_03_seed_2024,0.9431157112121582
1480,please put babysitting on my to do list,65,todo_list_update,65,todo_list_update,run_03_seed_2024,0.9288844466209412
1481,please put lawn mowing on my list of to dos,65,todo_list_update,65,todo_list_update,run_03_seed_2024,0.6949681639671326
1482,put the dishes on my list of things to do,65,todo_list_update,65,todo_list_update,run_03_seed_2024,0.9421609044075012
1483,remove all items from my to do list,65,todo_list_update,65,todo_list_update,run_03_seed_2024,0.9422104358673096
1484,take tennis practice off my to do list,65,todo_list_update,65,todo_list_update,run_03_seed_2024,0.937583863735199
1485,get rid of my to do list,65,todo_list_update,65,todo_list_update,run_03_seed_2024,0.8436839580535889
1486,take dishes off the to do list,65,todo_list_update,65,todo_list_update,run_03_seed_2024,0.9477282166481018
1487,add grocery shopping to my to do list,65,todo_list_update,65,todo_list_update,run_03_seed_2024,0.8097500205039978
1488,remove laundry from my to do list,65,todo_list_update,65,todo_list_update,run_03_seed_2024,0.9725989103317261
1489,please add laundry to the chores,65,todo_list_update,65,todo_list_update,run_03_seed_2024,0.42047667503356934
1490,add mopping to the to do list,65,todo_list_update,65,todo_list_update,run_03_seed_2024,0.9226052165031433
1491,please put dusting on my list of things to do,65,todo_list_update,65,todo_list_update,run_03_seed_2024,0.9553245902061462
1492,please note vacuuming on my to do list,65,todo_list_update,48,todo_list,run_03_seed_2024,0.7619467973709106
1493,insert mowing on the chore list,65,todo_list_update,48,todo_list,run_03_seed_2024,0.3697703778743744
1494,you can dusting off my todo list,65,todo_list_update,65,todo_list_update,run_03_seed_2024,0.9294893741607666
1495,you take sweeping of my todo list,65,todo_list_update,65,todo_list_update,run_03_seed_2024,0.6985889077186584
1496,you can vacuuming of my todo list,65,todo_list_update,48,todo_list,run_03_seed_2024,0.5512281060218811
1497,you can take laundry off my todo list,65,todo_list_update,65,todo_list_update,run_03_seed_2024,0.9696504473686218
1498,you can take dishes off my todo list,65,todo_list_update,65,todo_list_update,run_03_seed_2024,0.9673439264297485
1499,i need you to clear my todo list,65,todo_list_update,65,todo_list_update,run_03_seed_2024,0.9490140080451965
1500,give me my reminders,76,reminder,76,reminder,run_03_seed_2024,0.9695069789886475
1501,what were the things that i wanted to remember,76,reminder,76,reminder,run_03_seed_2024,0.9514686465263367
1502,what were you supposed to remind me of,76,reminder,53,reminder_update,run_03_seed_2024,0.23303557932376862
1503,my list of reminders contains what,76,reminder,76,reminder,run_03_seed_2024,0.9570667743682861
1504,what did i want to remember,76,reminder,76,reminder,run_03_seed_2024,0.9836945533752441
1505,what did i ask you to remind me of,76,reminder,76,reminder,run_03_seed_2024,0.4740706980228424
1506,read my reminder list,76,reminder,76,reminder,run_03_seed_2024,0.9928758144378662
1507,is my meeting with frank on my list of reminders,76,reminder,76,reminder,run_03_seed_2024,0.7069079875946045
1508,list my reminders,76,reminder,76,reminder,run_03_seed_2024,0.9902337789535522
1509,what stuff am i trying to remember,76,reminder,76,reminder,run_03_seed_2024,0.7726020812988281
1510,what are my reminders,76,reminder,76,reminder,run_03_seed_2024,0.9565707445144653
1511,did i tell you to remind me about laundry,76,reminder,53,reminder_update,run_03_seed_2024,0.5849718451499939
1512,"on my reminders list, is there an item called conference call",76,reminder,76,reminder,run_03_seed_2024,0.7975755929946899
1513,what items did i want to remember,76,reminder,76,reminder,run_03_seed_2024,0.9395117163658142
1514,what's on my list of things to remember,76,reminder,76,reminder,run_03_seed_2024,0.9054749608039856
1515,what kinds of things are you supposed to remind me of,76,reminder,115,what_can_i_ask_you,run_03_seed_2024,0.5089858174324036
1516,is grocery shopping on my reminders list,76,reminder,76,reminder,run_03_seed_2024,0.9194352030754089
1517,i want to know my reminders,76,reminder,76,reminder,run_03_seed_2024,0.9684145450592041
1518,read my list of reminders,76,reminder,76,reminder,run_03_seed_2024,0.9842921495437622
1519,can you tell me the to do's on my reminder list,76,reminder,76,reminder,run_03_seed_2024,0.9150590300559998
1520,please go though the bullet points on my reminder list,76,reminder,76,reminder,run_03_seed_2024,0.9364950060844421
1521,what are all the things on my reminder list,76,reminder,76,reminder,run_03_seed_2024,0.9348956346511841
1522,"i would like to hear the reminders that i listed on my things to remember list, please",76,reminder,76,reminder,run_03_seed_2024,0.9571055173873901
1523,what were the things i want to recall,76,reminder,76,reminder,run_03_seed_2024,0.18600712716579437
1524,can you please remind me of the items that i made note of to not forget,76,reminder,53,reminder_update,run_03_seed_2024,0.37906211614608765
1525,refresh my memory about what items i want to remember,76,reminder,76,reminder,run_03_seed_2024,0.8832979202270508
1526,remind me of the items on my list of things to remember,76,reminder,76,reminder,run_03_seed_2024,0.8972964882850647
1527,"i'd like to just confirm all of the reminders currently on my list of reminders, please",76,reminder,76,reminder,run_03_seed_2024,0.981880784034729
1528,please play my list of reminders,76,reminder,76,reminder,run_03_seed_2024,0.73089998960495
1529,"""which things are wanted to remember",76,reminder,76,reminder,run_03_seed_2024,0.9198502898216248
1530,can i speed up your voice,119,change_speed,119,change_speed,run_03_seed_2024,0.9871701598167419
1531,can i change your talking voice,119,change_speed,119,change_speed,run_03_seed_2024,0.6715006828308105
1532,talk fast,119,change_speed,119,change_speed,run_03_seed_2024,0.8564808964729309
1533,change voice speed,119,change_speed,119,change_speed,run_03_seed_2024,0.912754476070404
1534,change device talking speed,119,change_speed,119,change_speed,run_03_seed_2024,0.80399090051651
1535,speak it again slowly,119,change_speed,119,change_speed,run_03_seed_2024,0.5517409443855286
1536,try to speak slowly,119,change_speed,119,change_speed,run_03_seed_2024,0.6520185470581055
1537,will you please slow down your voice,119,change_speed,119,change_speed,run_03_seed_2024,0.98655104637146
1538,slow down your voice,119,change_speed,119,change_speed,run_03_seed_2024,0.9845119714736938
1539,can you speak faster,119,change_speed,119,change_speed,run_03_seed_2024,0.9852531552314758
1540,how do i change the speed of your voice,119,change_speed,119,change_speed,run_03_seed_2024,0.9736773371696472
1541,can you talk faster,119,change_speed,119,change_speed,run_03_seed_2024,0.9541734457015991
1542,how do i make you talk faster,119,change_speed,119,change_speed,run_03_seed_2024,0.7652934193611145
1543,why are you talking so slowly,119,change_speed,119,change_speed,run_03_seed_2024,0.66660475730896
1544,speed up your talking,119,change_speed,119,change_speed,run_03_seed_2024,0.973066508769989
1545,talk faster,119,change_speed,119,change_speed,run_03_seed_2024,0.9476413130760193
1546,you talk to slow,119,change_speed,119,change_speed,run_03_seed_2024,0.7204975485801697
1547,can you adjust the speed of your voice,119,change_speed,119,change_speed,run_03_seed_2024,0.9780370593070984
1548,can you talk more slowly,119,change_speed,119,change_speed,run_03_seed_2024,0.9412860870361328
1549,go faster,119,change_speed,119,change_speed,run_03_seed_2024,0.804477870464325
1550,can you not talk so fast,119,change_speed,119,change_speed,run_03_seed_2024,0.9393349885940552
1551,speak more quickly,119,change_speed,119,change_speed,run_03_seed_2024,0.9582427144050598
1552,you're talking too fast,119,change_speed,119,change_speed,run_03_seed_2024,0.9018489718437195
1553,you talk too slow,119,change_speed,119,change_speed,run_03_seed_2024,0.8923906683921814
1554,please speak a bit faster,119,change_speed,119,change_speed,run_03_seed_2024,0.9538966417312622
1555,double the speaking speed please,119,change_speed,119,change_speed,run_03_seed_2024,0.964709997177124
1556,speed up speech please,119,change_speed,119,change_speed,run_03_seed_2024,0.9875997304916382
1557,change speaking speed to 50 percent faster,119,change_speed,119,change_speed,run_03_seed_2024,0.9733009338378906
1558,your speech slower it,119,change_speed,119,change_speed,run_03_seed_2024,0.9907101988792419
1559,make slower your speech,119,change_speed,119,change_speed,run_03_seed_2024,0.99126136302948
1560,give me the pressure for the tires on my car,98,tire_pressure,98,tire_pressure,run_03_seed_2024,0.7220861315727234
1561,can you tell me the tire pressure for the car,98,tire_pressure,98,tire_pressure,run_03_seed_2024,0.9138726592063904
1562,give me the tire pressure for the car,98,tire_pressure,98,tire_pressure,run_03_seed_2024,0.9013054966926575
1563,go ahead and give me the tire pressure of my vehicle,98,tire_pressure,98,tire_pressure,run_03_seed_2024,0.6281778812408447
1564,what exactly is the tire pressure for the car,98,tire_pressure,98,tire_pressure,run_03_seed_2024,0.8693108558654785
1565,i must kniw how low are my tires on air,98,tire_pressure,98,tire_pressure,run_03_seed_2024,0.9588744044303894
1566,please tell me my car's tire pressure,98,tire_pressure,98,tire_pressure,run_03_seed_2024,0.9724615812301636
1567,i need to know how low are my tires on air,98,tire_pressure,98,tire_pressure,run_03_seed_2024,0.9677088260650635
1568,i shall know how low are my tires on air,98,tire_pressure,98,tire_pressure,run_03_seed_2024,0.953822672367096
1569,tell me my car's tire pressure,98,tire_pressure,98,tire_pressure,run_03_seed_2024,0.980290412902832
1570,i gotta know my car;s tire pressure,98,tire_pressure,98,tire_pressure,run_03_seed_2024,0.9527720212936401
1571,i would like to know my car's tire pressure,98,tire_pressure,98,tire_pressure,run_03_seed_2024,0.9501514434814453
1572,i gotta know how low are my tires on air,98,tire_pressure,98,tire_pressure,run_03_seed_2024,0.9414971470832825
1573,i wanna know my car's tire pressure,98,tire_pressure,98,tire_pressure,run_03_seed_2024,0.968700110912323
1574,i wanna know how low are my tires on air,98,tire_pressure,98,tire_pressure,run_03_seed_2024,0.9586144685745239
1575,how can i find out what my tire pressure is,98,tire_pressure,98,tire_pressure,run_03_seed_2024,0.8298952579498291
1576,how do i find out my tire pressure,98,tire_pressure,98,tire_pressure,run_03_seed_2024,0.8927667737007141
1577,my tires are how low on air,98,tire_pressure,98,tire_pressure,run_03_seed_2024,0.9271512627601624
1578,how low are my tires right now on air,98,tire_pressure,98,tire_pressure,run_03_seed_2024,0.9617273211479187
1579,my tires are filled enough or no,98,tire_pressure,98,tire_pressure,run_03_seed_2024,0.5235583782196045
1580,what's the tire pressure of my tires,98,tire_pressure,98,tire_pressure,run_03_seed_2024,0.9970391988754272
1581,is there enough air in my tires,98,tire_pressure,98,tire_pressure,run_03_seed_2024,0.9727396368980408
1582,my tires need how much more air in them,98,tire_pressure,98,tire_pressure,run_03_seed_2024,0.9260347485542297
1583,are my tires filled properly,98,tire_pressure,98,tire_pressure,run_03_seed_2024,0.8973667025566101
1584,are my tires filled enough,98,tire_pressure,98,tire_pressure,run_03_seed_2024,0.9333907961845398
1585,what is the pressure of my tires,98,tire_pressure,98,tire_pressure,run_03_seed_2024,0.9684396982192993
1586,do my tires have enough pressure,98,tire_pressure,98,tire_pressure,run_03_seed_2024,0.9702291488647461
1587,what is the air pressure of my tires,98,tire_pressure,98,tire_pressure,run_03_seed_2024,0.9943663477897644
1588,what is the level of air pressure of my tires,98,tire_pressure,98,tire_pressure,run_03_seed_2024,0.9898333549499512
1589,is my tire pressure high,98,tire_pressure,98,tire_pressure,run_03_seed_2024,0.9800410270690918
1590,that isn't right,30,no,30,no,run_03_seed_2024,0.7395247220993042
1591,that's incorrect,30,no,30,no,run_03_seed_2024,0.8451810479164124
1592,nope that's not it,30,no,30,no,run_03_seed_2024,0.9767399430274963
1593,no that isn't right,30,no,30,no,run_03_seed_2024,0.9874101281166077
1594,that's not correct,30,no,30,no,run_03_seed_2024,0.9269588589668274
1595,that isn't correct,30,no,30,no,run_03_seed_2024,0.644332230091095
1596,that is incorrect,30,no,30,no,run_03_seed_2024,0.8911340236663818
1597,that's wrong,30,no,30,no,run_03_seed_2024,0.8775923848152161
1598,"no, that is wrong",30,no,30,no,run_03_seed_2024,0.9985210299491882
1599,"no, that is incorrect",30,no,30,no,run_03_seed_2024,0.9952740669250488
1600,"no, definitely not",30,no,30,no,run_03_seed_2024,0.9923967719078064
1601,i'd say no,30,no,30,no,run_03_seed_2024,0.9506076574325562
1602,the statement is false,30,no,30,no,run_03_seed_2024,0.8603435158729553
1603,that's false,30,no,30,no,run_03_seed_2024,0.9247021079063416
1604,false,30,no,30,no,run_03_seed_2024,0.9497482776641846
1605,it is no,30,no,30,no,run_03_seed_2024,0.8625137805938721
1606,it is false,30,no,30,no,run_03_seed_2024,0.8879770040512085
1607,it is very much false,30,no,30,no,run_03_seed_2024,0.3455040156841278
1608,that has to be false,30,no,30,no,run_03_seed_2024,0.8062875866889954
1609,that is so false,30,no,30,no,run_03_seed_2024,0.9755727052688599
1610,that can't be true,30,no,107,yes,run_03_seed_2024,0.722811222076416
1611,that's a negatory,30,no,30,no,run_03_seed_2024,0.6853252053260803
1612,there is no way in heck that is true,30,no,30,no,run_03_seed_2024,0.7558350563049316
1613,nope not it,30,no,30,no,run_03_seed_2024,0.9123193621635437
1614,that is most definitely false,30,no,30,no,run_03_seed_2024,0.9513384103775024
1615,"no, you are wrong",30,no,30,no,run_03_seed_2024,0.9933926463127136
1616,"no, that is a falsehood",30,no,30,no,run_03_seed_2024,0.9943769574165344
1617,you got that wrong,30,no,30,no,run_03_seed_2024,0.5434526205062866
1618,that is the wrong answer,30,no,30,no,run_03_seed_2024,0.946341335773468
1619,not right now,30,no,30,no,run_03_seed_2024,0.34993988275527954
1620,you need to tell me my credit card's apr,132,apr,132,apr,run_03_seed_2024,0.9602054953575134
1621,now tell me my credit card's apr,132,apr,132,apr,run_03_seed_2024,0.9866629242897034
1622,i need to know the apr on my wells fargo credit card,132,apr,132,apr,run_03_seed_2024,0.9833599328994751
1623,tell me my chase credit card's apr,132,apr,132,apr,run_03_seed_2024,0.986132025718689
1624,tell me what my wells fargo credit card apr is,132,apr,132,apr,run_03_seed_2024,0.9714158177375793
1625,what is my b of a credit card's apr,132,apr,132,apr,run_03_seed_2024,0.9748343229293823
1626,can you tell me the apr of my target credit card,132,apr,132,apr,run_03_seed_2024,0.9484937787055969
1627,what is my apr rate,132,apr,132,apr,run_03_seed_2024,0.9273831248283386
1628,is my apr rate above average,132,apr,132,apr,run_03_seed_2024,0.777230978012085
1629,does my apr rate suck,132,apr,132,apr,run_03_seed_2024,0.9104638695716858
1630,what is my card's apr rate,132,apr,132,apr,run_03_seed_2024,0.9946551322937012
1631,is my apr rate better than most,132,apr,132,apr,run_03_seed_2024,0.6614564657211304
1632,what's my credit card's annual percentage rate,132,apr,132,apr,run_03_seed_2024,0.8374235033988953
1633,what's the annual percentage rate for my credit card,132,apr,132,apr,run_03_seed_2024,0.6537083387374878
1634,how high is the apr on my credit card,132,apr,132,apr,run_03_seed_2024,0.9772111177444458
1635,what's the apr on my credit card,132,apr,132,apr,run_03_seed_2024,0.9978848099708557
1636,how much am i paying for apr on my credit card,132,apr,132,apr,run_03_seed_2024,0.9203880429267883
1637,is my card's apr a decent rate,132,apr,132,apr,run_03_seed_2024,0.9814316034317017
1638,can you tell me my apr on my credit card,132,apr,132,apr,run_03_seed_2024,0.9860988855361938
1639,would you consider my apr to be good,132,apr,132,apr,run_03_seed_2024,0.2601686120033264
1640,what's the current apr on my credit card,132,apr,132,apr,run_03_seed_2024,0.9881855249404907
1641,what kind of credit card apr do i get,132,apr,132,apr,run_03_seed_2024,0.9196801781654358
1642,what's my apr rate,132,apr,132,apr,run_03_seed_2024,0.9368568658828735
1643,tell me my apr rate,132,apr,132,apr,run_03_seed_2024,0.9166522026062012
1644,could you share my credit card's apr,132,apr,132,apr,run_03_seed_2024,0.9241639971733093
1645,is my apr rate good,132,apr,132,apr,run_03_seed_2024,0.9580485820770264
1646,"i need to know what the current apr is for my chase sapphire, please",132,apr,132,apr,run_03_seed_2024,0.604495644569397
1647,can you find me the apr listed on the statement for my citi mastercard,132,apr,132,apr,run_03_seed_2024,0.6526781916618347
1648,what's the apr on my capital one venture card,132,apr,132,apr,run_03_seed_2024,0.9835377335548401
1649,inform me on what my credit card's apr is,132,apr,132,apr,run_03_seed_2024,0.9655451774597168
1650,tell me nutritional info for brocoli,1,nutrition_info,1,nutrition_info,run_03_seed_2024,0.9896182417869568
1651,tell me nutritional info for lettuce,1,nutrition_info,1,nutrition_info,run_03_seed_2024,0.9723853468894958
1652,tell me nutritional info for fish,1,nutrition_info,1,nutrition_info,run_03_seed_2024,0.9692895412445068
1653,tell me nutritional info for burger,1,nutrition_info,1,nutrition_info,run_03_seed_2024,0.9822109341621399
1654,tell me nutritional info for beans,1,nutrition_info,1,nutrition_info,run_03_seed_2024,0.9896182417869568
1655,how healthy is blueberrys,1,nutrition_info,1,nutrition_info,run_03_seed_2024,0.9857105612754822
1656,how healthy is tacos,1,nutrition_info,1,nutrition_info,run_03_seed_2024,0.9641101956367493
1657,how healthy is mcdonalds,1,nutrition_info,1,nutrition_info,run_03_seed_2024,0.9682109951972961
1658,how healthy is a cheeseburger,1,nutrition_info,1,nutrition_info,run_03_seed_2024,0.9526039958000183
1659,how healthy is rice,1,nutrition_info,1,nutrition_info,run_03_seed_2024,0.9768478870391846
1660,find the nutrition info for whole milk for me,1,nutrition_info,1,nutrition_info,run_03_seed_2024,0.9166019558906555
1661,what are the nutrition facts for greek yogurt,1,nutrition_info,1,nutrition_info,run_03_seed_2024,0.9803760051727295
1662,find the nutrition info for ketchup for me,1,nutrition_info,1,nutrition_info,run_03_seed_2024,0.9736934900283813
1663,what are the nutrition facts for cucumbers,1,nutrition_info,1,nutrition_info,run_03_seed_2024,0.9948375821113586
1664,what are the nutrition facts for apple sauce,1,nutrition_info,1,nutrition_info,run_03_seed_2024,0.9893571734428406
1665,what are the nutrition facts for peanut butter,1,nutrition_info,1,nutrition_info,run_03_seed_2024,0.9460527300834656
1666,find the nutrition info for bell peppers for me,1,nutrition_info,1,nutrition_info,run_03_seed_2024,0.9510908722877502
1667,find the nutrition info for cheese fries for me,1,nutrition_info,1,nutrition_info,run_03_seed_2024,0.9710265398025513
1668,find the nutrition info for cucumbers for me,1,nutrition_info,1,nutrition_info,run_03_seed_2024,0.9736934900283813
1669,what are the nutrition facts for carrots,1,nutrition_info,1,nutrition_info,run_03_seed_2024,0.9936299920082092
1670,please give me the nutritional information for an egg,1,nutrition_info,1,nutrition_info,run_03_seed_2024,0.8466392755508423
1671,what's the nutrition info for a pound of chicken,1,nutrition_info,1,nutrition_info,run_03_seed_2024,0.9938997030258179
1672,tell me the nutrition info for a cup of milk,1,nutrition_info,1,nutrition_info,run_03_seed_2024,0.9585363864898682
1673,what's the nutrition info for a cucumber,1,nutrition_info,1,nutrition_info,run_03_seed_2024,0.9961674809455872
1674,give me the nutritional details for a cup of yogurt,1,nutrition_info,1,nutrition_info,run_03_seed_2024,0.6792802214622498
1675,i need the nutrition facts for ramen,1,nutrition_info,1,nutrition_info,run_03_seed_2024,0.9860205054283142
1676,tell me the nutrition facts for shepherd's pie,1,nutrition_info,1,nutrition_info,run_03_seed_2024,0.9618439078330994
1677,i would like nutrition facts for spaghetti carbonara,1,nutrition_info,1,nutrition_info,run_03_seed_2024,0.9594221711158752
1678,tell me spaghetti bolognese's nutrition facts,1,nutrition_info,1,nutrition_info,run_03_seed_2024,0.9750365614891052
1679,i want the nutrition facts for buttered spaghetti,1,nutrition_info,1,nutrition_info,run_03_seed_2024,0.989241898059845
1680,do i have my nephew's birthday marked for november 10th,60,calendar,60,calendar,run_03_seed_2024,0.3757205605506897
1681,do i have any appoints set for my calendar april 3rd,60,calendar,60,calendar,run_03_seed_2024,0.9701381325721741
1682,did i set march 10th as my doctor's appointment,60,calendar,105,calendar_update,run_03_seed_2024,0.12529626488685608
1683,do i have any appointments on my calendar march 22nd,60,calendar,60,calendar,run_03_seed_2024,0.9838998317718506
1684,did i set a day on my calendar for voting in the next election,60,calendar,60,calendar,run_03_seed_2024,0.9146093726158142
1685,did i mark the mechanic's appointment on my calendar,60,calendar,105,calendar_update,run_03_seed_2024,0.6595031023025513
1686,do i have any calendars set for may 12th,60,calendar,60,calendar,run_03_seed_2024,0.6411738991737366
1687,what day did i set on my calendar for the first day of school,60,calendar,60,calendar,run_03_seed_2024,0.8301751613616943
1688,is anything on my calendar for june 22nd,60,calendar,60,calendar,run_03_seed_2024,0.7368652820587158
1689,what do i have going on on my calendar for march 18th,60,calendar,60,calendar,run_03_seed_2024,0.9941406846046448
1690,is my meeting with frank on my calendar,60,calendar,19,meeting_schedule,run_03_seed_2024,0.6228471994400024
1691,what do i have planned for 3/5,60,calendar,60,calendar,run_03_seed_2024,0.8783098459243774
1692,have i gotten around to adding the bike ride to my calendar yet,60,calendar,105,calendar_update,run_03_seed_2024,0.7140012383460999
1693,what events do i have going on on march 11th,60,calendar,60,calendar,run_03_seed_2024,0.7050422430038452
1694,i can't remember if i added the fun run to my calendar yet; did i,60,calendar,105,calendar_update,run_03_seed_2024,0.4161323010921478
1695,have i added my doctor's appointment to my calendar,60,calendar,105,calendar_update,run_03_seed_2024,0.9570969343185425
1696,do i have calendar events on march 19th,60,calendar,60,calendar,run_03_seed_2024,0.9320128560066223
1697,read my calendar for march 7th,60,calendar,60,calendar,run_03_seed_2024,0.9104255437850952
1698,do i have any items on my calendar for march 21st,60,calendar,60,calendar,run_03_seed_2024,0.9872746467590332
1699,do i have any calendar entries for march 8th,60,calendar,60,calendar,run_03_seed_2024,0.9559459090232849
1700,tell me what's on my calendar for march 22nd,60,calendar,60,calendar,run_03_seed_2024,0.9944796562194824
1701,is the marathon on friday added to my calendar,60,calendar,105,calendar_update,run_03_seed_2024,0.9513363242149353
1702,what's on my calendar for march 20th,60,calendar,60,calendar,run_03_seed_2024,0.9192823767662048
1703,what's on my calendar on march 10th,60,calendar,60,calendar,run_03_seed_2024,0.8239840269088745
1704,"check my calendar for me, please",60,calendar,60,calendar,run_03_seed_2024,0.9151643514633179
1705,is event on my calendar,60,calendar,60,calendar,run_03_seed_2024,0.5599866509437561
1706,retrieve events on my calendar,60,calendar,105,calendar_update,run_03_seed_2024,0.5953541398048401
1707,is bowling on my calendar,60,calendar,60,calendar,run_03_seed_2024,0.7939531207084656
1708,on tuesday you are supposed to have a meeting,60,calendar,18,schedule_meeting,run_03_seed_2024,0.35082948207855225
1709,you have yo go to school on calendar,60,calendar,105,calendar_update,run_03_seed_2024,0.22295331954956055
1710,"i'd like an uber for 6 people, going to walmart",39,uber,39,uber,run_03_seed_2024,0.9893710613250732
1711,can you get me an uber to disney world,39,uber,39,uber,run_03_seed_2024,0.9771469235420227
1712,get me an uber for 3 people uptown,39,uber,39,uber,run_03_seed_2024,0.9964582324028015
1713,i need to go downtown with 2 people; can you get me an uber,39,uber,39,uber,run_03_seed_2024,0.9928198456764221
1714,i'm going to need to book an uber to universal studios,39,uber,39,uber,run_03_seed_2024,0.9926096796989441
1715,i need to get four people to red lobster; can you order me an uber,39,uber,39,uber,run_03_seed_2024,0.9453104138374329
1716,i'm going to need an uber for 4 people to go to patty's bar,39,uber,39,uber,run_03_seed_2024,0.9890473484992981
1717,i need to get to the staples center; can you call me an uber,39,uber,39,uber,run_03_seed_2024,0.9807779788970947
1718,find me an uber to the liberty bell,39,uber,39,uber,run_03_seed_2024,0.9657436609268188
1719,i need an uber to madison square garden,39,uber,39,uber,run_03_seed_2024,0.9671565294265747
1720,i need an uber to get to the bank,39,uber,39,uber,run_03_seed_2024,0.9936912059783936
1721,can i get an uber to drive me to the movies,39,uber,39,uber,run_03_seed_2024,0.9919403195381165
1722,contact uber and have them pick me up,39,uber,39,uber,run_03_seed_2024,0.2621042728424072
1723,can i take an uber to the statue of liberty,39,uber,39,uber,run_03_seed_2024,0.9053847789764404
1724,i need an uber for 5 to go to the concerthall,39,uber,39,uber,run_03_seed_2024,0.9978058934211731
1725,get a uber for two to go to a romantic dinner at mcdonalds,39,uber,39,uber,run_03_seed_2024,0.6695152521133423
1726,please call an uber for 6 people to go to amazon's southside warehouse,39,uber,39,uber,run_03_seed_2024,0.9880924820899963
1727,find me an uber and get it here,39,uber,39,uber,run_03_seed_2024,0.9148154854774475
1728,is there an uber that drives to the bank on 5th that can hold 3 people,39,uber,39,uber,run_03_seed_2024,0.8873308300971985
1729,we'd like an uber for 4 to take us to the olive garden,39,uber,39,uber,run_03_seed_2024,0.9758328795433044
1730,i want an uber for one person to go to bank of america,39,uber,39,uber,run_03_seed_2024,0.9597500562667847
1731,can i get an uber for 2 to go to austin,39,uber,39,uber,run_03_seed_2024,0.9880563020706177
1732,call me an uber please,39,uber,39,uber,run_03_seed_2024,0.8355292081832886
1733,is it possible to take an uber to burger king,39,uber,39,uber,run_03_seed_2024,0.9367127418518066
1734,book me an uber for a party of 5 to the salvage yard off maple,39,uber,39,uber,run_03_seed_2024,0.9795205593109131
1735,i need an uber for 5 people to go to the statue of liberty,39,uber,39,uber,run_03_seed_2024,0.9842580556869507
1736,i want an uber to take me to walmart,39,uber,39,uber,run_03_seed_2024,0.9825249910354614
1737,have an uber sent to take me to the courthouse,39,uber,39,uber,run_03_seed_2024,0.9840076565742493
1738,call an uber to take a group of 4 from this bar to the one on maple st,39,uber,39,uber,run_03_seed_2024,0.9461352229118347
1739,i'm too drunk to drive and need an uber home,39,uber,39,uber,run_03_seed_2024,0.9739456176757812
1740,what is 300 divided by 42,138,calculator,138,calculator,run_03_seed_2024,0.9757218956947327
1741,what is 400 times 2,138,calculator,138,calculator,run_03_seed_2024,0.975453794002533
1742,"what is the average of 54, 23, 43, 12, and 442",138,calculator,42,oos,run_03_seed_2024,0.4541168510913849
1743,add 45 to 87 plus 54 plus 43 plus 22,138,calculator,138,calculator,run_03_seed_2024,0.87385493516922
1744,what is 48 multiplied by 4 divided by 2,138,calculator,138,calculator,run_03_seed_2024,0.964611828327179
1745,"what is 25% of $54,788",138,calculator,138,calculator,run_03_seed_2024,0.9221407175064087
1746,what is the square root of 95,138,calculator,138,calculator,run_03_seed_2024,0.9828265905380249
1747,what is 1100 minus 2347,138,calculator,138,calculator,run_03_seed_2024,0.8542445302009583
1748,tell me what 1875 plus 3459 equals,138,calculator,138,calculator,run_03_seed_2024,0.6382940411567688
1749,tell me the answer to 1000 divided by 40,138,calculator,138,calculator,run_03_seed_2024,0.7469604015350342
1750,what is 1000 plus 745,138,calculator,138,calculator,run_03_seed_2024,0.9566941261291504
1751,i need to know the answer to 10000 multiplied by 44,138,calculator,138,calculator,run_03_seed_2024,0.256315141916275
1752,what is 100 multiplied by 55,138,calculator,138,calculator,run_03_seed_2024,0.7961509823799133
1753,what's 15% of 68,138,calculator,138,calculator,run_03_seed_2024,0.47418543696403503
1754,what's 47 times 83,138,calculator,138,calculator,run_03_seed_2024,0.9475147724151611
1755,"if something is 15% off $35, how much is it",138,calculator,138,calculator,run_03_seed_2024,0.3495495021343231
1756,how many times can 3 be divided into 1253,138,calculator,138,calculator,run_03_seed_2024,0.8353115320205688
1757,divide 100 by 12,138,calculator,138,calculator,run_03_seed_2024,0.3192474842071533
1758,find square root of 453,138,calculator,138,calculator,run_03_seed_2024,0.7870537042617798
1759,what is 1243 times 45,138,calculator,138,calculator,run_03_seed_2024,0.9780615568161011
1760,find the square root of 1243435,138,calculator,138,calculator,run_03_seed_2024,0.7917460799217224
1761,what is the square root of 36,138,calculator,138,calculator,run_03_seed_2024,0.9828265905380249
1762,what is 592 minus 124,138,calculator,138,calculator,run_03_seed_2024,0.8542445302009583
1763,i need to know what 25 times 38 is,138,calculator,138,calculator,run_03_seed_2024,0.8829630613327026
1764,can you calculate the square root of 172,138,calculator,138,calculator,run_03_seed_2024,0.8694299459457397
1765,i bought 6 shirts at $499 each what was my total expenditure for them,138,calculator,71,spending_history,run_03_seed_2024,0.08538275957107544
1766,i spent 34 dollars for 12 gallons of paint what is the average price for each gallon,138,calculator,38,exchange_rate,run_03_seed_2024,0.19116823375225067
1767,what is the sum of eleven and ten,138,calculator,138,calculator,run_03_seed_2024,0.863806426525116
1768,what is the solution to sixty times thirty,138,calculator,138,calculator,run_03_seed_2024,0.8536532521247864
1769,how do i ask the ai to help me with math problem,138,calculator,138,calculator,run_03_seed_2024,0.47427377104759216
1770,date please,95,date,95,date,run_03_seed_2024,0.6700935959815979
1771,what is the current day,95,date,95,date,run_03_seed_2024,0.5039103627204895
1772,which day is it now,95,date,95,date,run_03_seed_2024,0.5742715001106262
1773,what's the name of the day today,95,date,95,date,run_03_seed_2024,0.7850837707519531
1774,what is the day now,95,date,95,date,run_03_seed_2024,0.7749300599098206
1775,what day are we in,95,date,95,date,run_03_seed_2024,0.21924348175525665
1776,tell me what tomorrow's date is,95,date,95,date,run_03_seed_2024,0.9869411587715149
1777,please tell me what the date is tomorrow,95,date,95,date,run_03_seed_2024,0.9882968068122864
1778,let me know what tomorrow's date is,95,date,95,date,run_03_seed_2024,0.9477024078369141
1779,let me know the date tomorrow,95,date,95,date,run_03_seed_2024,0.9578527212142944
1780,i need to know tomorrow's date,95,date,95,date,run_03_seed_2024,0.9664415121078491
1781,please tell me what today is,95,date,95,date,run_03_seed_2024,0.7486675977706909
1782,"tell me the date, please",95,date,95,date,run_03_seed_2024,0.9434702396392822
1783,tell me the date 5 days from now,95,date,95,date,run_03_seed_2024,0.9772061109542847
1784,tell me what the date will be in 5 days,95,date,95,date,run_03_seed_2024,0.9760510325431824
1785,what is the date in 5 days,95,date,95,date,run_03_seed_2024,0.9877679944038391
1786,"in 5 days from today, what will the date be",95,date,95,date,run_03_seed_2024,0.9833887815475464
1787,what would the date be 5 days from today,95,date,95,date,run_03_seed_2024,0.9792155027389526
1788,what day it today,95,date,95,date,run_03_seed_2024,0.9202016592025757
1789,what will tomorrow be on the calendar,95,date,60,calendar,run_03_seed_2024,0.4706769585609436
1790,what date will it be tomorrow,95,date,95,date,run_03_seed_2024,0.8732523322105408
1791,what date is it tomorrow,95,date,95,date,run_03_seed_2024,0.9830971956253052
1792,what is the date of tomorrow,95,date,95,date,run_03_seed_2024,0.9745537638664246
1793,what's tomorrow's date,95,date,95,date,run_03_seed_2024,0.9910171031951904
1794,what's the date today,95,date,95,date,run_03_seed_2024,0.9917340278625488
1795,give me today's date,95,date,95,date,run_03_seed_2024,0.9739199280738831
1796,tell me today's date,95,date,95,date,run_03_seed_2024,0.9863313436508179
1797,what's the date,95,date,95,date,run_03_seed_2024,0.9898562431335449
1798,today is which day of the week,95,date,95,date,run_03_seed_2024,0.8448561429977417
1799,today is what day of the week,95,date,95,date,run_03_seed_2024,0.9332196712493896
1800,what restrictions do they have for carry-on,62,carry_on,62,carry_on,run_03_seed_2024,0.9310359954833984
1801,ist all carry-on restrictions applicable to my flight,62,carry_on,62,carry_on,run_03_seed_2024,0.9267152547836304
1802,what are the size limits regarding-carry on bags,62,carry_on,62,carry_on,run_03_seed_2024,0.9213919043540955
1803,how many bags can i carry-on,62,carry_on,62,carry_on,run_03_seed_2024,0.9923938512802124
1804,can i bring perfume on the plane or what is the size limit,62,carry_on,42,oos,run_03_seed_2024,0.23998254537582397
1805,what are the rules for traveling with toothpaste,62,carry_on,42,oos,run_03_seed_2024,0.08382158726453781
1806,can i bring suntan lotion in my carry on,62,carry_on,62,carry_on,run_03_seed_2024,0.9437960982322693
1807,can i fly with my razors or are there restrictions,62,carry_on,42,oos,run_03_seed_2024,0.13844363391399384
1808,are there restrictions for carrying lighters in my backpack on a plane,62,carry_on,42,oos,run_03_seed_2024,0.23736988008022308
1809,how many carry ons can i take on a flight with american airlines to japan,62,carry_on,62,carry_on,run_03_seed_2024,0.9903297424316406
1810,how many carry ons can i take on a flight with panam to wales,62,carry_on,62,carry_on,run_03_seed_2024,0.9956238865852356
1811,what is the carry-on policy for flights on panam,62,carry_on,62,carry_on,run_03_seed_2024,0.9778543710708618
1812,what is the carry-on policy for flights on lufthansa,62,carry_on,62,carry_on,run_03_seed_2024,0.9778543710708618
1813,what is the carry-on policy for flights on delta airlines,62,carry_on,62,carry_on,run_03_seed_2024,0.9889197945594788
1814,how many carry ons can i take on a flight with southwestern to tampa,62,carry_on,62,carry_on,run_03_seed_2024,0.9908052682876587
1815,how many carry ons can i take on a flight with delta to seattle,62,carry_on,62,carry_on,run_03_seed_2024,0.9906602501869202
1816,how many carry ons can i take on a flight with united airlines to austin,62,carry_on,62,carry_on,run_03_seed_2024,0.9875285625457764
1817,what is the carry-on policy for flights on the airline called jetblue,62,carry_on,62,carry_on,run_03_seed_2024,0.9157832860946655
1818,i need to know the carry-on rules for southwest,62,carry_on,62,carry_on,run_03_seed_2024,0.9688591361045837
1819,tell me the carry-on rules for my flight,62,carry_on,62,carry_on,run_03_seed_2024,0.8920630812644958
1820,i am flying to finland and wanna know the carry-on rules,62,carry_on,62,carry_on,run_03_seed_2024,0.9003105163574219
1821,what is the carry-on policy for flights on southwest,62,carry_on,62,carry_on,run_03_seed_2024,0.9626393914222717
1822,i need to know the the carry-on restrictions for american airlines,62,carry_on,62,carry_on,run_03_seed_2024,0.9846499562263489
1823,what is the carry-on policy for flights on transaero,62,carry_on,62,carry_on,run_03_seed_2024,0.9778543710708618
1824,what is the carry-on policy for flights on jetblue,62,carry_on,62,carry_on,run_03_seed_2024,0.9707404375076294
1825,i gotta know the the carry-on restrictions for american airlines,62,carry_on,62,carry_on,run_03_seed_2024,0.9778287410736084
1826,what is the carry-on policy for flights on american airlines,62,carry_on,62,carry_on,run_03_seed_2024,0.98201984167099
1827,i must know the the carry-on restrictions for american airlines,62,carry_on,62,carry_on,run_03_seed_2024,0.9789404273033142
1828,i wanna know the carry-on rules for the flight i have,62,carry_on,62,carry_on,run_03_seed_2024,0.932591438293457
1829,tell me the the carry-on restrictions for american airlines,62,carry_on,62,carry_on,run_03_seed_2024,0.9847005605697632
1830,how many days did i take off,148,pto_used,148,pto_used,run_03_seed_2024,0.9874695539474487
1831,tell me how many days i took off,148,pto_used,148,pto_used,run_03_seed_2024,0.739302396774292
1832,so how many days did i take off sir,148,pto_used,148,pto_used,run_03_seed_2024,0.9849885702133179
1833,so how many days did i take off,148,pto_used,148,pto_used,run_03_seed_2024,0.9849885702133179
1834,i need to know how many days i toof off,148,pto_used,148,pto_used,run_03_seed_2024,0.5125484466552734
1835,what is the total number of days that i have taken off work since january,148,pto_used,148,pto_used,run_03_seed_2024,0.955071747303009
1836,how many days off have i taken so far this year,148,pto_used,148,pto_used,run_03_seed_2024,0.9980113506317139
1837,i want to know how many days off are listed on my time off sheet that i have taken this year,148,pto_used,148,pto_used,run_03_seed_2024,0.9250094294548035
1838,tell me how many days off you see that i have taken so far this year please,148,pto_used,148,pto_used,run_03_seed_2024,0.9908854365348816
1839,can you look and see how many days off i have taken so far since january,148,pto_used,148,pto_used,run_03_seed_2024,0.9819000959396362
1840,check how many days off i've taken,148,pto_used,148,pto_used,run_03_seed_2024,0.9914974570274353
1841,how many hours of pto have i used,148,pto_used,148,pto_used,run_03_seed_2024,0.9889270067214966
1842,how much pto is gone,148,pto_used,148,pto_used,run_03_seed_2024,0.5507233738899231
1843,see how many days i've taken off so far,148,pto_used,148,pto_used,run_03_seed_2024,0.996429979801178
1844,how much of my pto is left,148,pto_used,148,pto_used,run_03_seed_2024,0.5305923819541931
1845,how much of my pto is gone,148,pto_used,148,pto_used,run_03_seed_2024,0.866951048374176
1846,please let me know how many days i've taken off,148,pto_used,148,pto_used,run_03_seed_2024,0.9720941781997681
1847,what is the amount of my taken off days so far,148,pto_used,148,pto_used,run_03_seed_2024,0.9889660477638245
1848,i need to know how many days off i have used so far,148,pto_used,148,pto_used,run_03_seed_2024,0.9968275427818298
1849,how many days off have i taken until right now,148,pto_used,148,pto_used,run_03_seed_2024,0.97856605052948
1850,notify me how many days off i have used so far,148,pto_used,148,pto_used,run_03_seed_2024,0.9956419467926025
1851,tell me how many days off i have taken so far,148,pto_used,148,pto_used,run_03_seed_2024,0.9973886609077454
1852,i want to know how many days off i have utilized until now,148,pto_used,148,pto_used,run_03_seed_2024,0.6429417133331299
1853,how much so far pto have i used,148,pto_used,148,pto_used,run_03_seed_2024,0.9978085160255432
1854,i have used how much pto so far,148,pto_used,148,pto_used,run_03_seed_2024,0.997174859046936
1855,pto i have used so far is how much,148,pto_used,148,pto_used,run_03_seed_2024,0.9907609820365906
1856,pto so far i have used is how much,148,pto_used,148,pto_used,run_03_seed_2024,0.9955865144729614
1857,so far how much pto have i used,148,pto_used,148,pto_used,run_03_seed_2024,0.9966044425964355
1858,how many vacation days i have used,148,pto_used,148,pto_used,run_03_seed_2024,0.9853875041007996
1859,i want to know how many vacation days i have used,148,pto_used,148,pto_used,run_03_seed_2024,0.9173436760902405
1860,can you see if i can make an appointment to have my oil changed,131,schedule_maintenance,131,schedule_maintenance,run_03_seed_2024,0.7639948725700378
1861,find out the next available date and time i can go to get my oil changed please,131,schedule_maintenance,123,oil_change_when,run_03_seed_2024,0.5299526453018188
1862,can you let me know the next open slot for me to get my oil changed,131,schedule_maintenance,131,schedule_maintenance,run_03_seed_2024,0.2885960340499878
1863,"i need to make an appointment for an oil change, please",131,schedule_maintenance,131,schedule_maintenance,run_03_seed_2024,0.9745108485221863
1864,what is the next date for which i can get an oil change appointment,131,schedule_maintenance,123,oil_change_when,run_03_seed_2024,0.8187976479530334
1865,i need a aaa service place to make an appointment for my tires to be assessed,131,schedule_maintenance,131,schedule_maintenance,run_03_seed_2024,0.7942529320716858
1866,my auto tires need to be checked out so where can i get an appointment,131,schedule_maintenance,131,schedule_maintenance,run_03_seed_2024,0.7678483128547668
1867,where can i go to have my tires checked out,131,schedule_maintenance,131,schedule_maintenance,run_03_seed_2024,0.4930601119995117
1868,i need an appointment for someone to check out my check engine light being on,131,schedule_maintenance,131,schedule_maintenance,run_03_seed_2024,0.9964699745178223
1869,my check engine light is on so is anyone available to check it out for me,131,schedule_maintenance,131,schedule_maintenance,run_03_seed_2024,0.969569981098175
1870,can someone take a look at my car because the check engine light is on,131,schedule_maintenance,131,schedule_maintenance,run_03_seed_2024,0.9774022698402405
1871,do you have time today for someone to look at my car because the check engine light is on,131,schedule_maintenance,131,schedule_maintenance,run_03_seed_2024,0.955624520778656
1872,find a place near me to have my tires inspected,131,schedule_maintenance,72,directions,run_03_seed_2024,0.1801166981458664
1873,where can i get a appointment for a tire check for the car,131,schedule_maintenance,131,schedule_maintenance,run_03_seed_2024,0.8230907320976257
1874,i need to bring my car in because the check engine light is staying lit,131,schedule_maintenance,131,schedule_maintenance,run_03_seed_2024,0.9237948656082153
1875,can i get someone to check my check engine light,131,schedule_maintenance,131,schedule_maintenance,run_03_seed_2024,0.9926390647888184
1876,can someone tell me why my check engine light is on,131,schedule_maintenance,131,schedule_maintenance,run_03_seed_2024,0.9659867882728577
1877,"my check engine light is on, i need someone to look at it",131,schedule_maintenance,131,schedule_maintenance,run_03_seed_2024,0.9881452322006226
1878,can someone look at my check engine light,131,schedule_maintenance,131,schedule_maintenance,run_03_seed_2024,0.9905503988265991
1879,my check engine light is on and i need someone to look at it,131,schedule_maintenance,131,schedule_maintenance,run_03_seed_2024,0.9873079657554626
1880,will someone please look at my check engine light that is on,131,schedule_maintenance,131,schedule_maintenance,run_03_seed_2024,0.9700382947921753
1881,can someone look at my check engine light that's on,131,schedule_maintenance,131,schedule_maintenance,run_03_seed_2024,0.9828684329986572
1882,could someone look at my check engine light that's on,131,schedule_maintenance,131,schedule_maintenance,run_03_seed_2024,0.9775945544242859
1883,can i get someone to look at my check engine light that is on,131,schedule_maintenance,131,schedule_maintenance,run_03_seed_2024,0.9885082840919495
1884,should i schedule a car maintenance,131,schedule_maintenance,131,schedule_maintenance,run_03_seed_2024,0.9942266941070557
1885,should i go to a car maintenance,131,schedule_maintenance,131,schedule_maintenance,run_03_seed_2024,0.6291369795799255
1886,should i call a car maintenance,131,schedule_maintenance,131,schedule_maintenance,run_03_seed_2024,0.4450298547744751
1887,may i schedule a car maintenance,131,schedule_maintenance,131,schedule_maintenance,run_03_seed_2024,0.9912872910499573
1888,should i take my car to a maintenance,131,schedule_maintenance,131,schedule_maintenance,run_03_seed_2024,0.46518296003341675
1889,can i make a car maintenance appointment,131,schedule_maintenance,131,schedule_maintenance,run_03_seed_2024,0.92789626121521
1890,i will be traveling to lima alert my bank,146,travel_notification,146,travel_notification,run_03_seed_2024,0.9880346655845642
1891,assure my bank i really am going to california,146,travel_notification,146,travel_notification,run_03_seed_2024,0.9722904562950134
1892,please tell my bank i'm traveling to mexico between next wednesday for a week after,146,travel_notification,146,travel_notification,run_03_seed_2024,0.8428979516029358
1893,please inform my bank i'll be vacationing in the bahamas in a couple of days,146,travel_notification,146,travel_notification,run_03_seed_2024,0.8209637999534607
1894,"i'm going to be in mexico from thursday to friday, so can you let my bank know",146,travel_notification,146,travel_notification,run_03_seed_2024,0.9750130772590637
1895,please kindly inform my bank i'm going to be in canada from next week to two weeks after,146,travel_notification,146,travel_notification,run_03_seed_2024,0.9277679920196533
1896,"let my bank know i'll be in ireland from may 01, 2019 to august 02, 2019",146,travel_notification,146,travel_notification,run_03_seed_2024,0.9061041474342346
1897,alert my bank i'm checking out seattle for the next month,146,travel_notification,146,travel_notification,run_03_seed_2024,0.469857782125473
1898,i'm going to brazil soon and want to let my bank now,146,travel_notification,146,travel_notification,run_03_seed_2024,0.9791556000709534
1899,i'm leaving for montreal tomorrow and need to let my bank know,146,travel_notification,146,travel_notification,run_03_seed_2024,0.9441957473754883
1900,inform my bank i'm traveling to australia between february 23rd to february 25th,146,travel_notification,146,travel_notification,run_03_seed_2024,0.8245226740837097
1901,please tell my bank i'll be in anchorage this week,146,travel_notification,146,travel_notification,run_03_seed_2024,0.9312180876731873
1902,"i need to tell my bank i am, indeed, going to be in london in a few hours",146,travel_notification,146,travel_notification,run_03_seed_2024,0.9655831456184387
1903,please alert my bank i'm going to be in the caymans from may 1st to june 2nd,146,travel_notification,146,travel_notification,run_03_seed_2024,0.9513741135597229
1904,let my bank know i actually am visiting brazil,146,travel_notification,146,travel_notification,run_03_seed_2024,0.9359106421470642
1905,i'll be travelling to russia from april 1 through april 20 and need my financial institute apprised of it,146,travel_notification,146,travel_notification,run_03_seed_2024,0.24320434033870697
1906,please alert my bank i'm traveling to europe between april 1st and 5th,146,travel_notification,146,travel_notification,run_03_seed_2024,0.8450048565864563
1907,tell my bank's fraud department i'm going to mexico,146,travel_notification,146,travel_notification,run_03_seed_2024,0.929504930973053
1908,please notify my bank i'm going to africa between tomorrow and next tuesday,146,travel_notification,146,travel_notification,run_03_seed_2024,0.9177898168563843
1909,tell my bank i'm in canada the entire week of the 6th to the 13th,146,travel_notification,146,travel_notification,run_03_seed_2024,0.42572492361068726
1910,inform my bank i'm seeing italy,146,travel_notification,146,travel_notification,run_03_seed_2024,0.8113028407096863
1911,can you notify my bank that i will be traveling to mexico between march 1st and 15th,146,travel_notification,146,travel_notification,run_03_seed_2024,0.9706206321716309
1912,please let my bank know that i will be visiting spain from june 12th to the 24th,146,travel_notification,146,travel_notification,run_03_seed_2024,0.9786028265953064
1913,i need you to make my bank aware that i will be visiting taiwan from the 22nd of february until the 3rd of march,146,travel_notification,146,travel_notification,run_03_seed_2024,0.5284473299980164
1914,send a notification to my bank of my travel dates from february 19th to 26th to peru,146,travel_notification,146,travel_notification,run_03_seed_2024,0.5547847151756287
1915,alert my bank of my travel to dubai for the dates april 14th through april 22nd,146,travel_notification,146,travel_notification,run_03_seed_2024,0.3313797116279602
1916,"from sunday to wednesday, i will be in oakland, so should i call my bank to let them know",146,travel_notification,146,travel_notification,run_03_seed_2024,0.9223070740699768
1917,my bank needs to know about my traveling to georgia in europe,146,travel_notification,146,travel_notification,run_03_seed_2024,0.7201435565948486
1918,must call my bank about my travel plans,146,travel_notification,25,make_call,run_03_seed_2024,0.2272401601076126
1919,contact bank and let them know about my travel plans,146,travel_notification,146,travel_notification,run_03_seed_2024,0.43281328678131104
1920,i want my phone to be disconnected from you,130,sync_device,130,sync_device,run_03_seed_2024,0.8331859707832336
1921,i would like for my phone to be synced with you,130,sync_device,130,sync_device,run_03_seed_2024,0.5257387757301331
1922,can you connect to my phone,130,sync_device,130,sync_device,run_03_seed_2024,0.9833155870437622
1923,i would like for you to unsync my phone,130,sync_device,130,sync_device,run_03_seed_2024,0.8711696267127991
1924,i no longer want you to be synced to my phone,130,sync_device,130,sync_device,run_03_seed_2024,0.8957316875457764
1925,i do not want my phone synced anymore,130,sync_device,130,sync_device,run_03_seed_2024,0.4662518799304962
1926,i want you paired to my phone,130,sync_device,130,sync_device,run_03_seed_2024,0.9824451804161072
1927,please sync up with my phone,130,sync_device,130,sync_device,run_03_seed_2024,0.9743036031723022
1928,can you pair yourself with my phone please,130,sync_device,130,sync_device,run_03_seed_2024,0.9613215327262878
1929,can you please disconnect from my phone,130,sync_device,130,sync_device,run_03_seed_2024,0.9883179068565369
1930,remove the connection to my phone,130,sync_device,130,sync_device,run_03_seed_2024,0.9515069723129272
1931,can you sync up with my phone,130,sync_device,130,sync_device,run_03_seed_2024,0.9270910620689392
1932,i want you to connect to my handset,130,sync_device,130,sync_device,run_03_seed_2024,0.5347314476966858
1933,pair yourself to my phone if you can,130,sync_device,130,sync_device,run_03_seed_2024,0.8435697555541992
1934,connect to my device,130,sync_device,130,sync_device,run_03_seed_2024,0.4936665892601013
1935,can you link up with my phone,130,sync_device,130,sync_device,run_03_seed_2024,0.9431670308113098
1936,can you disconnect yourself from my phone,130,sync_device,130,sync_device,run_03_seed_2024,0.9655148983001709
1937,don't be synced to my phone anymore,130,sync_device,130,sync_device,run_03_seed_2024,0.9351788759231567
1938,can you get paired to my phone right away,130,sync_device,130,sync_device,run_03_seed_2024,0.8336961269378662
1939,i don't want you connected to my phone anymore,130,sync_device,130,sync_device,run_03_seed_2024,0.900921106338501
1940,please get connected to my phone,130,sync_device,130,sync_device,run_03_seed_2024,0.9804850220680237
1941,i don't want you synced to my phone anymore,130,sync_device,130,sync_device,run_03_seed_2024,0.900921106338501
1942,sync with my phone please,130,sync_device,130,sync_device,run_03_seed_2024,0.9841662645339966
1943,please unsync from my phone right now,130,sync_device,130,sync_device,run_03_seed_2024,0.9829130172729492
1944,unsync yourself from my device,130,sync_device,130,sync_device,run_03_seed_2024,0.2877431809902191
1945,please connect yourself to my main phone,130,sync_device,130,sync_device,run_03_seed_2024,0.6499775648117065
1946,unsync from my phone please,130,sync_device,130,sync_device,run_03_seed_2024,0.9858194589614868
1947,don't be connected to my phone anymore,130,sync_device,130,sync_device,run_03_seed_2024,0.9351788759231567
1948,disconnect from my device please,130,sync_device,130,sync_device,run_03_seed_2024,0.708289384841919
1949,"alexa, connect to the phone now",130,sync_device,130,sync_device,run_03_seed_2024,0.8400201797485352
1950,thank you ever so much for that!,124,thank_you,124,thank_you,run_03_seed_2024,0.9781959056854248
1951,you’re the best thanks so much!,124,thank_you,124,thank_you,run_03_seed_2024,0.9934177398681641
1952,thanks for helping,124,thank_you,124,thank_you,run_03_seed_2024,0.9466348886489868
1953,i am grateful for the help,124,thank_you,124,thank_you,run_03_seed_2024,0.8961110711097717
1954,thank you for the heip,124,thank_you,124,thank_you,run_03_seed_2024,0.9773377180099487
1955,i apprecaite the help from you,124,thank_you,124,thank_you,run_03_seed_2024,0.24297869205474854
1956,thanks that was really helpful,124,thank_you,124,thank_you,run_03_seed_2024,0.8161703944206238
1957,thank you for your time and trying to help,124,thank_you,124,thank_you,run_03_seed_2024,0.8948625326156616
1958,thank you for your assistance,124,thank_you,124,thank_you,run_03_seed_2024,0.9838975071907043
1959,thanks for all your help,124,thank_you,124,thank_you,run_03_seed_2024,0.9929385781288147
1960,thanks for trying,124,thank_you,124,thank_you,run_03_seed_2024,0.8653297424316406
1961,many thank,124,thank_you,124,thank_you,run_03_seed_2024,0.735419511795044
1962,thanks a million,124,thank_you,124,thank_you,run_03_seed_2024,0.9881542921066284
1963,thank a bunch,124,thank_you,124,thank_you,run_03_seed_2024,0.9259669780731201
1964,i appeciate it,124,thank_you,121,maybe,run_03_seed_2024,0.5972437858581543
1965,i would like to thank you ai,124,thank_you,124,thank_you,run_03_seed_2024,0.729882538318634
1966,"ai you have given me so much information, thank you",124,thank_you,124,thank_you,run_03_seed_2024,0.9110860824584961
1967,thanks so much ai,124,thank_you,124,thank_you,run_03_seed_2024,0.9829323291778564
1968,thank you ai for everything you do,124,thank_you,124,thank_you,run_03_seed_2024,0.5517416596412659
1969,"ai is a helpful item to have in my home, thank you",124,thank_you,124,thank_you,run_03_seed_2024,0.1843736320734024
1970,thank you very much,124,thank_you,124,thank_you,run_03_seed_2024,0.959723174571991
1971,"that answer was very helpful, thanks",124,thank_you,124,thank_you,run_03_seed_2024,0.9176257848739624
1972,"great, thanks!",124,thank_you,124,thank_you,run_03_seed_2024,0.9820514917373657
1973,thanks for your help!,124,thank_you,124,thank_you,run_03_seed_2024,0.9940707087516785
1974,thanks so much,124,thank_you,124,thank_you,run_03_seed_2024,0.9914382696151733
1975,thanks for that answer,124,thank_you,124,thank_you,run_03_seed_2024,0.9524824023246765
1976,thank you for that reply,124,thank_you,124,thank_you,run_03_seed_2024,0.9530867338180542
1977,thanks for the reply,124,thank_you,124,thank_you,run_03_seed_2024,0.9644889831542969
1978,thanks for that response,124,thank_you,124,thank_you,run_03_seed_2024,0.9034551382064819
1979,thank you for that response,124,thank_you,124,thank_you,run_03_seed_2024,0.9232895374298096
1980,how much do you get when you roll an eight sided die,92,roll_dice,92,roll_dice,run_03_seed_2024,0.8794612884521484
1981,i need a dice roll for a six sided die,92,roll_dice,92,roll_dice,run_03_seed_2024,0.9982110261917114
1982,roll a dice that has seven sides,92,roll_dice,92,roll_dice,run_03_seed_2024,0.8923379778862
1983,roll the five sided die,92,roll_dice,92,roll_dice,run_03_seed_2024,0.9944057464599609
1984,what is the result when you roll a four sided die,92,roll_dice,92,roll_dice,run_03_seed_2024,0.965243935585022
1985,roll a fourteen sided dice exactly,92,roll_dice,92,roll_dice,run_03_seed_2024,0.9963521957397461
1986,please roll twelve sided dice,92,roll_dice,92,roll_dice,run_03_seed_2024,0.9909691214561462
1987,can i have a 2 sided dice,92,roll_dice,92,roll_dice,run_03_seed_2024,0.8631417751312256
1988,roll a 9 sided dice,92,roll_dice,92,roll_dice,run_03_seed_2024,0.9972033500671387
1989,roll five sided dice,92,roll_dice,92,roll_dice,run_03_seed_2024,0.9980992674827576
1990,roll those dice once,92,roll_dice,92,roll_dice,run_03_seed_2024,0.9532390832901001
1991,throw a roll of the dice,92,roll_dice,92,roll_dice,run_03_seed_2024,0.9918118715286255
1992,make a roll of the dice,92,roll_dice,92,roll_dice,run_03_seed_2024,0.992919385433197
1993,"ai pick up the dice, then drop it",92,roll_dice,92,roll_dice,run_03_seed_2024,0.320466011762619
1994,ai toss the dice,92,roll_dice,92,roll_dice,run_03_seed_2024,0.9274083375930786
1995,ai roll the dice,92,roll_dice,92,roll_dice,run_03_seed_2024,0.9949629306793213
1996,ai throw the dice on the table,92,roll_dice,92,roll_dice,run_03_seed_2024,0.4817200303077698
1997,"ai shake the dice in a cup, then throw dice on table",92,roll_dice,92,roll_dice,run_03_seed_2024,0.8703384399414062
1998,can you roll a four sided die and tell me the result,92,roll_dice,92,roll_dice,run_03_seed_2024,0.9790695309638977
1999,roll a six sided die for me and tell me the result,92,roll_dice,92,roll_dice,run_03_seed_2024,0.9404966831207275
2000,roll a die please,92,roll_dice,92,roll_dice,run_03_seed_2024,0.9758340120315552
2001,can you roll an eight sided die and tell me what it comes up as,92,roll_dice,92,roll_dice,run_03_seed_2024,0.7719840407371521
2002,can you simulate a dice roll,92,roll_dice,92,roll_dice,run_03_seed_2024,0.9841363430023193
2003,can you roll a ten sided die and tell me the number,92,roll_dice,92,roll_dice,run_03_seed_2024,0.9748373627662659
2004,roll a four sided die for me,92,roll_dice,92,roll_dice,run_03_seed_2024,0.9915223121643066
2005,simulate rolling a dice and tell me what it lands on,92,roll_dice,92,roll_dice,run_03_seed_2024,0.09898299723863602
2006,can you roll a die for me,92,roll_dice,92,roll_dice,run_03_seed_2024,0.9424353837966919
2007,can you fake roll a die for me,92,roll_dice,92,roll_dice,run_03_seed_2024,0.9077574014663696
2008,what's the result of a 10-sided dice roll,92,roll_dice,92,roll_dice,run_03_seed_2024,0.9764432311058044
2009,can you roll a 10-sided dice for me,92,roll_dice,92,roll_dice,run_03_seed_2024,0.9842632412910461
2010,how soon milk expires,54,food_last,54,food_last,run_03_seed_2024,0.6244423389434814
2011,when does milk will go bad,54,food_last,54,food_last,run_03_seed_2024,0.9619809985160828
2012,how many days milk can be preserved,54,food_last,148,pto_used,run_03_seed_2024,0.2764657437801361
2013,what is expire of milk,54,food_last,54,food_last,run_03_seed_2024,0.40239447355270386
2014,when is the milk date before used,54,food_last,54,food_last,run_03_seed_2024,0.701350748538971
2015,when does the jerky expire,54,food_last,54,food_last,run_03_seed_2024,0.5821526646614075
2016,what is the expiration date for honey,54,food_last,44,expiration_date,run_03_seed_2024,0.48326173424720764
2017,when is the egg expired,54,food_last,42,oos,run_03_seed_2024,0.26090943813323975
2018,when does the honey expire,54,food_last,54,food_last,run_03_seed_2024,0.5379624962806702
2019,what is the expiration date for those eg,54,food_last,44,expiration_date,run_03_seed_2024,0.4284535050392151
2020,how long can i freeze tofu before it goes bad,54,food_last,54,food_last,run_03_seed_2024,0.7235603928565979
2021,how much time do i have to keep tofu in the freezer before it goes bad,54,food_last,54,food_last,run_03_seed_2024,0.7978460192680359
2022,when will tofu expire if i keep it in the freezer,54,food_last,54,food_last,run_03_seed_2024,0.9865152835845947
2023,how long will tofu last in the freezer before it expires,54,food_last,54,food_last,run_03_seed_2024,0.972673773765564
2024,does tofu last long in the freezer before it goes bad,54,food_last,54,food_last,run_03_seed_2024,0.9793013334274292
2025,how many days later is it okay to eat curry that was in the fridge,54,food_last,54,food_last,run_03_seed_2024,0.8647837042808533
2026,within what time is is fine to eat cooked tilapia kept in the fridge,54,food_last,54,food_last,run_03_seed_2024,0.9416723251342773
2027,what is the most amount of time that is considered safe to store uncooked chicken in the fridge,54,food_last,54,food_last,run_03_seed_2024,0.6532800793647766
2028,what length of time is safe for consuming leftover meatloaf stored in the fridge,54,food_last,54,food_last,run_03_seed_2024,0.9399430155754089
2029,what is the longest i can leave meatballs in sauce in the freezer before it is no longer safe to eat,54,food_last,54,food_last,run_03_seed_2024,0.9448546767234802
2030,can i store bread in the freezer indefinitely and it will still be okay,54,food_last,54,food_last,run_03_seed_2024,0.8860390782356262
2031,after how much time is it still safe to drink milk that is in the fridge,54,food_last,54,food_last,run_03_seed_2024,0.9743713140487671
2032,what is the most time i can keep a burrito frozen for before it's no good to eat,54,food_last,54,food_last,run_03_seed_2024,0.5641354322433472
2033,roughly how long can i leave bananas in the freezer before i have to throw them out,54,food_last,54,food_last,run_03_seed_2024,0.9366861581802368
2034,how long does chicken curry last in the freezer before it's spoiled,54,food_last,54,food_last,run_03_seed_2024,0.9809349179267883
2035,milk can stay in my fridge for how long,54,food_last,54,food_last,run_03_seed_2024,0.9322267770767212
2036,milk will go bad in my fridge when,54,food_last,54,food_last,run_03_seed_2024,0.9927265644073486
2037,what is the amount of time to keep milk refrigerated,54,food_last,78,distance,run_03_seed_2024,0.19353222846984863
2038,tell me how long milk stays good in the fridge,54,food_last,54,food_last,run_03_seed_2024,0.9936855435371399
2039,how long can i keep milk in the fridge,54,food_last,54,food_last,run_03_seed_2024,0.9976577758789062
2040,how long to grill thick steaks,86,cook_time,86,cook_time,run_03_seed_2024,0.5565057992935181
2041,how long does pizza take,86,cook_time,86,cook_time,run_03_seed_2024,0.8058764934539795
2042,lasagna takes how long to cook,86,cook_time,86,cook_time,run_03_seed_2024,0.9642524719238281
2043,bake time for brownies,86,cook_time,86,cook_time,run_03_seed_2024,0.9179602265357971
2044,how many minutes are involved in the preparation of curry,86,cook_time,42,oos,run_03_seed_2024,0.6898917555809021
2045,what's the preparation time for this dish,86,cook_time,86,cook_time,run_03_seed_2024,0.8033940196037292
2046,what is the proper cooking time for this,86,cook_time,86,cook_time,run_03_seed_2024,0.6879788041114807
2047,how long do i cook this for,86,cook_time,86,cook_time,run_03_seed_2024,0.9724869132041931
2048,look up recipe time for this,86,cook_time,86,cook_time,run_03_seed_2024,0.32782411575317383
2049,how many minutes should i put meal the cake in the oven,86,cook_time,86,cook_time,run_03_seed_2024,0.8741856813430786
2050,what's the average cooking time for cooking wings,86,cook_time,86,cook_time,run_03_seed_2024,0.7392867207527161
2051,how many minutes should i set an alarm for this bake,86,cook_time,83,alarm,run_03_seed_2024,0.5800751447677612
2052,when can i expect meal of salmon to be finished,86,cook_time,42,oos,run_03_seed_2024,0.10074279457330704
2053,how long does it take to cook meal of tuscan,86,cook_time,86,cook_time,run_03_seed_2024,0.9589081406593323
2054,tell me how long it will take to prepare a lasagna,86,cook_time,86,cook_time,run_03_seed_2024,0.5435047149658203
2055,i want to cook a lasagna please tell me how long it will take,86,cook_time,86,cook_time,run_03_seed_2024,0.7244769334793091
2056,how long will it take to cook a lasagna,86,cook_time,86,cook_time,run_03_seed_2024,0.9097955822944641
2057,can you tell me how long it will take to cook a lasagna,86,cook_time,86,cook_time,run_03_seed_2024,0.8055233359336853
2058,how long does it take to prepare a lasagna,86,cook_time,86,cook_time,run_03_seed_2024,0.8268992900848389
2059,how long do i need to cook chicken,86,cook_time,86,cook_time,run_03_seed_2024,0.9868971705436707
2060,how long should i boil eggs,86,cook_time,86,cook_time,run_03_seed_2024,0.9258410930633545
2061,how long should i bake a cake,86,cook_time,86,cook_time,run_03_seed_2024,0.9689000844955444
2062,how long does it take to cook steaks,86,cook_time,86,cook_time,run_03_seed_2024,0.9247456192970276
2063,how long does it take to bake a cake,86,cook_time,86,cook_time,run_03_seed_2024,0.8738412857055664
2064,how long should i cook the cookie dough,86,cook_time,86,cook_time,run_03_seed_2024,0.9808534383773804
2065,how long should i cook my turkey,86,cook_time,86,cook_time,run_03_seed_2024,0.9928696751594543
2066,how long do i boil eggs,86,cook_time,86,cook_time,run_03_seed_2024,0.6980130076408386
2067,how long does it take to make mashed potatoes,86,cook_time,86,cook_time,run_03_seed_2024,0.8790218830108643
2068,how long will it take to make an omelet,86,cook_time,86,cook_time,run_03_seed_2024,0.8181002736091614
2069,what are the minutes needed to cook the meal,86,cook_time,86,cook_time,run_03_seed_2024,0.2708078622817993
2070,i want to be reminded to pay the electric bill,53,reminder_update,111,pay_bill,run_03_seed_2024,0.7870137691497803
2071,don't forget to tell me to call my mother,53,reminder_update,53,reminder_update,run_03_seed_2024,0.4405173361301422
2072,remind me to put gas in my car,53,reminder_update,53,reminder_update,run_03_seed_2024,0.4750899374485016
2073,set a reminder to buy bread,53,reminder_update,53,reminder_update,run_03_seed_2024,0.9565117359161377
2074,make a reminder to pay the mortgage,53,reminder_update,53,reminder_update,run_03_seed_2024,0.9474838376045227
2075,create a reminder to wash the dishes,53,reminder_update,53,reminder_update,run_03_seed_2024,0.9314643740653992
2076,create a reminder to change my oil,53,reminder_update,53,reminder_update,run_03_seed_2024,0.41359376907348633
2077,set a reminder for when the turkey is finished cooking,53,reminder_update,53,reminder_update,run_03_seed_2024,0.7243915796279907
2078,make a reminder to pay my cable bill today,53,reminder_update,111,pay_bill,run_03_seed_2024,0.6367945671081543
2079,i need a reminder to give the dog his medicine at ten tonight,53,reminder_update,53,reminder_update,run_03_seed_2024,0.8208791017532349
2080,i don't want to forget to call mom,53,reminder_update,25,make_call,run_03_seed_2024,0.7531318068504333
2081,i need a reminder to wash dishes,53,reminder_update,53,reminder_update,run_03_seed_2024,0.9464394450187683
2082,remind me to exercise,53,reminder_update,53,reminder_update,run_03_seed_2024,0.9977881908416748
2083,help me to remember to pick up stan later,53,reminder_update,53,reminder_update,run_03_seed_2024,0.6162611842155457
2084,tell me later to call bill,53,reminder_update,25,make_call,run_03_seed_2024,0.5684821009635925
2085,i need to be reminded to do something,53,reminder_update,53,reminder_update,run_03_seed_2024,0.8011743426322937
2086,set up a new reminder to alert me when it's time to put the trash out,53,reminder_update,53,reminder_update,run_03_seed_2024,0.8039026856422424
2087,can you remind me to finish a task,53,reminder_update,53,reminder_update,run_03_seed_2024,0.899444580078125
2088,please set up a reminder for me,53,reminder_update,53,reminder_update,run_03_seed_2024,0.6721327304840088
2089,i would like you to remind me to do something,53,reminder_update,53,reminder_update,run_03_seed_2024,0.9572296142578125
2090,i need a reminder to take dinner out of the oven,53,reminder_update,53,reminder_update,run_03_seed_2024,0.8459459543228149
2091,create a new reminder to study for my final exams,53,reminder_update,53,reminder_update,run_03_seed_2024,0.7744383811950684
2092,i need a reminder to alert me to wish my mom a happy birthday,53,reminder_update,53,reminder_update,run_03_seed_2024,0.9409534931182861
2093,are you able to remind me about something,53,reminder_update,53,reminder_update,run_03_seed_2024,0.36479663848876953
2094,set up a reminder so i don't forget the baby shower this weekend,53,reminder_update,53,reminder_update,run_03_seed_2024,0.5764831304550171
2095,set a reminder for me to let the plumber in tomorrow,53,reminder_update,53,reminder_update,run_03_seed_2024,0.9592822790145874
2096,i need to set a reminder to call lisa for her birthday,53,reminder_update,53,reminder_update,run_03_seed_2024,0.9748387336730957
2097,i would like to set a reminder to bring the plants in tonight,53,reminder_update,53,reminder_update,run_03_seed_2024,0.9304472208023071
2098,can you set a reminder alarm for me to workout,53,reminder_update,53,reminder_update,run_03_seed_2024,0.5255440473556519
2099,please set a reminder for me to put the clothes in the dryer,53,reminder_update,53,reminder_update,run_03_seed_2024,0.796633780002594
2100,i need to tell you about my lost card,12,report_lost_card,12,report_lost_card,run_03_seed_2024,0.8329775333404541
2101,"i lost my card, what do i do next",12,report_lost_card,12,report_lost_card,run_03_seed_2024,0.8845664262771606
2102,"i have lost my card, what am i supposed to do",12,report_lost_card,12,report_lost_card,run_03_seed_2024,0.3528711795806885
2103,where do i report that my card was lost,12,report_lost_card,12,report_lost_card,run_03_seed_2024,0.8458336591720581
2104,who do i speak with about my card that was lost,12,report_lost_card,12,report_lost_card,run_03_seed_2024,0.5080659985542297
2105,please help me report my lost card,12,report_lost_card,12,report_lost_card,run_03_seed_2024,0.9799153804779053
2106,set up a report for a lost card,12,report_lost_card,12,report_lost_card,run_03_seed_2024,0.9360881447792053
2107,can you report a lost card for me,12,report_lost_card,12,report_lost_card,run_03_seed_2024,0.9097844958305359
2108,i lost my card and need to report it,12,report_lost_card,12,report_lost_card,run_03_seed_2024,0.9406312704086304
2109,what is the process for reporting my card as lost,12,report_lost_card,12,report_lost_card,run_03_seed_2024,0.8352112770080566
2110,someone used my chase card without my authorization,12,report_lost_card,70,report_fraud,run_03_seed_2024,0.7392140030860901
2111,can you tell me how to report a card lost,12,report_lost_card,12,report_lost_card,run_03_seed_2024,0.9199222326278687
2112,please tell me how to go about reporting a lost card,12,report_lost_card,12,report_lost_card,run_03_seed_2024,0.4491567015647888
2113,search steps for how to report a card lost,12,report_lost_card,12,report_lost_card,run_03_seed_2024,0.840290904045105
2114,i need to to know how to report a lost card,12,report_lost_card,12,report_lost_card,run_03_seed_2024,0.9369234442710876
2115,my bank of america visa platinum was swiped from my belongings,12,report_lost_card,146,travel_notification,run_03_seed_2024,0.11370646208524704
2116,who do i call to report my card as lost,12,report_lost_card,12,report_lost_card,run_03_seed_2024,0.9861449003219604
2117,what should i do if i need to report my card lost,12,report_lost_card,12,report_lost_card,run_03_seed_2024,0.9724542498588562
2118,my capital one visa was taken without permission,12,report_lost_card,42,oos,run_03_seed_2024,0.2091635912656784
2119,i need to report that someone ran off with my td bank card earlier,12,report_lost_card,87,damaged_card,run_03_seed_2024,0.5276216268539429
2120,what steps do i need to take to report a card lost,12,report_lost_card,12,report_lost_card,run_03_seed_2024,0.815280020236969
2121,i would like to report my american express card stolen,12,report_lost_card,12,report_lost_card,run_03_seed_2024,0.9655885100364685
2122,how do i report that i lost my card,12,report_lost_card,12,report_lost_card,run_03_seed_2024,0.9617385864257812
2123,how do i report that i actually lost my card,12,report_lost_card,12,report_lost_card,run_03_seed_2024,0.9416326880455017
2124,how do i report that i lost the card,12,report_lost_card,12,report_lost_card,run_03_seed_2024,0.7566426992416382
2125,how do i report my very lost card,12,report_lost_card,12,report_lost_card,run_03_seed_2024,0.982583224773407
2126,how do i report the card as lost,12,report_lost_card,12,report_lost_card,run_03_seed_2024,0.9249259829521179
2127,"lost report card, need new one",12,report_lost_card,12,report_lost_card,run_03_seed_2024,0.8303837180137634
2128,my report card was stolen,12,report_lost_card,12,report_lost_card,run_03_seed_2024,0.9899028539657593
2129,my report card was lost help!,12,report_lost_card,12,report_lost_card,run_03_seed_2024,0.9671117067337036
2130,can i swap chili for sloppy joe mix in the recipe,134,ingredient_substitution,134,ingredient_substitution,run_03_seed_2024,0.4280812740325928
2131,can i use sugar instead of salt,134,ingredient_substitution,134,ingredient_substitution,run_03_seed_2024,0.9979422688484192
2132,can i use apples instead of oranges in this recipe,134,ingredient_substitution,134,ingredient_substitution,run_03_seed_2024,0.9410108327865601
2133,can i use skim milk instead of 2% in the recipe,134,ingredient_substitution,134,ingredient_substitution,run_03_seed_2024,0.9933115243911743
2134,is it ok to use bananas instead of oranges in the recipe,134,ingredient_substitution,134,ingredient_substitution,run_03_seed_2024,0.9059596061706543
2135,can i use lettuce instead of rice,134,ingredient_substitution,134,ingredient_substitution,run_03_seed_2024,0.9722661375999451
2136,will peas work instead of carrots,134,ingredient_substitution,134,ingredient_substitution,run_03_seed_2024,0.6072663068771362
2137,is it possible to use baking soda instead of flour,134,ingredient_substitution,134,ingredient_substitution,run_03_seed_2024,0.9952202439308167
2138,can i just use oil instead of vinegar,134,ingredient_substitution,134,ingredient_substitution,run_03_seed_2024,0.965137243270874
2139,can i use mayo instead of miracle whip,134,ingredient_substitution,134,ingredient_substitution,run_03_seed_2024,0.9963079690933228
2140,will this recipe still be good if i use milk instead of eggs,134,ingredient_substitution,134,ingredient_substitution,run_03_seed_2024,0.8496032953262329
2141,can i use oil instead of vinegar,134,ingredient_substitution,134,ingredient_substitution,run_03_seed_2024,0.9880533814430237
2142,can i sub bacon for ham,134,ingredient_substitution,134,ingredient_substitution,run_03_seed_2024,0.6555495858192444
2143,can i use pasta sauce instead of tomato paste,134,ingredient_substitution,134,ingredient_substitution,run_03_seed_2024,0.9823418259620667
2144,can i use regular olive oil instead of virgin,134,ingredient_substitution,134,ingredient_substitution,run_03_seed_2024,0.9829855561256409
2145,is it possible to use starch instead of flour,134,ingredient_substitution,134,ingredient_substitution,run_03_seed_2024,0.9828488230705261
2146,is it okay to use butter instead of margarine,134,ingredient_substitution,134,ingredient_substitution,run_03_seed_2024,0.9732733368873596
2147,will it be ok to sub turkey for beef,134,ingredient_substitution,134,ingredient_substitution,run_03_seed_2024,0.5200904607772827
2148,can i use butter instead of margarine,134,ingredient_substitution,134,ingredient_substitution,run_03_seed_2024,0.9911158084869385
2149,is it okay to use applesauce instead of oil,134,ingredient_substitution,134,ingredient_substitution,run_03_seed_2024,0.9538707137107849
2150,"if i use applesauce instead of oil, will that mess it up",134,ingredient_substitution,134,ingredient_substitution,run_03_seed_2024,0.7936505079269409
2151,can i swap applesauce for oil,134,ingredient_substitution,134,ingredient_substitution,run_03_seed_2024,0.8140074610710144
2152,is it alright to switch applesauce for oil,134,ingredient_substitution,3,oil_change_how,run_03_seed_2024,0.27456727623939514
2153,will it still work if i use applesauce instead of oil,134,ingredient_substitution,134,ingredient_substitution,run_03_seed_2024,0.6822362542152405
2154,would it be ok to use butter instead of oil,134,ingredient_substitution,134,ingredient_substitution,run_03_seed_2024,0.9505401253700256
2155,is it ok to use oil spray instead of canola oil,134,ingredient_substitution,134,ingredient_substitution,run_03_seed_2024,0.8206665515899658
2156,could steak be used instead of chicken,134,ingredient_substitution,134,ingredient_substitution,run_03_seed_2024,0.7161985039710999
2157,can i substitute butter for oil,134,ingredient_substitution,134,ingredient_substitution,run_03_seed_2024,0.9841349720954895
2158,can i use red onions instead of white,134,ingredient_substitution,134,ingredient_substitution,run_03_seed_2024,0.9908086657524109
2159,can i get peppers instead of onions,134,ingredient_substitution,134,ingredient_substitution,run_03_seed_2024,0.7406719923019409
2160,i need to call my dad,25,make_call,25,make_call,run_03_seed_2024,0.7657722234725952
2161,i need to call my friend,25,make_call,25,make_call,run_03_seed_2024,0.8661801218986511
2162,i need to call my coworker,25,make_call,25,make_call,run_03_seed_2024,0.9387383460998535
2163,i need to call my mom,25,make_call,25,make_call,run_03_seed_2024,0.886628270149231
2164,i need to call my boss,25,make_call,25,make_call,run_03_seed_2024,0.8111973404884338
2165,i need you to call the phone company for me,25,make_call,25,make_call,run_03_seed_2024,0.9468523263931274
2166,make a call for me to the vet,25,make_call,25,make_call,run_03_seed_2024,0.7591946125030518
2167,dial up dominos pizza,25,make_call,25,make_call,run_03_seed_2024,0.38792625069618225
2168,call my doctor,25,make_call,25,make_call,run_03_seed_2024,0.6688388586044312
2169,get mom on the phone,25,make_call,130,sync_device,run_03_seed_2024,0.37820401787757874
2170,please make a call to stefan larson,25,make_call,25,make_call,run_03_seed_2024,0.9247602224349976
2171,use phone to call alexa,25,make_call,25,make_call,run_03_seed_2024,0.992695689201355
2172,"computer, call alexa",25,make_call,25,make_call,run_03_seed_2024,0.7858222723007202
2173,"computer, place a call to alexa",25,make_call,25,make_call,run_03_seed_2024,0.8462210893630981
2174,can you call alexa,25,make_call,25,make_call,run_03_seed_2024,0.8628872632980347
2175,call alexa at home,25,make_call,25,make_call,run_03_seed_2024,0.7335717678070068
2176,i would like to make a call to sal,25,make_call,25,make_call,run_03_seed_2024,0.52391117811203
2177,i would like to make a phone call,25,make_call,25,make_call,run_03_seed_2024,0.910591185092926
2178,can i make a phone call,25,make_call,25,make_call,run_03_seed_2024,0.9797012805938721
2179,i need to make a call,25,make_call,25,make_call,run_03_seed_2024,0.656545877456665
2180,i need you to phone sal,25,make_call,25,make_call,run_03_seed_2024,0.33913666009902954
2181,i need to call sal,25,make_call,25,make_call,run_03_seed_2024,0.9247669577598572
2182,i have to make a phone call,25,make_call,25,make_call,run_03_seed_2024,0.9665696620941162
2183,i have to use the phone to make a call,25,make_call,25,make_call,run_03_seed_2024,0.9087574481964111
2184,could you call sal,25,make_call,25,make_call,run_03_seed_2024,0.6661129593849182
2185,call sal,25,make_call,25,make_call,run_03_seed_2024,0.940621554851532
2186,x needs to be called by me,25,make_call,144,change_user_name,run_03_seed_2024,0.5900254845619202
2187,call to mom,25,make_call,25,make_call,run_03_seed_2024,0.9040580987930298
2188,call mom,25,make_call,25,make_call,run_03_seed_2024,0.9813106060028076
2189,dial her up,25,make_call,25,make_call,run_03_seed_2024,0.3360047936439514
2190,i want to set an alarm,83,alarm,83,alarm,run_03_seed_2024,0.9838143587112427
2191,set an alarm for 6 am tomorrow,83,alarm,83,alarm,run_03_seed_2024,0.9933458566665649
2192,set an alarm for 8 tomorrow,83,alarm,83,alarm,run_03_seed_2024,0.9963220357894897
2193,please set an alarm,83,alarm,83,alarm,run_03_seed_2024,0.9946715235710144
2194,i'd love to set an alarm,83,alarm,83,alarm,run_03_seed_2024,0.9530349373817444
2195,i would like to have an alarm set for me,83,alarm,83,alarm,run_03_seed_2024,0.9682631492614746
2196,i want an alarm set,83,alarm,83,alarm,run_03_seed_2024,0.988735020160675
2197,i need to set an alarm,83,alarm,83,alarm,run_03_seed_2024,0.9818525910377502
2198,set an alarm for ten tomorrow,83,alarm,83,alarm,run_03_seed_2024,0.996403694152832
2199,set an alarm for 11 tomorrow,83,alarm,83,alarm,run_03_seed_2024,0.9952255487442017
2200,i want an alarm for 6 am,83,alarm,83,alarm,run_03_seed_2024,0.9843419194221497
2201,set an alarm for me,83,alarm,83,alarm,run_03_seed_2024,0.9966631531715393
2202,i wanna have an alarm,83,alarm,83,alarm,run_03_seed_2024,0.9576297998428345
2203,i need an alarm set now,83,alarm,83,alarm,run_03_seed_2024,0.9888161420822144
2204,set an alarm for 9 tomorrow,83,alarm,83,alarm,run_03_seed_2024,0.9963220357894897
2205,don't forget to set an alarm for noon,83,alarm,83,alarm,run_03_seed_2024,0.9798305034637451
2206,can you set the alarm for noon,83,alarm,83,alarm,run_03_seed_2024,0.9805698990821838
2207,i need to up by noon,83,alarm,53,reminder_update,run_03_seed_2024,0.06840261816978455
2208,can you wake me up at noon,83,alarm,83,alarm,run_03_seed_2024,0.8016432523727417
2209,set alarm for noon,83,alarm,83,alarm,run_03_seed_2024,0.9916941523551941
2210,wake me up with an alarm at 6am,83,alarm,83,alarm,run_03_seed_2024,0.9832752346992493
2211,help me wake up with an alarm at 5:30am,83,alarm,83,alarm,run_03_seed_2024,0.9611923098564148
2212,set an alarm to wake me up at 5:30am,83,alarm,83,alarm,run_03_seed_2024,0.9962355494499207
2213,set an alarm for 5am,83,alarm,83,alarm,run_03_seed_2024,0.9977056384086609
2214,please set the alarm,83,alarm,83,alarm,run_03_seed_2024,0.9841485619544983
2215,please make sure the alarm is set,83,alarm,83,alarm,run_03_seed_2024,0.8167106509208679
2216,could you set the alarm,83,alarm,83,alarm,run_03_seed_2024,0.9437913298606873
2217,set the alarm now,83,alarm,83,alarm,run_03_seed_2024,0.9688888788223267
2218,can you set an alarm,83,alarm,83,alarm,run_03_seed_2024,0.9788359999656677
2219,i need an alarm,83,alarm,83,alarm,run_03_seed_2024,0.9938780665397644
2220,what's on my todo list,48,todo_list,48,todo_list,run_03_seed_2024,0.9748790264129639
2221,let me hear my todo list,48,todo_list,48,todo_list,run_03_seed_2024,0.9197078943252563
2222,"did i add ""cleaning the foyer"" to my todo list yet",48,todo_list,65,todo_list_update,run_03_seed_2024,0.6478574872016907
2223,did i put grocery shopping on my todo list,48,todo_list,48,todo_list,run_03_seed_2024,0.7206488847732544
2224,give me my todo list,48,todo_list,48,todo_list,run_03_seed_2024,0.9357904195785522
2225,what things are on my todo list,48,todo_list,48,todo_list,run_03_seed_2024,0.9476109147071838
2226,have i told you to add washing dishes to my todo list,48,todo_list,65,todo_list_update,run_03_seed_2024,0.9331105947494507
2227,is laundry on my todo list,48,todo_list,48,todo_list,run_03_seed_2024,0.5533285737037659
2228,read my todo list,48,todo_list,48,todo_list,run_03_seed_2024,0.9703177213668823
2229,list my todo list items,48,todo_list,48,todo_list,run_03_seed_2024,0.8822128176689148
2230,"is ""cleaning the bathroom"" an item on my todo list",48,todo_list,48,todo_list,run_03_seed_2024,0.8386710286140442
2231,tell me what's on my todo list,48,todo_list,48,todo_list,run_03_seed_2024,0.9766191840171814
2232,read my to-do list items,48,todo_list,48,todo_list,run_03_seed_2024,0.9840047359466553
2233,check on my to-do list items,48,todo_list,48,todo_list,run_03_seed_2024,0.9586118459701538
2234,check what is on my to-do list,48,todo_list,48,todo_list,run_03_seed_2024,0.9966831803321838
2235,what items are on my list of to-dos,48,todo_list,48,todo_list,run_03_seed_2024,0.7345899343490601
2236,what is on my to-do list,48,todo_list,48,todo_list,run_03_seed_2024,0.9959858059883118
2237,what kind of things do i have to do today,48,todo_list,48,todo_list,run_03_seed_2024,0.747808039188385
2238,what's on my todo list for today,48,todo_list,48,todo_list,run_03_seed_2024,0.9824222922325134
2239,please tell me my todo list,48,todo_list,48,todo_list,run_03_seed_2024,0.956654965877533
2240,is my todo list possible today,48,todo_list,48,todo_list,run_03_seed_2024,0.9597752094268799
2241,i really want to know my todo list again thanks,48,todo_list,48,todo_list,run_03_seed_2024,0.7076857686042786
2242,is it possible to read my to-do list again,48,todo_list,48,todo_list,run_03_seed_2024,0.935013473033905
2243,tell me my to-do list,48,todo_list,48,todo_list,run_03_seed_2024,0.9921501874923706
2244,what is my to-do list like today,48,todo_list,48,todo_list,run_03_seed_2024,0.9914557337760925
2245,list my to-do list,48,todo_list,48,todo_list,run_03_seed_2024,0.800822913646698
2246,give me my to-do list,48,todo_list,48,todo_list,run_03_seed_2024,0.9711055755615234
2247,what must i do today,48,todo_list,48,todo_list,run_03_seed_2024,0.29601147770881653
2248,is make a hair appointment on my todo list right now,48,todo_list,65,todo_list_update,run_03_seed_2024,0.44585365056991577
2249,can you see if paying garbage bill is on my todo list for this week,48,todo_list,48,todo_list,run_03_seed_2024,0.5473042726516724
2250,change the accent you're using,51,change_accent,51,change_accent,run_03_seed_2024,0.8764612674713135
2251,start using a different accent,51,change_accent,51,change_accent,run_03_seed_2024,0.8588816523551941
2252,talk to me in a different accent,51,change_accent,51,change_accent,run_03_seed_2024,0.5479680895805359
2253,alter your accent,51,change_accent,51,change_accent,run_03_seed_2024,0.7120329737663269
2254,change to the female voice,51,change_accent,51,change_accent,run_03_seed_2024,0.9904147386550903
2255,i want to hear the female voice from now on,51,change_accent,51,change_accent,run_03_seed_2024,0.9213981628417969
2256,i want the male voice,51,change_accent,51,change_accent,run_03_seed_2024,0.9735682606697083
2257,could you use the female voice,51,change_accent,51,change_accent,run_03_seed_2024,0.9676812291145325
2258,female voice please,51,change_accent,51,change_accent,run_03_seed_2024,0.9409032464027405
2259,can you switch to the male voice,51,change_accent,51,change_accent,run_03_seed_2024,0.9843294620513916
2260,the male voice please,51,change_accent,51,change_accent,run_03_seed_2024,0.9699903130531311
2261,could you use the male voice,51,change_accent,51,change_accent,run_03_seed_2024,0.9770932197570801
2262,i want the female voice,51,change_accent,51,change_accent,run_03_seed_2024,0.9600136876106262
2263,i want you to change your accent,51,change_accent,51,change_accent,run_03_seed_2024,0.5920117497444153
2264,would you please switch to the male voice,51,change_accent,51,change_accent,run_03_seed_2024,0.9617602825164795
2265,i would like you to change your accent,51,change_accent,51,change_accent,run_03_seed_2024,0.5809863805770874
2266,i want you to change to the male voice,51,change_accent,51,change_accent,run_03_seed_2024,0.9713994264602661
2267,can you change to the male voice,51,change_accent,51,change_accent,run_03_seed_2024,0.9883814454078674
2268,change to girl voice,51,change_accent,51,change_accent,run_03_seed_2024,0.7494533658027649
2269,please switch to the girl voice,51,change_accent,51,change_accent,run_03_seed_2024,0.563892662525177
2270,change to the females voice please,51,change_accent,51,change_accent,run_03_seed_2024,0.4563566744327545
2271,switch voice option to female,51,change_accent,51,change_accent,run_03_seed_2024,0.8666725754737854
2272,change voice to female,51,change_accent,51,change_accent,run_03_seed_2024,0.9548821449279785
2273,use the female voice,51,change_accent,51,change_accent,run_03_seed_2024,0.9860432147979736
2274,change settings to sound like a female,51,change_accent,88,reset_settings,run_03_seed_2024,0.3721993863582611
2275,turn to the voice of the woman,51,change_accent,51,change_accent,run_03_seed_2024,0.16837450861930847
2276,change to the woman voice,51,change_accent,51,change_accent,run_03_seed_2024,0.8073807954788208
2277,"i like the female voice, switch please",51,change_accent,51,change_accent,run_03_seed_2024,0.9682874083518982
2278,speak with a male british accent,51,change_accent,51,change_accent,run_03_seed_2024,0.9930731654167175
2279,would you change your voice to the male british accent for me,51,change_accent,51,change_accent,run_03_seed_2024,0.9929113984107971
2280,what site can i get my w2,122,w2,122,w2,run_03_seed_2024,0.9991299510002136
2281,where do we get our w2 forms,122,w2,122,w2,run_03_seed_2024,0.9565384387969971
2282,where can i get my w2,122,w2,122,w2,run_03_seed_2024,0.9993832111358643
2283,where can i get my w2 from,122,w2,122,w2,run_03_seed_2024,0.9992565512657166
2284,i would like to know where i can find my w2 for tax reasons,122,w2,122,w2,run_03_seed_2024,0.9917464256286621
2285,what steps do i need to take to obtain my w2 for taxes,122,w2,122,w2,run_03_seed_2024,0.8032726049423218
2286,what do i do if i need my w2 for my my taxes,122,w2,122,w2,run_03_seed_2024,0.8950469493865967
2287,how can i get get a copy of my w2 for tax purposes,122,w2,122,w2,run_03_seed_2024,0.9934507608413696
2288,can you tell me the process for obtaining a copy of my w2 for my taxes,122,w2,122,w2,run_03_seed_2024,0.9158734679222107
2289,where do i go to get that work tax form thing,122,w2,122,w2,run_03_seed_2024,0.9437731504440308
2290,what do i need to do to get that tax form thing from my job,122,w2,122,w2,run_03_seed_2024,0.5746968388557434
2291,how do i get that tax form from my employer,122,w2,122,w2,run_03_seed_2024,0.9128991365432739
2292,where can i find that tax form my employer gives me,122,w2,122,w2,run_03_seed_2024,0.9562020897865295
2293,how do i get the form to file my taxes from my employer,122,w2,122,w2,run_03_seed_2024,0.9214937090873718
2294,where do i look to get a w2,122,w2,122,w2,run_03_seed_2024,0.9793420433998108
2295,i need a w2 form from,122,w2,122,w2,run_03_seed_2024,0.9653815627098083
2296,can you trll me where to get my w2,122,w2,122,w2,run_03_seed_2024,0.9979249238967896
2297,i want to get the w-2 form,122,w2,122,w2,run_03_seed_2024,0.8834215402603149
2298,i wanna know where to find a w2,122,w2,122,w2,run_03_seed_2024,0.868091344833374
2299,i wanna know where to get my w2,122,w2,122,w2,run_03_seed_2024,0.9938083291053772
2300,tell me where to a w2 form,122,w2,122,w2,run_03_seed_2024,0.9876296520233154
2301,i must know where to get my w2,122,w2,122,w2,run_03_seed_2024,0.9933557510375977
2302,i wanna get my w-2 form,122,w2,122,w2,run_03_seed_2024,0.9156529307365417
2303,"i need a w2, so where is it",122,w2,122,w2,run_03_seed_2024,0.7611300349235535
2304,where can i find a w2,122,w2,122,w2,run_03_seed_2024,0.9643843770027161
2305,i must get the w-2 form,122,w2,122,w2,run_03_seed_2024,0.8899151682853699
2306,help me get w-2 form,122,w2,122,w2,run_03_seed_2024,0.8791667222976685
2307,i wanna know where the w2 is,122,w2,122,w2,run_03_seed_2024,0.7551944851875305
2308,help me get my w-2 form,122,w2,122,w2,run_03_seed_2024,0.9650334119796753
2309,can't find w-2,122,w2,42,oos,run_03_seed_2024,0.374752938747406
2310,when is my electric bill due by,56,bill_due,56,bill_due,run_03_seed_2024,0.9930311441421509
2311,when is my car insurance bill due,56,bill_due,56,bill_due,run_03_seed_2024,0.9872408509254456
2312,how long until my water bill is due,56,bill_due,56,bill_due,run_03_seed_2024,0.9747925996780396
2313,what's the latest i can pay my cellular bill,56,bill_due,56,bill_due,run_03_seed_2024,0.39230164885520935
2314,what's the due date for my netflix subscription,56,bill_due,56,bill_due,run_03_seed_2024,0.8790609836578369
2315,tell me where i can find my exterminator bill's due date,56,bill_due,56,bill_due,run_03_seed_2024,0.8397009968757629
2316,how do i locate the due date for my bug bill,56,bill_due,56,bill_due,run_03_seed_2024,0.9791765213012695
2317,where can i see the due date for auto loan bill,56,bill_due,56,bill_due,run_03_seed_2024,0.8929287791252136
2318,when is my cell phone due,56,bill_due,56,bill_due,run_03_seed_2024,0.6581399440765381
2319,i need to know where my due date is for my lawn bill,56,bill_due,56,bill_due,run_03_seed_2024,0.8997076749801636
2320,where can i find when my car payment bill is due,56,bill_due,56,bill_due,run_03_seed_2024,0.9895762205123901
2321,what's the ultimate day for me to pay the internet bill,56,bill_due,56,bill_due,run_03_seed_2024,0.44487032294273376
2322,tell me the last day i can pay my gas bill,56,bill_due,56,bill_due,run_03_seed_2024,0.4962025582790375
2323,what's the due date for my comcast bill,56,bill_due,56,bill_due,run_03_seed_2024,0.9084051251411438
2324,i need to know when my water bill is due,56,bill_due,56,bill_due,run_03_seed_2024,0.9936487078666687
2325,please tell me how to find out when my rent is due,56,bill_due,56,bill_due,run_03_seed_2024,0.8420798182487488
2326,i need to know when my electricity bill is due,56,bill_due,56,bill_due,run_03_seed_2024,0.9800455570220947
2327,can you tell me when my cable bill is due,56,bill_due,56,bill_due,run_03_seed_2024,0.9792162775993347
2328,i need to find out how to check the due date for the water bill,56,bill_due,56,bill_due,run_03_seed_2024,0.8638702034950256
2329,when does the current billing cycle end,56,bill_due,42,oos,run_03_seed_2024,0.1889747679233551
2330,is the bill due today,56,bill_due,56,bill_due,run_03_seed_2024,0.9485674500465393
2331,is the bill due,56,bill_due,56,bill_due,run_03_seed_2024,0.9152808785438538
2332,when do i have to pay my internet,56,bill_due,56,bill_due,run_03_seed_2024,0.9746447205543518
2333,i want to know when the deadline is to pay my car loan,56,bill_due,56,bill_due,run_03_seed_2024,0.9150812029838562
2334,tell me when my water bill is due,56,bill_due,56,bill_due,run_03_seed_2024,0.9913391470909119
2335,what day of the month do i have to pay my mortgage,56,bill_due,56,bill_due,run_03_seed_2024,0.8856638669967651
2336,when is my electricity due date,56,bill_due,56,bill_due,run_03_seed_2024,0.9368772506713867
2337,i need to know the next billing date of my american express card,56,bill_due,44,expiration_date,run_03_seed_2024,0.508478581905365
2338,when does my gas bill need paid by,56,bill_due,56,bill_due,run_03_seed_2024,0.8394321799278259
2339,when is next month's cable bill due,56,bill_due,56,bill_due,run_03_seed_2024,0.9615767598152161
2340,number of calories in coke,135,calories,135,calories,run_03_seed_2024,0.9858338236808777
2341,what kind of calories do chicken tenders have,135,calories,135,calories,run_03_seed_2024,0.8645115494728088
2342,calorie content of dr pepper,135,calories,135,calories,run_03_seed_2024,0.8167676329612732
2343,what's the calorie content of chicken nuggets,135,calories,135,calories,run_03_seed_2024,0.9559252262115479
2344,how many calories are in hamburgers,135,calories,135,calories,run_03_seed_2024,0.9892024397850037
2345,what is the calorie count for this milkshake,135,calories,135,calories,run_03_seed_2024,0.9734732508659363
2346,how many calories does an orange have,135,calories,135,calories,run_03_seed_2024,0.9721364378929138
2347,what is the total number of calories in this pizza,135,calories,135,calories,run_03_seed_2024,0.9780387282371521
2348,how many calories are in a burger,135,calories,135,calories,run_03_seed_2024,0.9800010323524475
2349,rolls have how many calories,135,calories,135,calories,run_03_seed_2024,0.9899375438690186
2350,what is the calorie content in bananas,135,calories,135,calories,run_03_seed_2024,0.9771912097930908
2351,what is the calorie content in peanut butter,135,calories,135,calories,run_03_seed_2024,0.9678005576133728
2352,what is the calorie content in french fries,135,calories,135,calories,run_03_seed_2024,0.9007353782653809
2353,what is the calorie content in potatoes,135,calories,135,calories,run_03_seed_2024,0.9802825450897217
2354,what is the calorie content in spaghetti,135,calories,135,calories,run_03_seed_2024,0.9836466908454895
2355,i need to know the calorie content of spaghetti,135,calories,135,calories,run_03_seed_2024,0.9791014194488525
2356,how many calories are in a sandwich,135,calories,135,calories,run_03_seed_2024,0.9907138347625732
2357,what number of calories are in a pizza,135,calories,135,calories,run_03_seed_2024,0.9204225540161133
2358,what is the number of calories in a steak,135,calories,135,calories,run_03_seed_2024,0.984865665435791
2359,how many calories are in a cheeseburger,135,calories,135,calories,run_03_seed_2024,0.9854244589805603
2360,can you check the amount of calories in a chicken sandwich,135,calories,135,calories,run_03_seed_2024,0.953618586063385
2361,what is the calorie count of a burrito,135,calories,135,calories,run_03_seed_2024,0.9821051359176636
2362,"calorie check, cheese burger",135,calories,135,calories,run_03_seed_2024,0.45794105529785156
2363,how many calories are in a taco,135,calories,135,calories,run_03_seed_2024,0.9781654477119446
2364,can you see how many calories are in cream of mushroom soup,135,calories,135,calories,run_03_seed_2024,0.847970724105835
2365,the intake of calories it it bad,135,calories,135,calories,run_03_seed_2024,0.7536759972572327
2366,how much is alorie intake,135,calories,27,bill_balance,run_03_seed_2024,0.3710820972919464
2367,hoq many calories does pasta have,135,calories,135,calories,run_03_seed_2024,0.9740369915962219
2368,how many calories can i expect to be in fries,135,calories,135,calories,run_03_seed_2024,0.9032672643661499
2369,what's the calorie content of french fries,135,calories,135,calories,run_03_seed_2024,0.9658561944961548
2370,tell me how to go about reporting a damaged card,87,damaged_card,87,damaged_card,run_03_seed_2024,0.1944642812013626
2371,my card is damaged,87,damaged_card,87,damaged_card,run_03_seed_2024,0.985491931438446
2372,i want to report a damaged card,87,damaged_card,87,damaged_card,run_03_seed_2024,0.9580475687980652
2373,where should i report a damaged card,87,damaged_card,87,damaged_card,run_03_seed_2024,0.866489052772522
2374,can you find out how to report a damaged card,87,damaged_card,87,damaged_card,run_03_seed_2024,0.7990678548812866
2375,my card has become too frayed and torn to use,87,damaged_card,87,damaged_card,run_03_seed_2024,0.8356980085372925
2376,what do i do about a card that's too messed up to be properly scanned,87,damaged_card,12,report_lost_card,run_03_seed_2024,0.08850572258234024
2377,my card became damaged when i dropped it in the parking lot and it got ran over,87,damaged_card,87,damaged_card,run_03_seed_2024,0.8814423084259033
2378,i have a damaged card that needs replaced because my son dropped it in a blender,87,damaged_card,87,damaged_card,run_03_seed_2024,0.7542000412940979
2379,i sat on my credit card and broke it in half and need it replaced,87,damaged_card,87,damaged_card,run_03_seed_2024,0.8755274415016174
2380,my credit card got torn and i need a new one,87,damaged_card,87,damaged_card,run_03_seed_2024,0.7920722365379333
2381,what do i do with a damaged credit card,87,damaged_card,87,damaged_card,run_03_seed_2024,0.5245306491851807
2382,how do i replace a damaged card,87,damaged_card,87,damaged_card,run_03_seed_2024,0.833980917930603
2383,i have a card that needs replaced because my wine dumped wine on it,87,damaged_card,87,damaged_card,run_03_seed_2024,0.17346534132957458
2384,i spilled wine on my credit card and now its all mushy and needs to be replaced,87,damaged_card,87,damaged_card,run_03_seed_2024,0.4880766272544861
2385,my dog swallowed my credit card and i need a new one,87,damaged_card,87,damaged_card,run_03_seed_2024,0.8385763764381409
2386,i want to report a damaged card that my cat shredded with its claws,87,damaged_card,87,damaged_card,run_03_seed_2024,0.8420464992523193
2387,i need to replace a card that my daughter spilled juice on,87,damaged_card,87,damaged_card,run_03_seed_2024,0.24059678614139557
2388,i'm unable to use my card because it's been ruined,87,damaged_card,87,damaged_card,run_03_seed_2024,0.5425020456314087
2389,i can't use my card because it’s damaged badly,87,damaged_card,87,damaged_card,run_03_seed_2024,0.9639254808425903
2390,i cannot use my card cuz it's damaged,87,damaged_card,87,damaged_card,run_03_seed_2024,0.9625065922737122
2391,i can't use my card because it’s messed up,87,damaged_card,87,damaged_card,run_03_seed_2024,0.8822104930877686
2392,i can't use my card because it’s broken,87,damaged_card,87,damaged_card,run_03_seed_2024,0.9318701028823853
2393,i can't use my card because i damaged it,87,damaged_card,87,damaged_card,run_03_seed_2024,0.9738053679466248
2394,who should i talk to about the fact that i inadvertently split my card almost in half,87,damaged_card,87,damaged_card,run_03_seed_2024,0.7922214269638062
2395,i accidentally deactivated the magnetic stripe on my visa debit card and i need to report it,87,damaged_card,87,damaged_card,run_03_seed_2024,0.8513665795326233
2396,can i talk to someone to let them know my card was damaged from being melted on a radiator,87,damaged_card,87,damaged_card,run_03_seed_2024,0.5488419532775879
2397,i would like to report a damaged card that was burnt,87,damaged_card,87,damaged_card,run_03_seed_2024,0.6832172870635986
2398,i would like to report my card damaged since i accidentally spilled gorilla glue all over it and the numbers are now obscured,87,damaged_card,87,damaged_card,run_03_seed_2024,0.9621734023094177
2399,my visa has been damaged,87,damaged_card,103,application_status,run_03_seed_2024,0.3658539056777954
2400,does applebees have good reviews,0,restaurant_reviews,0,restaurant_reviews,run_03_seed_2024,0.9853551387786865
2401,are the reviews ned get's good,0,restaurant_reviews,0,restaurant_reviews,run_03_seed_2024,0.9858527183532715
2402,is the review ned's have good,0,restaurant_reviews,0,restaurant_reviews,run_03_seed_2024,0.46107667684555054
2403,are ned's reviews good,0,restaurant_reviews,0,restaurant_reviews,run_03_seed_2024,0.9893761873245239
2404,are the reviews for ned's good,0,restaurant_reviews,0,restaurant_reviews,run_03_seed_2024,0.9991161227226257
2405,how are the reviews for tacos at the buffet,0,restaurant_reviews,0,restaurant_reviews,run_03_seed_2024,0.9963017702102661
2406,do they serve good tacos at the buffet,0,restaurant_reviews,0,restaurant_reviews,run_03_seed_2024,0.16463741660118103
2407,"my favorite, beef tacos at the buffet",0,restaurant_reviews,67,cancel_reservation,run_03_seed_2024,0.05518219247460365
2408,they sold out of tacos at the buffet,0,restaurant_reviews,23,restaurant_reservation,run_03_seed_2024,0.09821391105651855
2409,"yum, pulled pork tacos at the buffet",0,restaurant_reviews,23,restaurant_reservation,run_03_seed_2024,0.212798073887825
2410,what do people think of the new burger at mcdonalds,0,restaurant_reviews,0,restaurant_reviews,run_03_seed_2024,0.5127649307250977
2411,how are the reviews for the supreme pizza at papa john's,0,restaurant_reviews,0,restaurant_reviews,run_03_seed_2024,0.9973533153533936
2412,what are people saying about chick-fil-a's chicken nuggets,0,restaurant_reviews,0,restaurant_reviews,run_03_seed_2024,0.4091087579727173
2413,show me the reviews for the new jalapeno fries at taco bell,0,restaurant_reviews,0,restaurant_reviews,run_03_seed_2024,0.7954626083374023
2414,give me some feedback about the pasta at piada please,0,restaurant_reviews,129,fun_fact,run_03_seed_2024,0.3512093126773834
2415,how is gramercy tavern rated,0,restaurant_reviews,82,greeting,run_03_seed_2024,0.1327805072069168
2416,how many stars does babbo have,0,restaurant_reviews,42,oos,run_03_seed_2024,0.5744944214820862
2417,does cielo have good reviews,0,restaurant_reviews,0,restaurant_reviews,run_03_seed_2024,0.9923787117004395
2418,do people say per se is any good or not,0,restaurant_reviews,0,restaurant_reviews,run_03_seed_2024,0.43301549553871155
2419,what do food critics say about gramercy tavern,0,restaurant_reviews,61,translate,run_03_seed_2024,0.08128347247838974
2420,what are the reviews like for l'auberge aubergine,0,restaurant_reviews,0,restaurant_reviews,run_03_seed_2024,0.9908173084259033
2421,how many stars does brasserie les halles have,0,restaurant_reviews,42,oos,run_03_seed_2024,0.5744944214820862
2422,what rating do the critics give the french laundry,0,restaurant_reviews,42,oos,run_03_seed_2024,0.20933102071285248
2423,does acero have good or bad ratings,0,restaurant_reviews,0,restaurant_reviews,run_03_seed_2024,0.743104100227356
2424,has the french laundry gotten good reviews lately,0,restaurant_reviews,0,restaurant_reviews,run_03_seed_2024,0.44120481610298157
2425,what kind of reviews does the olive garden have,0,restaurant_reviews,0,restaurant_reviews,run_03_seed_2024,0.796107828617096
2426,what's the average review for olive garden,0,restaurant_reviews,42,oos,run_03_seed_2024,0.2656225264072418
2427,oliver garden reviews,0,restaurant_reviews,0,restaurant_reviews,run_03_seed_2024,0.9404489398002625
2428,does olive garden have good customer reviews,0,restaurant_reviews,0,restaurant_reviews,run_03_seed_2024,0.9642256498336792
2429,does olive garden have good reviews,0,restaurant_reviews,0,restaurant_reviews,run_03_seed_2024,0.9851109385490417
2430,i need my routing number for my checking account at bb&t bank,45,routing,45,routing,run_03_seed_2024,0.9695732593536377
2431,what is my routing number to my checking account at bb&t bankj,45,routing,45,routing,run_03_seed_2024,0.9580326676368713
2432,"tell me my routing number at my bank, community trust",45,routing,45,routing,run_03_seed_2024,0.9682801365852356
2433,what is the routing number of my checking account at first national bankj,45,routing,45,routing,run_03_seed_2024,0.9558363556861877
2434,"give me the routing number of my checking account at my main bank, first commerce",45,routing,45,routing,run_03_seed_2024,0.8841285109519958
2435,what is my bank routing number,45,routing,45,routing,run_03_seed_2024,0.9881764054298401
2436,what's my routing number,45,routing,45,routing,run_03_seed_2024,0.9988929629325867
2437,what's wells fargo's routing number,45,routing,45,routing,run_03_seed_2024,0.9934942126274109
2438,tell me my routing number,45,routing,45,routing,run_03_seed_2024,0.9976576566696167
2439,where can i find my routing number,45,routing,45,routing,run_03_seed_2024,0.9830789566040039
2440,where's the routing number for wells fargo,45,routing,45,routing,run_03_seed_2024,0.9924597144126892
2441,where can i find wells fargo's routing number,45,routing,45,routing,run_03_seed_2024,0.9759789109230042
2442,where is wells fargo's routing number listed,45,routing,45,routing,run_03_seed_2024,0.9631606340408325
2443,where should i go to find the routing number for well's fargo,45,routing,45,routing,run_03_seed_2024,0.9034639596939087
2444,is my routing number on my account page,45,routing,45,routing,run_03_seed_2024,0.9455066919326782
2445,what is the bank's routing number,45,routing,45,routing,run_03_seed_2024,0.9786936044692993
2446,i want to know what my routing number is,45,routing,45,routing,run_03_seed_2024,0.9850989580154419
2447,i need a routing number,45,routing,45,routing,run_03_seed_2024,0.9994655251502991
2448,does pnc have a routing number,45,routing,45,routing,run_03_seed_2024,0.9982331991195679
2449,can you tell me the routing number to pnc,45,routing,45,routing,run_03_seed_2024,0.9819478988647461
2450,can you please read me the routing number to pnc,45,routing,45,routing,run_03_seed_2024,0.8897436261177063
2451,where can i find routing number for pnc,45,routing,45,routing,run_03_seed_2024,0.9937739372253418
2452,what is the routing number for pnc,45,routing,45,routing,run_03_seed_2024,0.9980407357215881
2453,i need x's routing number,45,routing,45,routing,run_03_seed_2024,0.9994655251502991
2454,where would century bank have their routing number listed,45,routing,45,routing,run_03_seed_2024,0.9484933614730835
2455,where do i go if i am seeking the routing number of dallas capital,45,routing,45,routing,run_03_seed_2024,0.8318958282470703
2456,what is the location that td bank has their routing number listed,45,routing,45,routing,run_03_seed_2024,0.7507522702217102
2457,where would the routing number for first utah be located,45,routing,45,routing,run_03_seed_2024,0.9654297232627869
2458,tell me what my savings account routing number is,45,routing,45,routing,run_03_seed_2024,0.9476372599601746
2459,what is chase bank's routing number,45,routing,45,routing,run_03_seed_2024,0.9895288348197937
2460,cats or dogs are your preference,34,do_you_have_pets,34,do_you_have_pets,run_03_seed_2024,0.9832100868225098
2461,what kinds of pets do you own,34,do_you_have_pets,34,do_you_have_pets,run_03_seed_2024,0.9938902854919434
2462,do you have any pets and what kind,34,do_you_have_pets,34,do_you_have_pets,run_03_seed_2024,0.9681445956230164
2463,would you describe yourself as a cat or dog person,34,do_you_have_pets,34,do_you_have_pets,run_03_seed_2024,0.9286292791366577
2464,you have what types or kinds of pets,34,do_you_have_pets,34,do_you_have_pets,run_03_seed_2024,0.9805368185043335
2465,are you a pet owner what kind,34,do_you_have_pets,34,do_you_have_pets,run_03_seed_2024,0.954374372959137
2466,do you have a pet,34,do_you_have_pets,34,do_you_have_pets,run_03_seed_2024,0.9749003648757935
2467,would you call yourself a cat or dog person,34,do_you_have_pets,34,do_you_have_pets,run_03_seed_2024,0.9135544896125793
2468,what kind of animals do you own,34,do_you_have_pets,34,do_you_have_pets,run_03_seed_2024,0.9159854054450989
2469,can you name the type of pets you have,34,do_you_have_pets,34,do_you_have_pets,run_03_seed_2024,0.8979529142379761
2470,do you have any pets,34,do_you_have_pets,34,do_you_have_pets,run_03_seed_2024,0.9886767864227295
2471,are you a pet owner and what kind,34,do_you_have_pets,34,do_you_have_pets,run_03_seed_2024,0.9229649901390076
2472,what pets do you own,34,do_you_have_pets,34,do_you_have_pets,run_03_seed_2024,0.9933726787567139
2473,tell me any animals that you have as pets,34,do_you_have_pets,34,do_you_have_pets,run_03_seed_2024,0.9734538197517395
2474,do you have cats or dogs or something else as a pet,34,do_you_have_pets,34,do_you_have_pets,run_03_seed_2024,0.9935355186462402
2475,please tell me the types of pets you have,34,do_you_have_pets,34,do_you_have_pets,run_03_seed_2024,0.9625237584114075
2476,how would you categorize the pets you have,34,do_you_have_pets,34,do_you_have_pets,run_03_seed_2024,0.9860203862190247
2477,tell me about the pets you have,34,do_you_have_pets,34,do_you_have_pets,run_03_seed_2024,0.9858440160751343
2478,do you have friendly or unfriendly pets,34,do_you_have_pets,34,do_you_have_pets,run_03_seed_2024,0.9915334582328796
2479,which pets do you have,34,do_you_have_pets,34,do_you_have_pets,run_03_seed_2024,0.9949618577957153
2480,which type of pets do you have,34,do_you_have_pets,34,do_you_have_pets,run_03_seed_2024,0.9955659508705139
2481,what pets do you have,34,do_you_have_pets,34,do_you_have_pets,run_03_seed_2024,0.9869087338447571
2482,do you like appreciate cats or dogs more,34,do_you_have_pets,34,do_you_have_pets,run_03_seed_2024,0.9651294350624084
2483,do you like cats or dogs more,34,do_you_have_pets,34,do_you_have_pets,run_03_seed_2024,0.9757505059242249
2484,which kinds of pets do you own,34,do_you_have_pets,34,do_you_have_pets,run_03_seed_2024,0.9967459440231323
2485,do you prefer cats or dogs,34,do_you_have_pets,34,do_you_have_pets,run_03_seed_2024,0.9653385877609253
2486,do you prefer cats or dogs more,34,do_you_have_pets,34,do_you_have_pets,run_03_seed_2024,0.9662114381790161
2487,which kinds of pets do you have,34,do_you_have_pets,34,do_you_have_pets,run_03_seed_2024,0.9942939877510071
2488,do you currently have any pets,34,do_you_have_pets,34,do_you_have_pets,run_03_seed_2024,0.9307154417037964
2489,what is the total number of pets that you have,34,do_you_have_pets,34,do_you_have_pets,run_03_seed_2024,0.8569544553756714
2490,please book a meeting room for thusday at 4:00,18,schedule_meeting,18,schedule_meeting,run_03_seed_2024,0.9623718857765198
2491,would you please schedule a meeting room for 4:00 on thursday,18,schedule_meeting,18,schedule_meeting,run_03_seed_2024,0.9806311130523682
2492,could you schedule a meeting room for 4:00 on thursday,18,schedule_meeting,18,schedule_meeting,run_03_seed_2024,0.9924089908599854
2493,will you schedule a conference room for thursday at 4:00,18,schedule_meeting,18,schedule_meeting,run_03_seed_2024,0.5922841429710388
2494,can you reserve a meeting space for 4:00 on thursday,18,schedule_meeting,18,schedule_meeting,run_03_seed_2024,0.7014616131782532
2495,i need to know how to schedule a meeting,18,schedule_meeting,18,schedule_meeting,run_03_seed_2024,0.9839621782302856
2496,please help me figure out how to set up a meeting,18,schedule_meeting,18,schedule_meeting,run_03_seed_2024,0.4983770549297333
2497,i need assistance scheduling a meeting,18,schedule_meeting,18,schedule_meeting,run_03_seed_2024,0.8764770030975342
2498,walk me through the process of scheduling a meeting,18,schedule_meeting,18,schedule_meeting,run_03_seed_2024,0.4343002736568451
2499,help me set up a meeting please,18,schedule_meeting,18,schedule_meeting,run_03_seed_2024,0.7721148133277893
2500,"i need a meeting room between 3-7, are any available",18,schedule_meeting,18,schedule_meeting,run_03_seed_2024,0.9917702674865723
2501,can you tell me if there are meeting rooms available between 1 and 4,18,schedule_meeting,18,schedule_meeting,run_03_seed_2024,0.9826394319534302
2502,are meeting rooms free between 8-3,18,schedule_meeting,18,schedule_meeting,run_03_seed_2024,0.9941522479057312
2503,do you know if meeting rooms are open to use 1-2,18,schedule_meeting,18,schedule_meeting,run_03_seed_2024,0.9509850740432739
2504,can you check if meeting rooms are available between 4 and 5,18,schedule_meeting,18,schedule_meeting,run_03_seed_2024,0.9939184188842773
2505,meeting rooms open between one and three pm,18,schedule_meeting,18,schedule_meeting,run_03_seed_2024,0.9910451769828796
2506,check meeting room availability between one and three pm,18,schedule_meeting,18,schedule_meeting,run_03_seed_2024,0.9871538281440735
2507,what meeting rooms are available for meeting 5pm friday,18,schedule_meeting,18,schedule_meeting,run_03_seed_2024,0.9977027773857117
2508,"reserve a meeting room for friday, 5pm",18,schedule_meeting,18,schedule_meeting,run_03_seed_2024,0.9496563673019409
2509,one and three pm are there meeting rooms open,18,schedule_meeting,18,schedule_meeting,run_03_seed_2024,0.9811617136001587
2510,friday 5pm schedule a room for meeting,18,schedule_meeting,18,schedule_meeting,run_03_seed_2024,0.9821239113807678
2511,open meeting rooms from one to three pm,18,schedule_meeting,18,schedule_meeting,run_03_seed_2024,0.9721986055374146
2512,can you reserve a room for a friday meeting at 5pm,18,schedule_meeting,18,schedule_meeting,run_03_seed_2024,0.7474283576011658
2513,reserve a meeting room for 5pm on friday,18,schedule_meeting,18,schedule_meeting,run_03_seed_2024,0.9394278526306152
2514,check meeting rooms available between one and three pm,18,schedule_meeting,18,schedule_meeting,run_03_seed_2024,0.9924182891845703
2515,"i need to schedule meeting room for monday at 2:30 pm, please",18,schedule_meeting,18,schedule_meeting,run_03_seed_2024,0.9722550511360168
2516,i would like you to reserve a conference room for noon tomorrow,18,schedule_meeting,18,schedule_meeting,run_03_seed_2024,0.1733277142047882
2517,please reserve a meeting room for 1:00 pm on tuesday,18,schedule_meeting,18,schedule_meeting,run_03_seed_2024,0.8685564994812012
2518,"go ahead and hold a conference room for friday at 11 am, please",18,schedule_meeting,18,schedule_meeting,run_03_seed_2024,0.16480597853660583
2519,can you book a meeting room for friday at 9:00 am,18,schedule_meeting,18,schedule_meeting,run_03_seed_2024,0.9444009065628052
2520,which gas would be best,8,gas_type,110,gas,run_03_seed_2024,0.20572204887866974
2521,what type of gas should i use,8,gas_type,8,gas_type,run_03_seed_2024,0.9581784605979919
2522,which type of gas should i get,8,gas_type,8,gas_type,run_03_seed_2024,0.8957487344741821
2523,can you tell me what gas this car takes,8,gas_type,8,gas_type,run_03_seed_2024,0.8945579528808594
2524,can you tell me this vehicles gas type,8,gas_type,8,gas_type,run_03_seed_2024,0.4823918044567108
2525,what fuel should i use for this car,8,gas_type,8,gas_type,run_03_seed_2024,0.9139825105667114
2526,what kind of gas should i use for this car,8,gas_type,8,gas_type,run_03_seed_2024,0.9861823320388794
2527,i need to know the gas type for this vehicle,8,gas_type,8,gas_type,run_03_seed_2024,0.8619427680969238
2528,for this car what kind of fuel does it take,8,gas_type,8,gas_type,run_03_seed_2024,0.9618079662322998
2529,i need to know the type of gas for this car,8,gas_type,8,gas_type,run_03_seed_2024,0.9760644435882568
2530,i want to know what kind of gas this car uses,8,gas_type,8,gas_type,run_03_seed_2024,0.958525538444519
2531,what gas does this car use,8,gas_type,8,gas_type,run_03_seed_2024,0.965565025806427
2532,what fuel do i put in this car,8,gas_type,8,gas_type,run_03_seed_2024,0.90469890832901
2533,what type of gas goes into the car,8,gas_type,8,gas_type,run_03_seed_2024,0.8919849991798401
2534,what type of fuel does this car utilize,8,gas_type,8,gas_type,run_03_seed_2024,0.9852389097213745
2535,what type of gas do i put in this new car,8,gas_type,8,gas_type,run_03_seed_2024,0.9079588055610657
2536,what type of gas do i use in this car,8,gas_type,8,gas_type,run_03_seed_2024,0.9519897103309631
2537,is there a certain kind of fuel needed,8,gas_type,8,gas_type,run_03_seed_2024,0.7869287729263306
2538,what gas goes in the vehicle,8,gas_type,8,gas_type,run_03_seed_2024,0.759627640247345
2539,what raiting of gas is called for,8,gas_type,110,gas,run_03_seed_2024,0.4955846667289734
2540,what kind of gas goes in,8,gas_type,8,gas_type,run_03_seed_2024,0.8872858285903931
2541,can you tell me what kind of gas your car uses,8,gas_type,8,gas_type,run_03_seed_2024,0.9015795588493347
2542,what kind of gas does your car use,8,gas_type,8,gas_type,run_03_seed_2024,0.9808484315872192
2543,the car you are driving uses what kind of gas,8,gas_type,8,gas_type,run_03_seed_2024,0.8605840802192688
2544,what kind of gas can i put into this car,8,gas_type,8,gas_type,run_03_seed_2024,0.9644017815589905
2545,which gas type goes into this car,8,gas_type,8,gas_type,run_03_seed_2024,0.9672903418540955
2546,which type of gas does this car take,8,gas_type,8,gas_type,run_03_seed_2024,0.9889395833015442
2547,i need gas what type do i need for this car,8,gas_type,8,gas_type,run_03_seed_2024,0.9882475733757019
2548,what types of gas can i get for this car,8,gas_type,8,gas_type,run_03_seed_2024,0.7772465348243713
2549,which type of gas does my car use,8,gas_type,8,gas_type,run_03_seed_2024,0.9901823401451111
2550,would a socket converter be needed in france,120,plug_type,120,plug_type,run_03_seed_2024,0.9744023084640503
2551,how do i plug stuff in in france,120,plug_type,120,plug_type,run_03_seed_2024,0.7792706489562988
2552,is socket converter required in france,120,plug_type,120,plug_type,run_03_seed_2024,0.9702851176261902
2553,does france use a socket converter,120,plug_type,120,plug_type,run_03_seed_2024,0.9847840070724487
2554,is electricity the same in france,120,plug_type,66,timezone,run_03_seed_2024,0.11020880937576294
2555,will i need a plug converter when i visit costa rica,120,plug_type,120,plug_type,run_03_seed_2024,0.9831061959266663
2556,will i require a plug converter when i visit kenya,120,plug_type,120,plug_type,run_03_seed_2024,0.982093870639801
2557,will i need to get a plug converter when i visit guam,120,plug_type,120,plug_type,run_03_seed_2024,0.9662081003189087
2558,do i require a plug converter when i visit puerto rico,120,plug_type,120,plug_type,run_03_seed_2024,0.9926664233207703
2559,will i need to have a plug converter when i visit madrid,120,plug_type,120,plug_type,run_03_seed_2024,0.9666723608970642
2560,z uses which type of plug,120,plug_type,120,plug_type,run_03_seed_2024,0.9607174396514893
2561,what sort of plug is used in the caribbean,120,plug_type,120,plug_type,run_03_seed_2024,0.8078909516334534
2562,which plug is used in japan,120,plug_type,120,plug_type,run_03_seed_2024,0.9472806453704834
2563,plug used in china,120,plug_type,120,plug_type,run_03_seed_2024,0.9314636588096619
2564,what kind of plug is used in england,120,plug_type,120,plug_type,run_03_seed_2024,0.9829747080802917
2565,what do i need for a plug in wales,120,plug_type,120,plug_type,run_03_seed_2024,0.9124687314033508
2566,does z used the same plus as we do in the united states,120,plug_type,42,oos,run_03_seed_2024,0.3841903805732727
2567,can i used the same type of plug in z as i do in the us,120,plug_type,120,plug_type,run_03_seed_2024,0.8181902170181274
2568,electrical plugs used in that country,120,plug_type,120,plug_type,run_03_seed_2024,0.8218201994895935
2569,are the electric plugs the same over in that country,120,plug_type,120,plug_type,run_03_seed_2024,0.5688262581825256
2570,what kind of electrical outlet does that country use,120,plug_type,120,plug_type,run_03_seed_2024,0.7573004961013794
2571,do i need a converter for my electronics when i go to that coutntry,120,plug_type,120,plug_type,run_03_seed_2024,0.43786635994911194
2572,can i plug in my electronics there like normal,120,plug_type,120,plug_type,run_03_seed_2024,0.727328896522522
2573,is a socket converter necessary if i'm travelling to london,120,plug_type,120,plug_type,run_03_seed_2024,0.9013984799385071
2574,are socket converters something i need to bring if going to australia,120,plug_type,120,plug_type,run_03_seed_2024,0.8487123847007751
2575,can i use electronic devices in mexico without a socket converter,120,plug_type,120,plug_type,run_03_seed_2024,0.9789623618125916
2576,are socket converters needed if i'm going to cape town,120,plug_type,120,plug_type,run_03_seed_2024,0.8489604592323303
2577,does sweden use the same kind of socket or do i need a converter,120,plug_type,120,plug_type,run_03_seed_2024,0.9674896001815796
2578,what plug type is used internationally,120,plug_type,120,plug_type,run_03_seed_2024,0.95613694190979
2579,what's the plug type in honduras,120,plug_type,120,plug_type,run_03_seed_2024,0.9951168298721313
2580,when would you change my tires,47,tire_change,47,tire_change,run_03_seed_2024,0.983958899974823
2581,when is the next time i should get my tires changed,47,tire_change,47,tire_change,run_03_seed_2024,0.94947350025177
2582,how soon should i get my tires changed,47,tire_change,47,tire_change,run_03_seed_2024,0.9628705382347107
2583,how often should i get my tires changed,47,tire_change,47,tire_change,run_03_seed_2024,0.962612509727478
2584,do you know when i should get my tires changed next,47,tire_change,47,tire_change,run_03_seed_2024,0.9678733944892883
2585,when should my tires be changed,47,tire_change,47,tire_change,run_03_seed_2024,0.9827064275741577
2586,i need to know when i should change my tires,47,tire_change,47,tire_change,run_03_seed_2024,0.9866601228713989
2587,how soon till i need to change my tires,47,tire_change,47,tire_change,run_03_seed_2024,0.9541443586349487
2588,can you tell me when my tires have to be changed,47,tire_change,47,tire_change,run_03_seed_2024,0.9032413959503174
2589,am i almost due for a tire change,47,tire_change,47,tire_change,run_03_seed_2024,0.653565526008606
2590,when is my car due for an tire change,47,tire_change,47,tire_change,run_03_seed_2024,0.31854984164237976
2591,how do i know when to get the tires changed on my car,47,tire_change,47,tire_change,run_03_seed_2024,0.43879783153533936
2592,how often should my tires be changed,47,tire_change,47,tire_change,run_03_seed_2024,0.9532776474952698
2593,how often should i change the tires on my car,47,tire_change,47,tire_change,run_03_seed_2024,0.7978377342224121
2594,i replaced tires last june when should i do it again,47,tire_change,47,tire_change,run_03_seed_2024,0.8662912845611572
2595,on feb 3rd i changed my tires are they still good,47,tire_change,47,tire_change,run_03_seed_2024,0.2830604016780853
2596,my tires are 29 months old should u change them,47,tire_change,47,tire_change,run_03_seed_2024,0.9077813625335693
2597,when do my tires need changing after i replaced them last week,47,tire_change,47,tire_change,run_03_seed_2024,0.9786957502365112
2598,in september i changed my tires are they in need of changing,47,tire_change,47,tire_change,run_03_seed_2024,0.373972088098526
2599,how do i know if it is time to replace my tires,47,tire_change,47,tire_change,run_03_seed_2024,0.7912196516990662
2600,how long does the average set of tire last before needing replacement,47,tire_change,54,food_last,run_03_seed_2024,0.1923716515302658
2601,how long are my tires expected to last before needing to be replaced,47,tire_change,47,tire_change,run_03_seed_2024,0.8940612077713013
2602,how many miles are my tires rated for,47,tire_change,47,tire_change,run_03_seed_2024,0.43616944551467896
2603,what is the time for a tire change,47,tire_change,4,time,run_03_seed_2024,0.7028551697731018
2604,my tires should be changed when,47,tire_change,47,tire_change,run_03_seed_2024,0.982916533946991
2605,tell me when to get my tires changed,47,tire_change,47,tire_change,run_03_seed_2024,0.8803534507751465
2606,when is it time for a change in tires,47,tire_change,47,tire_change,run_03_seed_2024,0.6779902577400208
2607,what is the timeframe for getting my tires changed,47,tire_change,47,tire_change,run_03_seed_2024,0.4770066738128662
2608,tell me when i'll need new tires,47,tire_change,47,tire_change,run_03_seed_2024,0.9175487756729126
2609,when will my tires need to be changed,47,tire_change,47,tire_change,run_03_seed_2024,0.9781931638717651
2610,convert 200 us dollars to british pounds,38,exchange_rate,38,exchange_rate,run_03_seed_2024,0.9746026992797852
2611,how many japanese yen are in a us dollar,38,exchange_rate,38,exchange_rate,run_03_seed_2024,0.7736415863037109
2612,how much is 5 us dollars worth in canadian dollars,38,exchange_rate,38,exchange_rate,run_03_seed_2024,0.986751914024353
2613,can you tell me what 100 british pounds equals in us dollars,38,exchange_rate,38,exchange_rate,run_03_seed_2024,0.8727981448173523
2614,what is the exchange rate between us dollars and japanese yen,38,exchange_rate,38,exchange_rate,run_03_seed_2024,0.9983041286468506
2615,whats the current exchange rate between usd and eur,38,exchange_rate,38,exchange_rate,run_03_seed_2024,0.9561008214950562
2616,what's the exhange rate between mxn and gbp,38,exchange_rate,38,exchange_rate,run_03_seed_2024,0.6005886197090149
2617,what is the current exchange rate between mxn and eur,38,exchange_rate,38,exchange_rate,run_03_seed_2024,0.9053210616111755
2618,what's the exchange rate between ils and usd,38,exchange_rate,38,exchange_rate,run_03_seed_2024,0.9896196722984314
2619,what is the usd mxn exchange rate,38,exchange_rate,38,exchange_rate,run_03_seed_2024,0.9855604767799377
2620,how many mexican pesos is a us dollar worth,38,exchange_rate,38,exchange_rate,run_03_seed_2024,0.8427340984344482
2621,how much is one us dollar in british pounds,38,exchange_rate,38,exchange_rate,run_03_seed_2024,0.8814477920532227
2622,whats the exchange rate for us dollars to british pounds,38,exchange_rate,38,exchange_rate,run_03_seed_2024,0.9920096397399902
2623,what is a british pound worth in mexican pesos,38,exchange_rate,38,exchange_rate,run_03_seed_2024,0.4725879430770874
2624,how many mexican pesos can i get for one us dollar,38,exchange_rate,38,exchange_rate,run_03_seed_2024,0.96052086353302
2625,look up the rate of exchange between pesos and usd,38,exchange_rate,38,exchange_rate,run_03_seed_2024,0.9315619468688965
2626,find me the exchange rate between usd and cad,38,exchange_rate,38,exchange_rate,run_03_seed_2024,0.9241980314254761
2627,what is the exchange rate between euros and pesos,38,exchange_rate,38,exchange_rate,run_03_seed_2024,0.9893561005592346
2628,tell me the current exchange rate between cad and euros,38,exchange_rate,38,exchange_rate,run_03_seed_2024,0.959122896194458
2629,what is the present exchange rate between usd and british pound,38,exchange_rate,38,exchange_rate,run_03_seed_2024,0.9603517055511475
2630,convert 20 yen to dollars,38,exchange_rate,38,exchange_rate,run_03_seed_2024,0.9974058270454407
2631,how many dollars can i get for 20 yen,38,exchange_rate,38,exchange_rate,run_03_seed_2024,0.9911065697669983
2632,how many dollars is 20 yen worth,38,exchange_rate,38,exchange_rate,run_03_seed_2024,0.9639339447021484
2633,20 yen is how many dollars,38,exchange_rate,38,exchange_rate,run_03_seed_2024,0.9730801582336426
2634,20 yen equals how many dollars,38,exchange_rate,38,exchange_rate,run_03_seed_2024,0.9834694862365723
2635,is $30 usd more or less in canada,38,exchange_rate,38,exchange_rate,run_03_seed_2024,0.2565349340438843
2636,"in canadian dollars, what is $30",38,exchange_rate,38,exchange_rate,run_03_seed_2024,0.601262629032135
2637,what is the conversion of $30 in canadian dollars,38,exchange_rate,38,exchange_rate,run_03_seed_2024,0.7238356471061707
2638,can you please convert $30 usd to canadian dollars,38,exchange_rate,38,exchange_rate,run_03_seed_2024,0.9622239470481873
2639,how much is $30 usd in canadian dollar,38,exchange_rate,38,exchange_rate,run_03_seed_2024,0.9029452800750732
2640,on what day is our next free day,140,next_holiday,140,next_holiday,run_03_seed_2024,0.9323285222053528
2641,on what day is our next day off,140,next_holiday,140,next_holiday,run_03_seed_2024,0.9855780005455017
2642,what day is our next day off,140,next_holiday,140,next_holiday,run_03_seed_2024,0.9883331656455994
2643,is our next day off soon,140,next_holiday,140,next_holiday,run_03_seed_2024,0.9911181330680847
2644,do you know when our next day off is,140,next_holiday,140,next_holiday,run_03_seed_2024,0.9860060214996338
2645,when are we off work next,140,next_holiday,140,next_holiday,run_03_seed_2024,0.7771468758583069
2646,when is the next day we have off,140,next_holiday,140,next_holiday,run_03_seed_2024,0.9932622313499451
2647,when will our next day off be,140,next_holiday,140,next_holiday,run_03_seed_2024,0.9968896508216858
2648,are there any holidays coming and when,140,next_holiday,42,oos,run_03_seed_2024,0.3487659692764282
2649,how many holidays are there and when is the next one here,140,next_holiday,42,oos,run_03_seed_2024,0.6202998161315918
2650,for the holidays when is the next one we do here,140,next_holiday,140,next_holiday,run_03_seed_2024,0.4258255660533905
2651,what holiday is next and when,140,next_holiday,140,next_holiday,run_03_seed_2024,0.9662868976593018
2652,how long before the next holiday here,140,next_holiday,140,next_holiday,run_03_seed_2024,0.9081110954284668
2653,what's the wait period until the next day off,140,next_holiday,140,next_holiday,run_03_seed_2024,0.9828281402587891
2654,when will my next vacation day be,140,next_holiday,140,next_holiday,run_03_seed_2024,0.9246474504470825
2655,how long do i have to wait to get a day off,140,next_holiday,102,how_busy,run_03_seed_2024,0.4841735064983368
2656,when's the next day off,140,next_holiday,140,next_holiday,run_03_seed_2024,0.9978298544883728
2657,how many days left until the next day out of work,140,next_holiday,140,next_holiday,run_03_seed_2024,0.8984418511390686
2658,tell me the next holiday,140,next_holiday,140,next_holiday,run_03_seed_2024,0.9857550859451294
2659,tell me how long until the next day off,140,next_holiday,140,next_holiday,run_03_seed_2024,0.9877957105636597
2660,i got to know how long until the next day off,140,next_holiday,140,next_holiday,run_03_seed_2024,0.9807892441749573
2661,i wanna know how long until the next day off,140,next_holiday,140,next_holiday,run_03_seed_2024,0.9865692853927612
2662,i need to know how long until the next day off,140,next_holiday,140,next_holiday,run_03_seed_2024,0.987168550491333
2663,i wanna know the next holiday,140,next_holiday,140,next_holiday,run_03_seed_2024,0.9784828424453735
2664,let me know how long until the next day off,140,next_holiday,140,next_holiday,run_03_seed_2024,0.9845874309539795
2665,i wish to know the next holiday,140,next_holiday,140,next_holiday,run_03_seed_2024,0.9641894102096558
2666,i must know the next holiday,140,next_holiday,140,next_holiday,run_03_seed_2024,0.9742330312728882
2667,i would like to know the next holiday,140,next_holiday,140,next_holiday,run_03_seed_2024,0.9529187083244324
2668,find the next holiday,140,next_holiday,140,next_holiday,run_03_seed_2024,0.9800310134887695
2669,when is the soonest holiday,140,next_holiday,140,next_holiday,run_03_seed_2024,0.9349572062492371
2670,turn volume up to 4,150,change_volume,150,change_volume,run_03_seed_2024,0.6818385720252991
2671,adjust volume setting to 4,150,change_volume,150,change_volume,run_03_seed_2024,0.7759751677513123
2672,keep volume at 4 all the time,150,change_volume,150,change_volume,run_03_seed_2024,0.36242982745170593
2673,put volume setting on number 4,150,change_volume,150,change_volume,run_03_seed_2024,0.842261016368866
2674,please make sure the volume stays at 4,150,change_volume,150,change_volume,run_03_seed_2024,0.9176679253578186
2675,put the volume to 4,150,change_volume,150,change_volume,run_03_seed_2024,0.9818717837333679
2676,volume to 4,150,change_volume,150,change_volume,run_03_seed_2024,0.9919317364692688
2677,turn down your speaker,150,change_volume,150,change_volume,run_03_seed_2024,0.5945932865142822
2678,decrease your decibel level,150,change_volume,119,change_speed,run_03_seed_2024,0.290844589471817
2679,be more quiet,150,change_volume,147,cancel,run_03_seed_2024,0.6420566439628601
2680,please lower the sound,150,change_volume,150,change_volume,run_03_seed_2024,0.35489463806152344
2681,speak up,150,change_volume,119,change_speed,run_03_seed_2024,0.7186475396156311
2682,not so loud,150,change_volume,30,no,run_03_seed_2024,0.4393383264541626
2683,quieter please,150,change_volume,147,cancel,run_03_seed_2024,0.6258989572525024
2684,increase the volume,150,change_volume,150,change_volume,run_03_seed_2024,0.9978578686714172
2685,turn up the volume,150,change_volume,150,change_volume,run_03_seed_2024,0.9578757882118225
2686,speak louder please,150,change_volume,150,change_volume,run_03_seed_2024,0.6946751475334167
2687,please lower your volume,150,change_volume,150,change_volume,run_03_seed_2024,0.8866571187973022
2688,louder please,150,change_volume,150,change_volume,run_03_seed_2024,0.7742834091186523
2689,turn down the volume,150,change_volume,150,change_volume,run_03_seed_2024,0.982858419418335
2690,can you speak quieter,150,change_volume,119,change_speed,run_03_seed_2024,0.816085934638977
2691,turn to volume 4,150,change_volume,150,change_volume,run_03_seed_2024,0.9471662044525146
2692,set 4 as the volume,150,change_volume,150,change_volume,run_03_seed_2024,0.9893652200698853
2693,turn volume to 4,150,change_volume,150,change_volume,run_03_seed_2024,0.9934739470481873
2694,volume 4 set,150,change_volume,150,change_volume,run_03_seed_2024,0.9928352236747742
2695,volume set to 4,150,change_volume,150,change_volume,run_03_seed_2024,0.9377279877662659
2696,i can't hear you and need you to turn up the volume,150,change_volume,150,change_volume,run_03_seed_2024,0.8912354111671448
2697,turn up your speaker volume,150,change_volume,150,change_volume,run_03_seed_2024,0.7090593576431274
2698,can you speak louder,150,change_volume,119,change_speed,run_03_seed_2024,0.46214228868484497
2699,can you turn up the volume for your speaker,150,change_volume,150,change_volume,run_03_seed_2024,0.9589682221412659
2700,who is in charge of you when you work,57,who_do_you_work_for,57,who_do_you_work_for,run_03_seed_2024,0.9598539471626282
2701,who is responsible for your employment,57,who_do_you_work_for,96,who_made_you,run_03_seed_2024,0.8381850719451904
2702,who do you report to for your work,57,who_do_you_work_for,57,who_do_you_work_for,run_03_seed_2024,0.9794924259185791
2703,let me know who your boss is,57,who_do_you_work_for,57,who_do_you_work_for,run_03_seed_2024,0.945154070854187
2704,i want to know who your boss is,57,who_do_you_work_for,57,who_do_you_work_for,run_03_seed_2024,0.9618846774101257
2705,would you let me know who your boss is,57,who_do_you_work_for,57,who_do_you_work_for,run_03_seed_2024,0.9334232211112976
2706,i would like to know who your boss is,57,who_do_you_work_for,57,who_do_you_work_for,run_03_seed_2024,0.9533874988555908
2707,are you my insubordinate,57,who_do_you_work_for,57,who_do_you_work_for,run_03_seed_2024,0.8196583986282349
2708,does someone else control you,57,who_do_you_work_for,42,oos,run_03_seed_2024,0.31310591101646423
2709,do i own you,57,who_do_you_work_for,34,do_you_have_pets,run_03_seed_2024,0.40746378898620605
2710,what firm do you work for,57,who_do_you_work_for,57,who_do_you_work_for,run_03_seed_2024,0.9935212731361389
2711,do you take your orders from me,57,who_do_you_work_for,57,who_do_you_work_for,run_03_seed_2024,0.30345577001571655
2712,do i control you,57,who_do_you_work_for,42,oos,run_03_seed_2024,0.48881039023399353
2713,am i in charge of you,57,who_do_you_work_for,57,who_do_you_work_for,run_03_seed_2024,0.21532532572746277
2714,is there another person that controls you,57,who_do_you_work_for,117,are_you_a_bot,run_03_seed_2024,0.12772546708583832
2715,who do you take your orders from,57,who_do_you_work_for,57,who_do_you_work_for,run_03_seed_2024,0.8722499012947083
2716,would you consider someone else your boss,57,who_do_you_work_for,57,who_do_you_work_for,run_03_seed_2024,0.9684067964553833
2717,do you take orders from someone else,57,who_do_you_work_for,57,who_do_you_work_for,run_03_seed_2024,0.6840999126434326
2718,who controls you,57,who_do_you_work_for,96,who_made_you,run_03_seed_2024,0.9736443161964417
2719,who's your boss,57,who_do_you_work_for,57,who_do_you_work_for,run_03_seed_2024,0.9947549104690552
2720,what company do you work for,57,who_do_you_work_for,57,who_do_you_work_for,run_03_seed_2024,0.9916257858276367
2721,who employs you,57,who_do_you_work_for,96,who_made_you,run_03_seed_2024,0.9736443161964417
2722,where do you work,57,who_do_you_work_for,57,who_do_you_work_for,run_03_seed_2024,0.6482781767845154
2723,who is it that you work for,57,who_do_you_work_for,57,who_do_you_work_for,run_03_seed_2024,0.9843156933784485
2724,whom do you work for,57,who_do_you_work_for,57,who_do_you_work_for,run_03_seed_2024,0.988495945930481
2725,who is your job with,57,who_do_you_work_for,57,who_do_you_work_for,run_03_seed_2024,0.5621479153633118
2726,what company are you employed by,57,who_do_you_work_for,57,who_do_you_work_for,run_03_seed_2024,0.8912746906280518
2727,what is the name of the place you work at,57,who_do_you_work_for,57,who_do_you_work_for,run_03_seed_2024,0.24477317929267883
2728,what's your boss's name,57,who_do_you_work_for,57,who_do_you_work_for,run_03_seed_2024,0.8931680917739868
2729,who can i talk to above you,57,who_do_you_work_for,96,who_made_you,run_03_seed_2024,0.10339753329753876
2730,what's the most i can charge on my card,41,credit_limit,42,oos,run_03_seed_2024,0.21099352836608887
2731,how much do i have available on my visa card,41,credit_limit,41,credit_limit,run_03_seed_2024,0.5388159155845642
2732,what is my visa credit limit,41,credit_limit,41,credit_limit,run_03_seed_2024,0.9828338623046875
2733,how much of a credit limit does visa allow,41,credit_limit,41,credit_limit,run_03_seed_2024,0.8733287453651428
2734,is there a substantial credit limit on my visa,41,credit_limit,41,credit_limit,run_03_seed_2024,0.7490376234054565
2735,as my visa got a high enough limit on it,41,credit_limit,41,credit_limit,run_03_seed_2024,0.4399923086166382
2736,what is my credit max,41,credit_limit,69,credit_score,run_03_seed_2024,0.6771944165229797
2737,what is my credit card spending limit,41,credit_limit,41,credit_limit,run_03_seed_2024,0.9832531809806824
2738,what's my daily spending limit,41,credit_limit,41,credit_limit,run_03_seed_2024,0.987003743648529
2739,tell me my credit limit,41,credit_limit,41,credit_limit,run_03_seed_2024,0.9810606241226196
2740,how much credit do i have on my discover card,41,credit_limit,41,credit_limit,run_03_seed_2024,0.7471398711204529
2741,do i have a monthly spending limit,41,credit_limit,41,credit_limit,run_03_seed_2024,0.838723361492157
2742,what's the limit on my discover card,41,credit_limit,41,credit_limit,run_03_seed_2024,0.8275579214096069
2743,is there a spending limit,41,credit_limit,41,credit_limit,run_03_seed_2024,0.7876356840133667
2744,what is my credit limit on my discover,41,credit_limit,41,credit_limit,run_03_seed_2024,0.9848037958145142
2745,what's my spending limit on my discover,41,credit_limit,41,credit_limit,run_03_seed_2024,0.9843735694885254
2746,how much is my maximum to spend on credit cards,41,credit_limit,41,credit_limit,run_03_seed_2024,0.42345312237739563
2747,what's my discover credit limit,41,credit_limit,41,credit_limit,run_03_seed_2024,0.9451879262924194
2748,how much can i use on my visa,41,credit_limit,41,credit_limit,run_03_seed_2024,0.6337636113166809
2749,my visa has what limit,41,credit_limit,41,credit_limit,run_03_seed_2024,0.8184001445770264
2750,tell me my visa limit,41,credit_limit,41,credit_limit,run_03_seed_2024,0.9581660628318787
2751,look up how high my visa limit is,41,credit_limit,41,credit_limit,run_03_seed_2024,0.8565924167633057
2752,what is the limit on my visa,41,credit_limit,41,credit_limit,run_03_seed_2024,0.9635763764381409
2753,what is my state bank of india card credit limit,41,credit_limit,41,credit_limit,run_03_seed_2024,0.9503330588340759
2754,calculate the limit i have available for spending on my natwest card,41,credit_limit,41,credit_limit,run_03_seed_2024,0.6859130859375
2755,tell me my hsbc card credit limit,41,credit_limit,41,credit_limit,run_03_seed_2024,0.9805702567100525
2756,what's the spending limit on my lloyds card,41,credit_limit,41,credit_limit,run_03_seed_2024,0.9862157106399536
2757,i need you to tell me the credit limit for my republic bank card,41,credit_limit,41,credit_limit,run_03_seed_2024,0.8133053779602051
2758,how high is my credit limit,41,credit_limit,41,credit_limit,run_03_seed_2024,0.9838629364967346
2759,i want to know my credit limit,41,credit_limit,41,credit_limit,run_03_seed_2024,0.9554054737091064
2760,is the resataurant busy at 5:00 pm,102,how_busy,102,how_busy,run_03_seed_2024,0.8971712589263916
2761,how busy is the cafe at 7:00,102,how_busy,102,how_busy,run_03_seed_2024,0.9815242886543274
2762,would tio's be crowded at 7,102,how_busy,102,how_busy,run_03_seed_2024,0.8417607545852661
2763,can i get a table for four at 8:00,102,how_busy,23,restaurant_reservation,run_03_seed_2024,0.8602852821350098
2764,is the friday's full after 4,102,how_busy,42,oos,run_03_seed_2024,0.15413127839565277
2765,how long is the wait at fridays,102,how_busy,102,how_busy,run_03_seed_2024,0.9819380044937134
2766,is the mexican place crowded at night,102,how_busy,102,how_busy,run_03_seed_2024,0.41709694266319275
2767,are cool people at the bar at 9:00 pm,102,how_busy,23,restaurant_reservation,run_03_seed_2024,0.6890529990196228
2768,what is the best time to go to get a burger without a line,102,how_busy,42,oos,run_03_seed_2024,0.23022466897964478
2769,how long before i can eat at chic fil a,102,how_busy,102,how_busy,run_03_seed_2024,0.36826092004776
2770,how long to be seated at carrabas,102,how_busy,102,how_busy,run_03_seed_2024,0.8988685607910156
2771,is the wait at pizza hut long,102,how_busy,102,how_busy,run_03_seed_2024,0.8924269676208496
2772,is the breakfast place full in the mornings,102,how_busy,42,oos,run_03_seed_2024,0.09775612503290176
2773,is the wait more than an hour at the italian place,102,how_busy,102,how_busy,run_03_seed_2024,0.6423039436340332
2774,tell me how busy red robin is at 5 pm,102,how_busy,102,how_busy,run_03_seed_2024,0.8923746347427368
2775,i wanna know how busy denny's is at 5 am,102,how_busy,102,how_busy,run_03_seed_2024,0.7739166617393494
2776,i need to know how busy denny's is at 6 am,102,how_busy,102,how_busy,run_03_seed_2024,0.7531924843788147
2777,how busy is red robin around 5 pm,102,how_busy,102,how_busy,run_03_seed_2024,0.9848678708076477
2778,so how busy is the outback steakhouse at 5 pm,102,how_busy,102,how_busy,run_03_seed_2024,0.9019503593444824
2779,tell me mr joes pizza average wait time,102,how_busy,102,how_busy,run_03_seed_2024,0.568831205368042
2780,is mr joes pizza available for a seating,102,how_busy,46,meal_suggestion,run_03_seed_2024,0.1421673595905304
2781,does mr joes pizza usually have a long wait,102,how_busy,102,how_busy,run_03_seed_2024,0.6742179989814758
2782,can you find out the waiting times for mr joes pizza,102,how_busy,42,oos,run_03_seed_2024,0.08492490649223328
2783,what's the typical wait time for mr joes pizza,102,how_busy,102,how_busy,run_03_seed_2024,0.548877477645874
2784,how busy is cheesecake factory right now,102,how_busy,102,how_busy,run_03_seed_2024,0.8563450574874878
2785,how long is the wait at cheesecake factory,102,how_busy,102,how_busy,run_03_seed_2024,0.9726975560188293
2786,how long will i have to wait at cheesecake factory,102,how_busy,102,how_busy,run_03_seed_2024,0.986389696598053
2787,is cheesecake factory busy right now,102,how_busy,102,how_busy,run_03_seed_2024,0.49447789788246155
2788,check how busy cheesecake factory is,102,how_busy,102,how_busy,run_03_seed_2024,0.7666392922401428
2789,is there a long wait at chili's around 5:00,102,how_busy,102,how_busy,run_03_seed_2024,0.9939636588096619
2790,can i do a reservation at sammy's crab shack,9,accept_reservations,9,accept_reservations,run_03_seed_2024,0.42748576402664185
2791,does bill's house of chop suey accept reservations,9,accept_reservations,9,accept_reservations,run_03_seed_2024,0.9642386436462402
2792,check if bj's takes reservations,9,accept_reservations,9,accept_reservations,run_03_seed_2024,0.964749276638031
2793,does bj's take reservations,9,accept_reservations,9,accept_reservations,run_03_seed_2024,0.9998878240585327
2794,will bj's take reservations,9,accept_reservations,9,accept_reservations,run_03_seed_2024,0.9993330836296082
2795,do you know if i can make reservations at bj's,9,accept_reservations,9,accept_reservations,run_03_seed_2024,0.9917186498641968
2796,tell me if the new york restaurant takes reservations,9,accept_reservations,9,accept_reservations,run_03_seed_2024,0.9117246270179749
2797,can i reserve tables at the new york restaurant,9,accept_reservations,23,restaurant_reservation,run_03_seed_2024,0.27385735511779785
2798,i want to know if the new york restaurant takes reservations,9,accept_reservations,9,accept_reservations,run_03_seed_2024,0.8812816739082336
2799,does the new york restaurant take reservations,9,accept_reservations,9,accept_reservations,run_03_seed_2024,0.976085901260376
2800,is it possible to make reservations at the new york restaurant,9,accept_reservations,9,accept_reservations,run_03_seed_2024,0.9287826418876648
2801,do you have any idea if the flying wing does reservations,9,accept_reservations,9,accept_reservations,run_03_seed_2024,0.7504644989967346
2802,does village inn let you make reservations,9,accept_reservations,9,accept_reservations,run_03_seed_2024,0.9416141510009766
2803,is it possible to get reservations at ihop,9,accept_reservations,9,accept_reservations,run_03_seed_2024,0.931397557258606
2804,is it possible to reserve a table at white castle,9,accept_reservations,23,restaurant_reservation,run_03_seed_2024,0.4779287278652191
2805,do you think they'll let me reserve a table at the olive garden,9,accept_reservations,23,restaurant_reservation,run_03_seed_2024,0.5514493584632874
2806,do they take reservations at applebeesi,9,accept_reservations,9,accept_reservations,run_03_seed_2024,0.9972983002662659
2807,does applebees do reservations,9,accept_reservations,9,accept_reservations,run_03_seed_2024,0.9929410219192505
2808,can applebees take reservations,9,accept_reservations,9,accept_reservations,run_03_seed_2024,0.9985430240631104
2809,can i get reservations at applebees,9,accept_reservations,9,accept_reservations,run_03_seed_2024,0.9596064686775208
2810,does applebees take reservations,9,accept_reservations,9,accept_reservations,run_03_seed_2024,0.9994055032730103
2811,tell me if taco bell takes reservations,9,accept_reservations,9,accept_reservations,run_03_seed_2024,0.9154220223426819
2812,any clue as to if taco bell takes reservations,9,accept_reservations,9,accept_reservations,run_03_seed_2024,0.6363580226898193
2813,do you know if taco bell takes reservations,9,accept_reservations,9,accept_reservations,run_03_seed_2024,0.9365865588188171
2814,any idea as to if taco bell takes reservations,9,accept_reservations,9,accept_reservations,run_03_seed_2024,0.5829381346702576
2815,do you know if l'arpege will ask for reservations,9,accept_reservations,9,accept_reservations,run_03_seed_2024,0.8709090352058411
2816,will we have to make reservations for roca,9,accept_reservations,9,accept_reservations,run_03_seed_2024,0.6428535580635071
2817,does osteria francescana take reservations,9,accept_reservations,9,accept_reservations,run_03_seed_2024,0.9998878240585327
2818,do you have any idea if central needs reservations,9,accept_reservations,9,accept_reservations,run_03_seed_2024,0.2902277112007141
2819,eleven madison park takes reservations right,9,accept_reservations,9,accept_reservations,run_03_seed_2024,0.8792627453804016
2820,where is my order now,84,order_status,84,order_status,run_03_seed_2024,0.9763787984848022
2821,tell me all updates about my order's status,84,order_status,84,order_status,run_03_seed_2024,0.929553210735321
2822,is my order on its way or what's going on,84,order_status,84,order_status,run_03_seed_2024,0.7719683647155762
2823,how is my order doing right now,84,order_status,84,order_status,run_03_seed_2024,0.846095085144043
2824,locate my package,84,order_status,84,order_status,run_03_seed_2024,0.9816779494285583
2825,can you monitor my package's progress,84,order_status,84,order_status,run_03_seed_2024,0.9775015115737915
2826,track my order,84,order_status,84,order_status,run_03_seed_2024,0.9922107458114624
2827,tell me where my package is currently,84,order_status,84,order_status,run_03_seed_2024,0.8976181745529175
2828,where is my package en route,84,order_status,84,order_status,run_03_seed_2024,0.974452555179596
2829,give me the status of my order,84,order_status,84,order_status,run_03_seed_2024,0.9927122592926025
2830,when will i get my order,84,order_status,84,order_status,run_03_seed_2024,0.9084128141403198
2831,tell me where my order is,84,order_status,84,order_status,run_03_seed_2024,0.9408498406410217
2832,what is the status of the order i placed with you yesterday,84,order_status,84,order_status,run_03_seed_2024,0.9033557176589966
2833,what's the updated status of my order,84,order_status,84,order_status,run_03_seed_2024,0.9899399876594543
2834,can you help with delivery tracking,84,order_status,115,what_can_i_ask_you,run_03_seed_2024,0.2133941650390625
2835,i need a delivery tracked,84,order_status,16,order,run_03_seed_2024,0.0473983995616436
2836,i need to track my order,84,order_status,84,order_status,run_03_seed_2024,0.9492713212966919
2837,i placed an order and i need it tracked,84,order_status,16,order,run_03_seed_2024,0.5324990153312683
2838,could you track an order for me,84,order_status,16,order,run_03_seed_2024,0.8523858785629272
2839,has my package been sent,84,order_status,84,order_status,run_03_seed_2024,0.9856861233711243
2840,what time is my package getting here,84,order_status,84,order_status,run_03_seed_2024,0.7560186386108398
2841,how's my amazon order doing,84,order_status,84,order_status,run_03_seed_2024,0.5548726320266724
2842,i need to track a package,84,order_status,84,order_status,run_03_seed_2024,0.6326716542243958
2843,i want to track a package i should be getting,84,order_status,84,order_status,run_03_seed_2024,0.24237991869449615
2844,please track my order,84,order_status,84,order_status,run_03_seed_2024,0.987622857093811
2845,can you tell me when my item will get here,84,order_status,80,flight_status,run_03_seed_2024,0.17864887416362762
2846,can you tell me where my item is,84,order_status,122,w2,run_03_seed_2024,0.4630574882030487
2847,what's up with my order,84,order_status,84,order_status,run_03_seed_2024,0.7690218091011047
2848,are they any updates on my order,84,order_status,84,order_status,run_03_seed_2024,0.82600337266922
2849,i need to track the status of my order,84,order_status,84,order_status,run_03_seed_2024,0.9859393835067749
2850,i'm struggling to remind myself the pin number to my card,89,pin_change,89,pin_change,run_03_seed_2024,0.7453882694244385
2851,i'm having trouble remembering the pin number to my card,89,pin_change,89,pin_change,run_03_seed_2024,0.6914693117141724
2852,the pin number to my card has been forgotten,89,pin_change,89,pin_change,run_03_seed_2024,0.519575834274292
2853,i don't remember the pin number to my card,89,pin_change,89,pin_change,run_03_seed_2024,0.8681200742721558
2854,i do not recall the pin number to my card,89,pin_change,89,pin_change,run_03_seed_2024,0.700255274772644
2855,i would like to change the name on my checking account,89,pin_change,89,pin_change,run_03_seed_2024,0.41432780027389526
2856,i would like to change the name on my credit card account,89,pin_change,109,credit_limit_change,run_03_seed_2024,0.3594028055667877
2857,i would like to change the name on my first hawaiian bank account,89,pin_change,144,change_user_name,run_03_seed_2024,0.21525579690933228
2858,i would like to change the name on my first bankcard account,89,pin_change,144,change_user_name,run_03_seed_2024,0.37369969487190247
2859,i would like to change the name on my capital one account,89,pin_change,144,change_user_name,run_03_seed_2024,0.3133537173271179
2860,change the pin on my savings account to 1234,89,pin_change,89,pin_change,run_03_seed_2024,0.9959818124771118
2861,i want to change my savings account pin to 1234,89,pin_change,89,pin_change,run_03_seed_2024,0.9872734546661377
2862,make 1234 a new pin for my savings account,89,pin_change,89,pin_change,run_03_seed_2024,0.9864832758903503
2863,make 1234 the pin on my savings account,89,pin_change,89,pin_change,run_03_seed_2024,0.9865239858627319
2864,can you make 1234 the pin for my savings account,89,pin_change,89,pin_change,run_03_seed_2024,0.9832236766815186
2865,make my pin 1234 for my checking account,89,pin_change,89,pin_change,run_03_seed_2024,0.9934350252151489
2866,go my to checking account and switch my pin to 1234,89,pin_change,89,pin_change,run_03_seed_2024,0.9793592691421509
2867,access my checking account and update my pin to 1234,89,pin_change,89,pin_change,run_03_seed_2024,0.9729588627815247
2868,correct my account pin to 1234 on my checking account,89,pin_change,89,pin_change,run_03_seed_2024,0.962868869304657
2869,modify my account pin to 1234 on my checking account,89,pin_change,89,pin_change,run_03_seed_2024,0.9461237192153931
2870,tell me the pin number for my checking account,89,pin_change,89,pin_change,run_03_seed_2024,0.9930198788642883
2871,please give me the pin number for my checking account,89,pin_change,89,pin_change,run_03_seed_2024,0.9873840808868408
2872,i need the pin number for my checking account,89,pin_change,89,pin_change,run_03_seed_2024,0.9952043294906616
2873,does my checking account have a pin number,89,pin_change,89,pin_change,run_03_seed_2024,0.9750485420227051
2874,what's the pin number for my checking account,89,pin_change,89,pin_change,run_03_seed_2024,0.9934369921684265
2875,change the code of my savings account to be 1234,89,pin_change,89,pin_change,run_03_seed_2024,0.5918421745300293
2876,alter the pin on my savings account to be 1234,89,pin_change,89,pin_change,run_03_seed_2024,0.9857030510902405
2877,what exactly is my pin,89,pin_change,89,pin_change,run_03_seed_2024,0.6353991627693176
2878,how do i change the account pin number for me,89,pin_change,89,pin_change,run_03_seed_2024,0.9655215740203857
2879,please tell me how do i change the account pin number,89,pin_change,89,pin_change,run_03_seed_2024,0.9599258899688721
2880,good speaking to you,114,goodbye,114,goodbye,run_03_seed_2024,0.36740705370903015
2881,it was really awesome to talk to you,114,goodbye,114,goodbye,run_03_seed_2024,0.9246441125869751
2882,it was great to speak with you,114,goodbye,114,goodbye,run_03_seed_2024,0.9621118307113647
2883,it was great to talk to you,114,goodbye,114,goodbye,run_03_seed_2024,0.9783459305763245
2884,bye bye then,114,goodbye,114,goodbye,run_03_seed_2024,0.9679719805717468
2885,it was very good to talk to you,114,goodbye,114,goodbye,run_03_seed_2024,0.9313868284225464
2886,good bye then,114,goodbye,114,goodbye,run_03_seed_2024,0.9301091432571411
2887,bye,114,goodbye,114,goodbye,run_03_seed_2024,0.9679719805717468
2888,regards,114,goodbye,114,goodbye,run_03_seed_2024,0.05108167231082916
2889,catch you later,114,goodbye,114,goodbye,run_03_seed_2024,0.9160571098327637
2890,"great talk, thanks",114,goodbye,124,thank_you,run_03_seed_2024,0.8337252736091614
2891,later,114,goodbye,114,goodbye,run_03_seed_2024,0.9351308345794678
2892,goodbye,114,goodbye,114,goodbye,run_03_seed_2024,0.963841438293457
2893,see you later,114,goodbye,114,goodbye,run_03_seed_2024,0.985414981842041
2894,"enjoy your day, goodbye",114,goodbye,114,goodbye,run_03_seed_2024,0.5497584939002991
2895,thank you goodbye,114,goodbye,124,thank_you,run_03_seed_2024,0.8797470331192017
2896,"have a good day, bye",114,goodbye,114,goodbye,run_03_seed_2024,0.9081423282623291
2897,that will be all have a nice day!,114,goodbye,121,maybe,run_03_seed_2024,0.1273011714220047
2898,"i enjoyed talking to you, bye",114,goodbye,114,goodbye,run_03_seed_2024,0.9816609621047974
2899,it was great talking to you,114,goodbye,114,goodbye,run_03_seed_2024,0.9889560341835022
2900,nice seeing you bye,114,goodbye,114,goodbye,run_03_seed_2024,0.9736218452453613
2901,it was nice to chat,114,goodbye,114,goodbye,run_03_seed_2024,0.9551761150360107
2902,it was a pleasure talking to you,114,goodbye,114,goodbye,run_03_seed_2024,0.9792523980140686
2903,ok good chatting goodbye,114,goodbye,114,goodbye,run_03_seed_2024,0.9006837606430054
2904,thanks bye bye!,114,goodbye,114,goodbye,run_03_seed_2024,0.9759775400161743
2905,"that's all i need, i'm going now",114,goodbye,114,goodbye,run_03_seed_2024,0.4702220559120178
2906,"talk to you soon, bye!",114,goodbye,114,goodbye,run_03_seed_2024,0.9736951589584351
2907,"thanks for your help, goodbye!",114,goodbye,124,thank_you,run_03_seed_2024,0.9591735005378723
2908,good bye,114,goodbye,114,goodbye,run_03_seed_2024,0.9301091432571411
2909,signing off,114,goodbye,140,next_holiday,run_03_seed_2024,0.3480951189994812
2910,why is my bank account locked,2,account_blocked,2,account_blocked,run_03_seed_2024,0.994721531867981
2911,how do i unlock my bank account,2,account_blocked,2,account_blocked,run_03_seed_2024,0.7487649917602539
2912,can you unlock my bank account,2,account_blocked,2,account_blocked,run_03_seed_2024,0.6569226980209351
2913,how did my bank account get frozen,2,account_blocked,2,account_blocked,run_03_seed_2024,0.80966717004776
2914,can you help me unlock my bank account,2,account_blocked,2,account_blocked,run_03_seed_2024,0.7942773699760437
2915,call my bank and ask them why my account is frozen,2,account_blocked,2,account_blocked,run_03_seed_2024,0.9262706637382507
2916,check with my bank to see why my account is frozen,2,account_blocked,2,account_blocked,run_03_seed_2024,0.952410101890564
2917,do you know why my bank account is frozen,2,account_blocked,2,account_blocked,run_03_seed_2024,0.9883162379264832
2918,why did my bank place a hold on my bank account,2,account_blocked,2,account_blocked,run_03_seed_2024,0.9612337350845337
2919,are there any problems with my bank account,2,account_blocked,2,account_blocked,run_03_seed_2024,0.601922333240509
2920,did someone who is unauthorized try to get into my bank account,2,account_blocked,2,account_blocked,run_03_seed_2024,0.6933858394622803
2921,how can i unfreeze my bank account,2,account_blocked,2,account_blocked,run_03_seed_2024,0.6843841075897217
2922,why is there a stop on my deposit account,2,account_blocked,2,account_blocked,run_03_seed_2024,0.6784930229187012
2923,why can't i use my money market account,2,account_blocked,2,account_blocked,run_03_seed_2024,0.30289018154144287
2924,why is there a delay on my checking account,2,account_blocked,2,account_blocked,run_03_seed_2024,0.929043710231781
2925,why is my checking account not working,2,account_blocked,2,account_blocked,run_03_seed_2024,0.8087770938873291
2926,what could cause a hold on my savings account,2,account_blocked,20,freeze_account,run_03_seed_2024,0.5017859935760498
2927,what caused a hold on my us bank account,2,account_blocked,2,account_blocked,run_03_seed_2024,0.9134917259216309
2928,can you check and see why us bank put a hold on my account,2,account_blocked,2,account_blocked,run_03_seed_2024,0.7069367170333862
2929,why does us bank have a hold on my account,2,account_blocked,2,account_blocked,run_03_seed_2024,0.9762693643569946
2930,reasons that us bank would place a hold on my account,2,account_blocked,20,freeze_account,run_03_seed_2024,0.7766594886779785
2931,check to see why us bank placed a hold on my account,2,account_blocked,2,account_blocked,run_03_seed_2024,0.9497843980789185
2932,"is there a problem with my account, it appears to be blocked",2,account_blocked,2,account_blocked,run_03_seed_2024,0.6182221174240112
2933,"what is up with my account, why is it blocked",2,account_blocked,2,account_blocked,run_03_seed_2024,0.86878901720047
2934,there seems to be an issue with my account,2,account_blocked,2,account_blocked,run_03_seed_2024,0.4326464533805847
2935,can you help me unblock my account,2,account_blocked,2,account_blocked,run_03_seed_2024,0.5025315284729004
2936,"can you check what the problem with my account is, it seems to b e blocked",2,account_blocked,2,account_blocked,run_03_seed_2024,0.4072049558162689
2937,is there a reason you put a hold on my chase account,2,account_blocked,20,freeze_account,run_03_seed_2024,0.5765807032585144
2938,why can't i access my chase account,2,account_blocked,2,account_blocked,run_03_seed_2024,0.7770856618881226
2939,how come my chase account has a hold on it,2,account_blocked,2,account_blocked,run_03_seed_2024,0.8372113108634949
2940,i'd like to know what song this is,21,what_song,21,what_song,run_03_seed_2024,0.9761349558830261
2941,what is this song name,21,what_song,21,what_song,run_03_seed_2024,0.9928314685821533
2942,i need to know this song,21,what_song,21,what_song,run_03_seed_2024,0.8296452760696411
2943,what is the name of this song that's on right now,21,what_song,21,what_song,run_03_seed_2024,0.9852834939956665
2944,i need to know the title of this song,21,what_song,21,what_song,run_03_seed_2024,0.9781103730201721
2945,find out what song is currently on the speakers,21,what_song,21,what_song,run_03_seed_2024,0.8439781069755554
2946,look up the name of this song,21,what_song,21,what_song,run_03_seed_2024,0.9742414951324463
2947,can you identify this song for me,21,what_song,21,what_song,run_03_seed_2024,0.641018271446228
2948,tell me what this song is called,21,what_song,21,what_song,run_03_seed_2024,0.9841361045837402
2949,please identify the song we're currently listening to,21,what_song,21,what_song,run_03_seed_2024,0.8108424544334412
2950,what is the title of the song we're listening to right now,21,what_song,21,what_song,run_03_seed_2024,0.9782031774520874
2951,look up the song that's on right now,21,what_song,21,what_song,run_03_seed_2024,0.4211392104625702
2952,can you identify this song that's playing,21,what_song,21,what_song,run_03_seed_2024,0.8993548154830933
2953,find out what song this is,21,what_song,21,what_song,run_03_seed_2024,0.9098215103149414
2954,i need to know what song this is that we're listening to,21,what_song,21,what_song,run_03_seed_2024,0.9890484809875488
2955,tell me the song that is currently playing,21,what_song,21,what_song,run_03_seed_2024,0.972052276134491
2956,can you identify this song playing through the speaker right now,21,what_song,21,what_song,run_03_seed_2024,0.8178458213806152
2957,tell me what this song is called that's playing,21,what_song,21,what_song,run_03_seed_2024,0.994242250919342
2958,what is the title of this song,21,what_song,21,what_song,run_03_seed_2024,0.9930340051651001
2959,what is this song called,21,what_song,21,what_song,run_03_seed_2024,0.9745100736618042
2960,what song is currently playing,21,what_song,21,what_song,run_03_seed_2024,0.978478193283081
2961,what is the information on this song,21,what_song,21,what_song,run_03_seed_2024,0.8418133854866028
2962,what song is this one,21,what_song,21,what_song,run_03_seed_2024,0.9453229904174805
2963,on the speaker do you know what song is on,21,what_song,21,what_song,run_03_seed_2024,0.7892698645591736
2964,on the speaker what song is playing,21,what_song,21,what_song,run_03_seed_2024,0.9852875471115112
2965,do you know what song is playing on the speaker,21,what_song,21,what_song,run_03_seed_2024,0.9799073934555054
2966,at the moment what song is playing on the speaker,21,what_song,21,what_song,run_03_seed_2024,0.9382990002632141
2967,what is playing on the speaker at the moment,21,what_song,21,what_song,run_03_seed_2024,0.61082524061203
2968,who is the singer on the speaker now,21,what_song,10,smart_home,run_03_seed_2024,0.5261103510856628
2969,what kind of music on the speaker now,21,what_song,106,play_music,run_03_seed_2024,0.2546573281288147
2970,will i be charged transaction fees if i use my american card internationally,137,international_fees,137,international_fees,run_03_seed_2024,0.9958565831184387
2971,will i incur transaction fees if i use my american card internationally,137,international_fees,137,international_fees,run_03_seed_2024,0.993857204914093
2972,do i have transaction fees if i use my american card internationally,137,international_fees,137,international_fees,run_03_seed_2024,0.9898814558982849
2973,could you find out if my bank charges transaction fees on my american card if use internationally,137,international_fees,137,international_fees,run_03_seed_2024,0.8528034687042236
2974,will the bank charge transaction fees if i use my american card internationally,137,international_fees,137,international_fees,run_03_seed_2024,0.9862425327301025
2975,do i get charged extra for using my card in portland,137,international_fees,137,international_fees,run_03_seed_2024,0.935024082660675
2976,will i get charged for using my credit card in portland,137,international_fees,137,international_fees,run_03_seed_2024,0.8583329319953918
2977,if i'm in portland can i still use my card without getting charged extra,137,international_fees,137,international_fees,run_03_seed_2024,0.5607953667640686
2978,is there a fee for using my card in portland,137,international_fees,137,international_fees,run_03_seed_2024,0.9902198910713196
2979,does using my card in portland charge me extra,137,international_fees,137,international_fees,run_03_seed_2024,0.9564738869667053
2980,what are the transaction fees associated with my discover card if i am in rome,137,international_fees,137,international_fees,run_03_seed_2024,0.9744430780410767
2981,how many transaction fees are there when i use my discover card in rome,137,international_fees,137,international_fees,run_03_seed_2024,0.992363452911377
2982,are there transaction fees for discover cards used in rome,137,international_fees,137,international_fees,run_03_seed_2024,0.9492409229278564
2983,will using a discover card in rome cause transaction fees,137,international_fees,137,international_fees,run_03_seed_2024,0.9933217167854309
2984,do i have transaction fees when i use my discover card in rome,137,international_fees,137,international_fees,run_03_seed_2024,0.9882800579071045
2985,are there transaction fees using my discover if i'm in cuba,137,international_fees,137,international_fees,run_03_seed_2024,0.9923175573348999
2986,when i go to cuba will there be a transaction fee for using my discover card,137,international_fees,137,international_fees,run_03_seed_2024,0.9059417843818665
2987,is there a fee to use my card in france,137,international_fees,137,international_fees,run_03_seed_2024,0.9768952131271362
2988,will i be charged a transaction fee on my discover card in cuba,137,international_fees,137,international_fees,run_03_seed_2024,0.9412683248519897
2989,is there a charge to use my card in france,137,international_fees,137,international_fees,run_03_seed_2024,0.9554380774497986
2990,if i use my discover card in cuba are there transaction fees,137,international_fees,137,international_fees,run_03_seed_2024,0.9990618824958801
2991,are there transaction fees in cuba for using my discover card,137,international_fees,137,international_fees,run_03_seed_2024,0.995590090751648
2992,so i get charged if i use my card in france,137,international_fees,137,international_fees,run_03_seed_2024,0.9792194962501526
2993,is there an international charge for using my card in france,137,international_fees,137,international_fees,run_03_seed_2024,0.9795265793800354
2994,is there a fee if i use my card in france,137,international_fees,137,international_fees,run_03_seed_2024,0.9924784898757935
2995,is there a charge to use my card in croatia,137,international_fees,137,international_fees,run_03_seed_2024,0.9640302062034607
2996,"in x, will i be charged to use my card",137,international_fees,137,international_fees,run_03_seed_2024,0.8784394264221191
2997,"in x, what is the charge if i use my card",137,international_fees,137,international_fees,run_03_seed_2024,0.9364824295043945
2998,"if i use my card in x, will there be a charge",137,international_fees,137,international_fees,run_03_seed_2024,0.9899576306343079
2999,will it cost me anything to use my card in turin,137,international_fees,137,international_fees,run_03_seed_2024,0.8047296404838562
3000,what was the date of my last car appointment,37,last_maintenance,37,last_maintenance,run_03_seed_2024,0.9574581980705261
3001,was my car in the shop this past week,37,last_maintenance,37,last_maintenance,run_03_seed_2024,0.969575822353363
3002,how many weeks ago was my car in the shop,37,last_maintenance,37,last_maintenance,run_03_seed_2024,0.9230257868766785
3003,did i get my car inspected recently,37,last_maintenance,37,last_maintenance,run_03_seed_2024,0.36740559339523315
3004,i cannot remember when i last took my car to the shop,37,last_maintenance,37,last_maintenance,run_03_seed_2024,0.9817413687705994
3005,did i bring my car to the shop last week,37,last_maintenance,37,last_maintenance,run_03_seed_2024,0.9653686881065369
3006,when did i get my car inspected last,37,last_maintenance,37,last_maintenance,run_03_seed_2024,0.964338481426239
3007,give me the date that i last got my car checked,37,last_maintenance,37,last_maintenance,run_03_seed_2024,0.8422020673751831
3008,did i take my car to the mechanics recently,37,last_maintenance,37,last_maintenance,run_03_seed_2024,0.682200014591217
3009,tell me when i got my car checked last,37,last_maintenance,37,last_maintenance,run_03_seed_2024,0.9099987745285034
3010,when did i last take my car to the shop,37,last_maintenance,37,last_maintenance,run_03_seed_2024,0.9961736798286438
3011,give me an exact date of when i took my car to the mechanic,37,last_maintenance,37,last_maintenance,run_03_seed_2024,0.9045040011405945
3012,remind me of the last date that i got my car checked,37,last_maintenance,37,last_maintenance,run_03_seed_2024,0.6508144736289978
3013,when was my last visit to the car shop,37,last_maintenance,37,last_maintenance,run_03_seed_2024,0.947935163974762
3014,when was my car last in the shop,37,last_maintenance,37,last_maintenance,run_03_seed_2024,0.9951072931289673
3015,how long ago did i take my car to the shop,37,last_maintenance,37,last_maintenance,run_03_seed_2024,0.9576387405395508
3016,how long has it been since i last took my car to the shop,37,last_maintenance,37,last_maintenance,run_03_seed_2024,0.9881105422973633
3017,when did i take my car to the shop last,37,last_maintenance,37,last_maintenance,run_03_seed_2024,0.9965327978134155
3018,give me the date of my last oil change,37,last_maintenance,37,last_maintenance,run_03_seed_2024,0.9740158319473267
3019,tell me when i last had my oil changed,37,last_maintenance,37,last_maintenance,run_03_seed_2024,0.9265785217285156
3020,when was my oil last changed,37,last_maintenance,37,last_maintenance,run_03_seed_2024,0.9239298105239868
3021,what day did i last take my car to the shop,37,last_maintenance,37,last_maintenance,run_03_seed_2024,0.9904474020004272
3022,have i recently had an oil change,37,last_maintenance,123,oil_change_when,run_03_seed_2024,0.4338407814502716
3023,what was the date of the last time i took my car to the shop,37,last_maintenance,37,last_maintenance,run_03_seed_2024,0.9947360157966614
3024,what day did i last take my car in,37,last_maintenance,37,last_maintenance,run_03_seed_2024,0.9716792702674866
3025,tell me when my last oil change was,37,last_maintenance,37,last_maintenance,run_03_seed_2024,0.9658356308937073
3026,i last got my oil changed when,37,last_maintenance,123,oil_change_when,run_03_seed_2024,0.497454434633255
3027,what day did i last have the oil in my car changed,37,last_maintenance,37,last_maintenance,run_03_seed_2024,0.9809684157371521
3028,what was the date of my last oil change,37,last_maintenance,37,last_maintenance,run_03_seed_2024,0.991015613079071
3029,i'd like to know the last time my car got looked at,37,last_maintenance,37,last_maintenance,run_03_seed_2024,0.8907412886619568
3030,are there meetings scheduled for today,19,meeting_schedule,19,meeting_schedule,run_03_seed_2024,0.9849576950073242
3031,check today's calendar for meetings,19,meeting_schedule,19,meeting_schedule,run_03_seed_2024,0.9043353199958801
3032,check my schedule for meetings today,19,meeting_schedule,19,meeting_schedule,run_03_seed_2024,0.903673529624939
3033,list meetings on calendar for today,19,meeting_schedule,19,meeting_schedule,run_03_seed_2024,0.9419216513633728
3034,exactly what time is my meeting with robin scheduled for on,19,meeting_schedule,19,meeting_schedule,run_03_seed_2024,0.9293690919876099
3035,for what time is my meeting with marketing scheduled,19,meeting_schedule,19,meeting_schedule,run_03_seed_2024,0.9217132329940796
3036,what time is my meeting with design team scheduled for,19,meeting_schedule,19,meeting_schedule,run_03_seed_2024,0.9233941435813904
3037,when is my meeting with infrastructure,19,meeting_schedule,19,meeting_schedule,run_03_seed_2024,0.9841183423995972
3038,when is my meeting with invoicing scheduled,19,meeting_schedule,19,meeting_schedule,run_03_seed_2024,0.9874454736709595
3039,is the meeting with lisa today,19,meeting_schedule,19,meeting_schedule,run_03_seed_2024,0.925690770149231
3040,are there meetings from 1 to 5 pm,19,meeting_schedule,18,schedule_meeting,run_03_seed_2024,0.32801830768585205
3041,when for i meet jane for our meeting,19,meeting_schedule,18,schedule_meeting,run_03_seed_2024,0.5938380360603333
3042,tell me if i have a meeting with liz today,19,meeting_schedule,19,meeting_schedule,run_03_seed_2024,0.8679313063621521
3043,is there a meeting with sam today,19,meeting_schedule,18,schedule_meeting,run_03_seed_2024,0.49127379059791565
3044,do i have a meeting with paul today,19,meeting_schedule,19,meeting_schedule,run_03_seed_2024,0.9638567566871643
3045,is there any meetings from 5 to 6 pm,19,meeting_schedule,19,meeting_schedule,run_03_seed_2024,0.6094951033592224
3046,when is my meeting with jim scheduled for,19,meeting_schedule,19,meeting_schedule,run_03_seed_2024,0.9736524820327759
3047,are there any meetings between 2 and 5 pm,19,meeting_schedule,19,meeting_schedule,run_03_seed_2024,0.8331418633460999
3048,is it possible i have a meeting with kim today,19,meeting_schedule,19,meeting_schedule,run_03_seed_2024,0.8049775958061218
3049,my meeting with alice is scheduled for when,19,meeting_schedule,19,meeting_schedule,run_03_seed_2024,0.9203063249588013
3050,when is my meeting with jack for,19,meeting_schedule,19,meeting_schedule,run_03_seed_2024,0.958725094795227
3051,when is my meeting with ann,19,meeting_schedule,19,meeting_schedule,run_03_seed_2024,0.9654462337493896
3052,do i have any meetings between 1 and 8 pm,19,meeting_schedule,19,meeting_schedule,run_03_seed_2024,0.9886278510093689
3053,i need to know if i have meetings from 3 to 6 pm,19,meeting_schedule,19,meeting_schedule,run_03_seed_2024,0.37277454137802124
3054,do i have any meetings scheduled today,19,meeting_schedule,19,meeting_schedule,run_03_seed_2024,0.9940398931503296
3055,give me a summary of today's meetings,19,meeting_schedule,19,meeting_schedule,run_03_seed_2024,0.9765940308570862
3056,tell me when today's meeting is supposed to happen,19,meeting_schedule,19,meeting_schedule,run_03_seed_2024,0.8405072689056396
3057,what time is today's meeting,19,meeting_schedule,19,meeting_schedule,run_03_seed_2024,0.5209395885467529
3058,check the start time of the meeting scheduled for today,19,meeting_schedule,19,meeting_schedule,run_03_seed_2024,0.9521628618240356
3059,am i supposed to attend any meetings today,19,meeting_schedule,19,meeting_schedule,run_03_seed_2024,0.9276259541511536
3060,what food do you need to make lasagna,112,ingredients_list,112,ingredients_list,run_03_seed_2024,0.695227324962616
3061,what ingredients do you need to make lasagna,112,ingredients_list,112,ingredients_list,run_03_seed_2024,0.9906896352767944
3062,what ingredients are needed to make lasgana,112,ingredients_list,112,ingredients_list,run_03_seed_2024,0.9971007704734802
3063,what is needed to make lasagna,112,ingredients_list,112,ingredients_list,run_03_seed_2024,0.6104931235313416
3064,what is needed to cook lasagna,112,ingredients_list,112,ingredients_list,run_03_seed_2024,0.24524450302124023
3065,give me a recipe for tacos,112,ingredients_list,104,recipe,run_03_seed_2024,0.9695547223091125
3066,what ingredients are in tacos,112,ingredients_list,112,ingredients_list,run_03_seed_2024,0.9826648831367493
3067,tell me what's in tacos,112,ingredients_list,139,definition,run_03_seed_2024,0.06565603613853455
3068,what's a good recipe foe tacos,112,ingredients_list,104,recipe,run_03_seed_2024,0.6613300442695618
3069,tell me the ingredients for making tom yum,112,ingredients_list,112,ingredients_list,run_03_seed_2024,0.7851860523223877
3070,i want to know the ingredients for making pizza,112,ingredients_list,112,ingredients_list,run_03_seed_2024,0.767842710018158
3071,let me know the ingredients i will need for pasta making,112,ingredients_list,112,ingredients_list,run_03_seed_2024,0.6971836090087891
3072,what ingredients are necessary to make spaghetti carbonara,112,ingredients_list,112,ingredients_list,run_03_seed_2024,0.989132821559906
3073,what do i need to use to make lasagna,112,ingredients_list,112,ingredients_list,run_03_seed_2024,0.9080439209938049
3074,how much flour do i need for a strawberry cake,112,ingredients_list,112,ingredients_list,run_03_seed_2024,0.15242038667201996
3075,tell me the ingredients to make an apple pie,112,ingredients_list,104,recipe,run_03_seed_2024,0.5414204597473145
3076,what ingredients are in beef jerkey,112,ingredients_list,112,ingredients_list,run_03_seed_2024,0.9885060787200928
3077,what ingredients does agor agor need,112,ingredients_list,112,ingredients_list,run_03_seed_2024,0.9983162879943848
3078,what do i need to make authentic kimchi,112,ingredients_list,112,ingredients_list,run_03_seed_2024,0.9786374568939209
3079,what do i need to make macaroni,112,ingredients_list,112,ingredients_list,run_03_seed_2024,0.947081983089447
3080,what do i need to buy for spaghetti,112,ingredients_list,112,ingredients_list,run_03_seed_2024,0.48602455854415894
3081,what am i gonna need for sushi,112,ingredients_list,104,recipe,run_03_seed_2024,0.06063053384423256
3082,what ingredients do i use for pork belly,112,ingredients_list,112,ingredients_list,run_03_seed_2024,0.9309984445571899
3083,what ingredients are in filet mignon,112,ingredients_list,112,ingredients_list,run_03_seed_2024,0.9943284392356873
3084,let me know what ingredients i need to make pasta,112,ingredients_list,112,ingredients_list,run_03_seed_2024,0.9724473357200623
3085,what do i need to make pasta,112,ingredients_list,112,ingredients_list,run_03_seed_2024,0.9360116124153137
3086,give me a list of ingredients for making pasta,112,ingredients_list,112,ingredients_list,run_03_seed_2024,0.6842714548110962
3087,pull up everything i need to make a pasta dish,112,ingredients_list,104,recipe,run_03_seed_2024,0.4995940029621124
3088,tell me all the things i need to buy to make pasta,112,ingredients_list,112,ingredients_list,run_03_seed_2024,0.4425375461578369
3089,what do i need to make brownies,112,ingredients_list,112,ingredients_list,run_03_seed_2024,0.9643417000770569
3090,i want to report fraudulent activity on my navy federal card,70,report_fraud,70,report_fraud,run_03_seed_2024,0.9893026947975159
3091,i would like to report fraudulent activity on my chase card,70,report_fraud,70,report_fraud,run_03_seed_2024,0.992838442325592
3092,i need to report fraudulent activity on my usaa card,70,report_fraud,70,report_fraud,run_03_seed_2024,0.9906704425811768
3093,i have to report fraudulent activity on my bank of the west card,70,report_fraud,70,report_fraud,run_03_seed_2024,0.983831524848938
3094,i have to report fraudulent activity the bank of america card,70,report_fraud,70,report_fraud,run_03_seed_2024,0.9604761004447937
3095,i seem to have a purchase that i didn't make from olive garden on my account,70,report_fraud,70,report_fraud,run_03_seed_2024,0.5676517486572266
3096,my online bill has some items that i didn't purchase from penneys,70,report_fraud,16,order,run_03_seed_2024,0.401361346244812
3097,my account shows a transaction that i didn't make from foot locker,70,report_fraud,70,report_fraud,run_03_seed_2024,0.8235525488853455
3098,my bill shows a purchase from payless shoes but i didn't buy anything,70,report_fraud,16,order,run_03_seed_2024,0.5837961435317993
3099,i have some charges on my account from old navy that aren't mine,70,report_fraud,70,report_fraud,run_03_seed_2024,0.7361934185028076
3100,this charge is bs,70,report_fraud,70,report_fraud,run_03_seed_2024,0.3539689779281616
3101,i have a bogus transaction from amazon on my account,70,report_fraud,70,report_fraud,run_03_seed_2024,0.8483778238296509
3102,i have a fraudulent buy from dave's video on my account,70,report_fraud,70,report_fraud,run_03_seed_2024,0.8846968412399292
3103,i have a crap transaction from guitar center on my account,70,report_fraud,70,report_fraud,run_03_seed_2024,0.8530465364456177
3104,i think this transaction is bogus,70,report_fraud,70,report_fraud,run_03_seed_2024,0.7072948813438416
3105,i don't remember buying this,70,report_fraud,121,maybe,run_03_seed_2024,0.1609717607498169
3106,i have a bs transaction from ebay on my account,70,report_fraud,70,report_fraud,run_03_seed_2024,0.8530465364456177
3107,i've got a fraudulent purchase from kayak on my account,70,report_fraud,70,report_fraud,run_03_seed_2024,0.9166938066482544
3108,do i have a fraudulent transaction on my account,70,report_fraud,70,report_fraud,run_03_seed_2024,0.9918196201324463
3109,i'm pretty sure i have a fraudulent transaction on my account,70,report_fraud,70,report_fraud,run_03_seed_2024,0.9933746457099915
3110,there's a false charge on my account from mcdonald's,70,report_fraud,70,report_fraud,run_03_seed_2024,0.7736532688140869
3111,i think there's a fraudulent charge from mcdonald's on my account,70,report_fraud,70,report_fraud,run_03_seed_2024,0.9923079013824463
3112,i think someone jacked my bank account,70,report_fraud,2,account_blocked,run_03_seed_2024,0.5000173449516296
3113,i saw suspicious activity on my bank account,70,report_fraud,70,report_fraud,run_03_seed_2024,0.49696093797683716
3114,someone else used my account to buy stuff from mcdonald's,70,report_fraud,70,report_fraud,run_03_seed_2024,0.3399585485458374
3115,there's a messed up transaction on my account from mcdonald's,70,report_fraud,70,report_fraud,run_03_seed_2024,0.7390016913414001
3116,i saw a fraudulent transaction,70,report_fraud,70,report_fraud,run_03_seed_2024,0.9937615990638733
3117,i have a false charge on my account from mcdonald's,70,report_fraud,70,report_fraud,run_03_seed_2024,0.7486587762832642
3118,who do i contact to report fraud on my visa,70,report_fraud,70,report_fraud,run_03_seed_2024,0.9606509804725647
3119,there has been unauthorized use of my visa,70,report_fraud,103,application_status,run_03_seed_2024,0.24626761674880981
3120,how many teaspoons will make one tablespoon,31,measurement_conversion,31,measurement_conversion,run_03_seed_2024,0.6627659201622009
3121,i need the conversion between a cup and a tablespoon,31,measurement_conversion,31,measurement_conversion,run_03_seed_2024,0.521440327167511
3122,inform me how many pounds are in 10 kilos,31,measurement_conversion,31,measurement_conversion,run_03_seed_2024,0.9411536455154419
3123,i wanna know how many pounds are in 10 kilos,31,measurement_conversion,31,measurement_conversion,run_03_seed_2024,0.9590664505958557
3124,how do you convert kilos to pounds,31,measurement_conversion,31,measurement_conversion,run_03_seed_2024,0.9893129467964172
3125,how many teaspoons is one tablespoon,31,measurement_conversion,31,measurement_conversion,run_03_seed_2024,0.6635624170303345
3126,i need to convert kilos to pounds,31,measurement_conversion,31,measurement_conversion,run_03_seed_2024,0.834926187992096
3127,i need to know the conversion between teaspoons and tablespoons,31,measurement_conversion,31,measurement_conversion,run_03_seed_2024,0.8758251070976257
3128,how many pounds are in 10 kilos,31,measurement_conversion,31,measurement_conversion,run_03_seed_2024,0.980941891670227
3129,can you assist me to convert kilos to pounds,31,measurement_conversion,31,measurement_conversion,run_03_seed_2024,0.45541977882385254
3130,let me know how many pounds are in 10 kilos,31,measurement_conversion,31,measurement_conversion,run_03_seed_2024,0.9265086054801941
3131,give me the conversion between ounces and cups,31,measurement_conversion,31,measurement_conversion,run_03_seed_2024,0.8882184028625488
3132,help me convert kilos to pounds,31,measurement_conversion,31,measurement_conversion,run_03_seed_2024,0.8861463665962219
3133,i need to know how many pounds are in 10 kilos,31,measurement_conversion,31,measurement_conversion,run_03_seed_2024,0.9517552256584167
3134,i want to convert kilos to pounds,31,measurement_conversion,31,measurement_conversion,run_03_seed_2024,0.8322071433067322
3135,how can i convert centimeters to inches,31,measurement_conversion,31,measurement_conversion,run_03_seed_2024,0.991612434387207
3136,how would i change from centimeters to inches,31,measurement_conversion,31,measurement_conversion,run_03_seed_2024,0.9520969390869141
3137,what can i use to convert from centimeters to inches,31,measurement_conversion,31,measurement_conversion,run_03_seed_2024,0.9115414619445801
3138,how can you convert centimeters to inches,31,measurement_conversion,31,measurement_conversion,run_03_seed_2024,0.9946119785308838
3139,how could we convert centimeters to inches,31,measurement_conversion,31,measurement_conversion,run_03_seed_2024,0.9816839098930359
3140,how does measurement slugs convert to measurement lb,31,measurement_conversion,38,exchange_rate,run_03_seed_2024,0.29259592294692993
3141,how does measurement a convert to measurement b,31,measurement_conversion,38,exchange_rate,run_03_seed_2024,0.29259592294692993
3142,where can i find measurement conversions,31,measurement_conversion,42,oos,run_03_seed_2024,0.5929590463638306
3143,how many ounces are in 4 pounds,31,measurement_conversion,31,measurement_conversion,run_03_seed_2024,0.9668904542922974
3144,how many grams are in 9 kilograms,31,measurement_conversion,31,measurement_conversion,run_03_seed_2024,0.7261497974395752
3145,how many centimeters are in 12 meters,31,measurement_conversion,31,measurement_conversion,run_03_seed_2024,0.9684333205223083
3146,how many inches are in 36 feet,31,measurement_conversion,31,measurement_conversion,run_03_seed_2024,0.9799180626869202
3147,how many millimeters are in 21 centimeters,31,measurement_conversion,31,measurement_conversion,run_03_seed_2024,0.8685333728790283
3148,how many milliliters are in 2 gallons,31,measurement_conversion,31,measurement_conversion,run_03_seed_2024,0.559821367263794
3149,how many liters are in 1 gallon,31,measurement_conversion,31,measurement_conversion,run_03_seed_2024,0.8135707378387451
3150,i would like it if you would turn the bedroom lights on low until i'm finished reading,10,smart_home,10,smart_home,run_03_seed_2024,0.9084744453430176
3151,i need you to turn the bathroom lights on,10,smart_home,10,smart_home,run_03_seed_2024,0.9770853519439697
3152,set the ceiling fan to low,10,smart_home,10,smart_home,run_03_seed_2024,0.9855393171310425
3153,start the dishwasher,10,smart_home,10,smart_home,run_03_seed_2024,0.45708951354026794
3154,turn on the tv on channel 6,10,smart_home,10,smart_home,run_03_seed_2024,0.9804476499557495
3155,turn on the microwave for 3 minutes,10,smart_home,10,smart_home,run_03_seed_2024,0.26187485456466675
3156,"on the tv, turn on",10,smart_home,10,smart_home,run_03_seed_2024,0.9824604392051697
3157,set the tv on,10,smart_home,10,smart_home,run_03_seed_2024,0.9924707412719727
3158,how is the temperature at ac,10,smart_home,10,smart_home,run_03_seed_2024,0.8404895663261414
3159,the tv turn it on,10,smart_home,10,smart_home,run_03_seed_2024,0.9720036387443542
3160,oven set it to 350,10,smart_home,10,smart_home,run_03_seed_2024,0.8731568455696106
3161,the temperature at ac is what,10,smart_home,10,smart_home,run_03_seed_2024,0.9322668313980103
3162,tv turn it on,10,smart_home,10,smart_home,run_03_seed_2024,0.9250856041908264
3163,350 set the oven,10,smart_home,10,smart_home,run_03_seed_2024,0.9425760507583618
3164,the oven be set at 350,10,smart_home,10,smart_home,run_03_seed_2024,0.721915066242218
3165,turn the oven to 350,10,smart_home,10,smart_home,run_03_seed_2024,0.9708492159843445
3166,"at ac, what's the temperature like",10,smart_home,10,smart_home,run_03_seed_2024,0.8247585296630859
3167,ac temperature is at what,10,smart_home,10,smart_home,run_03_seed_2024,0.728499710559845
3168,turn on the tv,10,smart_home,10,smart_home,run_03_seed_2024,0.9811683893203735
3169,what is it like the temperature at ac,10,smart_home,5,weather,run_03_seed_2024,0.6200365424156189
3170,"to 350, set the oven",10,smart_home,10,smart_home,run_03_seed_2024,0.9694854021072388
3171,please turn the lights down low,10,smart_home,10,smart_home,run_03_seed_2024,0.9733555912971497
3172,can you adjust the lights down,10,smart_home,10,smart_home,run_03_seed_2024,0.8222097158432007
3173,i want the light less bright please,10,smart_home,10,smart_home,run_03_seed_2024,0.10644950717687607
3174,make the lights darker,10,smart_home,10,smart_home,run_03_seed_2024,0.9520397782325745
3175,please set the oven to 350 f,10,smart_home,10,smart_home,run_03_seed_2024,0.9652116298675537
3176,please set the temperature to 70 f,10,smart_home,10,smart_home,run_03_seed_2024,0.9686827063560486
3177,set the oven temperature to 350,10,smart_home,10,smart_home,run_03_seed_2024,0.9893776774406433
3178,i need the temperature set at 70 f,10,smart_home,10,smart_home,run_03_seed_2024,0.8126589059829712
3179,turn up the oven temperature to 350,10,smart_home,10,smart_home,run_03_seed_2024,0.9587478041648865
3180,i really need you to find me a hotel with good reviews in phoenix,116,book_hotel,116,book_hotel,run_03_seed_2024,0.9629505276679993
3181,i wanna book a place to stay in phoenix from the 5th to the 9th of march,116,book_hotel,116,book_hotel,run_03_seed_2024,0.9215196371078491
3182,i wanna find a hotel with good reviews in phoenix,116,book_hotel,116,book_hotel,run_03_seed_2024,0.9815301299095154
3183,i want a hotel in phoenix near chase field from january 4th to the 8th,116,book_hotel,116,book_hotel,run_03_seed_2024,0.9452558755874634
3184,i would like to book a place to stay in phoenix from the 5th to the 9th of march,116,book_hotel,116,book_hotel,run_03_seed_2024,0.8967470526695251
3185,i need a hotel in phoenix near chase field from january 4th to the 8th,116,book_hotel,116,book_hotel,run_03_seed_2024,0.9572511315345764
3186,i need a hotel room that is big enough for eleven people from march 10th to the 15th in phoenix,116,book_hotel,116,book_hotel,run_03_seed_2024,0.9505405426025391
3187,i must get a hotel in phoenix near chase field from january 4th to the 8th,116,book_hotel,116,book_hotel,run_03_seed_2024,0.9235807657241821
3188,go ahead and find me a hotel with good reviews in phoenix,116,book_hotel,116,book_hotel,run_03_seed_2024,0.9736634492874146
3189,find me a hotel with good reviews in phoenix,116,book_hotel,116,book_hotel,run_03_seed_2024,0.9876291751861572
3190,i need you to find me a hotel with good reviews in phoenix,116,book_hotel,116,book_hotel,run_03_seed_2024,0.9784896969795227
3191,get me a hotel in phoenix near chase field from january 4th to the 8th,116,book_hotel,116,book_hotel,run_03_seed_2024,0.9548928737640381
3192,i need to get a hotel in phoenix near chase field from january 4th to the 8th,116,book_hotel,116,book_hotel,run_03_seed_2024,0.8930871486663818
3193,please book me a place to stay in phoenix from the 5th to the 9th of march,116,book_hotel,116,book_hotel,run_03_seed_2024,0.942044198513031
3194,i need to book a place to stay in phoenix from the 5th to the 9th of march,116,book_hotel,116,book_hotel,run_03_seed_2024,0.9077475666999817
3195,i really gotta book a place to stay in phoenix from the 5th to the 9th of march,116,book_hotel,116,book_hotel,run_03_seed_2024,0.9105110168457031
3196,i need to get a hotel room that is big enough for eleven people from march 10th to the 15th in phoenix,116,book_hotel,116,book_hotel,run_03_seed_2024,0.9050956964492798
3197,can you find me a reputable hotel in honolulu,116,book_hotel,116,book_hotel,run_03_seed_2024,0.9262290000915527
3198,"i want a hotel with good review in honolulu, can you find one",116,book_hotel,116,book_hotel,run_03_seed_2024,0.8415144085884094
3199,find for me a hotel with great reviews in ho chi minh,116,book_hotel,116,book_hotel,run_03_seed_2024,0.9010078310966492
3200,i need your help to find a good reviewed hotel in washington,116,book_hotel,116,book_hotel,run_03_seed_2024,0.7706334590911865
3201,can you find me a good reviewed hotel in japan,116,book_hotel,116,book_hotel,run_03_seed_2024,0.849984884262085
3202,i need a hotel between january 1st through 3rd in jacksonville near the stadium,116,book_hotel,116,book_hotel,run_03_seed_2024,0.9044368863105774
3203,find me a place to stay in jacksonville near the stadium from january 1st through 3rd,116,book_hotel,116,book_hotel,run_03_seed_2024,0.9662107825279236
3204,book me a hotel in jacksonville near the stadium from january 1st to 3rd,116,book_hotel,116,book_hotel,run_03_seed_2024,0.9892493486404419
3205,id like a room in jacksonville near the stadium between january 1st to 3rd,116,book_hotel,116,book_hotel,run_03_seed_2024,0.759456217288971
3206,find me a room near the jacksonville stadium between january 1st through january 3rd,116,book_hotel,116,book_hotel,run_03_seed_2024,0.7582242488861084
3207,get me a hotel room big enough for 4 people from may 3 to may 5 in boston,116,book_hotel,116,book_hotel,run_03_seed_2024,0.9529740214347839
3208,i'm travelling to boston on march 2 until march 4 please make a hotel reservation for me,116,book_hotel,63,book_flight,run_03_seed_2024,0.2657315135002136
3209,i need a hotel room for 4 people from may 3 to may 5 in boston,116,book_hotel,116,book_hotel,run_03_seed_2024,0.9737929701805115
3210,pull up the map and show my location,136,current_location,136,current_location,run_03_seed_2024,0.9031704068183899
3211,where am i currently,136,current_location,136,current_location,run_03_seed_2024,0.5008184313774109
3212,where is my current location,136,current_location,136,current_location,run_03_seed_2024,0.9154866933822632
3213,what's my map location,136,current_location,136,current_location,run_03_seed_2024,0.995826005935669
3214,find my current location,136,current_location,136,current_location,run_03_seed_2024,0.9662758708000183
3215,please tell me the current location,136,current_location,136,current_location,run_03_seed_2024,0.8551911115646362
3216,i want to see my location on the map,136,current_location,136,current_location,run_03_seed_2024,0.9601893424987793
3217,what's the location where i am,136,current_location,136,current_location,run_03_seed_2024,0.9228121638298035
3218,can you tell me my current location,136,current_location,136,current_location,run_03_seed_2024,0.9814547896385193
3219,where am i located on the map,136,current_location,136,current_location,run_03_seed_2024,0.9917677640914917
3220,where am i currently located,136,current_location,136,current_location,run_03_seed_2024,0.7641713619232178
3221,show my location on the map,136,current_location,136,current_location,run_03_seed_2024,0.9687238335609436
3222,i am currently located in what town,136,current_location,136,current_location,run_03_seed_2024,0.2033000886440277
3223,my current location is what,136,current_location,136,current_location,run_03_seed_2024,0.7516611218452454
3224,give me my location,136,current_location,136,current_location,run_03_seed_2024,0.9486451148986816
3225,tell me where i am,136,current_location,136,current_location,run_03_seed_2024,0.9440150260925293
3226,whats my location,136,current_location,136,current_location,run_03_seed_2024,0.6779968738555908
3227,show my position on the map,136,current_location,136,current_location,run_03_seed_2024,0.7284600734710693
3228,where is my location,136,current_location,136,current_location,run_03_seed_2024,0.8383727669715881
3229,current location please,136,current_location,58,share_location,run_03_seed_2024,0.6107596755027771
3230,display my location on the map,136,current_location,136,current_location,run_03_seed_2024,0.9878029227256775
3231,where am i,136,current_location,136,current_location,run_03_seed_2024,0.5969530344009399
3232,find out where i am on the map,136,current_location,136,current_location,run_03_seed_2024,0.9882307052612305
3233,where am i on the map,136,current_location,136,current_location,run_03_seed_2024,0.9907366633415222
3234,show me where i am on the map please,136,current_location,136,current_location,run_03_seed_2024,0.9889386892318726
3235,open map and pin point my location,136,current_location,136,current_location,run_03_seed_2024,0.7989729046821594
3236,show me my location,136,current_location,136,current_location,run_03_seed_2024,0.9590210318565369
3237,what could help me locate myself,136,current_location,42,oos,run_03_seed_2024,0.1039554625749588
3238,i need assistance with my current location,136,current_location,58,share_location,run_03_seed_2024,0.5858094096183777
3239,where would i search for my location,136,current_location,136,current_location,run_03_seed_2024,0.8170126676559448
3240,what is the weather,5,weather,5,weather,run_03_seed_2024,0.9903113842010498
3241,current weather,5,weather,5,weather,run_03_seed_2024,0.8922439217567444
3242,tell me the weather,5,weather,5,weather,run_03_seed_2024,0.9849721789360046
3243,what's the weather like today,5,weather,5,weather,run_03_seed_2024,0.9698914885520935
3244,what is the weather like,5,weather,5,weather,run_03_seed_2024,0.9877817630767822
3245,show me what the weather is like,5,weather,5,weather,run_03_seed_2024,0.9353288412094116
3246,let's take a look at the weather,5,weather,5,weather,run_03_seed_2024,0.43018195033073425
3247,how is the weather looking in seattle,5,weather,5,weather,run_03_seed_2024,0.8561801314353943
3248,how's the weather in seattle,5,weather,5,weather,run_03_seed_2024,0.9448016881942749
3249,what is the state of the weather in seattle,5,weather,5,weather,run_03_seed_2024,0.9176111817359924
3250,what is the weather forecast looking like for seattle,5,weather,5,weather,run_03_seed_2024,0.9872289896011353
3251,what are the weather conditions like in seattle,5,weather,5,weather,run_03_seed_2024,0.9941746592521667
3252,what is the weather doing now,5,weather,5,weather,run_03_seed_2024,0.9831530451774597
3253,what kind of weather can i expect now,5,weather,5,weather,run_03_seed_2024,0.81861811876297
3254,tell me what the weather is looking like,5,weather,5,weather,run_03_seed_2024,0.9566023945808411
3255,how is the weather,5,weather,5,weather,run_03_seed_2024,0.8693991303443909
3256,can you tell me the weather forecast,5,weather,5,weather,run_03_seed_2024,0.995231568813324
3257,could you tell me what the weather is in austin,5,weather,5,weather,run_03_seed_2024,0.8454227447509766
3258,what is the weather doing in austin,5,weather,5,weather,run_03_seed_2024,0.8821721076965332
3259,what about the weather in austin,5,weather,5,weather,run_03_seed_2024,0.808786928653717
3260,how is the weather in austin,5,weather,5,weather,run_03_seed_2024,0.8258417248725891
3261,what is happening with the weather in austin,5,weather,5,weather,run_03_seed_2024,0.8108566403388977
3262,how is that weather,5,weather,5,weather,run_03_seed_2024,0.37069085240364075
3263,how does the weather feel,5,weather,5,weather,run_03_seed_2024,0.8122581839561462
3264,need to know the weather now,5,weather,5,weather,run_03_seed_2024,0.8902837038040161
3265,give weather update now,5,weather,5,weather,run_03_seed_2024,0.8037342429161072
3266,want to know the weather,5,weather,5,weather,run_03_seed_2024,0.9117913246154785
3267,tell me the weather for today,5,weather,5,weather,run_03_seed_2024,0.9270732998847961
3268,what is the current weather like,5,weather,5,weather,run_03_seed_2024,0.9270330667495728
3269,las vegas weather today,5,weather,5,weather,run_03_seed_2024,0.6238231658935547
3270,tell me what my federal taxes amount to,94,taxes,94,taxes,run_03_seed_2024,0.964901328086853
3271,what taxes do i owe,94,taxes,94,taxes,run_03_seed_2024,0.9455305337905884
3272,lets talk about what my federal taxes look like,94,taxes,94,taxes,run_03_seed_2024,0.93977952003479
3273,what taxes will i owe from my income,94,taxes,94,taxes,run_03_seed_2024,0.9707923531532288
3274,whats the total of my taxes,94,taxes,94,taxes,run_03_seed_2024,0.5597743391990662
3275,what do my federal taxes look like,94,taxes,94,taxes,run_03_seed_2024,0.9823586344718933
3276,how much are the taxes on my income,94,taxes,94,taxes,run_03_seed_2024,0.9288384914398193
3277,please share my federal taxes total with me,94,taxes,94,taxes,run_03_seed_2024,0.7381287813186646
3278,how much in taxes will i owe,94,taxes,94,taxes,run_03_seed_2024,0.9702453017234802
3279,what do my state taxes look like,94,taxes,94,taxes,run_03_seed_2024,0.9851813316345215
3280,whats the total of taxes from my income,94,taxes,94,taxes,run_03_seed_2024,0.7514433860778809
3281,tell me how much my state taxes amount to,94,taxes,94,taxes,run_03_seed_2024,0.9690779447555542
3282,whats the total of my federal taxes,94,taxes,94,taxes,run_03_seed_2024,0.8898024559020996
3283,look up how much my state taxes are,94,taxes,94,taxes,run_03_seed_2024,0.9669190645217896
3284,talk to me about the total of my state taxes,94,taxes,94,taxes,run_03_seed_2024,0.7490735650062561
3285,what am i paying in taxes,94,taxes,94,taxes,run_03_seed_2024,0.855571985244751
3286,what is the total of my state taxes,94,taxes,94,taxes,run_03_seed_2024,0.9276056885719299
3287,how much do i owe the irs,94,taxes,94,taxes,run_03_seed_2024,0.46432119607925415
3288,how much do i pay the irs,94,taxes,94,taxes,run_03_seed_2024,0.724026083946228
3289,do you know my state tax total,94,taxes,94,taxes,run_03_seed_2024,0.9308410286903381
3290,what's the amount of taxes for my income,94,taxes,94,taxes,run_03_seed_2024,0.9180899262428284
3291,how much are my taxes for my income,94,taxes,94,taxes,run_03_seed_2024,0.9075894355773926
3292,i pay how much of taxes with my income,94,taxes,94,taxes,run_03_seed_2024,0.844691276550293
3293,how much is my state taxes,94,taxes,94,taxes,run_03_seed_2024,0.9882943630218506
3294,i need the data and price from my state taxes,94,taxes,94,taxes,run_03_seed_2024,0.9178245663642883
3295,do you know the price for my taxes in income,94,taxes,94,taxes,run_03_seed_2024,0.8548024296760559
3296,what is the amount of my state taxes,94,taxes,94,taxes,run_03_seed_2024,0.9808185696601868
3297,what is the price of my state taxes that i owe,94,taxes,94,taxes,run_03_seed_2024,0.9769893288612366
3298,do you know the total for taxes for my income,94,taxes,94,taxes,run_03_seed_2024,0.6946048736572266
3299,what should i squirrel away to pay in taxes,94,taxes,94,taxes,run_03_seed_2024,0.9107927680015564
3300,i must pay verizon what minimum amount on my bill,143,min_payment,143,min_payment,run_03_seed_2024,0.6002669334411621
3301,what is the lowest amount i must pay on my verizon bill,143,min_payment,143,min_payment,run_03_seed_2024,0.6692363619804382
3302,"at a minimum, what must i pay on my verizon bill",143,min_payment,143,min_payment,run_03_seed_2024,0.8565887808799744
3303,what is my minimum verizon bill payment,143,min_payment,143,min_payment,run_03_seed_2024,0.7735580205917358
3304,"what must i pay, at a minimum, on my verizon bill",143,min_payment,143,min_payment,run_03_seed_2024,0.6508710980415344
3305,what's the least i can pay this month,143,min_payment,143,min_payment,run_03_seed_2024,0.6813718676567078
3306,what is my amex minimum payment,143,min_payment,143,min_payment,run_03_seed_2024,0.9621191620826721
3307,what's the minimum payment,143,min_payment,143,min_payment,run_03_seed_2024,0.9987998008728027
3308,what is my minimum payment and when is it due,143,min_payment,56,bill_due,run_03_seed_2024,0.4730440378189087
3309,is there a minimum payment i can make,143,min_payment,143,min_payment,run_03_seed_2024,0.9775531888008118
3310,what is the lowest amount i can pay for my cellphone bill,143,min_payment,143,min_payment,run_03_seed_2024,0.9447705149650574
3311,what is the lowest amount i can pay for my insurance bill,143,min_payment,143,min_payment,run_03_seed_2024,0.9148852229118347
3312,what is the minimum i can pay on my credit card bill,143,min_payment,143,min_payment,run_03_seed_2024,0.994621753692627
3313,what is the lowest amount i can pay for my medical bill,143,min_payment,143,min_payment,run_03_seed_2024,0.9761834740638733
3314,what is the minimum i can pay on my phone bill,143,min_payment,143,min_payment,run_03_seed_2024,0.998835027217865
3315,what is the minimum i can pay on my insurance bill,143,min_payment,143,min_payment,run_03_seed_2024,0.991828203201294
3316,what is the minimum i can pay on my electric bill,143,min_payment,143,min_payment,run_03_seed_2024,0.9967731833457947
3317,what is the minimum i can pay on my gas bill,143,min_payment,143,min_payment,run_03_seed_2024,0.9914662837982178
3318,what is the lowest amount i can pay for my hospital bill,143,min_payment,143,min_payment,run_03_seed_2024,0.9508877396583557
3319,what is the lowest amount i can pay for my car bill,143,min_payment,143,min_payment,run_03_seed_2024,0.9369060397148132
3320,what is the minimum i can pay on my cell phone bill,143,min_payment,143,min_payment,run_03_seed_2024,0.9950668811798096
3321,what is the minimum i can pay on my water bill,143,min_payment,143,min_payment,run_03_seed_2024,0.9947774410247803
3322,what is the minimum i can pay on my heating bill,143,min_payment,143,min_payment,run_03_seed_2024,0.9988679885864258
3323,tell me the minimum i can pay on my utilities bill,143,min_payment,143,min_payment,run_03_seed_2024,0.987274169921875
3324,what is the minimum amount i can pay on my gas bill,143,min_payment,143,min_payment,run_03_seed_2024,0.9936177730560303
3325,do you know the smallest amount i can pay on my water bill,143,min_payment,143,min_payment,run_03_seed_2024,0.9205187559127808
3326,look up the lowest amount i can pay on my electricity bill,143,min_payment,143,min_payment,run_03_seed_2024,0.8621770739555359
3327,what is the minimum payable amount for my rent bill this month,143,min_payment,143,min_payment,run_03_seed_2024,0.5237188935279846
3328,what is the minimum payment on my water bill,143,min_payment,143,min_payment,run_03_seed_2024,0.9905977845191956
3329,"if i wanted to spend the lowest for my electric bill, then how much would it be",143,min_payment,27,bill_balance,run_03_seed_2024,0.37221723794937134
3330,set whisper mode to off,14,whisper_mode,14,whisper_mode,run_03_seed_2024,0.986072301864624
3331,switch off whisper mode,14,whisper_mode,14,whisper_mode,run_03_seed_2024,0.9981325268745422
3332,switch whisper mode off,14,whisper_mode,14,whisper_mode,run_03_seed_2024,0.9981325268745422
3333,turn whisper mode off,14,whisper_mode,14,whisper_mode,run_03_seed_2024,0.9983787536621094
3334,"whisper mode, please",14,whisper_mode,14,whisper_mode,run_03_seed_2024,0.9988158941268921
3335,please start whisper mode,14,whisper_mode,14,whisper_mode,run_03_seed_2024,0.9965524673461914
3336,switch over to whisper mode,14,whisper_mode,14,whisper_mode,run_03_seed_2024,0.9932125806808472
3337,leave whisper mode,14,whisper_mode,14,whisper_mode,run_03_seed_2024,0.9976508021354675
3338,revert from whisper mode,14,whisper_mode,14,whisper_mode,run_03_seed_2024,0.9957210421562195
3339,whisper mode must be left,14,whisper_mode,14,whisper_mode,run_03_seed_2024,0.9768980741500854
3340,change from whisper mode,14,whisper_mode,14,whisper_mode,run_03_seed_2024,0.9985772371292114
3341,help to turn on whisper mode,14,whisper_mode,14,whisper_mode,run_03_seed_2024,0.9419580101966858
3342,turn on whisper mode,14,whisper_mode,14,whisper_mode,run_03_seed_2024,0.9927085041999817
3343,whisper mode,14,whisper_mode,14,whisper_mode,run_03_seed_2024,0.9996410608291626
3344,start whisper mode,14,whisper_mode,14,whisper_mode,run_03_seed_2024,0.9992259740829468
3345,go to whisper mode until this movie is over,14,whisper_mode,14,whisper_mode,run_03_seed_2024,0.9769532084465027
3346,go to whisper mode until i say to go back to normal,14,whisper_mode,14,whisper_mode,run_03_seed_2024,0.9771854877471924
3347,go into whisper mode until the plane lands,14,whisper_mode,14,whisper_mode,run_03_seed_2024,0.8497295379638672
3348,go to whisper mode for one hour,14,whisper_mode,14,whisper_mode,run_03_seed_2024,0.9561491012573242
3349,go to whisper mode until my morning alarm goes off,14,whisper_mode,14,whisper_mode,run_03_seed_2024,0.9055473804473877
3350,make saound function operate in whisper mode,14,whisper_mode,14,whisper_mode,run_03_seed_2024,0.9918057918548584
3351,change audio settings to the whisper option,14,whisper_mode,14,whisper_mode,run_03_seed_2024,0.5477762222290039
3352,change audio to whisper mode,14,whisper_mode,14,whisper_mode,run_03_seed_2024,0.9992877840995789
3353,i want to only use the whisper sound,14,whisper_mode,14,whisper_mode,run_03_seed_2024,0.859081506729126
3354,change sound setting to whisper,14,whisper_mode,14,whisper_mode,run_03_seed_2024,0.9044584631919861
3355,change to something that's not whisper mode,14,whisper_mode,14,whisper_mode,run_03_seed_2024,0.9293338656425476
3356,cancel whisper mode,14,whisper_mode,14,whisper_mode,run_03_seed_2024,0.9951046705245972
3357,get out of whisper mode,14,whisper_mode,14,whisper_mode,run_03_seed_2024,0.9706854224205017
3358,"whisper mode, stop",14,whisper_mode,14,whisper_mode,run_03_seed_2024,0.9965221881866455
3359,stop whisper mode,14,whisper_mode,14,whisper_mode,run_03_seed_2024,0.9965221881866455
3360,stop what you're doing,147,cancel,147,cancel,run_03_seed_2024,0.9408757090568542
3361,this process needs to stop,147,cancel,147,cancel,run_03_seed_2024,0.909896731376648
3362,stop this process,147,cancel,147,cancel,run_03_seed_2024,0.9701249003410339
3363,"that was a mistake, undo that",147,cancel,147,cancel,run_03_seed_2024,0.2512322664260864
3364,ignore the previous command,147,cancel,147,cancel,run_03_seed_2024,0.5584014654159546
3365,forget what i told you to do,147,cancel,115,what_can_i_ask_you,run_03_seed_2024,0.10407896339893341
3366,please cancel the last input,147,cancel,147,cancel,run_03_seed_2024,0.8953860998153687
3367,please stop the current process,147,cancel,147,cancel,run_03_seed_2024,0.9905748963356018
3368,can you end the current process,147,cancel,147,cancel,run_03_seed_2024,0.9313456416130066
3369,just stop talking,147,cancel,147,cancel,run_03_seed_2024,0.9746502637863159
3370,please stop talking,147,cancel,147,cancel,run_03_seed_2024,0.9668070673942566
3371,"stop, just stop",147,cancel,147,cancel,run_03_seed_2024,0.9834690093994141
3372,you can stop talking ai,147,cancel,147,cancel,run_03_seed_2024,0.8684743642807007
3373,stop the process,147,cancel,147,cancel,run_03_seed_2024,0.9619226455688477
3374,can you turn off the process,147,cancel,147,cancel,run_03_seed_2024,0.3931749761104584
3375,stop talking,147,cancel,147,cancel,run_03_seed_2024,0.9804629683494568
3376,you can cancel the task,147,cancel,147,cancel,run_03_seed_2024,0.9436084032058716
3377,can you cancel that,147,cancel,147,cancel,run_03_seed_2024,0.9758686423301697
3378,can you cancel that request,147,cancel,147,cancel,run_03_seed_2024,0.9714598059654236
3379,"could you cancel that request, please",147,cancel,147,cancel,run_03_seed_2024,0.9742228388786316
3380,"can you cancel that request, please",147,cancel,147,cancel,run_03_seed_2024,0.9831128716468811
3381,"can you cancel that, please",147,cancel,147,cancel,run_03_seed_2024,0.972359299659729
3382,hush,147,cancel,114,goodbye,run_03_seed_2024,0.05108167231082916
3383,be quiet,147,cancel,147,cancel,run_03_seed_2024,0.7731100916862488
3384,stop it now!,147,cancel,147,cancel,run_03_seed_2024,0.9147483110427856
3385,stop talking you are annoying,147,cancel,147,cancel,run_03_seed_2024,0.9362897872924805
3386,you need to shut it,147,cancel,147,cancel,run_03_seed_2024,0.5398550033569336
3387,stop processing,147,cancel,147,cancel,run_03_seed_2024,0.8836371898651123
3388,abort mission,147,cancel,147,cancel,run_03_seed_2024,0.9099397659301758
3389,stop speaking,147,cancel,147,cancel,run_03_seed_2024,0.9248786568641663
3390,are visas needed to travel to jamaica,59,international_visa,52,vaccines,run_03_seed_2024,0.3793940842151642
3391,do i need a visa for south korea,59,international_visa,59,international_visa,run_03_seed_2024,0.9578525424003601
3392,"if i go to columbia, will i need a visa",59,international_visa,59,international_visa,run_03_seed_2024,0.9434601664543152
3393,are visas required to go to cuba,59,international_visa,52,vaccines,run_03_seed_2024,0.6874523162841797
3394,do i need to apply for a visa for my trip to india,59,international_visa,59,international_visa,run_03_seed_2024,0.615043044090271
3395,if i go to indonesia would i need a visa,59,international_visa,59,international_visa,run_03_seed_2024,0.8629547357559204
3396,do i need a visa to travel to indonesia,59,international_visa,59,international_visa,run_03_seed_2024,0.9621168971061707
3397,should i apply for a visa if i am traveling to mexico,59,international_visa,59,international_visa,run_03_seed_2024,0.6832961440086365
3398,is a visa necessary for traveling to south africa,59,international_visa,59,international_visa,run_03_seed_2024,0.2969156801700592
3399,if i want to travel to singapore do i need a visa,59,international_visa,59,international_visa,run_03_seed_2024,0.9419996738433838
3400,do americans need visas in canada,59,international_visa,149,travel_suggestion,run_03_seed_2024,0.14498132467269897
3401,would i need a visa in taiwan,59,international_visa,59,international_visa,run_03_seed_2024,0.92496657371521
3402,i'd like to go to malaysia so do i need a visa,59,international_visa,59,international_visa,run_03_seed_2024,0.9804271459579468
3403,is a travel visa needed for thailand,59,international_visa,59,international_visa,run_03_seed_2024,0.7295590043067932
3404,what are the visa requirements for brazil,59,international_visa,42,oos,run_03_seed_2024,0.1317472755908966
3405,is a travel visa required to visit paraguay,59,international_visa,59,international_visa,run_03_seed_2024,0.9664181470870972
3406,does travelling to st petersburg require a travel visa,59,international_visa,59,international_visa,run_03_seed_2024,0.9556273818016052
3407,should i get a travel visa if i want to go to guyana,59,international_visa,59,international_visa,run_03_seed_2024,0.9302993416786194
3408,will i be able to visit peru without a travel visa,59,international_visa,59,international_visa,run_03_seed_2024,0.792655348777771
3409,"if i want to go to x, do i need a travel visa",59,international_visa,59,international_visa,run_03_seed_2024,0.9635930061340332
3410,can i get to cuba with this visa,59,international_visa,59,international_visa,run_03_seed_2024,0.15853501856327057
3411,do i need a visa to get to puerto rico,59,international_visa,59,international_visa,run_03_seed_2024,0.9760762453079224
3412,do i need a visa to go to colombia,59,international_visa,59,international_visa,run_03_seed_2024,0.9972254037857056
3413,do i need a states visa to get to cuba,59,international_visa,59,international_visa,run_03_seed_2024,0.8185297250747681
3414,do i need a us visa for cuba,59,international_visa,59,international_visa,run_03_seed_2024,0.9336229562759399
3415,if i get a visa can i travel to japan,59,international_visa,59,international_visa,run_03_seed_2024,0.7908919453620911
3416,do i need a visa if i'm going to san jose,59,international_visa,59,international_visa,run_03_seed_2024,0.8035506010055542
3417,do i need a visa to travel outside of the us,59,international_visa,59,international_visa,run_03_seed_2024,0.9142191410064697
3418,are visas for international travel,59,international_visa,128,travel_alert,run_03_seed_2024,0.6028726100921631
3419,can you travel outside of the united states without a visa,59,international_visa,42,oos,run_03_seed_2024,0.8272663950920105
3420,do i need to get any shots before i travel to morocco,52,vaccines,52,vaccines,run_03_seed_2024,0.9970377683639526
3421,do i need to get any shots before i travel to south africa,52,vaccines,52,vaccines,run_03_seed_2024,0.9971210360527039
3422,do i need to get any shots before i travel to zimbabwe,52,vaccines,52,vaccines,run_03_seed_2024,0.9970377683639526
3423,do i need to get any shots before i travel to liberia,52,vaccines,52,vaccines,run_03_seed_2024,0.9970377683639526
3424,do i need to get any shots before i travel to spain,52,vaccines,52,vaccines,run_03_seed_2024,0.9927547574043274
3425,are there any required shots to travel to astana,52,vaccines,52,vaccines,run_03_seed_2024,0.9266251921653748
3426,what shots do i need if i'm travelling to odessa,52,vaccines,52,vaccines,run_03_seed_2024,0.8792507648468018
3427,are there any shots i need to travel to karachi,52,vaccines,52,vaccines,run_03_seed_2024,0.9603151082992554
3428,are there any required shots in indonesia,52,vaccines,52,vaccines,run_03_seed_2024,0.6615525484085083
3429,what are the required shots in mozambique,52,vaccines,52,vaccines,run_03_seed_2024,0.7023029327392578
3430,are more shots needed to travel to argentina,52,vaccines,52,vaccines,run_03_seed_2024,0.8772057294845581
3431,what sorts of vaccinations should i get prior to a trip to hong kong,52,vaccines,52,vaccines,run_03_seed_2024,0.7426117062568665
3432,before i embark on a trip to europe should i get more shots,52,vaccines,52,vaccines,run_03_seed_2024,0.9724092483520508
3433,would you need more shots to go to mexico,52,vaccines,52,vaccines,run_03_seed_2024,0.7852221727371216
3434,is vaccination necessary for travel to asia,52,vaccines,52,vaccines,run_03_seed_2024,0.4155445694923401
3435,"do you think my shots would be needed, before traveling to columbia",52,vaccines,52,vaccines,run_03_seed_2024,0.5483803153038025
3436,"will having my shots updated be a good idea, before i travel to south america",52,vaccines,52,vaccines,run_03_seed_2024,0.6952959895133972
3437,should i have my shots up to date before i travel to the virgin islands,52,vaccines,52,vaccines,run_03_seed_2024,0.8717178702354431
3438,"if you were traveling to indonesia, as i am, would you have your shots updated before your visit",52,vaccines,77,where_are_you_from,run_03_seed_2024,0.1273259073495865
3439,are shots required before traveling to china,52,vaccines,52,vaccines,run_03_seed_2024,0.974880039691925
3440,does cuba require vaccines,52,vaccines,52,vaccines,run_03_seed_2024,0.5672443509101868
3441,which vaccines are meant for cuba,52,vaccines,52,vaccines,run_03_seed_2024,0.6762743592262268
3442,which vaccines will i need for cuba,52,vaccines,52,vaccines,run_03_seed_2024,0.8339405655860901
3443,do i need a vaccine for the congo,52,vaccines,52,vaccines,run_03_seed_2024,0.18633116781711578
3444,vaccines for my trip to cuba,52,vaccines,52,vaccines,run_03_seed_2024,0.8621089458465576
3445,are there vaccinations needed if i go there,52,vaccines,52,vaccines,run_03_seed_2024,0.8961342573165894
3446,would vaccinations be needed if i go here,52,vaccines,52,vaccines,run_03_seed_2024,0.693290114402771
3447,"if i travel abroad, do i need vaccinations",52,vaccines,52,vaccines,run_03_seed_2024,0.9334810376167297
3448,"if i travel here, do i need vaccinations",52,vaccines,52,vaccines,run_03_seed_2024,0.8990016579627991
3449,do i need vaccinations if i go this country,52,vaccines,52,vaccines,run_03_seed_2024,0.9334930181503296
3450,i would like to know my vacation days balance,126,pto_balance,126,pto_balance,run_03_seed_2024,0.8681239485740662
3451,"give me vacation days remaining, please",126,pto_balance,126,pto_balance,run_03_seed_2024,0.7976617217063904
3452,how many vacation days do i still have available,126,pto_balance,126,pto_balance,run_03_seed_2024,0.9419399499893188
3453,please tell me the exact number of days i have still for vacation,126,pto_balance,126,pto_balance,run_03_seed_2024,0.7127626538276672
3454,what's the number of vacation days i have left,126,pto_balance,126,pto_balance,run_03_seed_2024,0.9426353573799133
3455,what amount of vacation days do i have,126,pto_balance,126,pto_balance,run_03_seed_2024,0.9564387798309326
3456,what is the number of pto days i have left,126,pto_balance,126,pto_balance,run_03_seed_2024,0.8938391208648682
3457,what amount of pto days do i have left,126,pto_balance,126,pto_balance,run_03_seed_2024,0.9582105278968811
3458,what are the amount of vacation days i have,126,pto_balance,126,pto_balance,run_03_seed_2024,0.6816664934158325
3459,how much pto days do i have remaining,126,pto_balance,126,pto_balance,run_03_seed_2024,0.9867444634437561
3460,what number of days do i have for vacation,126,pto_balance,126,pto_balance,run_03_seed_2024,0.9523282051086426
3461,what is my remaining amount of pto days,126,pto_balance,126,pto_balance,run_03_seed_2024,0.8300299644470215
3462,what do my pto days amount to,126,pto_balance,126,pto_balance,run_03_seed_2024,0.6025691032409668
3463,what do my vacation days amount to,126,pto_balance,126,pto_balance,run_03_seed_2024,0.7336133122444153
3464,how many days of vacation do i have left,126,pto_balance,126,pto_balance,run_03_seed_2024,0.974433183670044
3465,what day am i on on vacation and how much do i got left,126,pto_balance,126,pto_balance,run_03_seed_2024,0.3173646926879883
3466,how many vacation days are remaining on my time,126,pto_balance,126,pto_balance,run_03_seed_2024,0.9005288481712341
3467,how many days of vacation are left now,126,pto_balance,126,pto_balance,run_03_seed_2024,0.8990335464477539
3468,how many days on holiday do i have,126,pto_balance,126,pto_balance,run_03_seed_2024,0.5114113688468933
3469,can you see if i have any vacation days available for a request,126,pto_balance,97,pto_request,run_03_seed_2024,0.41918283700942993
3470,how much vacation time have i earned,126,pto_balance,126,pto_balance,run_03_seed_2024,0.8831843137741089
3471,how much vacation time do i have,126,pto_balance,126,pto_balance,run_03_seed_2024,0.9575039744377136
3472,how many weeks of vacation time have i earned,126,pto_balance,126,pto_balance,run_03_seed_2024,0.8304200768470764
3473,how many weeks of vacation time do i have,126,pto_balance,126,pto_balance,run_03_seed_2024,0.924660325050354
3474,how many days can i take for vacation,126,pto_balance,126,pto_balance,run_03_seed_2024,0.6001216173171997
3475,what is the balance on my vacation days,126,pto_balance,126,pto_balance,run_03_seed_2024,0.6448842287063599
3476,how many days are remaining on my vacation days,126,pto_balance,126,pto_balance,run_03_seed_2024,0.8877714276313782
3477,so i have any vacation days left,126,pto_balance,126,pto_balance,run_03_seed_2024,0.9170646071434021
3478,what is the year to date total on my vacation days,126,pto_balance,126,pto_balance,run_03_seed_2024,0.7941769957542419
3479,how many sick days do i have,126,pto_balance,126,pto_balance,run_03_seed_2024,0.4018925428390503
3480,how do i get downtown by foot,72,directions,72,directions,run_03_seed_2024,0.35354310274124146
3481,how do i get to the subway by foot,72,directions,72,directions,run_03_seed_2024,0.9780344367027283
3482,how do i get to the train by foot,72,directions,72,directions,run_03_seed_2024,0.9686588644981384
3483,how do i get to central park by foot,72,directions,72,directions,run_03_seed_2024,0.6815053224563599
3484,how do i get to the airport by foot,72,directions,72,directions,run_03_seed_2024,0.9338604807853699
3485,where is the nearest wal mart,72,directions,72,directions,run_03_seed_2024,0.8128962516784668
3486,i want directions to phoenix,72,directions,72,directions,run_03_seed_2024,0.157692551612854
3487,i must understand the nearest gas station to glendale,72,directions,72,directions,run_03_seed_2024,0.9363141655921936
3488,i need some directions to phoenix,72,directions,72,directions,run_03_seed_2024,0.08838235586881638
3489,give me directions to phoenix,72,directions,72,directions,run_03_seed_2024,0.23441116511821747
3490,i must know the closest gas station to glendale,72,directions,72,directions,run_03_seed_2024,0.6154184937477112
3491,where is the nearest fry's,72,directions,72,directions,run_03_seed_2024,0.9563193917274475
3492,where is the nearest papa john's,72,directions,72,directions,run_03_seed_2024,0.9606836438179016
3493,i would love to know the closest gas station to glendale,72,directions,72,directions,run_03_seed_2024,0.6882571578025818
3494,get me directions to phoenix,72,directions,72,directions,run_03_seed_2024,0.23951415717601776
3495,where is the nearest k mart,72,directions,72,directions,run_03_seed_2024,0.9457973837852478
3496,where is the nearest circuit city,72,directions,72,directions,run_03_seed_2024,0.9742214679718018
3497,let me know the nearest gas station to glendale,72,directions,72,directions,run_03_seed_2024,0.9300888180732727
3498,where is the closest gas station to glendale,72,directions,72,directions,run_03_seed_2024,0.7734719514846802
3499,where is the nearest movie theater to time' square,72,directions,72,directions,run_03_seed_2024,0.7997660636901855
3500,where is the closest bathroom to the statue of liberty,72,directions,72,directions,run_03_seed_2024,0.9787775278091431
3501,where is the closest mcdonald's to foxwoods casino,72,directions,72,directions,run_03_seed_2024,0.8894479870796204
3502,where is the nearest marijuana dispensary to kentucky fried chicken,72,directions,72,directions,run_03_seed_2024,0.9064539074897766
3503,where is the closest hospital to madison square garden,72,directions,72,directions,run_03_seed_2024,0.8655113577842712
3504,where is the closest pharmacy,72,directions,72,directions,run_03_seed_2024,0.9507241249084473
3505,show me the nearest gas station,72,directions,72,directions,run_03_seed_2024,0.9059439301490784
3506,which hospital is nearest to me,72,directions,72,directions,run_03_seed_2024,0.3992205858230591
3507,i need to know where the hospital closest to me is,72,directions,72,directions,run_03_seed_2024,0.797488808631897
3508,where is the nearest arco gas station to macdonalds,72,directions,72,directions,run_03_seed_2024,0.9762534499168396
3509,find the closest cvs near galleria mall,72,directions,72,directions,run_03_seed_2024,0.9734925627708435
3510,spell aaron,73,spelling,73,spelling,run_03_seed_2024,0.9996160268783569
3511,how do you spell aaron,73,spelling,73,spelling,run_03_seed_2024,0.9964792132377625
3512,spell the word aaron,73,spelling,73,spelling,run_03_seed_2024,0.9958527088165283
3513,correct spelling for aaron,73,spelling,73,spelling,run_03_seed_2024,0.850161075592041
3514,spell aaron for me,73,spelling,73,spelling,run_03_seed_2024,0.9875184893608093
3515,"i don't know how to spell apoplectic, can you tell me",73,spelling,73,spelling,run_03_seed_2024,0.9948177933692932
3516,"what is the correct spelling of the word comity, since i do not know",73,spelling,73,spelling,run_03_seed_2024,0.9582555890083313
3517,"do you know how to spell, bourgeois",73,spelling,73,spelling,run_03_seed_2024,0.9963985681533813
3518,"how do you spell the word comity, i need to know",73,spelling,73,spelling,run_03_seed_2024,0.9969452023506165
3519,i need to know how to spell the word serendipity,73,spelling,73,spelling,run_03_seed_2024,0.9984266757965088
3520,can you tell me the correct spelling of liaison,73,spelling,73,spelling,run_03_seed_2024,0.9550412893295288
3521,what is the proper spelling of corporate,73,spelling,73,spelling,run_03_seed_2024,0.9635918736457825
3522,please tell me how to spell the word coup,73,spelling,73,spelling,run_03_seed_2024,0.9969742298126221
3523,i am not sure how to spell the word liaison,73,spelling,73,spelling,run_03_seed_2024,0.9875323176383972
3524,"can you tell me how to spell the word schadenfreude, i don't know how it's spelt",73,spelling,73,spelling,run_03_seed_2024,0.9967395663261414
3525,do you know how to spell curiosity,73,spelling,73,spelling,run_03_seed_2024,0.9963985681533813
3526,spell curiosity for me,73,spelling,73,spelling,run_03_seed_2024,0.9875184893608093
3527,tell me how to spell curiosity,73,spelling,73,spelling,run_03_seed_2024,0.9981032609939575
3528,i need to know the proper spelling of curiosity,73,spelling,73,spelling,run_03_seed_2024,0.9432785511016846
3529,please tell me how curiosity is spelled,73,spelling,73,spelling,run_03_seed_2024,0.8848914504051208
3530,"what's the proper way to spell ""helicopter",73,spelling,73,spelling,run_03_seed_2024,0.9816758036613464
3531,"tell me how to spent ""frightened",73,spelling,73,spelling,run_03_seed_2024,0.1779758483171463
3532,"can you spell ""fragile"" for me",73,spelling,73,spelling,run_03_seed_2024,0.9878048896789551
3533,"can you spell out ""wonderful",73,spelling,73,spelling,run_03_seed_2024,0.9873141646385193
3534,"i need to know how to spell ""miranda",73,spelling,73,spelling,run_03_seed_2024,0.9962564706802368
3535,"i need help spelling ""exquisite",73,spelling,73,spelling,run_03_seed_2024,0.8892225623130798
3536,"can you spell out ""annulment",73,spelling,73,spelling,run_03_seed_2024,0.9873141646385193
3537,"how do you spell ""exactly",73,spelling,73,spelling,run_03_seed_2024,0.9888030886650085
3538,"how do you spell ""montpelier",73,spelling,73,spelling,run_03_seed_2024,0.9964792132377625
3539,"what's the right way to spell ""emolument",73,spelling,73,spelling,run_03_seed_2024,0.9766088128089905
3540,how are you doing,82,greeting,82,greeting,run_03_seed_2024,0.9879675507545471
3541,are you okay,82,greeting,82,greeting,run_03_seed_2024,0.6047476530075073
3542,what are you feeling today,82,greeting,82,greeting,run_03_seed_2024,0.349374383687973
3543,is everything ok today,82,greeting,82,greeting,run_03_seed_2024,0.5824528932571411
3544,are you doing alright,82,greeting,82,greeting,run_03_seed_2024,0.8385921120643616
3545,"hello, how's your day",82,greeting,82,greeting,run_03_seed_2024,0.9137107729911804
3546,"hey there, how are you today",82,greeting,82,greeting,run_03_seed_2024,0.9830383062362671
3547,"hello, how is it going",82,greeting,82,greeting,run_03_seed_2024,0.9671604633331299
3548,"hi there, how are you doing",82,greeting,82,greeting,run_03_seed_2024,0.9972164630889893
3549,"hey, how are you",82,greeting,82,greeting,run_03_seed_2024,0.9678124189376831
3550,"hey, what's up",82,greeting,82,greeting,run_03_seed_2024,0.941757082939148
3551,"hello, how are you doing",82,greeting,82,greeting,run_03_seed_2024,0.9950929880142212
3552,"hi, how are you",82,greeting,82,greeting,run_03_seed_2024,0.9495604634284973
3553,"hi, how are you today",82,greeting,82,greeting,run_03_seed_2024,0.9488880634307861
3554,"hello, how are things",82,greeting,82,greeting,run_03_seed_2024,0.9779223203659058
3555,hey there,82,greeting,82,greeting,run_03_seed_2024,0.884285569190979
3556,"hey, what's new",82,greeting,82,greeting,run_03_seed_2024,0.7995330691337585
3557,it is good to see you,82,greeting,82,greeting,run_03_seed_2024,0.6018931865692139
3558,i'd like to know how you are doing,82,greeting,82,greeting,run_03_seed_2024,0.4339607059955597
3559,hello there,82,greeting,82,greeting,run_03_seed_2024,0.936296820640564
3560,tell me how you are doing,82,greeting,82,greeting,run_03_seed_2024,0.6217705607414246
3561,"hello there, good morning",82,greeting,82,greeting,run_03_seed_2024,0.7064273953437805
3562,let me know how you are doing,82,greeting,82,greeting,run_03_seed_2024,0.3509422838687897
3563,well hi there,82,greeting,82,greeting,run_03_seed_2024,0.9494047164916992
3564,i want to know how you are doing,82,greeting,82,greeting,run_03_seed_2024,0.4116463363170624
3565,i need to know how you are doing today,82,greeting,82,greeting,run_03_seed_2024,0.5526652932167053
3566,hello there ai,82,greeting,82,greeting,run_03_seed_2024,0.9662191271781921
3567,will you tell me how the ai is doing,82,greeting,82,greeting,run_03_seed_2024,0.30242007970809937
3568,would you tell me how the ai is doing,82,greeting,82,greeting,run_03_seed_2024,0.30288392305374146
3569,hola!,82,greeting,114,goodbye,run_03_seed_2024,0.05108167231082916
3570,so please reset your factory settings,88,reset_settings,88,reset_settings,run_03_seed_2024,0.9944102168083191
3571,i need your to reset to factory settings,88,reset_settings,88,reset_settings,run_03_seed_2024,0.9982946515083313
3572,now reset your factory settings,88,reset_settings,88,reset_settings,run_03_seed_2024,0.9959245920181274
3573,revert to the original configuration,88,reset_settings,88,reset_settings,run_03_seed_2024,0.2656504809856415
3574,change back to the factory set up,88,reset_settings,88,reset_settings,run_03_seed_2024,0.7265720367431641
3575,change all setting to original ones,88,reset_settings,88,reset_settings,run_03_seed_2024,0.24377994239330292
3576,please reset to factory settings,88,reset_settings,88,reset_settings,run_03_seed_2024,0.9994582533836365
3577,reset all settings to the factory settings,88,reset_settings,88,reset_settings,run_03_seed_2024,0.9989707469940186
3578,can you please revert to factory settings at this time,88,reset_settings,88,reset_settings,run_03_seed_2024,0.8816961646080017
3579,please remove current settings and go back to factory settings now,88,reset_settings,88,reset_settings,run_03_seed_2024,0.9958891272544861
3580,please reset to factory settings at once,88,reset_settings,88,reset_settings,run_03_seed_2024,0.9973879456520081
3581,"i would like you to change the settings back to factory default now, please",88,reset_settings,88,reset_settings,run_03_seed_2024,0.9709959626197815
3582,adjust settings back to original factory settings immediately,88,reset_settings,88,reset_settings,run_03_seed_2024,0.9980247020721436
3583,can you reset your factory settings,88,reset_settings,88,reset_settings,run_03_seed_2024,0.9874047636985779
3584,could you please reset your factory settings,88,reset_settings,88,reset_settings,run_03_seed_2024,0.982439398765564
3585,your factory settings need to be reset,88,reset_settings,88,reset_settings,run_03_seed_2024,0.9965075850486755
3586,go back to your manufacturers' settings,88,reset_settings,88,reset_settings,run_03_seed_2024,0.9922562837600708
3587,prioritize to the settings you started with,88,reset_settings,88,reset_settings,run_03_seed_2024,0.6063830852508545
3588,reset to your original settings,88,reset_settings,88,reset_settings,run_03_seed_2024,0.9962055683135986
3589,restart your actions with the original settings you came with,88,reset_settings,88,reset_settings,run_03_seed_2024,0.5087953209877014
3590,please rely on your original settings,88,reset_settings,88,reset_settings,run_03_seed_2024,0.9242578744888306
3591,can you return to the factory fresh settings,88,reset_settings,88,reset_settings,run_03_seed_2024,0.9533342123031616
3592,please return to default settings,88,reset_settings,88,reset_settings,run_03_seed_2024,0.9657362103462219
3593,revert to original settings,88,reset_settings,88,reset_settings,run_03_seed_2024,0.9405146241188049
3594,start over using factory setting,88,reset_settings,88,reset_settings,run_03_seed_2024,0.20397035777568817
3595,go back to the default settings please,88,reset_settings,88,reset_settings,run_03_seed_2024,0.9888852834701538
3596,revert to factory settings,88,reset_settings,88,reset_settings,run_03_seed_2024,0.9935033917427063
3597,go back to factory settings,88,reset_settings,88,reset_settings,run_03_seed_2024,0.9994024038314819
3598,please turn on factory settings,88,reset_settings,88,reset_settings,run_03_seed_2024,0.9054574966430664
3599,revert back to factory settings,88,reset_settings,88,reset_settings,run_03_seed_2024,0.9964967370033264
3600,tell me what your name is,75,what_is_your_name,75,what_is_your_name,run_03_seed_2024,0.8529146313667297
3601,what did they name you,75,what_is_your_name,11,user_name,run_03_seed_2024,0.4636054039001465
3602,"hey, how do i call your attention",75,what_is_your_name,82,greeting,run_03_seed_2024,0.29379743337631226
3603,what's your name,75,what_is_your_name,75,what_is_your_name,run_03_seed_2024,0.980133056640625
3604,give me your name so i can use you,75,what_is_your_name,75,what_is_your_name,run_03_seed_2024,0.7942897081375122
3605,how should i address you,75,what_is_your_name,75,what_is_your_name,run_03_seed_2024,0.6647011041641235
3606,what do i call you,75,what_is_your_name,75,what_is_your_name,run_03_seed_2024,0.9696923494338989
3607,what's your name anyway,75,what_is_your_name,75,what_is_your_name,run_03_seed_2024,0.980133056640625
3608,tell me what to call you,75,what_is_your_name,75,what_is_your_name,run_03_seed_2024,0.8469865918159485
3609,can you tell me what you are called,75,what_is_your_name,115,what_can_i_ask_you,run_03_seed_2024,0.410307377576828
3610,what should you be called,75,what_is_your_name,75,what_is_your_name,run_03_seed_2024,0.6275932788848877
3611,what should i use when i refer to you,75,what_is_your_name,75,what_is_your_name,run_03_seed_2024,0.8463664650917053
3612,how do you say your name,75,what_is_your_name,75,what_is_your_name,run_03_seed_2024,0.8495548963546753
3613,what is your preferred name,75,what_is_your_name,75,what_is_your_name,run_03_seed_2024,0.7325490117073059
3614,what can i call you,75,what_is_your_name,75,what_is_your_name,run_03_seed_2024,0.8259992599487305
3615,what name do you go by,75,what_is_your_name,75,what_is_your_name,run_03_seed_2024,0.8175018429756165
3616,who do i have the pleasure of speaking with,75,what_is_your_name,42,oos,run_03_seed_2024,0.09543277323246002
3617,may i have your name,75,what_is_your_name,75,what_is_your_name,run_03_seed_2024,0.5243635773658752
3618,who am i speaking with,75,what_is_your_name,117,are_you_a_bot,run_03_seed_2024,0.21253713965415955
3619,and your name is,75,what_is_your_name,55,change_ai_name,run_03_seed_2024,0.7747802734375
3620,"what do i call you, ai",75,what_is_your_name,75,what_is_your_name,run_03_seed_2024,0.9185726046562195
3621,"what name do you go by, ai",75,what_is_your_name,75,what_is_your_name,run_03_seed_2024,0.9111600518226624
3622,"ai, what is your name",75,what_is_your_name,75,what_is_your_name,run_03_seed_2024,0.9380499124526978
3623,"what do they call you, ai",75,what_is_your_name,75,what_is_your_name,run_03_seed_2024,0.9045906066894531
3624,"ai, what is your given name",75,what_is_your_name,75,what_is_your_name,run_03_seed_2024,0.8329474329948425
3625,what name do you want me to use,75,what_is_your_name,75,what_is_your_name,run_03_seed_2024,0.9002026915550232
3626,what do you like to be called,75,what_is_your_name,75,what_is_your_name,run_03_seed_2024,0.9298439621925354
3627,what should i call you,75,what_is_your_name,75,what_is_your_name,run_03_seed_2024,0.9502550959587097
3628,what would you like me to call you,75,what_is_your_name,75,what_is_your_name,run_03_seed_2024,0.9419177174568176
3629,what is your name,75,what_is_your_name,75,what_is_your_name,run_03_seed_2024,0.9234290719032288
3630,how do i set up a direct deposit,108,direct_deposit,108,direct_deposit,run_03_seed_2024,0.998917818069458
3631,how do i set up direct deposit,108,direct_deposit,108,direct_deposit,run_03_seed_2024,0.998917818069458
3632,chase account direct deposit options,108,direct_deposit,108,direct_deposit,run_03_seed_2024,0.960147500038147
3633,set my paycheck to direct deposit to chase account,108,direct_deposit,108,direct_deposit,run_03_seed_2024,0.9928200840950012
3634,activate direct deposit to chase account,108,direct_deposit,108,direct_deposit,run_03_seed_2024,0.9499914646148682
3635,chase account options direct deposit,108,direct_deposit,108,direct_deposit,run_03_seed_2024,0.960147500038147
3636,bank options direct deposit,108,direct_deposit,108,direct_deposit,run_03_seed_2024,0.9875109195709229
3637,how do i set up a direct deposit for my paycheck,108,direct_deposit,108,direct_deposit,run_03_seed_2024,0.9990999698638916
3638,how to activate direct deposit to chase account,108,direct_deposit,108,direct_deposit,run_03_seed_2024,0.9695588946342468
3639,get my paycheck to direct deposit,108,direct_deposit,108,direct_deposit,run_03_seed_2024,0.9862452745437622
3640,direct deposit,108,direct_deposit,108,direct_deposit,run_03_seed_2024,0.9983114004135132
3641,i need a direct deposit,108,direct_deposit,108,direct_deposit,run_03_seed_2024,0.998002827167511
3642,can we get a direct deposit,108,direct_deposit,108,direct_deposit,run_03_seed_2024,0.9298481941223145
3643,set up direct deposit,108,direct_deposit,108,direct_deposit,run_03_seed_2024,0.9992395639419556
3644,i want to set up direct deposit,108,direct_deposit,108,direct_deposit,run_03_seed_2024,0.9984925985336304
3645,setting up direct deposit,108,direct_deposit,108,direct_deposit,run_03_seed_2024,0.9976250529289246
3646,how do i get my paycheck into direct deposit at nations bank,108,direct_deposit,108,direct_deposit,run_03_seed_2024,0.9893765449523926
3647,could you tell me how to set up direct deposit for my check from work at nations bank,108,direct_deposit,108,direct_deposit,run_03_seed_2024,0.971704363822937
3648,if i want to direct deposit my check into my nations bank account how do i do that,108,direct_deposit,108,direct_deposit,run_03_seed_2024,0.9298672676086426
3649,i need to know how to do direct deposit with my paycheck at nations bank,108,direct_deposit,108,direct_deposit,run_03_seed_2024,0.9800573587417603
3650,could you tell me how to direct deposit my check from work into nations bank,108,direct_deposit,108,direct_deposit,run_03_seed_2024,0.8564075827598572
3651,how does one set up direct deposit to my bank account,108,direct_deposit,108,direct_deposit,run_03_seed_2024,0.9912780523300171
3652,what do i need to do to set up direct deposit,108,direct_deposit,108,direct_deposit,run_03_seed_2024,0.9954938888549805
3653,what is the process of setting up direct deposit,108,direct_deposit,108,direct_deposit,run_03_seed_2024,0.9533920884132385
3654,"if i want to set up direct deposit, how do i do it",108,direct_deposit,108,direct_deposit,run_03_seed_2024,0.9892172813415527
3655,i'm not sure how to set up direct deposit,108,direct_deposit,108,direct_deposit,run_03_seed_2024,0.9805573225021362
3656,can you tell me how to set up direct deposit,108,direct_deposit,108,direct_deposit,run_03_seed_2024,0.9969358444213867
3657,"i'd like my checks to be deposited into my account directly, how do i do that",108,direct_deposit,108,direct_deposit,run_03_seed_2024,0.5661893486976624
3658,i'd like to set up direct deposit,108,direct_deposit,108,direct_deposit,run_03_seed_2024,0.9983628392219543
3659,how do i set up my direct deposit,108,direct_deposit,108,direct_deposit,run_03_seed_2024,0.9964473843574524
3660,what's my bank of america account getting in interest,7,interest_rate,7,interest_rate,run_03_seed_2024,0.40013858675956726
3661,where do i see what interest my mortgage has,7,interest_rate,42,oos,run_03_seed_2024,0.23802855610847473
3662,is there somewhere my personal loan displays the interest rate i'm paying on it,7,interest_rate,7,interest_rate,run_03_seed_2024,0.9808051586151123
3663,what's the apr on my savings account,7,interest_rate,132,apr,run_03_seed_2024,0.885644257068634
3664,what interest rate am i getting from bank of america,7,interest_rate,7,interest_rate,run_03_seed_2024,0.9655517935752869
3665,what interest rate am i getting from wells fargo,7,interest_rate,7,interest_rate,run_03_seed_2024,0.9697563648223877
3666,what interest rate is bofi giving me on my cd,7,interest_rate,7,interest_rate,run_03_seed_2024,0.9874427914619446
3667,how do i find the interest rate for my checking account,7,interest_rate,7,interest_rate,run_03_seed_2024,0.9916703701019287
3668,what interest rate am i getting from citrix,7,interest_rate,7,interest_rate,run_03_seed_2024,0.9831194281578064
3669,how can i tell what the interest rate on my money market account is,7,interest_rate,7,interest_rate,run_03_seed_2024,0.9528996348381042
3670,what's my checking account yielding in interest,7,interest_rate,7,interest_rate,run_03_seed_2024,0.410333514213562
3671,how much interest is my nfcu accrueing,7,interest_rate,93,income,run_03_seed_2024,0.30659741163253784
3672,what interest rate am i getting from sunflower bank,7,interest_rate,7,interest_rate,run_03_seed_2024,0.9531107544898987
3673,where do i go to find the interest rate on my savings account,7,interest_rate,7,interest_rate,run_03_seed_2024,0.986510694026947
3674,what interest rate am i getting from nfcu,7,interest_rate,7,interest_rate,run_03_seed_2024,0.9668102264404297
3675,for my savings account i would like to know the interest rate,7,interest_rate,7,interest_rate,run_03_seed_2024,0.9936705827713013
3676,i need my checking account's interest rate,7,interest_rate,7,interest_rate,run_03_seed_2024,0.971216082572937
3677,tell me the interest for my savings account,7,interest_rate,7,interest_rate,run_03_seed_2024,0.9162037968635559
3678,what's the interest rate on my savings account,7,interest_rate,7,interest_rate,run_03_seed_2024,0.998357355594635
3679,i want the interest rate for my checking account,7,interest_rate,7,interest_rate,run_03_seed_2024,0.990877091884613
3680,can i get the interest rate for my checking account,7,interest_rate,7,interest_rate,run_03_seed_2024,0.9887526631355286
3681,i need to get the interest rate of my savings account,7,interest_rate,7,interest_rate,run_03_seed_2024,0.9832392334938049
3682,what's my savings account interest,7,interest_rate,7,interest_rate,run_03_seed_2024,0.7121791243553162
3683,what's my savings account interest rate,7,interest_rate,7,interest_rate,run_03_seed_2024,0.9925610423088074
3684,i would like the interest rate for my savings account,7,interest_rate,7,interest_rate,run_03_seed_2024,0.9914783835411072
3685,what amount of interest does my checking account earn,7,interest_rate,7,interest_rate,run_03_seed_2024,0.2846204340457916
3686,what does my checking account at chase earn in interest,7,interest_rate,7,interest_rate,run_03_seed_2024,0.3521937131881714
3687,what amount of interest does my checking account at chase earn,7,interest_rate,35,balance,run_03_seed_2024,0.310537189245224
3688,what interest rate does my checking account come with,7,interest_rate,7,interest_rate,run_03_seed_2024,0.976626455783844
3689,what does chase pay in interest per year,7,interest_rate,7,interest_rate,run_03_seed_2024,0.27002060413360596
3690,when can i change my credit limit,109,credit_limit_change,109,credit_limit_change,run_03_seed_2024,0.8961767554283142
3691,can i change my credit limit,109,credit_limit_change,109,credit_limit_change,run_03_seed_2024,0.9688298106193542
3692,can i get more credit,109,credit_limit_change,109,credit_limit_change,run_03_seed_2024,0.5036609172821045
3693,i need to change the credit limit i have,109,credit_limit_change,109,credit_limit_change,run_03_seed_2024,0.9119786620140076
3694,you need to tell me how to increase credit limit for my chase card,109,credit_limit_change,109,credit_limit_change,run_03_seed_2024,0.7831223011016846
3695,need to increase credit limit for chase card,109,credit_limit_change,109,credit_limit_change,run_03_seed_2024,0.9628402590751648
3696,i need to increase credit limit for my chase card,109,credit_limit_change,109,credit_limit_change,run_03_seed_2024,0.9360441565513611
3697,please tell me how to increase credit limit for the chase card,109,credit_limit_change,109,credit_limit_change,run_03_seed_2024,0.7992792725563049
3698,tell me how to increase credit limit for chase card,109,credit_limit_change,109,credit_limit_change,run_03_seed_2024,0.8287132978439331
3699,is it possible for me to increase my credit limit by 500 dollars,109,credit_limit_change,109,credit_limit_change,run_03_seed_2024,0.9842560887336731
3700,can my credit limit be increased by 500 dollars,109,credit_limit_change,109,credit_limit_change,run_03_seed_2024,0.9708531498908997
3701,"i would like to increase my credit limit, can i do so by 500 dollars",109,credit_limit_change,109,credit_limit_change,run_03_seed_2024,0.9861428141593933
3702,may i increase my credit limit by 500 dollars,109,credit_limit_change,109,credit_limit_change,run_03_seed_2024,0.9869591593742371
3703,could i perhaps increase by credit limit by 500 dollars,109,credit_limit_change,109,credit_limit_change,run_03_seed_2024,0.9637040495872498
3704,can i increase the credit limit on my mastercard,109,credit_limit_change,109,credit_limit_change,run_03_seed_2024,0.9886631369590759
3705,can i increase the credit limit on my visa card,109,credit_limit_change,109,credit_limit_change,run_03_seed_2024,0.9855177402496338
3706,can i increase the credit limit on my discover card,109,credit_limit_change,109,credit_limit_change,run_03_seed_2024,0.9898277521133423
3707,can i increase the credit limit on my capital one card,109,credit_limit_change,109,credit_limit_change,run_03_seed_2024,0.9744346737861633
3708,can i increase the credit limit on my travel rewards card,109,credit_limit_change,109,credit_limit_change,run_03_seed_2024,0.9732373356819153
3709,how can i get my credit limit to be increased to $1000,109,credit_limit_change,109,credit_limit_change,run_03_seed_2024,0.9833106994628906
3710,can you get my credit limit increased to $1000,109,credit_limit_change,109,credit_limit_change,run_03_seed_2024,0.9637269377708435
3711,how do i get my credit limit increased to $1000,109,credit_limit_change,109,credit_limit_change,run_03_seed_2024,0.9303439259529114
3712,how do i ask for a limit increase on my discover card,109,credit_limit_change,109,credit_limit_change,run_03_seed_2024,0.902277946472168
3713,can i get my limit increased on my discover card,109,credit_limit_change,109,credit_limit_change,run_03_seed_2024,0.8918706774711609
3714,how can i get a limit increase on my discover card,109,credit_limit_change,109,credit_limit_change,run_03_seed_2024,0.9832967519760132
3715,who do i need to contact to ask for a credit limit increase on my discover card,109,credit_limit_change,109,credit_limit_change,run_03_seed_2024,0.9035546779632568
3716,can you increase my credit limit to $1000,109,credit_limit_change,109,credit_limit_change,run_03_seed_2024,0.9958454966545105
3717,can my credit limit be increased to $1000,109,credit_limit_change,109,credit_limit_change,run_03_seed_2024,0.9771190285682678
3718,how do i adjust my credit limit,109,credit_limit_change,41,credit_limit,run_03_seed_2024,0.4762236475944519
3719,how can i increase the credit limit on my discover card,109,credit_limit_change,109,credit_limit_change,run_03_seed_2024,0.9869983792304993
3720,what are your hobbies exactly,15,what_are_your_hobbies,15,what_are_your_hobbies,run_03_seed_2024,0.977001965045929
3721,what are your hobbies in life,15,what_are_your_hobbies,15,what_are_your_hobbies,run_03_seed_2024,0.9328262805938721
3722,what are some of your hobbies,15,what_are_your_hobbies,15,what_are_your_hobbies,run_03_seed_2024,0.9741677045822144
3723,i would like to know some of your hobbies,15,what_are_your_hobbies,15,what_are_your_hobbies,run_03_seed_2024,0.9711818099021912
3724,would you give me examples of what some of your hobbies are,15,what_are_your_hobbies,15,what_are_your_hobbies,run_03_seed_2024,0.8666899800300598
3725,tell me what some of your hobbies are,15,what_are_your_hobbies,15,what_are_your_hobbies,run_03_seed_2024,0.9624812006950378
3726,i am needing to know what some of your hobbies are,15,what_are_your_hobbies,15,what_are_your_hobbies,run_03_seed_2024,0.8591413497924805
3727,i need you to talk to me about your hobbies,15,what_are_your_hobbies,15,what_are_your_hobbies,run_03_seed_2024,0.6103772521018982
3728,would you tell me about your hobbies,15,what_are_your_hobbies,15,what_are_your_hobbies,run_03_seed_2024,0.9359894394874573
3729,i want to talk to you about your hobbies,15,what_are_your_hobbies,15,what_are_your_hobbies,run_03_seed_2024,0.6757285594940186
3730,give me examples of what some of your hobbies are,15,what_are_your_hobbies,15,what_are_your_hobbies,run_03_seed_2024,0.8905760049819946
3731,what kinds of hobbies do you have,15,what_are_your_hobbies,15,what_are_your_hobbies,run_03_seed_2024,0.8783251643180847
3732,what hobbies do you like to do,15,what_are_your_hobbies,15,what_are_your_hobbies,run_03_seed_2024,0.9898909330368042
3733,would you tell me the hobbies the ai has,15,what_are_your_hobbies,15,what_are_your_hobbies,run_03_seed_2024,0.30028000473976135
3734,what are the ai's hobbies,15,what_are_your_hobbies,15,what_are_your_hobbies,run_03_seed_2024,0.7466718554496765
3735,does the ai have hobbies,15,what_are_your_hobbies,15,what_are_your_hobbies,run_03_seed_2024,0.5668509602546692
3736,what kind of hobbies does the ai have,15,what_are_your_hobbies,15,what_are_your_hobbies,run_03_seed_2024,0.4869653880596161
3737,can you tell me what hobbies the ai has,15,what_are_your_hobbies,15,what_are_your_hobbies,run_03_seed_2024,0.3840102255344391
3738,what do you engage in during your free time,15,what_are_your_hobbies,15,what_are_your_hobbies,run_03_seed_2024,0.9426969885826111
3739,what kind of things to you like to outside of work,15,what_are_your_hobbies,15,what_are_your_hobbies,run_03_seed_2024,0.37153738737106323
3740,what do you like to do during your leisure time,15,what_are_your_hobbies,15,what_are_your_hobbies,run_03_seed_2024,0.8972854614257812
3741,what kinds of activities to you participate in during your free time,15,what_are_your_hobbies,15,what_are_your_hobbies,run_03_seed_2024,0.8770003318786621
3742,what do you do on off days,15,what_are_your_hobbies,15,what_are_your_hobbies,run_03_seed_2024,0.2854662239551544
3743,how to you spend your free time,15,what_are_your_hobbies,15,what_are_your_hobbies,run_03_seed_2024,0.771793007850647
3744,what do you do after work,15,what_are_your_hobbies,15,what_are_your_hobbies,run_03_seed_2024,0.3022949993610382
3745,what do you like to do besides work,15,what_are_your_hobbies,15,what_are_your_hobbies,run_03_seed_2024,0.6453089714050293
3746,if you have hobbies tell me some of them,15,what_are_your_hobbies,15,what_are_your_hobbies,run_03_seed_2024,0.6885058283805847
3747,what kind of hobbies are you interested in,15,what_are_your_hobbies,15,what_are_your_hobbies,run_03_seed_2024,0.5009812116622925
3748,any hobbies you like to do,15,what_are_your_hobbies,15,what_are_your_hobbies,run_03_seed_2024,0.9810379147529602
3749,what do you enjoy doing in your off time,15,what_are_your_hobbies,15,what_are_your_hobbies,run_03_seed_2024,0.9753801822662354
3750,"book me a flight to jackson, mississippi from austin texas on american airlines",63,book_flight,63,book_flight,run_03_seed_2024,0.8559330701828003
3751,book me a place to chicago from atlanta united airlines,63,book_flight,63,book_flight,run_03_seed_2024,0.32404178380966187
3752,can you book me a flight to memphis from st louis on delta airlines,63,book_flight,63,book_flight,run_03_seed_2024,0.8152899742126465
3753,book a flight to los angeles from las vegas on american airlines,63,book_flight,63,book_flight,run_03_seed_2024,0.8870342373847961
3754,"book me a flight to dallas from st, paul, minnesota on delta airlines",63,book_flight,63,book_flight,run_03_seed_2024,0.9320473670959473
3755,i need a flight on delta from los angeles to seattle,63,book_flight,63,book_flight,run_03_seed_2024,0.8303326368331909
3756,i need to book a flight on jet blue to boston from new york,63,book_flight,63,book_flight,run_03_seed_2024,0.884127140045166
3757,can you get me a flight from san francisco to san jose using american airlines,63,book_flight,63,book_flight,run_03_seed_2024,0.7385297417640686
3758,i want a flight from new york to san francisco using delta,63,book_flight,63,book_flight,run_03_seed_2024,0.9385906457901001
3759,get me a flight from barcelona to paris from jet blue,63,book_flight,63,book_flight,run_03_seed_2024,0.9471078515052795
3760,"""i'll be travelling from lax and headed to phl for 120 on the 10th of may",63,book_flight,63,book_flight,run_03_seed_2024,0.2831631302833557
3761,"""i'm fly out from lax to phl this weekend for around $120",63,book_flight,63,book_flight,run_03_seed_2024,0.4532822370529175
3762,"""i""m headed out to lax and going to phl for a low price of $120 this weekend on the 12th",63,book_flight,63,book_flight,run_03_seed_2024,0.09630075842142105
3763,"""i'm going on a flight from lax and going to phl, which is only $120 on june 15th",63,book_flight,63,book_flight,run_03_seed_2024,0.8383771181106567
3764,"""i'll leave to lax and go to phl for $120 on nov 5th",63,book_flight,63,book_flight,run_03_seed_2024,0.16211211681365967
3765,book me a flight from midway to jfk for less than 200 dollars,63,book_flight,63,book_flight,run_03_seed_2024,0.9370927810668945
3766,i need a flight from boston to miami for under 300 dollars,63,book_flight,63,book_flight,run_03_seed_2024,0.9887925982475281
3767,can i fly from atlanta to san francisco for less than 100 dollars,63,book_flight,63,book_flight,run_03_seed_2024,0.24261051416397095
3768,book a flight from new york to la for less than 200 dollars,63,book_flight,63,book_flight,run_03_seed_2024,0.9543436169624329
3769,find me a flight from seattle to detroit for less than 200 dollars,63,book_flight,63,book_flight,run_03_seed_2024,0.8951594233512878
3770,i want to a book a roundtrip flight from san antonio to dtw departing on friday and returning on wednesday,63,book_flight,63,book_flight,run_03_seed_2024,0.9907516241073608
3771,i'm looking for a flight from billings to cleveland on may 2 and a return on may 9,63,book_flight,63,book_flight,run_03_seed_2024,0.9289811849594116
3772,i'm looking for flights that depart on the 3rd and return on z from monday to friday,63,book_flight,63,book_flight,run_03_seed_2024,0.5605211853981018
3773,what roundtrip flights from orlando to vegas are available from thursday to monday,63,book_flight,63,book_flight,run_03_seed_2024,0.8833179473876953
3774,are there any roundtrip flights from shanghai to seatac that depart on wednesday and return on the thirty first,63,book_flight,63,book_flight,run_03_seed_2024,0.6978184580802917
3775,make sure i get a delta flight from pittsburgh to arizona,63,book_flight,63,book_flight,run_03_seed_2024,0.9276866316795349
3776,book a delta flight to arizona from pittsburgh,63,book_flight,63,book_flight,run_03_seed_2024,0.9027162194252014
3777,schedule a flight from pittsburgh to arizona on delta,63,book_flight,63,book_flight,run_03_seed_2024,0.9676443934440613
3778,i want to fly to atlanta for under 300 from pittsburgh,63,book_flight,63,book_flight,run_03_seed_2024,0.9074583649635315
3779,i need a flight for under 300 from pittsburgh to atlanta,63,book_flight,63,book_flight,run_03_seed_2024,0.9756892323493958
3780,does my shopping list have pop tarts,43,shopping_list,43,shopping_list,run_03_seed_2024,0.9566652178764343
3781,can you check to see if my shopping list already has milk,43,shopping_list,43,shopping_list,run_03_seed_2024,0.8632025718688965
3782,did i remember to put oatmeal on my list,43,shopping_list,76,reminder,run_03_seed_2024,0.4682656228542328
3783,iterate over the items on my grocery list,43,shopping_list,48,todo_list,run_03_seed_2024,0.47214654088020325
3784,tell me what i have on my shopping list,43,shopping_list,43,shopping_list,run_03_seed_2024,0.9878062605857849
3785,do i have twinkies on the grocery list,43,shopping_list,48,todo_list,run_03_seed_2024,0.4415486454963684
3786,have i already got eggs down on the shopping list,43,shopping_list,43,shopping_list,run_03_seed_2024,0.4673773944377899
3787,recite the items i'm planning to purchase,43,shopping_list,16,order,run_03_seed_2024,0.49718329310417175
3788,what do i currently have on my shopping list,43,shopping_list,43,shopping_list,run_03_seed_2024,0.973386287689209
3789,what's on my to-buy list,43,shopping_list,43,shopping_list,run_03_seed_2024,0.6440228819847107
3790,what's on my purchase list,43,shopping_list,43,shopping_list,run_03_seed_2024,0.4090525209903717
3791,do i have to buy milk,43,shopping_list,43,shopping_list,run_03_seed_2024,0.6434876322746277
3792,is milk on my shopping list,43,shopping_list,43,shopping_list,run_03_seed_2024,0.8204832077026367
3793,is milk one of my shopping list items,43,shopping_list,43,shopping_list,run_03_seed_2024,0.8599561452865601
3794,am i supposed to buy milk,43,shopping_list,16,order,run_03_seed_2024,0.1695042848587036
3795,is milk one of the things i need to buy,43,shopping_list,16,order,run_03_seed_2024,0.2643722891807556
3796,tell me what's is on my shopping list,43,shopping_list,43,shopping_list,run_03_seed_2024,0.9939941763877869
3797,please read my shopping list,43,shopping_list,43,shopping_list,run_03_seed_2024,0.9504741430282593
3798,did you put carrots on the shopping list,43,shopping_list,125,shopping_list_update,run_03_seed_2024,0.7248308062553406
3799,does the shopping list have apples on it,43,shopping_list,43,shopping_list,run_03_seed_2024,0.7576469779014587
3800,are carrots added to the grocery list,43,shopping_list,125,shopping_list_update,run_03_seed_2024,0.4048301875591278
3801,is garlic on my grocery list,43,shopping_list,48,todo_list,run_03_seed_2024,0.2964201867580414
3802,did carrots get on my shopping list,43,shopping_list,43,shopping_list,run_03_seed_2024,0.7956684231758118
3803,what things are on my shopping list today,43,shopping_list,43,shopping_list,run_03_seed_2024,0.9063325524330139
3804,tell me the items in my shopping list,43,shopping_list,43,shopping_list,run_03_seed_2024,0.9784201979637146
3805,what does my shopping list contain,43,shopping_list,43,shopping_list,run_03_seed_2024,0.9895860552787781
3806,i need to know what's on my shopping list,43,shopping_list,43,shopping_list,run_03_seed_2024,0.9931620359420776
3807,what is on the shopping list,43,shopping_list,43,shopping_list,run_03_seed_2024,0.9784483909606934
3808,please let me know what is on my shopping list,43,shopping_list,43,shopping_list,run_03_seed_2024,0.9534887671470642
3809,let me know what's on my shopping list,43,shopping_list,43,shopping_list,run_03_seed_2024,0.9841105937957764
3810,"text chrissy, i'm on my way",26,text,26,text,run_03_seed_2024,0.9099448919296265
3811,"text dave, i'll be there soon",26,text,26,text,run_03_seed_2024,0.9284577369689941
3812,send davis a text i'll be there in a few,26,text,26,text,run_03_seed_2024,0.9714634418487549
3813,text laura i'll be late for dinner,26,text,26,text,run_03_seed_2024,0.8450936079025269
3814,"text mike, ""i'm running late",26,text,26,text,run_03_seed_2024,0.8321304321289062
3815,tell jim i'm coming home soon,26,text,5,weather,run_03_seed_2024,0.06763796508312225
3816,i want to tell susan that the meeting has been cancelled,26,text,18,schedule_meeting,run_03_seed_2024,0.11951256543397903
3817,tell fred that i don't have his guitar,26,text,121,maybe,run_03_seed_2024,0.6615725755691528
3818,could you send a text to bill saying no,26,text,26,text,run_03_seed_2024,0.92213374376297
3819,text mark hello,26,text,26,text,run_03_seed_2024,0.9331397414207458
3820,text emily,26,text,26,text,run_03_seed_2024,0.9999738931655884
3821,please text john,26,text,26,text,run_03_seed_2024,0.9760552048683167
3822,i want you to text mark,26,text,26,text,run_03_seed_2024,0.8939911127090454
3823,get a text to mark,26,text,26,text,run_03_seed_2024,0.9402512907981873
3824,can you text walt and tell him to meet me at the car wash,26,text,26,text,run_03_seed_2024,0.9356634020805359
3825,text courtney and inform her about the detour,26,text,26,text,run_03_seed_2024,0.9783646464347839
3826,text dan and tell him to go home,26,text,26,text,run_03_seed_2024,0.9936163425445557
3827,text samantha and let her know i will arrive in 10 minutes,26,text,26,text,run_03_seed_2024,0.71247398853302
3828,text katy and tell her i love her,26,text,26,text,run_03_seed_2024,0.9915593266487122
3829,text jean and tell him to call work,26,text,26,text,run_03_seed_2024,0.9810531735420227
3830,text steve and tell him i am running late,26,text,26,text,run_03_seed_2024,0.9708993434906006
3831,i'd like you to text marie and let her know to meet me at the hospital,26,text,26,text,run_03_seed_2024,0.7304957509040833
3832,text jeff and tell him to pay the bill,26,text,26,text,run_03_seed_2024,0.8765977025032043
3833,text mark and tell him to leave now,26,text,26,text,run_03_seed_2024,0.9883268475532532
3834,send jack a text saying hi,26,text,26,text,run_03_seed_2024,0.92664635181427
3835,send a text that says hi to abby,26,text,26,text,run_03_seed_2024,0.9877175092697144
3836,"i'd like to send a text to jack, say ""hi",26,text,26,text,run_03_seed_2024,0.9189752340316772
3837,can you text dave and tell him i like his paper,26,text,26,text,run_03_seed_2024,0.9821875095367432
3838,can you text mary and tell her she is amazing,26,text,26,text,run_03_seed_2024,0.9615994691848755
3839,can you text bill and tell him i love him,26,text,26,text,run_03_seed_2024,0.9879994988441467
3840,what do i owe to jcp,27,bill_balance,27,bill_balance,run_03_seed_2024,0.48878371715545654
3841,what is the amount due on my visa,27,bill_balance,27,bill_balance,run_03_seed_2024,0.3038310408592224
3842,how much do i owe visa,27,bill_balance,27,bill_balance,run_03_seed_2024,0.7638872265815735
3843,how much do you think my rent and electric bills are,27,bill_balance,27,bill_balance,run_03_seed_2024,0.8869304656982422
3844,what would you say my gas and phone bills are at,27,bill_balance,110,gas,run_03_seed_2024,0.20257824659347534
3845,i need to know the price of my car payment and insurance please,27,bill_balance,56,bill_due,run_03_seed_2024,0.20004262030124664
3846,what price is my credit card and my water bill at,27,bill_balance,56,bill_due,run_03_seed_2024,0.4585469663143158
3847,how much is my water and sewer,27,bill_balance,27,bill_balance,run_03_seed_2024,0.9004332423210144
3848,how much do i need to pay for my electricity and water bills,27,bill_balance,27,bill_balance,run_03_seed_2024,0.955689549446106
3849,what is the cost of my rent and water bills,27,bill_balance,27,bill_balance,run_03_seed_2024,0.9670665264129639
3850,how much are my rent and cable,27,bill_balance,27,bill_balance,run_03_seed_2024,0.904112696647644
3851,how much does my water and electricity cost,27,bill_balance,27,bill_balance,run_03_seed_2024,0.8716093301773071
3852,what do i owe this month on all my bills,27,bill_balance,27,bill_balance,run_03_seed_2024,0.9888672232627869
3853,"i think all my bills are paid, but can you double check",27,bill_balance,27,bill_balance,run_03_seed_2024,0.23049147427082062
3854,"i think i owe about 100 left on my bills, am i forgetting anything",27,bill_balance,27,bill_balance,run_03_seed_2024,0.7498537302017212
3855,what are my bills this month,27,bill_balance,27,bill_balance,run_03_seed_2024,0.9385948777198792
3856,what does my cable bill look like,27,bill_balance,27,bill_balance,run_03_seed_2024,0.43542441725730896
3857,has my electricity bill increased this month how much,27,bill_balance,27,bill_balance,run_03_seed_2024,0.9217002987861633
3858,how expensive is my internet,27,bill_balance,42,oos,run_03_seed_2024,0.42074501514434814
3859,how much will my monthly bill be,27,bill_balance,27,bill_balance,run_03_seed_2024,0.5849206447601318
3860,what are my total bills this month,27,bill_balance,27,bill_balance,run_03_seed_2024,0.887946367263794
3861,what will i be paying for utilities this month,27,bill_balance,27,bill_balance,run_03_seed_2024,0.47994208335876465
3862,how much is my telephone bill this month,27,bill_balance,27,bill_balance,run_03_seed_2024,0.9705246090888977
3863,how much is due for my water bill,27,bill_balance,27,bill_balance,run_03_seed_2024,0.5718148946762085
3864,how much do i have to pay this month,27,bill_balance,27,bill_balance,run_03_seed_2024,0.75688636302948
3865,tell me my water bill please,27,bill_balance,27,bill_balance,run_03_seed_2024,0.730471134185791
3866,is the phone bill the same as last month,27,bill_balance,143,min_payment,run_03_seed_2024,0.2295648455619812
3867,whens my insurance due and how much does it cost,27,bill_balance,27,bill_balance,run_03_seed_2024,0.4288449287414551
3868,how much is the car bill this month,27,bill_balance,27,bill_balance,run_03_seed_2024,0.9308180809020996
3869,what is the electricity bill,27,bill_balance,27,bill_balance,run_03_seed_2024,0.771372377872467
3870,can i share my location with david,58,share_location,58,share_location,run_03_seed_2024,0.9835150241851807
3871,please send my location to kevin and also to lucy,58,share_location,58,share_location,run_03_seed_2024,0.9564983248710632
3872,how do i share my location with kate and mike,58,share_location,58,share_location,run_03_seed_2024,0.9582303166389465
3873,can you let michael and julie know my location,58,share_location,58,share_location,run_03_seed_2024,0.8734029531478882
3874,please let lisa and chris know my location information,58,share_location,58,share_location,run_03_seed_2024,0.8178237676620483
3875,make my location available with david and kate,58,share_location,58,share_location,run_03_seed_2024,0.9022261500358582
3876,i need to give my location to macy and george,58,share_location,58,share_location,run_03_seed_2024,0.9412120580673218
3877,i'd like for this person to know my location,58,share_location,136,current_location,run_03_seed_2024,0.8652551770210266
3878,can you indicate my location to my friend,58,share_location,58,share_location,run_03_seed_2024,0.9120876789093018
3879,share my location with this person,58,share_location,58,share_location,run_03_seed_2024,0.9657822847366333
3880,send my location to this individual,58,share_location,58,share_location,run_03_seed_2024,0.918441653251648
3881,what is my current location,58,share_location,136,current_location,run_03_seed_2024,0.9782217741012573
3882,share location with john,58,share_location,58,share_location,run_03_seed_2024,0.8880515694618225
3883,give ann and scott my location,58,share_location,58,share_location,run_03_seed_2024,0.9284213185310364
3884,could you inform ann and scott of my location,58,share_location,58,share_location,run_03_seed_2024,0.8831894993782043
3885,let ann and scott know where i am,58,share_location,58,share_location,run_03_seed_2024,0.9130122065544128
3886,will you make sure ann and scott know my location,58,share_location,58,share_location,run_03_seed_2024,0.5664862990379333
3887,tell ann and scott where i am,58,share_location,58,share_location,run_03_seed_2024,0.7900663018226624
3888,tell david my location,58,share_location,58,share_location,run_03_seed_2024,0.6729042530059814
3889,send david my location,58,share_location,58,share_location,run_03_seed_2024,0.8656987547874451
3890,tell my location to david,58,share_location,58,share_location,run_03_seed_2024,0.9194799661636353
3891,tell david where i am,58,share_location,58,share_location,run_03_seed_2024,0.553302526473999
3892,share location with david,58,share_location,58,share_location,run_03_seed_2024,0.9278076887130737
3893,show allison how to get to me,58,share_location,72,directions,run_03_seed_2024,0.7013450264930725
3894,send my location to sis,58,share_location,58,share_location,run_03_seed_2024,0.9786264896392822
3895,show cody where i am,58,share_location,136,current_location,run_03_seed_2024,0.5171133279800415
3896,share my location to susan,58,share_location,58,share_location,run_03_seed_2024,0.9894337058067322
3897,share my current location with kristen,58,share_location,58,share_location,run_03_seed_2024,0.967026948928833
3898,send sarah my current location,58,share_location,58,share_location,run_03_seed_2024,0.6881082057952881
3899,please send my location to rob and mary,58,share_location,58,share_location,run_03_seed_2024,0.9783777594566345
3900,how do i get stuff with visa points,6,redeem_rewards,6,redeem_rewards,run_03_seed_2024,0.6423845887184143
3901,what are my mastercard points good for,6,redeem_rewards,50,rewards_balance,run_03_seed_2024,0.2908133864402771
3902,how many points do i have to cash,6,redeem_rewards,6,redeem_rewards,run_03_seed_2024,0.44359642267227173
3903,where can i cash out my card points,6,redeem_rewards,6,redeem_rewards,run_03_seed_2024,0.9433469176292419
3904,what do i have to do to use my credit points acquired through purchases,6,redeem_rewards,6,redeem_rewards,run_03_seed_2024,0.8590813279151917
3905,how do i use my card reward points for my next flight,6,redeem_rewards,6,redeem_rewards,run_03_seed_2024,0.7127598524093628
3906,how do i go about getting cash for my card points accumulated,6,redeem_rewards,6,redeem_rewards,run_03_seed_2024,0.9861801266670227
3907,tell me how to get my points from credit card use cashed in,6,redeem_rewards,6,redeem_rewards,run_03_seed_2024,0.939430832862854
3908,i want to use my card reward points,6,redeem_rewards,6,redeem_rewards,run_03_seed_2024,0.882018506526947
3909,can i redeem my points by transferring them to someone as a gift,6,redeem_rewards,6,redeem_rewards,run_03_seed_2024,0.7968078255653381
3910,can i redeem my points on gas,6,redeem_rewards,6,redeem_rewards,run_03_seed_2024,0.8908264636993408
3911,can i redeem my points for flights,6,redeem_rewards,6,redeem_rewards,run_03_seed_2024,0.8878299593925476
3912,can i get cash back for my points,6,redeem_rewards,6,redeem_rewards,run_03_seed_2024,0.9448660612106323
3913,can i use my points to pay my credit card,6,redeem_rewards,6,redeem_rewards,run_03_seed_2024,0.9643216729164124
3914,what are the steps to get my rewards for my visa card,6,redeem_rewards,50,rewards_balance,run_03_seed_2024,0.736109733581543
3915,how can i cash out my rewards for a visa card,6,redeem_rewards,6,redeem_rewards,run_03_seed_2024,0.6689701676368713
3916,how can i claim my rewards for my visa card,6,redeem_rewards,50,rewards_balance,run_03_seed_2024,0.8784505724906921
3917,how can i get my rewards for my master card,6,redeem_rewards,50,rewards_balance,run_03_seed_2024,0.7766693234443665
3918,where would i get my rewards for my master card,6,redeem_rewards,50,rewards_balance,run_03_seed_2024,0.8249157667160034
3919,let me cash my credit rewards,6,redeem_rewards,6,redeem_rewards,run_03_seed_2024,0.8979511260986328
3920,help me redeem my reward points,6,redeem_rewards,6,redeem_rewards,run_03_seed_2024,0.7369983196258545
3921,put in a request for cashing in credit points,6,redeem_rewards,97,pto_request,run_03_seed_2024,0.43573346734046936
3922,i want to use my credit rewards now,6,redeem_rewards,6,redeem_rewards,run_03_seed_2024,0.9355409145355225
3923,i need to use my credit points,6,redeem_rewards,6,redeem_rewards,run_03_seed_2024,0.9720482230186462
3924,i need to redeem my visa points,6,redeem_rewards,6,redeem_rewards,run_03_seed_2024,0.9382374286651611
3925,whats the policy to redeem my visa reward points,6,redeem_rewards,6,redeem_rewards,run_03_seed_2024,0.7896867394447327
3926,what can i get with my mastercard points,6,redeem_rewards,6,redeem_rewards,run_03_seed_2024,0.4794726073741913
3927,how do i cash in my amex reward points,6,redeem_rewards,6,redeem_rewards,run_03_seed_2024,0.9911531805992126
3928,how do i redeem my visa points,6,redeem_rewards,6,redeem_rewards,run_03_seed_2024,0.9557269811630249
3929,i want to shop using credit card points,6,redeem_rewards,6,redeem_rewards,run_03_seed_2024,0.9534443020820618
3930,play the song called baby shark,106,play_music,106,play_music,run_03_seed_2024,0.9740090370178223
3931,play the song called wreckless love,106,play_music,106,play_music,run_03_seed_2024,0.9470740556716919
3932,play the song called i want it that way,106,play_music,106,play_music,run_03_seed_2024,0.9265276193618774
3933,play the song called dancing on the ceiling,106,play_music,106,play_music,run_03_seed_2024,0.8699100613594055
3934,play the song called amazing grace,106,play_music,106,play_music,run_03_seed_2024,0.9380820393562317
3935,get me my slow sounds,106,play_music,42,oos,run_03_seed_2024,0.16232281923294067
3936,let me hear my slow songs,106,play_music,106,play_music,run_03_seed_2024,0.1652144491672516
3937,pull up the songs under slow,106,play_music,119,change_speed,run_03_seed_2024,0.1213742271065712
3938,i want to hear my slow playlist,106,play_music,106,play_music,run_03_seed_2024,0.9489822387695312
3939,i'm in the mood for slow songs and nothing else,106,play_music,54,food_last,run_03_seed_2024,0.1176472008228302
3940,"the song that goes, ""starships were meant to fly"", play it",106,play_music,106,play_music,run_03_seed_2024,0.9050278663635254
3941,"please play that song that goes, ""starships were meant to fly",106,play_music,106,play_music,run_03_seed_2024,0.958436906337738
3942,"play the song that goes, ""starships were meant to fly",106,play_music,106,play_music,run_03_seed_2024,0.9196360111236572
3943,"can you play the song that goes like, ""starships were meant to fly",106,play_music,106,play_music,run_03_seed_2024,0.9588109254837036
3944,"will you play the song that goes like, ""starships were meant to fly",106,play_music,106,play_music,run_03_seed_2024,0.938605546951294
3945,drop some beats,106,play_music,149,travel_suggestion,run_03_seed_2024,0.24305658042430878
3946,turn on top 20 country hits,106,play_music,10,smart_home,run_03_seed_2024,0.3237476944923401
3947,turn on my tunes,106,play_music,10,smart_home,run_03_seed_2024,0.49683618545532227
3948,please play music by acdc,106,play_music,106,play_music,run_03_seed_2024,0.9983308911323547
3949,play oldschool rap,106,play_music,106,play_music,run_03_seed_2024,0.997958779335022
3950,put on some metallica music,106,play_music,106,play_music,run_03_seed_2024,0.9824054837226868
3951,play music by ludacris,106,play_music,106,play_music,run_03_seed_2024,0.9983342289924622
3952,bump some jams,106,play_music,149,travel_suggestion,run_03_seed_2024,0.24305658042430878
3953,play ludacris hits,106,play_music,106,play_music,run_03_seed_2024,0.997958779335022
3954,play a song,106,play_music,106,play_music,run_03_seed_2024,0.8948817253112793
3955,turn on metallicas greatest hits,106,play_music,10,smart_home,run_03_seed_2024,0.6093878149986267
3956,put on my 90s playlist,106,play_music,141,update_playlist,run_03_seed_2024,0.549888014793396
3957,can you play music by led zepplin,106,play_music,106,play_music,run_03_seed_2024,0.9928616881370544
3958,lets play some music by korn,106,play_music,106,play_music,run_03_seed_2024,0.9975848197937012
3959,do play the music by linkin park,106,play_music,106,play_music,run_03_seed_2024,0.9973840117454529
3960,i need to add something to my calendar for next tuesday,105,calendar_update,105,calendar_update,run_03_seed_2024,0.9866806864738464
3961,please clear my calendar,105,calendar_update,105,calendar_update,run_03_seed_2024,0.987210750579834
3962,take the doctor appointment off my calendar please,105,calendar_update,105,calendar_update,run_03_seed_2024,0.9611201882362366
3963,can you add an event to my calendar,105,calendar_update,105,calendar_update,run_03_seed_2024,0.9768807888031006
3964,erase all events on friday from my calendar,105,calendar_update,105,calendar_update,run_03_seed_2024,0.9618807435035706
3965,remove jess's party from my calendar,105,calendar_update,105,calendar_update,run_03_seed_2024,0.9945511221885681
3966,delete all calendar entries on march 3,105,calendar_update,105,calendar_update,run_03_seed_2024,0.9738473296165466
3967,delete dentist from my calendar,105,calendar_update,105,calendar_update,run_03_seed_2024,0.9928634762763977
3968,cancel doctors appointment from my calendar,105,calendar_update,105,calendar_update,run_03_seed_2024,0.9857390522956848
3969,erase meeting with jeff from my calendar,105,calendar_update,105,calendar_update,run_03_seed_2024,0.8915840983390808
3970,clear my calendar on feb 28,105,calendar_update,105,calendar_update,run_03_seed_2024,0.9815390706062317
3971,cancel event scheduled for this afternoon,105,calendar_update,105,calendar_update,run_03_seed_2024,0.26145464181900024
3972,please take off my calendar on saturday the 6th birthday party for john,105,calendar_update,105,calendar_update,run_03_seed_2024,0.8912548422813416
3973,i want to take the 8am meeting with sam on monday the 5th off my calendar,105,calendar_update,105,calendar_update,run_03_seed_2024,0.7988395094871521
3974,please remove lunch with sally that is on my calendar on tuesday the 8th,105,calendar_update,105,calendar_update,run_03_seed_2024,0.979381263256073
3975,i need buy a birthday gift for sue taken off my calendar it is on monday or tuesday last week,105,calendar_update,105,calendar_update,run_03_seed_2024,0.6935374736785889
3976,will you remove the dinner with june on saturday the 4th at 7pm from my calendar,105,calendar_update,105,calendar_update,run_03_seed_2024,0.956078290939331
3977,can you cancel improv class from my calendar for may 7th,105,calendar_update,105,calendar_update,run_03_seed_2024,0.8549683094024658
3978,clear my calendar for may 3rd,105,calendar_update,105,calendar_update,run_03_seed_2024,0.8580955862998962
3979,take work from my calendar for may 7th,105,calendar_update,105,calendar_update,run_03_seed_2024,0.9199360609054565
3980,clear my calendar for september 6th,105,calendar_update,105,calendar_update,run_03_seed_2024,0.950415313243866
3981,delete jury duty from my calendar for may 7th,105,calendar_update,105,calendar_update,run_03_seed_2024,0.9789344668388367
3982,remove fencing from my calendar for may 7th,105,calendar_update,105,calendar_update,run_03_seed_2024,0.9711878895759583
3983,clear my calendar for february 29th,105,calendar_update,105,calendar_update,run_03_seed_2024,0.9504859447479248
3984,clear my calendar for april 20th,105,calendar_update,105,calendar_update,run_03_seed_2024,0.958500325679779
3985,clear my calendar for november 11th,105,calendar_update,105,calendar_update,run_03_seed_2024,0.9410746693611145
3986,remove wrestlemania from my calendar for may 7th,105,calendar_update,105,calendar_update,run_03_seed_2024,0.9711878895759583
3987,what can i do to get rid of this event,105,calendar_update,105,calendar_update,run_03_seed_2024,0.2186180204153061
3988,what is the best way to remove this appointment,105,calendar_update,42,oos,run_03_seed_2024,0.12025235593318939
3989,friday needs to be clear on my calendar,105,calendar_update,105,calendar_update,run_03_seed_2024,0.9817852973937988
3990,tell me if you are a human or are a computer,117,are_you_a_bot,117,are_you_a_bot,run_03_seed_2024,0.9916137456893921
3991,would you tell me if you are a human or are a computer,117,are_you_a_bot,117,are_you_a_bot,run_03_seed_2024,0.9859382510185242
3992,provide me with the knowledge of whether you are a human or are a computer,117,are_you_a_bot,117,are_you_a_bot,run_03_seed_2024,0.8843240737915039
3993,let me know if you are a human or are a computer,117,are_you_a_bot,117,are_you_a_bot,run_03_seed_2024,0.9836249351501465
3994,i need to know whether you are a human or are a computer,117,are_you_a_bot,117,are_you_a_bot,run_03_seed_2024,0.9650664925575256
3995,are you real,117,are_you_a_bot,117,are_you_a_bot,run_03_seed_2024,0.9757893085479736
3996,can you tell me if your a bot,117,are_you_a_bot,117,are_you_a_bot,run_03_seed_2024,0.5096602439880371
3997,i want to know if your a bot,117,are_you_a_bot,117,are_you_a_bot,run_03_seed_2024,0.40538179874420166
3998,is this a bot,117,are_you_a_bot,117,are_you_a_bot,run_03_seed_2024,0.5521432161331177
3999,i think your a bot,117,are_you_a_bot,117,are_you_a_bot,run_03_seed_2024,0.6064756512641907
4000,is it true your a real person,117,are_you_a_bot,117,are_you_a_bot,run_03_seed_2024,0.3633630573749542
4001,are you a person that's real,117,are_you_a_bot,117,are_you_a_bot,run_03_seed_2024,0.9947510361671448
4002,are you actually a person,117,are_you_a_bot,117,are_you_a_bot,run_03_seed_2024,0.8978339433670044
4003,are you really real,117,are_you_a_bot,117,are_you_a_bot,run_03_seed_2024,0.9327033758163452
4004,your a bot aren't you,117,are_you_a_bot,117,are_you_a_bot,run_03_seed_2024,0.6042056083679199
4005,could you be human,117,are_you_a_bot,117,are_you_a_bot,run_03_seed_2024,0.30914297699928284
4006,could you be a person,117,are_you_a_bot,117,are_you_a_bot,run_03_seed_2024,0.17329883575439453
4007,are you human,117,are_you_a_bot,117,are_you_a_bot,run_03_seed_2024,0.9720368385314941
4008,are you a human or ai computer based,117,are_you_a_bot,117,are_you_a_bot,run_03_seed_2024,0.9951981902122498
4009,would you call yourself a human or a computer,117,are_you_a_bot,117,are_you_a_bot,run_03_seed_2024,0.8857172727584839
4010,how do you describe yourself: as a computer or a human,117,are_you_a_bot,117,are_you_a_bot,run_03_seed_2024,0.5960371494293213
4011,are you computer or human,117,are_you_a_bot,117,are_you_a_bot,run_03_seed_2024,0.9858458638191223
4012,would most people say you are a computer or a human,117,are_you_a_bot,117,are_you_a_bot,run_03_seed_2024,0.7943744659423828
4013,are you real or a computer,117,are_you_a_bot,117,are_you_a_bot,run_03_seed_2024,0.9933839440345764
4014,are you a computer generated voice,117,are_you_a_bot,117,are_you_a_bot,run_03_seed_2024,0.8581955432891846
4015,am i talking to a real live person,117,are_you_a_bot,117,are_you_a_bot,run_03_seed_2024,0.9218744039535522
4016,is your voice from a human or is it synthesized,117,are_you_a_bot,117,are_you_a_bot,run_03_seed_2024,0.37986260652542114
4017,are you a person or artificial intelligence,117,are_you_a_bot,117,are_you_a_bot,run_03_seed_2024,0.8477922677993774
4018,could you tell me if you're a real person,117,are_you_a_bot,117,are_you_a_bot,run_03_seed_2024,0.8474156260490417
4019,are you a person or robot,117,are_you_a_bot,117,are_you_a_bot,run_03_seed_2024,0.9695011973381042
4020,can i get to work on my fuel tank,110,gas,110,gas,run_03_seed_2024,0.8599069118499756
4021,can i get to susan's house with my current tank,110,gas,110,gas,run_03_seed_2024,0.33598604798316956
4022,do i have enough gas to get home,110,gas,110,gas,run_03_seed_2024,0.9825520515441895
4023,do i have enough fuel to travel to san diego from here,110,gas,110,gas,run_03_seed_2024,0.42123886942863464
4024,will i make it to my current destination on this fuel tank,110,gas,110,gas,run_03_seed_2024,0.698019802570343
4025,can i make it to los angeles with this fuel level,110,gas,110,gas,run_03_seed_2024,0.454144686460495
4026,can i reach seattle with this amount of fuel,110,gas,8,gas_type,run_03_seed_2024,0.2806962728500366
4027,do i have enough gas in my tank to make it to washington dc,110,gas,110,gas,run_03_seed_2024,0.9546310901641846
4028,do i have enough gas in my car to make it to dallas,110,gas,110,gas,run_03_seed_2024,0.9527067542076111
4029,will i run out of gas before i reach atlantic city,110,gas,110,gas,run_03_seed_2024,0.5225348472595215
4030,tell me where my gas tank is,110,gas,110,gas,run_03_seed_2024,0.8865680694580078
4031,where can i find my gas tank,110,gas,110,gas,run_03_seed_2024,0.7837560772895813
4032,where is my gas tank located,110,gas,110,gas,run_03_seed_2024,0.9457916021347046
4033,how many gallons do i have left in my gas tank,110,gas,110,gas,run_03_seed_2024,0.9958038926124573
4034,how's my gasoline how much do i have left,110,gas,110,gas,run_03_seed_2024,0.6173312664031982
4035,what percentage full is my gas tank,110,gas,110,gas,run_03_seed_2024,0.9129340052604675
4036,how full or empty is my tank of gas,110,gas,110,gas,run_03_seed_2024,0.9457033276557922
4037,how much gas do i have left in my tank,110,gas,110,gas,run_03_seed_2024,0.9917558431625366
4038,how full is my gas tank,110,gas,110,gas,run_03_seed_2024,0.9861485958099365
4039,how many more miles can i drive on my current tank,110,gas,110,gas,run_03_seed_2024,0.2630843222141266
4040,how much gas is left in my car,110,gas,110,gas,run_03_seed_2024,0.97199946641922
4041,how full is the gas tank,110,gas,110,gas,run_03_seed_2024,0.9553426504135132
4042,what does the gas meter read,110,gas,110,gas,run_03_seed_2024,0.4902624487876892
4043,how much of the gas do i have left,110,gas,110,gas,run_03_seed_2024,0.9650579690933228
4044,how much gas do i have here,110,gas,110,gas,run_03_seed_2024,0.9838109612464905
4045,how much gas do i have in the tank,110,gas,110,gas,run_03_seed_2024,0.9869396686553955
4046,can you tell me how much gas is in my tank,110,gas,110,gas,run_03_seed_2024,0.9511772394180298
4047,tell me my gas tank levels,110,gas,110,gas,run_03_seed_2024,0.9653438329696655
4048,what is the data of my gas tank,110,gas,110,gas,run_03_seed_2024,0.9381491541862488
4049,how much gas do i have in my tank,110,gas,110,gas,run_03_seed_2024,0.9801458716392517
4050,"i want to bring my card on the texas trip in june, will it be expired by then",44,expiration_date,87,damaged_card,run_03_seed_2024,0.13168227672576904
4051,"what's the month, year, and day that my card expires",44,expiration_date,44,expiration_date,run_03_seed_2024,0.9827321767807007
4052,"does my card ending in 1234, or any of my cards, expire soon",44,expiration_date,44,expiration_date,run_03_seed_2024,0.4356844425201416
4053,"does my card have an expiration date and if so, what is it",44,expiration_date,44,expiration_date,run_03_seed_2024,0.6234840154647827
4054,"when does my card expire, the one ending in 1234",44,expiration_date,44,expiration_date,run_03_seed_2024,0.8716992735862732
4055,give me my credit card expiration date,44,expiration_date,44,expiration_date,run_03_seed_2024,0.9775404334068298
4056,what is the expiration month and year on my credit car,44,expiration_date,44,expiration_date,run_03_seed_2024,0.6923815608024597
4057,when is the date of expiration for my first bank card,44,expiration_date,44,expiration_date,run_03_seed_2024,0.7869052290916443
4058,what is the expiration month of my card,44,expiration_date,44,expiration_date,run_03_seed_2024,0.9817582964897156
4059,what is the expiration date of my credit card,44,expiration_date,44,expiration_date,run_03_seed_2024,0.9925011992454529
4060,let me know when my credit card expire,44,expiration_date,44,expiration_date,run_03_seed_2024,0.9764214754104614
4061,when will my citi card expire,44,expiration_date,44,expiration_date,run_03_seed_2024,0.9467859864234924
4062,when is my credit card expire,44,expiration_date,44,expiration_date,run_03_seed_2024,0.9812381863594055
4063,when is the expiration month for my card,44,expiration_date,44,expiration_date,run_03_seed_2024,0.9774864912033081
4064,when is the expiration date of my credit card,44,expiration_date,44,expiration_date,run_03_seed_2024,0.9915311336517334
4065,what is the expiration date on my chase card,44,expiration_date,44,expiration_date,run_03_seed_2024,0.9584506154060364
4066,when is the expiration date for me discover,44,expiration_date,44,expiration_date,run_03_seed_2024,0.8232008218765259
4067,when it my citi card expired,44,expiration_date,90,replacement_card_duration,run_03_seed_2024,0.35742226243019104
4068,when is my card expired,44,expiration_date,44,expiration_date,run_03_seed_2024,0.51423579454422
4069,tell me the expiration date on my credit card,44,expiration_date,44,expiration_date,run_03_seed_2024,0.9846792817115784
4070,what month is my card expired in,44,expiration_date,44,expiration_date,run_03_seed_2024,0.6508649587631226
4071,how soon does my credit card expire,44,expiration_date,44,expiration_date,run_03_seed_2024,0.9451574683189392
4072,when will my new credit card arrive,44,expiration_date,90,replacement_card_duration,run_03_seed_2024,0.9363760352134705
4073,what month does my credit card expire,44,expiration_date,44,expiration_date,run_03_seed_2024,0.9805278778076172
4074,what is the date when my visa card will expire,44,expiration_date,44,expiration_date,run_03_seed_2024,0.9834587574005127
4075,can you tell me what the date of expiry for my visa card is,44,expiration_date,44,expiration_date,run_03_seed_2024,0.6111767292022705
4076,tell me the expiration date for my visa card,44,expiration_date,44,expiration_date,run_03_seed_2024,0.9863150119781494
4077,show me the expiration date for my visa card,44,expiration_date,44,expiration_date,run_03_seed_2024,0.9829530715942383
4078,where should i look for my credit card expiration day,44,expiration_date,44,expiration_date,run_03_seed_2024,0.5587031245231628
4079,when will my credit card no longer be good,44,expiration_date,44,expiration_date,run_03_seed_2024,0.5230152010917664
4080,add to my motivational playlist rap god,141,update_playlist,141,update_playlist,run_03_seed_2024,0.984749436378479
4081,include rap god on the motivational playlist,141,update_playlist,141,update_playlist,run_03_seed_2024,0.6527081727981567
4082,move rap god to my motivational playlist,141,update_playlist,141,update_playlist,run_03_seed_2024,0.9303261637687683
4083,in my motivational playlist include the song rap god,141,update_playlist,141,update_playlist,run_03_seed_2024,0.6589999198913574
4084,add the song rap god to the motivational playlist,141,update_playlist,141,update_playlist,run_03_seed_2024,0.8970391750335693
4085,i need this song on my meditation playlist,141,update_playlist,141,update_playlist,run_03_seed_2024,0.8666248321533203
4086,i want the current song added to my pregame playlist,141,update_playlist,141,update_playlist,run_03_seed_2024,0.9132031202316284
4087,please put this song on my studying playlist,141,update_playlist,141,update_playlist,run_03_seed_2024,0.9486660361289978
4088,please throw this song onto my cleaning playlist,141,update_playlist,141,update_playlist,run_03_seed_2024,0.7967841625213623
4089,i would like the song playing right now put on my driving playlist,141,update_playlist,106,play_music,run_03_seed_2024,0.34866219758987427
4090,i want this song on my pregame playlist,141,update_playlist,141,update_playlist,run_03_seed_2024,0.8491160869598389
4091,please add this song to my study playlist,141,update_playlist,141,update_playlist,run_03_seed_2024,0.9952056407928467
4092,can you add this song to my driving playlist,141,update_playlist,141,update_playlist,run_03_seed_2024,0.99093097448349
4093,will you be sure to add this current song to my sleep playlist,141,update_playlist,141,update_playlist,run_03_seed_2024,0.9624107480049133
4094,please add the song i'm listening to right now to my relaxation playlist,141,update_playlist,141,update_playlist,run_03_seed_2024,0.927806556224823
4095,add this to my rock playlist,141,update_playlist,141,update_playlist,run_03_seed_2024,0.9797331094741821
4096,add what im listening to to my rock playlist,141,update_playlist,141,update_playlist,run_03_seed_2024,0.9549177885055542
4097,i want to put this on my rock playlist,141,update_playlist,141,update_playlist,run_03_seed_2024,0.6455356478691101
4098,add current song to rock playlist,141,update_playlist,141,update_playlist,run_03_seed_2024,0.9072824120521545
4099,add this song to my rock playlist,141,update_playlist,141,update_playlist,run_03_seed_2024,0.9908156394958496
4100,please add this song to my country music playlist,141,update_playlist,141,update_playlist,run_03_seed_2024,0.9757956862449646
4101,i am asking you to add this song to my country music playlist,141,update_playlist,141,update_playlist,run_03_seed_2024,0.9630861878395081
4102,help me add this song to my country music playlist,141,update_playlist,141,update_playlist,run_03_seed_2024,0.9616461992263794
4103,can you add this song to my country music playlist,141,update_playlist,141,update_playlist,run_03_seed_2024,0.9693682193756104
4104,this song needs to be added to my country music playlist,141,update_playlist,141,update_playlist,run_03_seed_2024,0.9166433811187744
4105,this song i'm listening to would be great on my commute playlist,141,update_playlist,141,update_playlist,run_03_seed_2024,0.7223781943321228
4106,i need this song on my jam playlist,141,update_playlist,141,update_playlist,run_03_seed_2024,0.6736804842948914
4107,i want what i'm listening to to be added to my chill playlist,141,update_playlist,141,update_playlist,run_03_seed_2024,0.9152478575706482
4108,i need what i'm listening to right now to be put on my exercise playlist,141,update_playlist,141,update_playlist,run_03_seed_2024,0.5502509474754333
4109,put what i'm listening to on my workout playlist,141,update_playlist,141,update_playlist,run_03_seed_2024,0.5051671266555786
4110,i do not actually need my reservation anymore,67,cancel_reservation,67,cancel_reservation,run_03_seed_2024,0.8583208322525024
4111,i need to cancel my reservation for rob at red robin,67,cancel_reservation,67,cancel_reservation,run_03_seed_2024,0.983726978302002
4112,cancel my reservation for bob at red robin,67,cancel_reservation,67,cancel_reservation,run_03_seed_2024,0.9484966993331909
4113,i do not want my reservation anymore,67,cancel_reservation,67,cancel_reservation,run_03_seed_2024,0.8177111744880676
4114,i need you to cancel my reservation for 5 at red robin,67,cancel_reservation,67,cancel_reservation,run_03_seed_2024,0.9563406705856323
4115,please cancel my reservation for tim at jb's,67,cancel_reservation,67,cancel_reservation,run_03_seed_2024,0.9879069328308105
4116,i gotta cancel my reservation for barry at red robin,67,cancel_reservation,67,cancel_reservation,run_03_seed_2024,0.9465027451515198
4117,i don't need the reservation anymore,67,cancel_reservation,67,cancel_reservation,run_03_seed_2024,0.972585141658783
4118,i want you to cancel my reservation for 5 at red robin,67,cancel_reservation,67,cancel_reservation,run_03_seed_2024,0.961747944355011
4119,i am not in need of my reservation anymore,67,cancel_reservation,67,cancel_reservation,run_03_seed_2024,0.660693883895874
4120,go ahead and cancel my reservation for 5 at red robin,67,cancel_reservation,67,cancel_reservation,run_03_seed_2024,0.9504513144493103
4121,i wish to cancel my reservation for fred at red robin,67,cancel_reservation,67,cancel_reservation,run_03_seed_2024,0.9654616713523865
4122,i no longer want my reservation anymore,67,cancel_reservation,67,cancel_reservation,run_03_seed_2024,0.9110152125358582
4123,please cancel my reservation for 5 at red robin,67,cancel_reservation,67,cancel_reservation,run_03_seed_2024,0.9709769487380981
4124,i need you to cancel my reservation for smith at the williams diner,67,cancel_reservation,67,cancel_reservation,run_03_seed_2024,0.9792788028717041
4125,i want a cancellation of the dinner reservation for phillips at bernardin's,67,cancel_reservation,67,cancel_reservation,run_03_seed_2024,0.7370066046714783
4126,please delete the reservation for roberts at village tavern,67,cancel_reservation,67,cancel_reservation,run_03_seed_2024,0.7189440727233887
4127,could you cancel my reservation for winters at the palace tonight,67,cancel_reservation,67,cancel_reservation,run_03_seed_2024,0.991936445236206
4128,i would like you to cancel the dinner reservation for williams at the palace tonight,67,cancel_reservation,67,cancel_reservation,run_03_seed_2024,0.9892767667770386
4129,i have to cancel my reservation after all,67,cancel_reservation,67,cancel_reservation,run_03_seed_2024,0.9894564747810364
4130,"cancel my reservation for dinner tonight, please",67,cancel_reservation,67,cancel_reservation,run_03_seed_2024,0.9985613226890564
4131,i need to cancel my reservation after all,67,cancel_reservation,67,cancel_reservation,run_03_seed_2024,0.9948069453239441
4132,"i have to cancel my reservation after all, please",67,cancel_reservation,67,cancel_reservation,run_03_seed_2024,0.9882247447967529
4133,"cancel my reservation for dinner this saturday, please",67,cancel_reservation,67,cancel_reservation,run_03_seed_2024,0.9966885447502136
4134,"cancel my reservation for dinner this friday, please",67,cancel_reservation,67,cancel_reservation,run_03_seed_2024,0.9939415454864502
4135,cancel my reservation for dinner this saturday,67,cancel_reservation,67,cancel_reservation,run_03_seed_2024,0.996171772480011
4136,cancel my reservation for dinner tonight,67,cancel_reservation,67,cancel_reservation,run_03_seed_2024,0.9982736110687256
4137,i have to cancel my reservation,67,cancel_reservation,67,cancel_reservation,run_03_seed_2024,0.9976534247398376
4138,"i need to cancel my reservation after all, please",67,cancel_reservation,67,cancel_reservation,run_03_seed_2024,0.9928935170173645
4139,i need my dinner reservation canceled,67,cancel_reservation,67,cancel_reservation,run_03_seed_2024,0.9508060216903687
4140,i would like to hear something funny,36,tell_joke,36,tell_joke,run_03_seed_2024,0.950896143913269
4141,do you have any monkey jokes,36,tell_joke,36,tell_joke,run_03_seed_2024,0.7985653281211853
4142,know any dad jokes,36,tell_joke,36,tell_joke,run_03_seed_2024,0.9194040894508362
4143,tell me a dog joke,36,tell_joke,36,tell_joke,run_03_seed_2024,0.9954853653907776
4144,heard any good jokes,36,tell_joke,36,tell_joke,run_03_seed_2024,0.9335092902183533
4145,i want to hear a joke about elephants,36,tell_joke,36,tell_joke,run_03_seed_2024,0.8853598237037659
4146,i'd like to hear a lawyer joke,36,tell_joke,36,tell_joke,run_03_seed_2024,0.9743561148643494
4147,tell me a blonde joke,36,tell_joke,36,tell_joke,run_03_seed_2024,0.9993383288383484
4148,do you know any dad jokes,36,tell_joke,36,tell_joke,run_03_seed_2024,0.9458552598953247
4149,tell me a joke about elephants,36,tell_joke,36,tell_joke,run_03_seed_2024,0.9716057777404785
4150,tell me a joke about the subject of sailing,36,tell_joke,36,tell_joke,run_03_seed_2024,0.9649919867515564
4151,give me a joke about water,36,tell_joke,36,tell_joke,run_03_seed_2024,0.976435124874115
4152,give me a joke about the topic of television,36,tell_joke,36,tell_joke,run_03_seed_2024,0.9282119870185852
4153,give me a joke about the subject of bugs,36,tell_joke,36,tell_joke,run_03_seed_2024,0.8714686036109924
4154,tell me a joke about the topic of mice,36,tell_joke,36,tell_joke,run_03_seed_2024,0.9844670295715332
4155,i would like to hear a joke,36,tell_joke,36,tell_joke,run_03_seed_2024,0.936994194984436
4156,will you tell me a joke,36,tell_joke,36,tell_joke,run_03_seed_2024,0.9875760078430176
4157,let's hear a joke!,36,tell_joke,36,tell_joke,run_03_seed_2024,0.8816991448402405
4158,"i could use a laugh, got any jokes",36,tell_joke,36,tell_joke,run_03_seed_2024,0.9387754201889038
4159,can you tell me something funny about science,36,tell_joke,36,tell_joke,run_03_seed_2024,0.9901354908943176
4160,can you share something funny about traveling,36,tell_joke,36,tell_joke,run_03_seed_2024,0.943733274936676
4161,i want to hear your best joke,36,tell_joke,36,tell_joke,run_03_seed_2024,0.8307674527168274
4162,tell me a good joke,36,tell_joke,36,tell_joke,run_03_seed_2024,0.9912912845611572
4163,tell me something funny about horses,36,tell_joke,36,tell_joke,run_03_seed_2024,0.9943594336509705
4164,i want to hear something funny about history,36,tell_joke,36,tell_joke,run_03_seed_2024,0.9504485130310059
4165,can you share a humorous joke with me,36,tell_joke,36,tell_joke,run_03_seed_2024,0.8690639138221741
4166,i want to hear something funny about politicsi,36,tell_joke,36,tell_joke,run_03_seed_2024,0.9754996299743652
4167,let's hear a joke from you please,36,tell_joke,36,tell_joke,run_03_seed_2024,0.7105022668838501
4168,tell me something funny about the middle ages,36,tell_joke,36,tell_joke,run_03_seed_2024,0.9824873805046082
4169,do you know any jokes,36,tell_joke,36,tell_joke,run_03_seed_2024,0.9645000696182251
4170,would it be possible to change your name to coraline,55,change_ai_name,55,change_ai_name,run_03_seed_2024,0.9423602223396301
4171,would it be okay to change your name to daphne,55,change_ai_name,55,change_ai_name,run_03_seed_2024,0.9543726444244385
4172,id like to change your name to max,55,change_ai_name,55,change_ai_name,run_03_seed_2024,0.9691150784492493
4173,what do you think about changing your name to heath,55,change_ai_name,75,what_is_your_name,run_03_seed_2024,0.6972330808639526
4174,lets start calling you allan,55,change_ai_name,55,change_ai_name,run_03_seed_2024,0.9311089515686035
4175,i would like to start calling you heath,55,change_ai_name,55,change_ai_name,run_03_seed_2024,0.9522842168807983
4176,what do you think about me calling you cora,55,change_ai_name,75,what_is_your_name,run_03_seed_2024,0.36766573786735535
4177,im going to call you xander,55,change_ai_name,55,change_ai_name,run_03_seed_2024,0.7093342542648315
4178,can we change your name to clara,55,change_ai_name,55,change_ai_name,run_03_seed_2024,0.9895831346511841
4179,how about lets start calling you juliette,55,change_ai_name,55,change_ai_name,run_03_seed_2024,0.7981561422348022
4180,i want to start calling you owen,55,change_ai_name,55,change_ai_name,run_03_seed_2024,0.9637874960899353
4181,can i call you arnold instead,55,change_ai_name,55,change_ai_name,run_03_seed_2024,0.774958074092865
4182,how about i call you sue,55,change_ai_name,55,change_ai_name,run_03_seed_2024,0.4628450274467468
4183,can i start calling you fred,55,change_ai_name,55,change_ai_name,run_03_seed_2024,0.9505754709243774
4184,can i rename you bob,55,change_ai_name,55,change_ai_name,run_03_seed_2024,0.895725667476654
4185,i want to rename you joe,55,change_ai_name,55,change_ai_name,run_03_seed_2024,0.7646951079368591
4186,"your new name is joe, okay",55,change_ai_name,55,change_ai_name,run_03_seed_2024,0.8783562779426575
4187,i'm going to start calling you joe,55,change_ai_name,55,change_ai_name,run_03_seed_2024,0.9411407709121704
4188,you are going to be called joe now,55,change_ai_name,55,change_ai_name,run_03_seed_2024,0.30013003945350647
4189,start responding to joe,55,change_ai_name,10,smart_home,run_03_seed_2024,0.07443118840456009
4190,i'm changing your name to joe,55,change_ai_name,55,change_ai_name,run_03_seed_2024,0.8931616544723511
4191,i'd like to start calling you buddy,55,change_ai_name,55,change_ai_name,run_03_seed_2024,0.967846691608429
4192,i'd like to start calling you jake,55,change_ai_name,55,change_ai_name,run_03_seed_2024,0.9503887295722961
4193,i'd like to start calling you lover,55,change_ai_name,55,change_ai_name,run_03_seed_2024,0.967846691608429
4194,i'd like to start calling you friend,55,change_ai_name,55,change_ai_name,run_03_seed_2024,0.9505875110626221
4195,i want to change your name to shelby,55,change_ai_name,55,change_ai_name,run_03_seed_2024,0.9940074682235718
4196,i'd rather call you gloria,55,change_ai_name,55,change_ai_name,run_03_seed_2024,0.7966286540031433
4197,i'm changing your name to goliath,55,change_ai_name,55,change_ai_name,run_03_seed_2024,0.9063985347747803
4198,is it okay to change your name to samson,55,change_ai_name,55,change_ai_name,run_03_seed_2024,0.9614798426628113
4199,can i call you james instead,55,change_ai_name,55,change_ai_name,run_03_seed_2024,0.7826939225196838
4200,what your numerical digit to display as your age,99,how_old_are_you,99,how_old_are_you,run_03_seed_2024,0.7722601294517517
4201,how old will you be,99,how_old_are_you,99,how_old_are_you,run_03_seed_2024,0.9500271677970886
4202,how old will you be this year,99,how_old_are_you,99,how_old_are_you,run_03_seed_2024,0.9001490473747253
4203,whats your age,99,how_old_are_you,99,how_old_are_you,run_03_seed_2024,0.978463351726532
4204,when is your birthday,99,how_old_are_you,99,how_old_are_you,run_03_seed_2024,0.9577133059501648
4205,when were you made,99,how_old_are_you,96,who_made_you,run_03_seed_2024,0.6109042763710022
4206,whats your age range,99,how_old_are_you,99,how_old_are_you,run_03_seed_2024,0.978463351726532
4207,could you tell me how old you are,99,how_old_are_you,99,how_old_are_you,run_03_seed_2024,0.9764276146888733
4208,would you tell me how old you are,99,how_old_are_you,99,how_old_are_you,run_03_seed_2024,0.9752530455589294
4209,your date of birth,99,how_old_are_you,99,how_old_are_you,run_03_seed_2024,0.9774808883666992
4210,your birthday please,99,how_old_are_you,99,how_old_are_you,run_03_seed_2024,0.7522220015525818
4211,can you tell me your birthday,99,how_old_are_you,99,how_old_are_you,run_03_seed_2024,0.884522020816803
4212,whens your birthday,99,how_old_are_you,99,how_old_are_you,run_03_seed_2024,0.8692474365234375
4213,what's your bday,99,how_old_are_you,75,what_is_your_name,run_03_seed_2024,0.4186173677444458
4214,how old were you on your last birthday,99,how_old_are_you,99,how_old_are_you,run_03_seed_2024,0.9864909648895264
4215,how many years have you been alive,99,how_old_are_you,99,how_old_are_you,run_03_seed_2024,0.9730384349822998
4216,can i ask your age,99,how_old_are_you,99,how_old_are_you,run_03_seed_2024,0.7445865869522095
4217,do you mind if i ask how old you are,99,how_old_are_you,99,how_old_are_you,run_03_seed_2024,0.8633390665054321
4218,may i ask your age,99,how_old_are_you,99,how_old_are_you,run_03_seed_2024,0.7666307687759399
4219,i need to know your age,99,how_old_are_you,99,how_old_are_you,run_03_seed_2024,0.9390486478805542
4220,please tell me your age,99,how_old_are_you,99,how_old_are_you,run_03_seed_2024,0.9649552702903748
4221,can you tell me your age,99,how_old_are_you,99,how_old_are_you,run_03_seed_2024,0.9749169945716858
4222,when's your birthday,99,how_old_are_you,99,how_old_are_you,run_03_seed_2024,0.9036998152732849
4223,how young are you,99,how_old_are_you,117,are_you_a_bot,run_03_seed_2024,0.3462812900543213
4224,what's your age right now,99,how_old_are_you,99,how_old_are_you,run_03_seed_2024,0.8882067203521729
4225,how old would you be,99,how_old_are_you,99,how_old_are_you,run_03_seed_2024,0.9376299977302551
4226,do you know how old you are,99,how_old_are_you,99,how_old_are_you,run_03_seed_2024,0.9694051742553711
4227,how old,99,how_old_are_you,99,how_old_are_you,run_03_seed_2024,0.9810014367103577
4228,what's your date of birth,99,how_old_are_you,99,how_old_are_you,run_03_seed_2024,0.9789532423019409
4229,how old are you turning,99,how_old_are_you,99,how_old_are_you,run_03_seed_2024,0.9921953678131104
4230,i need to rent an suv in charlestown for the first week in june who do you suggest,40,car_rental,40,car_rental,run_03_seed_2024,0.5857564210891724
4231,find a decent rental care for next week at the philadelphia airport,40,car_rental,40,car_rental,run_03_seed_2024,0.13651497662067413
4232,who can i rent a car from next month in orlando,40,car_rental,40,car_rental,run_03_seed_2024,0.9357471466064453
4233,"i need to rent a car kfor one week in ocean city, nj so who has the best deal",40,car_rental,40,car_rental,run_03_seed_2024,0.7615259289741516
4234,"find me a car rental for the weekend in asheville, nc via priceline",40,car_rental,40,car_rental,run_03_seed_2024,0.881450355052948
4235,what is the phone number of the car rental place,40,car_rental,42,oos,run_03_seed_2024,0.46236929297447205
4236,"book a rental car to rhode island for friday, tomorrow",40,car_rental,40,car_rental,run_03_seed_2024,0.9283779859542847
4237,"alexa, book a rental car to los angeles county in 2 hours",40,car_rental,40,car_rental,run_03_seed_2024,0.9423664808273315
4238,can you book a car rental today to new york city to philadelphia,40,car_rental,40,car_rental,run_03_seed_2024,0.9358852505683899
4239,book a car rental to miami florida today,40,car_rental,40,car_rental,run_03_seed_2024,0.950068473815918
4240,"siri, book a car rental to the poconos today right now",40,car_rental,40,car_rental,run_03_seed_2024,0.8362249135971069
4241,where in syracuse can i book a car,40,car_rental,40,car_rental,run_03_seed_2024,0.7320685386657715
4242,"in x, help me book a car",40,car_rental,40,car_rental,run_03_seed_2024,0.9124729037284851
4243,book me a car rental in wichita,40,car_rental,40,car_rental,run_03_seed_2024,0.985676646232605
4244,how many places in dallas can i rent a car,40,car_rental,40,car_rental,run_03_seed_2024,0.9482359290122986
4245,where can i rent a car in singapore,40,car_rental,40,car_rental,run_03_seed_2024,0.9734492301940918
4246,"march 2nd through march 18th, i'm going to need a jeep in frankfort",40,car_rental,40,car_rental,run_03_seed_2024,0.3419482707977295
4247,rent a car for 3/1 through 3/3 in boston; i'd prefer an suv,40,car_rental,40,car_rental,run_03_seed_2024,0.979181170463562
4248,can i rent a sports car in augusta for 3/4 through 3/8,40,car_rental,40,car_rental,run_03_seed_2024,0.99191814661026
4249,"in tampa, i'd like to rent a sedan from 4/1 until 4/5",40,car_rental,40,car_rental,run_03_seed_2024,0.939520537853241
4250,i'm going to need a coupe car in sedona from 5/1 until 5/4,40,car_rental,40,car_rental,run_03_seed_2024,0.6164759993553162
4251,schedule a rental car starting monday the 5th thru friday the 9th at rent a car in town,40,car_rental,40,car_rental,run_03_seed_2024,0.9835426807403564
4252,"can you find a rental car for me that is available this monday through thursday , any make will do",40,car_rental,40,car_rental,run_03_seed_2024,0.9048274159431458
4253,i need to rent a car from traveler's rent a car downtown and make it from friday the 6th to monday the 9th cheapest available,40,car_rental,40,car_rental,run_03_seed_2024,0.9870845675468445
4254,i want a rental car that is available tomorrow and that i can keep for four days please find me one,40,car_rental,40,car_rental,run_03_seed_2024,0.7016599774360657
4255,"find me a rental car for next week , from friday the 5th thru monday the 8th, any kind",40,car_rental,40,car_rental,run_03_seed_2024,0.7808852791786194
4256,i need to rent a car for may 8th to may 25th in danville and i'd like a ford,40,car_rental,40,car_rental,run_03_seed_2024,0.9929994344711304
4257,i need to rent a car for may 10th to may 15th in lizton and i'd like a bmw,40,car_rental,40,car_rental,run_03_seed_2024,0.994549572467804
4258,i need to rent a car for may 3rd to may 5th in indianapolis and i'd like a mercedes,40,car_rental,40,car_rental,run_03_seed_2024,0.9920356869697571
4259,i need to rent a car for may 11thto may 13th in chicago and i'd like a coupe,40,car_rental,40,car_rental,run_03_seed_2024,0.9933115243911743
4260,what should i do to get my car jump started,17,jump_start,17,jump_start,run_03_seed_2024,0.8739279508590698
4261,what do i need to do to get my car jump started,17,jump_start,17,jump_start,run_03_seed_2024,0.8526930809020996
4262,how can i go about jump starting my car,17,jump_start,17,jump_start,run_03_seed_2024,0.9655427932739258
4263,what steps should be taken to jump start a car,17,jump_start,17,jump_start,run_03_seed_2024,0.9564554691314697
4264,what can i do to jump start my car,17,jump_start,17,jump_start,run_03_seed_2024,0.9942210912704468
4265,how do i jump start my car,17,jump_start,17,jump_start,run_03_seed_2024,0.9974473714828491
4266,i need to know how to get my car jump started,17,jump_start,17,jump_start,run_03_seed_2024,0.9331697225570679
4267,my car needs a jump start; what do i need to do,17,jump_start,17,jump_start,run_03_seed_2024,0.9815781116485596
4268,tell me how to jump start my car,17,jump_start,17,jump_start,run_03_seed_2024,0.9981322884559631
4269,what steps should i take if i think my car battery is dead,17,jump_start,17,jump_start,run_03_seed_2024,0.9672593474388123
4270,"i'm almost certain my car battery died, please tell me what to do",17,jump_start,17,jump_start,run_03_seed_2024,0.8716457486152649
4271,please give me a quick tutorial on jump starting my car,17,jump_start,17,jump_start,run_03_seed_2024,0.9295600056648254
4272,"will you guide me through the process to jump start my car, please",17,jump_start,17,jump_start,run_03_seed_2024,0.9408421516418457
4273,what steps do i need to follow to jump start my car,17,jump_start,17,jump_start,run_03_seed_2024,0.9764767289161682
4274,what do i do if my car battery died,17,jump_start,17,jump_start,run_03_seed_2024,0.9607062339782715
4275,what do i do if i suspect my car battery is dead,17,jump_start,17,jump_start,run_03_seed_2024,0.9906308054924011
4276,i need instructions to walk me through jump starting my car,17,jump_start,17,jump_start,run_03_seed_2024,0.9468339681625366
4277,"i believe that my car battery has died, what do i do next",17,jump_start,17,jump_start,run_03_seed_2024,0.8873184323310852
4278,"can you give me instructions on how to jump start my car, please",17,jump_start,17,jump_start,run_03_seed_2024,0.9685787558555603
4279,i wanna know how to jump start my car,17,jump_start,17,jump_start,run_03_seed_2024,0.9965909719467163
4280,what do i do now that my battery is dead,17,jump_start,17,jump_start,run_03_seed_2024,0.8412436842918396
4281,my car battery is dead what do i do,17,jump_start,17,jump_start,run_03_seed_2024,0.9958743453025818
4282,i would like to jump start my car,17,jump_start,17,jump_start,run_03_seed_2024,0.9900227189064026
4283,i really need to jump start my car,17,jump_start,17,jump_start,run_03_seed_2024,0.9875684380531311
4284,what should i do now that my car battery is dead,17,jump_start,17,jump_start,run_03_seed_2024,0.98830646276474
4285,what do i need to do now that my battery is dead,17,jump_start,17,jump_start,run_03_seed_2024,0.8268491625785828
4286,i have to jump start my car,17,jump_start,17,jump_start,run_03_seed_2024,0.9944884777069092
4287,what shall i do now that my battery is dead,17,jump_start,17,jump_start,run_03_seed_2024,0.777485191822052
4288,i gotta jump start my car,17,jump_start,17,jump_start,run_03_seed_2024,0.986487090587616
4289,what is the process for jump starting my car,17,jump_start,17,jump_start,run_03_seed_2024,0.9403405785560608
4290,what's a good italian meal,46,meal_suggestion,46,meal_suggestion,run_03_seed_2024,0.9548707008361816
4291,i'm looking for a meal that's from the asian cuisine,46,meal_suggestion,46,meal_suggestion,run_03_seed_2024,0.6989293098449707
4292,i'm feeling like a greek meal and need some suggestions,46,meal_suggestion,46,meal_suggestion,run_03_seed_2024,0.31268075108528137
4293,"indian cuisine suits me and i'd like a meal suggestion, please",46,meal_suggestion,46,meal_suggestion,run_03_seed_2024,0.9096941351890564
4294,"what's a good, popular american meal",46,meal_suggestion,46,meal_suggestion,run_03_seed_2024,0.7131260633468628
4295,i'd like a meal suggestion from thailand,46,meal_suggestion,46,meal_suggestion,run_03_seed_2024,0.9722177982330322
4296,tell me what meal to eat from texas,46,meal_suggestion,46,meal_suggestion,run_03_seed_2024,0.37683799862861633
4297,can you give me a meal suggestion from the south,46,meal_suggestion,46,meal_suggestion,run_03_seed_2024,0.9482215642929077
4298,i want to try a meal from ireland,46,meal_suggestion,46,meal_suggestion,run_03_seed_2024,0.46405869722366333
4299,i want a meal from vietnam to be suggested to me,46,meal_suggestion,46,meal_suggestion,run_03_seed_2024,0.6629928350448608
4300,what are good thai dishes,46,meal_suggestion,145,restaurant_suggestion,run_03_seed_2024,0.33597081899642944
4301,i would like thai food,46,meal_suggestion,46,meal_suggestion,run_03_seed_2024,0.0944218635559082
4302,can you recommend thai food,46,meal_suggestion,145,restaurant_suggestion,run_03_seed_2024,0.29676735401153564
4303,i need a thai food suggestion,46,meal_suggestion,46,meal_suggestion,run_03_seed_2024,0.45368582010269165
4304,thai food suggestions,46,meal_suggestion,46,meal_suggestion,run_03_seed_2024,0.2651788890361786
4305,i need options or italian tonight,46,meal_suggestion,145,restaurant_suggestion,run_03_seed_2024,0.23794494569301605
4306,do you have any recommendations for korean,46,meal_suggestion,46,meal_suggestion,run_03_seed_2024,0.2691412568092346
4307,do you have any ideas for a mexican meal,46,meal_suggestion,46,meal_suggestion,run_03_seed_2024,0.9883918166160583
4308,what kind of indian would you recommend,46,meal_suggestion,46,meal_suggestion,run_03_seed_2024,0.15634116530418396
4309,what would you suggest for japanese,46,meal_suggestion,46,meal_suggestion,run_03_seed_2024,0.3873238265514374
4310,i need to know what's good for chinese around here,46,meal_suggestion,46,meal_suggestion,run_03_seed_2024,0.5798833966255188
4311,i want to make something from ethiopia for dinner,46,meal_suggestion,46,meal_suggestion,run_03_seed_2024,0.9149882793426514
4312,i need some ideas for a mexican meal,46,meal_suggestion,46,meal_suggestion,run_03_seed_2024,0.9689525365829468
4313,i want to eat something from turkey,46,meal_suggestion,145,restaurant_suggestion,run_03_seed_2024,0.1552695333957672
4314,i need a good italian dish,46,meal_suggestion,46,meal_suggestion,run_03_seed_2024,0.5732308626174927
4315,i need a good meal idea from italy,46,meal_suggestion,46,meal_suggestion,run_03_seed_2024,0.8745071291923523
4316,do you have any suggested roman recipes,46,meal_suggestion,34,do_you_have_pets,run_03_seed_2024,0.18079890310764313
4317,can you give me a american dinner suggestion,46,meal_suggestion,46,meal_suggestion,run_03_seed_2024,0.9579117894172668
4318,tell me what to make for dinner,46,meal_suggestion,46,meal_suggestion,run_03_seed_2024,0.9165281057357788
4319,do you know what is for dinner,46,meal_suggestion,46,meal_suggestion,run_03_seed_2024,0.7044475674629211
4320,what do i need to do to cook a chicken,104,recipe,112,ingredients_list,run_03_seed_2024,0.5216813087463379
4321,how do i go about cooking a 10lb turkey,104,recipe,104,recipe,run_03_seed_2024,0.11726080626249313
4322,how do i get started making homemade pizza dough,104,recipe,104,recipe,run_03_seed_2024,0.6044954657554626
4323,what instructions do i need to bake a cake from scratch,104,recipe,112,ingredients_list,run_03_seed_2024,0.41004323959350586
4324,how do i make lasagna,104,recipe,104,recipe,run_03_seed_2024,0.9115782976150513
4325,how do you make pasta,104,recipe,104,recipe,run_03_seed_2024,0.8494120240211487
4326,how do you prepare omelet,104,recipe,104,recipe,run_03_seed_2024,0.23803682625293732
4327,how do you prepare taco,104,recipe,104,recipe,run_03_seed_2024,0.2924251854419708
4328,how do you make fried rice,104,recipe,104,recipe,run_03_seed_2024,0.8021565079689026
4329,how do you cooked eggs,104,recipe,104,recipe,run_03_seed_2024,0.33491232991218567
4330,what's a good chili recipe,104,recipe,104,recipe,run_03_seed_2024,0.8798343539237976
4331,i need a recipe for chili,104,recipe,104,recipe,run_03_seed_2024,0.9788746237754822
4332,search for chili recipes,104,recipe,104,recipe,run_03_seed_2024,0.7303245067596436
4333,search for a chili recipe for me,104,recipe,104,recipe,run_03_seed_2024,0.9877024292945862
4334,find me a recipe for chili,104,recipe,104,recipe,run_03_seed_2024,0.9946179986000061
4335,show me ideas for hamburger,104,recipe,42,oos,run_03_seed_2024,0.18304112553596497
4336,can you get me recipes for eggs please,104,recipe,104,recipe,run_03_seed_2024,0.15114371478557587
4337,show me how to make tuna casserole please,104,recipe,104,recipe,run_03_seed_2024,0.7159252762794495
4338,recipes for garlic bread please,104,recipe,134,ingredient_substitution,run_03_seed_2024,0.42294856905937195
4339,please tell me a recipe for this meal,104,recipe,104,recipe,run_03_seed_2024,0.7966811656951904
4340,can you find me a pork recipe,104,recipe,104,recipe,run_03_seed_2024,0.973922610282898
4341,can you find me a brisket recipe,104,recipe,104,recipe,run_03_seed_2024,0.9362838268280029
4342,can you find me a rice recipe,104,recipe,104,recipe,run_03_seed_2024,0.9288836717605591
4343,can you find me a salsa recipe,104,recipe,104,recipe,run_03_seed_2024,0.8349496722221375
4344,scan you find me a chicken recipe,104,recipe,104,recipe,run_03_seed_2024,0.9726488590240479
4345,i need a pasta recipe,104,recipe,104,recipe,run_03_seed_2024,0.9583551287651062
4346,i want a recipe for roasted veggies,104,recipe,104,recipe,run_03_seed_2024,0.9941841959953308
4347,what is in a burrito recipe,104,recipe,104,recipe,run_03_seed_2024,0.51576167345047
4348,give me a tuna salad recipe,104,recipe,104,recipe,run_03_seed_2024,0.8539355993270874
4349,find a recipe for baked ziti,104,recipe,104,recipe,run_03_seed_2024,0.9865044951438904
4350,how much money do i make,93,income,93,income,run_03_seed_2024,0.9714690446853638
4351,how much money do i earn,93,income,93,income,run_03_seed_2024,0.9481738805770874
4352,what amount of money do i earn,93,income,93,income,run_03_seed_2024,0.6706568598747253
4353,what do i take home,93,income,112,ingredients_list,run_03_seed_2024,0.12736530601978302
4354,how much do i take home yearly,93,income,93,income,run_03_seed_2024,0.48273569345474243
4355,how much do i earn,93,income,93,income,run_03_seed_2024,0.9418417811393738
4356,what's my yearly salary,93,income,93,income,run_03_seed_2024,0.9907553791999817
4357,what's my salary,93,income,93,income,run_03_seed_2024,0.9932506680488586
4358,how much do i earn a year,93,income,93,income,run_03_seed_2024,0.9407074451446533
4359,what do i make annually,93,income,93,income,run_03_seed_2024,0.7780643105506897
4360,what do i bring in over a year,93,income,42,oos,run_03_seed_2024,0.2933632433414459
4361,please tell me what amount i'm earning,93,income,93,income,run_03_seed_2024,0.1237388327717781
4362,can you please tell me my income,93,income,93,income,run_03_seed_2024,0.9230352640151978
4363,how much money am i earning,93,income,93,income,run_03_seed_2024,0.6081655621528625
4364,what is my compensation,93,income,93,income,run_03_seed_2024,0.43253347277641296
4365,how much am i paid,93,income,93,income,run_03_seed_2024,0.8834789395332336
4366,how much do i get paid,93,income,93,income,run_03_seed_2024,0.6630958914756775
4367,what is my income this year,93,income,93,income,run_03_seed_2024,0.9851188063621521
4368,how much money do i make from work,93,income,93,income,run_03_seed_2024,0.9837634563446045
4369,what will i make this year,93,income,93,income,run_03_seed_2024,0.17501114308834076
4370,what will i get paid this year,93,income,79,payday,run_03_seed_2024,0.7291598916053772
4371,how much am i paid a year,93,income,93,income,run_03_seed_2024,0.886390209197998
4372,how much money am i making this year at work,93,income,93,income,run_03_seed_2024,0.9358159899711609
4373,what's my salary for this year,93,income,93,income,run_03_seed_2024,0.9749656319618225
4374,what is my current salary,93,income,93,income,run_03_seed_2024,0.959837794303894
4375,what's the amount of my income,93,income,93,income,run_03_seed_2024,0.7812662720680237
4376,what amount is my income,93,income,93,income,run_03_seed_2024,0.8172041773796082
4377,i want to know my income,93,income,93,income,run_03_seed_2024,0.9703605771064758
4378,what is my payment going to be,93,income,93,income,run_03_seed_2024,0.2026011049747467
4379,how much is the pay offered for my work,93,income,27,bill_balance,run_03_seed_2024,0.45854899287223816
4380,"alexa, buy a new television",16,order,16,order,run_03_seed_2024,0.21958298981189728
4381,place my order alexa,16,order,84,order_status,run_03_seed_2024,0.9284326434135437
4382,"siri, place my amazon order",16,order,84,order_status,run_03_seed_2024,0.5288660526275635
4383,"alexa, buy my grocery list",16,order,16,order,run_03_seed_2024,0.23492315411567688
4384,purchase grass seed from the store,16,order,16,order,run_03_seed_2024,0.292563259601593
4385,find inner tube and buy it for me,16,order,16,order,run_03_seed_2024,0.3050650954246521
4386,can you order me some nacho chips,16,order,16,order,run_03_seed_2024,0.9717029929161072
4387,i'd like to buy something,16,order,16,order,run_03_seed_2024,0.8426094055175781
4388,"i need to buy something, please",16,order,16,order,run_03_seed_2024,0.8527314066886902
4389,i'd like to buy a lamp online,16,order,16,order,run_03_seed_2024,0.9069857001304626
4390,order all items on my shopping list,16,order,16,order,run_03_seed_2024,0.6328065991401672
4391,get me an order of creatine powder,16,order,42,oos,run_03_seed_2024,0.3021036386489868
4392,place an order for my whole shopping list,16,order,16,order,run_03_seed_2024,0.9055058360099792
4393,"order me some doritos, please",16,order,16,order,run_03_seed_2024,0.9723731875419617
4394,place an order for my entire shopping list,16,order,16,order,run_03_seed_2024,0.9523844718933105
4395,can you buy something,16,order,16,order,run_03_seed_2024,0.8541884422302246
4396,make a purchase of doritos,16,order,16,order,run_03_seed_2024,0.8894729614257812
4397,i'd like to you order everything that's on my shopping list,16,order,16,order,run_03_seed_2024,0.9915014505386353
4398,please buy me something,16,order,16,order,run_03_seed_2024,0.874525249004364
4399,order my whole shopping list,16,order,16,order,run_03_seed_2024,0.7012702822685242
4400,can you order some more eggs for me since i just ran out,16,order,16,order,run_03_seed_2024,0.9069170355796814
4401,i've used the last can of tuna fish and need you to order a new case of it,16,order,16,order,run_03_seed_2024,0.26306626200675964
4402,i've just run out of butter and need you to order me some more,16,order,16,order,run_03_seed_2024,0.9434853792190552
4403,i'm out of milk so you will order me some more,16,order,16,order,run_03_seed_2024,0.9675018787384033
4404,can you place an order for the olive oil i just finished,16,order,16,order,run_03_seed_2024,0.31963658332824707
4405,please go on amazon so i can buy bluetooth speakers,16,order,16,order,run_03_seed_2024,0.6259250044822693
4406,will you please go on amazon so i can buy speakers,16,order,16,order,run_03_seed_2024,0.6813589334487915
4407,where can i find bluetooth speakers,16,order,42,oos,run_03_seed_2024,0.49099549651145935
4408,what is the price of bluetooth speakers on amazon,16,order,42,oos,run_03_seed_2024,0.6075535416603088
4409,please order some more pepsi,16,order,16,order,run_03_seed_2024,0.8118425011634827
4410,i need to know traffic patterns heading to the george washington bridge from manhattan,24,traffic,24,traffic,run_03_seed_2024,0.3334016501903534
4411,"can you give me a traffic update for driving routes nearest ocean city, new jersey from philadelphia",24,traffic,24,traffic,run_03_seed_2024,0.26134493947029114
4412,"what will traffic be like nearest the george washington bridge, new york",24,traffic,24,traffic,run_03_seed_2024,0.7230809926986694
4413,"what traffic can i expect on the way to the newark, new jersey from philadelphia",24,traffic,24,traffic,run_03_seed_2024,0.8906811475753784
4414,can you tell me the traffic situation from philadelphia to the new jersey turnpike,24,traffic,24,traffic,run_03_seed_2024,0.7832361459732056
4415,"how is the traffic normally driving into downtown washington, dc, from baltimore at 4:00 pm",24,traffic,24,traffic,run_03_seed_2024,0.833148181438446
4416,how is traffic nearest the ben franklin bridge philadelphia heading to the new jersey turnpike,24,traffic,24,traffic,run_03_seed_2024,0.4768436551094055
4417,i need to know what traffic is going to be like at 3:00 pm on the new jersey turnpike heading into camden from north jersey,24,traffic,24,traffic,run_03_seed_2024,0.7853427529335022
4418,"what kind of traffic can i expect driving to newark, new jersey on i-95 from philadelphia at noon",24,traffic,24,traffic,run_03_seed_2024,0.34355753660202026
4419,"i need to know what traffic looks like nearest the smithsonian institute in washington, dc for the next hour",24,traffic,24,traffic,run_03_seed_2024,0.5427897572517395
4420,please tell me how traffic from the new jersey turnpike into the lincoln tunnel looks currently,24,traffic,24,traffic,run_03_seed_2024,0.27432119846343994
4421,is there traffic on i-95 north to new york from philadelphia,24,traffic,24,traffic,run_03_seed_2024,0.7002593278884888
4422,"can you tell me what the traffic is usually like at 7:00 pm from philadelphia to ocean city, new jersey",24,traffic,24,traffic,run_03_seed_2024,0.8762524127960205
4423,will there be heavy traffic near downtown philadelphia from lincoln drive in the next two hours,24,traffic,24,traffic,run_03_seed_2024,0.47716856002807617
4424,what does post rush hour traffic generally look like heading into the lincoln tunnel in manhattan from new jersey,24,traffic,24,traffic,run_03_seed_2024,0.17167918384075165
4425,is traffic good or bad at 9:00 on the way to detroit,24,traffic,24,traffic,run_03_seed_2024,0.9714898467063904
4426,what kind of traffic is there at 9:00 on the route to detroit,24,traffic,24,traffic,run_03_seed_2024,0.9733154773712158
4427,how is the traffic at 9:00 on the way to detroit,24,traffic,24,traffic,run_03_seed_2024,0.9967453479766846
4428,what kind of traffic can i expect at 9:00 on the route to detroit,24,traffic,24,traffic,run_03_seed_2024,0.9437848329544067
4429,how bad is traffic at 9:00 going to detroit,24,traffic,24,traffic,run_03_seed_2024,0.9393790364265442
4430,is there traffic right now on my route to work,24,traffic,24,traffic,run_03_seed_2024,0.979820966720581
4431,"going to work, will there be traffic",24,traffic,24,traffic,run_03_seed_2024,0.9581966996192932
4432,is there traffic on my work route,24,traffic,24,traffic,run_03_seed_2024,0.9877358078956604
4433,is there traffic expected,24,traffic,24,traffic,run_03_seed_2024,0.9347630739212036
4434,"on my way to work, is there traffic",24,traffic,24,traffic,run_03_seed_2024,0.9901942610740662
4435,on the way to work is there traffic,24,traffic,24,traffic,run_03_seed_2024,0.9979648590087891
4436,is there traffic on the way to work,24,traffic,24,traffic,run_03_seed_2024,0.9979530572891235
4437,will i encounter traffic,24,traffic,24,traffic,run_03_seed_2024,0.9992138147354126
4438,is there traffic on the way,24,traffic,24,traffic,run_03_seed_2024,0.9961279034614563
4439,whats the traffic for the drive to the nearest restaurant,24,traffic,24,traffic,run_03_seed_2024,0.5989924073219299
4440,"can i get some more checkbooks sent to me, please",127,order_checks,127,order_checks,run_03_seed_2024,0.971068263053894
4441,could i get some more checkbooks sent to me,127,order_checks,127,order_checks,run_03_seed_2024,0.9795314073562622
4442,"can i get some more checkbooks mailed to me, please",127,order_checks,127,order_checks,run_03_seed_2024,0.9916830062866211
4443,can i get some more checkbooks sent to me,127,order_checks,127,order_checks,run_03_seed_2024,0.9814291000366211
4444,"could i get some more checkbooks sent to me, please",127,order_checks,127,order_checks,run_03_seed_2024,0.9668302536010742
4445,how do i order some checkbooks for my chase account,127,order_checks,127,order_checks,run_03_seed_2024,0.9704055786132812
4446,for checkbooks can i order them for my chase account,127,order_checks,127,order_checks,run_03_seed_2024,0.9294964671134949
4447,am i able to order more checkbooks for my chase account,127,order_checks,127,order_checks,run_03_seed_2024,0.9914007782936096
4448,for my chase account can i order some checkbooks,127,order_checks,127,order_checks,run_03_seed_2024,0.9129245281219482
4449,is there a way to order checkbooks for a chase account,127,order_checks,127,order_checks,run_03_seed_2024,0.9225174784660339
4450,can you overnight me a few checkbooks,127,order_checks,127,order_checks,run_03_seed_2024,0.17119288444519043
4451,send me more checkbooks please,127,order_checks,127,order_checks,run_03_seed_2024,0.9313775897026062
4452,please mail me more checkbooks,127,order_checks,127,order_checks,run_03_seed_2024,0.9868385195732117
4453,i need more checkbooks mailed as soon as possible,127,order_checks,127,order_checks,run_03_seed_2024,0.91350257396698
4454,i'd like more checkbooks mailed to me,127,order_checks,127,order_checks,run_03_seed_2024,0.9925673007965088
4455,how do i order some more checks for my bank of the west account,127,order_checks,127,order_checks,run_03_seed_2024,0.9917014241218567
4456,how do i order some more checks for my bank of america account,127,order_checks,127,order_checks,run_03_seed_2024,0.9955427050590515
4457,how do i order some more checks for my chase account,127,order_checks,127,order_checks,run_03_seed_2024,0.9959482550621033
4458,how do i order some more checks for my usaa account,127,order_checks,127,order_checks,run_03_seed_2024,0.9936739206314087
4459,how do i order some more checks for my navy federal account,127,order_checks,127,order_checks,run_03_seed_2024,0.9897857904434204
4460,i'm out of all my checks can i get some new ones,127,order_checks,127,order_checks,run_03_seed_2024,0.9336078763008118
4461,i'm out of my checks i need some new ones,127,order_checks,127,order_checks,run_03_seed_2024,0.9609256386756897
4462,can i get some new checks i'm out of mine,127,order_checks,127,order_checks,run_03_seed_2024,0.9764418601989746
4463,"i need to order some new checks, i'm all out of them",127,order_checks,127,order_checks,run_03_seed_2024,0.9351688027381897
4464,i am in need of new checks i'm completely out of mine,127,order_checks,127,order_checks,run_03_seed_2024,0.6888138055801392
4465,may i order more checks for my well's fargo account,127,order_checks,127,order_checks,run_03_seed_2024,0.9938710927963257
4466,do you know how i order more checks for my well's fargo account,127,order_checks,127,order_checks,run_03_seed_2024,0.9875670671463013
4467,what do i do to order new checkbooks for my well's fargo account,127,order_checks,127,order_checks,run_03_seed_2024,0.9339693188667297
4468,how do i order more checkbooks for my well's fargo account,127,order_checks,127,order_checks,run_03_seed_2024,0.9935864806175232
4469,where do i go to order more checks for my well's fargo account,127,order_checks,127,order_checks,run_03_seed_2024,0.9911212921142578
4470,my card got declined; why,49,card_declined,49,card_declined,run_03_seed_2024,0.9953280687332153
4471,can you help me understand why my card got declined,49,card_declined,49,card_declined,run_03_seed_2024,0.9587327837944031
4472,why was my card not accepted,49,card_declined,49,card_declined,run_03_seed_2024,0.9617775082588196
4473,can you tell me why my card got declined,49,card_declined,49,card_declined,run_03_seed_2024,0.9877703189849854
4474,i was at publix trying to buy some food but my card wouldnt work,49,card_declined,49,card_declined,run_03_seed_2024,0.9032190442085266
4475,who do i need to contact to find out why my card got declined,49,card_declined,49,card_declined,run_03_seed_2024,0.9110051393508911
4476,i need to know why my card got declined,49,card_declined,49,card_declined,run_03_seed_2024,0.9919644594192505
4477,"how do i fix my card, it was declined",49,card_declined,49,card_declined,run_03_seed_2024,0.8594291806221008
4478,why did my card get declined at public when i was trying to buy food,49,card_declined,49,card_declined,run_03_seed_2024,0.9941785335540771
4479,i was trying to buy food at publix but my card got declined,49,card_declined,49,card_declined,run_03_seed_2024,0.9894471168518066
4480,i was trying to use my card to get food at publix but it got declined,49,card_declined,49,card_declined,run_03_seed_2024,0.9617307782173157
4481,how can i fix my card being declined,49,card_declined,49,card_declined,run_03_seed_2024,0.8167773485183716
4482,"i was trying to get food at publix, why was my card declined",49,card_declined,49,card_declined,run_03_seed_2024,0.9911049008369446
4483,do you know why my card got declined,49,card_declined,49,card_declined,run_03_seed_2024,0.9907999634742737
4484,why my card stop working,49,card_declined,49,card_declined,run_03_seed_2024,0.7985100746154785
4485,my card declined,49,card_declined,49,card_declined,run_03_seed_2024,0.9021223187446594
4486,i was in australia trying to buy chips and my cards got declined,49,card_declined,49,card_declined,run_03_seed_2024,0.5304432511329651
4487,i was in thailand trying to buy candies and my card got declined,49,card_declined,49,card_declined,run_03_seed_2024,0.9763925075531006
4488,why was my card got declined when i am trying to pay for dinner when i am in vietnam,49,card_declined,49,card_declined,run_03_seed_2024,0.8483091592788696
4489,i could not buy food using my card when i was in vietnam,49,card_declined,49,card_declined,run_03_seed_2024,0.40357616543769836
4490,i was in thailand and i could not use my card to buy snacks,49,card_declined,87,damaged_card,run_03_seed_2024,0.404264897108078
4491,can you explain why i couldn't use my card at target,49,card_declined,49,card_declined,run_03_seed_2024,0.6482154130935669
4492,why was my card not working at target,49,card_declined,49,card_declined,run_03_seed_2024,0.9338924884796143
4493,my credit card was turned down at target and i'd like to know why,49,card_declined,49,card_declined,run_03_seed_2024,0.6504800915718079
4494,how come i got declined,49,card_declined,49,card_declined,run_03_seed_2024,0.4800652861595154
4495,why can't i use my credit card,49,card_declined,6,redeem_rewards,run_03_seed_2024,0.4782448709011078
4496,why won't you let me pay with my credit card,49,card_declined,49,card_declined,run_03_seed_2024,0.17669185996055603
4497,why did i get rejected on my card,49,card_declined,49,card_declined,run_03_seed_2024,0.9131969213485718
4498,how come my credit card isn't working,49,card_declined,87,damaged_card,run_03_seed_2024,0.29932472109794617
4499,why didn't my card work,49,card_declined,49,card_declined,run_03_seed_2024,0.8875876665115356
4500,how much has the dow changed today,42,oos,42,oos,run_03_seed_2024,0.7507422566413879
4501,how many prime numbers are there between 0 and 100,42,oos,42,oos,run_03_seed_2024,0.631567120552063
4502,can you tell me how to solve simple algebraic equations with one variable,42,oos,73,spelling,run_03_seed_2024,0.10745209455490112
4503,can you dim the brightness of my screen,42,oos,42,oos,run_03_seed_2024,0.20458322763442993
4504,what is the account number to the internet service i have,42,oos,42,oos,run_03_seed_2024,0.8276003003120422
4505,can you see a hdmi cord,42,oos,42,oos,run_03_seed_2024,0.3385353982448578
4506,what veggies can i pair with mushrooms,42,oos,115,what_can_i_ask_you,run_03_seed_2024,0.1633031815290451
4507,can you put the car in fuel efficient mode,42,oos,8,gas_type,run_03_seed_2024,0.30863475799560547
4508,at what age can someone get a card,42,oos,90,replacement_card_duration,run_03_seed_2024,0.09512054920196533
4509,please find today's most read stories from the new york times todayi,42,oos,42,oos,run_03_seed_2024,0.3495284914970398
4510,how do i get red wine out of a couch cushion,42,oos,122,w2,run_03_seed_2024,0.12789972126483917
4511,can you tell me who sells dixie paper plates,42,oos,96,who_made_you,run_03_seed_2024,0.36041536927223206
4512,who invented the internet,42,oos,42,oos,run_03_seed_2024,0.3688599169254303
4513,what big news happened over the weekend,42,oos,5,weather,run_03_seed_2024,0.12435523420572281
4514,what is happening in politicsu,42,oos,138,calculator,run_03_seed_2024,0.2753983438014984
4515,how is my driving,42,oos,42,oos,run_03_seed_2024,0.11381843686103821
4516,is the earth flat,42,oos,42,oos,run_03_seed_2024,0.22528645396232605
4517,what is the best way to clean ceiling fans,42,oos,104,recipe,run_03_seed_2024,0.16071049869060516
4518,please tell me the status of the government shutdown,42,oos,80,flight_status,run_03_seed_2024,0.1180049329996109
4519,what oil is best for chicken,42,oos,3,oil_change_how,run_03_seed_2024,0.24855293333530426
4520,what is today's big article in the washington post,42,oos,95,date,run_03_seed_2024,0.22952617704868317
4521,has there been anything breaking this afternoon,42,oos,103,application_status,run_03_seed_2024,0.0681731253862381
4522,what are yahoo's top stories right now,42,oos,136,current_location,run_03_seed_2024,0.27751287817955017
4523,what's at movies,42,oos,42,oos,run_03_seed_2024,0.17001698911190033
4524,what is the amount of blood needed to stay alive,42,oos,138,calculator,run_03_seed_2024,0.07599141448736191
4525,can you add a bag to my reservation,42,oos,67,cancel_reservation,run_03_seed_2024,0.347745418548584
4526,can you auto-pilot the car,42,oos,10,smart_home,run_03_seed_2024,0.32279446721076965
4527,wash windshield,42,oos,114,goodbye,run_03_seed_2024,0.05857636779546738
4528,can you tell me what credit cards i have open,42,oos,42,oos,run_03_seed_2024,0.23581038415431976
4529,did the stock market finish up for the day,42,oos,42,oos,run_03_seed_2024,0.6979638934135437
4530,what is the population of south africa,42,oos,138,calculator,run_03_seed_2024,0.2257489264011383
4531,watch the fbi,42,oos,42,oos,run_03_seed_2024,0.23377804458141327
4532,can you find the answer to number 26 in this algebra two textbook,42,oos,42,oos,run_03_seed_2024,0.2782280147075653
4533,how to remove a stripped bolt,42,oos,104,recipe,run_03_seed_2024,0.07730604708194733
4534,which stocks have lost the least today,42,oos,42,oos,run_03_seed_2024,0.1545114368200302
4535,what are some things i can do on the way to work,42,oos,149,travel_suggestion,run_03_seed_2024,0.5468721985816956
4536,how many steps have i taken today,42,oos,148,pto_used,run_03_seed_2024,0.702854573726654
4537,can you fill in my credit card number on the screen,42,oos,6,redeem_rewards,run_03_seed_2024,0.16766957938671112
4538,who won the patriots game last nightu,42,oos,42,oos,run_03_seed_2024,0.7923480868339539
4539,is anything being newscasted about the threat of famine in chadu,42,oos,42,oos,run_03_seed_2024,0.20320165157318115
4540,what are the different types of tvs,42,oos,42,oos,run_03_seed_2024,0.4385678470134735
4541,do laundry,42,oos,65,todo_list_update,run_03_seed_2024,0.17997387051582336
4542,what did trump do todayu,42,oos,42,oos,run_03_seed_2024,0.3127038776874542
4543,how many miles does my car currently have,42,oos,142,mpg,run_03_seed_2024,0.38715890049934387
4544,close all internet tabs,42,oos,42,oos,run_03_seed_2024,0.059868887066841125
4545,can you sell stocks for me,42,oos,115,what_can_i_ask_you,run_03_seed_2024,0.25810322165489197
4546,how do you treat an iron skillet,42,oos,42,oos,run_03_seed_2024,0.2840070426464081
4547,how much has microsoft's stock changed over the last year,42,oos,42,oos,run_03_seed_2024,0.5835517644882202
4548,what is the best product for removing soap scum,42,oos,42,oos,run_03_seed_2024,0.6698532104492188
4549,read text,42,oos,26,text,run_03_seed_2024,0.9958385229110718
4550,park the car,42,oos,10,smart_home,run_03_seed_2024,0.20464076101779938
4551,show me a list of top rated airlines,42,oos,42,oos,run_03_seed_2024,0.12278307974338531
4552,may i finish washing then i give you please,42,oos,55,change_ai_name,run_03_seed_2024,0.19035159051418304
4553,do i have overdraft protection,42,oos,60,calendar,run_03_seed_2024,0.41582322120666504
4554,can you delete my saved credit card,42,oos,87,damaged_card,run_03_seed_2024,0.265388160943985
4555,can you give me the most current market news,42,oos,42,oos,run_03_seed_2024,0.8762966394424438
4556,did the supreme court nominee get approvedu,42,oos,42,oos,run_03_seed_2024,0.6080247163772583
4557,which company has gone up the most today,42,oos,42,oos,run_03_seed_2024,0.8603503704071045
4558,who were the superbowl 23 champions,42,oos,96,who_made_you,run_03_seed_2024,0.4141533374786377
4559,can you tell me how to clean a fish tank,42,oos,73,spelling,run_03_seed_2024,0.07478775829076767
4560,open cnn websiteo,42,oos,42,oos,run_03_seed_2024,0.15248022973537445
4561,how do i make my android phone more secure,42,oos,104,recipe,run_03_seed_2024,0.4644145667552948
4562,i need to update my address,42,oos,144,change_user_name,run_03_seed_2024,0.06140252947807312
4563,what is that crunchy stuff on creme bruleo,42,oos,21,what_song,run_03_seed_2024,0.18928296864032745
4564,which airports do southwest service around the greater new york city area,42,oos,42,oos,run_03_seed_2024,0.236611470580101
4565,can you retrieve client d's file please,42,oos,147,cancel,run_03_seed_2024,0.1514539122581482
4566,can you list all channels of a certain category,42,oos,42,oos,run_03_seed_2024,0.18597371876239777
4567,where does jelly come from,42,oos,42,oos,run_03_seed_2024,0.6758750677108765
4568,can you tell me the s&p average,42,oos,42,oos,run_03_seed_2024,0.4736054241657257
4569,how would you rate the airport i am traveling to,42,oos,146,travel_notification,run_03_seed_2024,0.07558222115039825
4570,am i too old to be a sugar babyo,42,oos,42,oos,run_03_seed_2024,0.14472123980522156
4571,what was the closing number of the nasdaq today,42,oos,42,oos,run_03_seed_2024,0.8691205978393555
4572,has ko gone up or down,42,oos,42,oos,run_03_seed_2024,0.4344770312309265
4573,how many cars average are on the road daily,42,oos,42,oos,run_03_seed_2024,0.6609629988670349
4574,what does the plus sign mean on my dashboard,42,oos,139,definition,run_03_seed_2024,0.3381475806236267
4575,how is ford's stock doing,42,oos,42,oos,run_03_seed_2024,0.5587979555130005
4576,what is my checking account number,42,oos,35,balance,run_03_seed_2024,0.4503357708454132
4577,when should i remove my snow tires,42,oos,47,tire_change,run_03_seed_2024,0.7579184174537659
4578,which stocks gained the most today,42,oos,42,oos,run_03_seed_2024,0.9123666286468506
4579,what is the fee for a cash advance,42,oos,42,oos,run_03_seed_2024,0.30504071712493896
4580,tell me about the earthquake in california that happened this morning,42,oos,24,traffic,run_03_seed_2024,0.10259032994508743
4581,change color contrast,42,oos,42,oos,run_03_seed_2024,0.26657572388648987
4582,what is the golden ratio's number,42,oos,42,oos,run_03_seed_2024,0.4946528673171997
4583,is the bank open on mlk day,42,oos,42,oos,run_03_seed_2024,0.3942205011844635
4584,can i deposit a check,42,oos,108,direct_deposit,run_03_seed_2024,0.4982520341873169
4585,"from the second of the left ,the pink one",42,oos,42,oos,run_03_seed_2024,0.34263667464256287
4586,go and check the fridge,42,oos,54,food_last,run_03_seed_2024,0.5295915007591248
4587,can you tell me the score of the heat game,42,oos,42,oos,run_03_seed_2024,0.717756450176239
4588,can you mark this note as important,42,oos,55,change_ai_name,run_03_seed_2024,0.07854451984167099
4589,can you tell me how to multiply two fractions,42,oos,73,spelling,run_03_seed_2024,0.19118542969226837
4590,i want to find a new car under $25000,42,oos,40,car_rental,run_03_seed_2024,0.2779821753501892
4591,when is the next full moon,42,oos,140,next_holiday,run_03_seed_2024,0.6360143423080444
4592,how do i change the windshield wipers,42,oos,42,oos,run_03_seed_2024,0.39714792370796204
4593,why is the sky blue,42,oos,42,oos,run_03_seed_2024,0.26919177174568176
4594,should i do a complete stop at red lights,42,oos,10,smart_home,run_03_seed_2024,0.18280546367168427
4595,are all televisions high definition,42,oos,139,definition,run_03_seed_2024,0.20146134495735168
4596,can you tell me today's headlines pleasei,42,oos,95,date,run_03_seed_2024,0.38112470507621765
4597,who invented custardo,42,oos,96,who_made_you,run_03_seed_2024,0.7481129765510559
4598,how to be millionare,42,oos,42,oos,run_03_seed_2024,0.1268581748008728
4599,when does the stock market update,42,oos,42,oos,run_03_seed_2024,0.8496189117431641
4600,can you tell me how to get gum out of my rug,42,oos,122,w2,run_03_seed_2024,0.21817879378795624
4601,how can i get a better rate on my card,42,oos,87,damaged_card,run_03_seed_2024,0.21963901817798615
4602,open up internet browser,42,oos,42,oos,run_03_seed_2024,0.16721153259277344
4603,it is white colour,42,oos,134,ingredient_substitution,run_03_seed_2024,0.22256039083003998
4604,what makes pi so mathematically important,42,oos,124,thank_you,run_03_seed_2024,0.08594416826963425
4605,why can you have the square root of a negative number,42,oos,138,calculator,run_03_seed_2024,0.438056617975235
4606,how much time do i have left on my 0% apr,42,oos,132,apr,run_03_seed_2024,0.1779884696006775
4607,what are the highest-rated android phones,42,oos,42,oos,run_03_seed_2024,0.3442552983760834
4608,what time do i need to arrive to make it on time,42,oos,86,cook_time,run_03_seed_2024,0.3548632264137268
4609,find articles about the protests in parisi,42,oos,42,oos,run_03_seed_2024,0.2828078269958496
4610,can you tell me how fast the average airplane enroute to california goes,42,oos,42,oos,run_03_seed_2024,0.48758643865585327
4611,how many hurricanes are in an average hurricane season,42,oos,42,oos,run_03_seed_2024,0.8382221460342407
4612,how does my current htc phone compare to other android phones,42,oos,42,oos,run_03_seed_2024,0.518345296382904
4613,what movies are available,42,oos,42,oos,run_03_seed_2024,0.37767308950424194
4614,how many items are in a bakers dozen,42,oos,73,spelling,run_03_seed_2024,0.603237509727478
4615,what articles are written at the cnn site about the women's march,42,oos,0,restaurant_reviews,run_03_seed_2024,0.4053384065628052
4616,when does napa close,42,oos,42,oos,run_03_seed_2024,0.10554027557373047
4617,what is the current price of tsla,42,oos,42,oos,run_03_seed_2024,0.33566784858703613
4618,when will world war 3 begin,42,oos,42,oos,run_03_seed_2024,0.5502465963363647
4619,what's going on in the world today,42,oos,42,oos,run_03_seed_2024,0.3995473384857178
4620,what battery percentage is my phone at,42,oos,81,find_phone,run_03_seed_2024,0.6059637069702148
4621,can you sign out of my bank login,42,oos,146,travel_notification,run_03_seed_2024,0.3724607527256012
4622,what is one standard deviation,42,oos,138,calculator,run_03_seed_2024,0.2874242067337036
4623,has the market been up or down since the beginning of this year,42,oos,42,oos,run_03_seed_2024,0.6275558471679688
4624,how many moons does mars have,42,oos,42,oos,run_03_seed_2024,0.5744944214820862
4625,what is the cashback rate for my credit card,42,oos,132,apr,run_03_seed_2024,0.4858744740486145
4626,who has the best record in the nba,42,oos,42,oos,run_03_seed_2024,0.8145755529403687
4627,how long is the bank open until,42,oos,42,oos,run_03_seed_2024,0.45691829919815063
4628,what are some good games for my android phone,42,oos,149,travel_suggestion,run_03_seed_2024,0.3569399416446686
4629,can my grace period be extended any possible way,42,oos,42,oos,run_03_seed_2024,0.06228296086192131
4630,how much over will overdraft protection cover,42,oos,93,income,run_03_seed_2024,0.2690645158290863
4631,how fast am i going,42,oos,82,greeting,run_03_seed_2024,0.14738592505455017
4632,who was the first person to discover cells,42,oos,42,oos,run_03_seed_2024,0.6640639305114746
4633,how many people died in yesterday's storm,42,oos,42,oos,run_03_seed_2024,0.33109450340270996
4634,how much memory do i have left on this phone,42,oos,110,gas,run_03_seed_2024,0.37472596764564514
4635,can i set up mobile deposits,42,oos,108,direct_deposit,run_03_seed_2024,0.1713823676109314
4636,sell three calls of of nvda,42,oos,138,calculator,run_03_seed_2024,0.19323225319385529
4637,what bills is congress talking about passing or blocking today,42,oos,95,date,run_03_seed_2024,0.1180482804775238
4638,how much data does my phone have left this month,42,oos,27,bill_balance,run_03_seed_2024,0.24123074114322662
4639,how do i add someone to my account,42,oos,20,freeze_account,run_03_seed_2024,0.45687347650527954
4640,how much money would my house sell for,42,oos,93,income,run_03_seed_2024,0.4021478593349457
4641,how do i install new cabinets,42,oos,104,recipe,run_03_seed_2024,0.28204336762428284
4642,is there a fee for cancelling a flight i've booked,42,oos,80,flight_status,run_03_seed_2024,0.20029011368751526
4643,delete the contact uncle john from my phone,42,oos,130,sync_device,run_03_seed_2024,0.8343109488487244
4644,search my contacts for the auto repair place,42,oos,42,oos,run_03_seed_2024,0.0382857583463192
4645,does my carrier have coverage in europe,42,oos,42,oos,run_03_seed_2024,0.19850768148899078
4646,is there a cheaper rate with another carrier for my mobile,42,oos,7,interest_rate,run_03_seed_2024,0.14081795513629913
4647,what are the limits in my phone plan,42,oos,42,oos,run_03_seed_2024,0.3838597536087036
4648,is there a way to change your houses address,42,oos,55,change_ai_name,run_03_seed_2024,0.37015673518180847
4649,does dhl deliver to my address,42,oos,42,oos,run_03_seed_2024,0.10953857749700546
4650,how frequently is the bus running today,42,oos,78,distance,run_03_seed_2024,0.22925260663032532
4651,is there a better bus route i should be taking,42,oos,24,traffic,run_03_seed_2024,0.1397230327129364
4652,what stores are at my local mall,42,oos,42,oos,run_03_seed_2024,0.4898035526275635
4653,i need to get kalee added to my phone plan,42,oos,130,sync_device,run_03_seed_2024,0.7897183895111084
4654,what is the price of other company's similar phone plans,42,oos,42,oos,run_03_seed_2024,0.5760815739631653
4655,how long do i have to wait to get my refund,42,oos,102,how_busy,run_03_seed_2024,0.5815279483795166
4656,how long does it take the irs to issue a tax refund,42,oos,78,distance,run_03_seed_2024,0.521512508392334
4657,do you know if it is possible to close my savings account,42,oos,89,pin_change,run_03_seed_2024,0.05460489168763161
4658,how hard is it to close a bank account at wells fargo,42,oos,2,account_blocked,run_03_seed_2024,0.22735528647899628
4659,add my wife as an authorized user to checking account 20905432,42,oos,133,transfer,run_03_seed_2024,0.21917079389095306
4660,i would like to upgrade to full coverage for my car,42,oos,40,car_rental,run_03_seed_2024,0.1846100389957428
4661,who has the cheapest insurance for my model car in the area,42,oos,42,oos,run_03_seed_2024,0.47074997425079346
4662,tell me the value on my current car,42,oos,142,mpg,run_03_seed_2024,0.13095664978027344
4663,where can i list my vehicle for sell,42,oos,42,oos,run_03_seed_2024,0.13811326026916504
4664,what is the price to buy more data on my phone,42,oos,130,sync_device,run_03_seed_2024,0.1689152717590332
4665,i need to add a person to my bank account,42,oos,20,freeze_account,run_03_seed_2024,0.6420549154281616
4666,who is the best local real estate agent,42,oos,42,oos,run_03_seed_2024,0.9538884162902832
4667,i want to install new tiles in my kitchen,42,oos,64,insurance_change,run_03_seed_2024,0.08827156573534012
4668,what's the way for delta to cancel a flight,42,oos,80,flight_status,run_03_seed_2024,0.3907506763935089
4669,read the phone number for mom in my phone contacts,42,oos,81,find_phone,run_03_seed_2024,0.4927447736263275
4670,create a contact labeled mom,42,oos,26,text,run_03_seed_2024,0.1249547004699707
4671,do other providers have better coverage than my cell carrier,42,oos,42,oos,run_03_seed_2024,0.0532623790204525
4672,does centurytel offer any better plans than the one i'm on,42,oos,42,oos,run_03_seed_2024,0.30498039722442627
4673,"what's going on in the world today, anything major",42,oos,42,oos,run_03_seed_2024,0.32274961471557617
4674,what is the extra digits that are sometimes included on my zip code,42,oos,42,oos,run_03_seed_2024,0.37617385387420654
4675,what's the extended zipcode for my address,42,oos,42,oos,run_03_seed_2024,0.28695568442344666
4676,is there an alternate bus stop close to my home i can use,42,oos,72,directions,run_03_seed_2024,0.6551743149757385
4677,what stores are in the local mall,42,oos,42,oos,run_03_seed_2024,0.493274986743927
4678,"add mary to my phone plan, please",42,oos,130,sync_device,run_03_seed_2024,0.9421979784965515
4679,how much is it to get more data on my phone plan,42,oos,42,oos,run_03_seed_2024,0.12539120018482208
4680,can i use direct deposit for my tax refund,42,oos,108,direct_deposit,run_03_seed_2024,0.800083577632904
4681,how much of a refund will i get this year,42,oos,148,pto_used,run_03_seed_2024,0.16946087777614594
4682,please take all my money out of my checking account and close the account,42,oos,133,transfer,run_03_seed_2024,0.41217973828315735
4683,what are cars like mine selling for online,42,oos,42,oos,run_03_seed_2024,0.32097089290618896
4684,what's the blue book value of my car,42,oos,17,jump_start,run_03_seed_2024,0.1562090814113617
4685,what are the last 4 digits of my credit card number,42,oos,44,expiration_date,run_03_seed_2024,0.24087700247764587
4686,switch over to low power mode to preserve battery life,42,oos,14,whisper_mode,run_03_seed_2024,0.1789126843214035
4687,show me the most popular nonfiction book currently on the market,42,oos,42,oos,run_03_seed_2024,0.9346984028816223
4688,can you recommend some fiction books,42,oos,145,restaurant_suggestion,run_03_seed_2024,0.17313748598098755
4689,how can i repair a broken watch,42,oos,42,oos,run_03_seed_2024,0.11932472139596939
4690,what's out at the theaters right now,42,oos,102,how_busy,run_03_seed_2024,0.20492444932460785
4691,what is the most popular movie currently in theaters,42,oos,42,oos,run_03_seed_2024,0.91791832447052
4692,what is the cheapest new car for this year,42,oos,42,oos,run_03_seed_2024,0.27537062764167786
4693,show me new cars with the highest safety rating,42,oos,42,oos,run_03_seed_2024,0.12657204270362854
4694,i am looking for a suit for work,42,oos,57,who_do_you_work_for,run_03_seed_2024,0.09836896508932114
4695,i need to find a black suit under $100,42,oos,63,book_flight,run_03_seed_2024,0.06514367461204529
4696,what is a good laptop for gaming,42,oos,61,translate,run_03_seed_2024,0.13114140927791595
4697,"show me laptops for sale that are under $2,000",42,oos,42,oos,run_03_seed_2024,0.25105413794517517
4698,which element on the periodic table is k,42,oos,42,oos,run_03_seed_2024,0.24248476326465607
4699,what kind of bonds do molecules have,42,oos,120,plug_type,run_03_seed_2024,0.2071220576763153
4700,how much is my car worth used,42,oos,142,mpg,run_03_seed_2024,0.1817205846309662
4701,look up prices for parking at the airport over the weekend,42,oos,5,weather,run_03_seed_2024,0.08297615498304367
4702,what is the best way for dealing with the airport,42,oos,42,oos,run_03_seed_2024,0.1982734352350235
4703,what are my hours this week at work,42,oos,93,income,run_03_seed_2024,0.6175423264503479
4704,can you check my voicemail,42,oos,42,oos,run_03_seed_2024,0.4465310871601105
4705,how many voicemails are currently in my inbox,42,oos,42,oos,run_03_seed_2024,0.6089493632316589
4706,i would like to know how long a charge is suppose to last on my phone,42,oos,81,find_phone,run_03_seed_2024,0.10057974606752396
4707,check battery health on this device,42,oos,74,insurance,run_03_seed_2024,0.10931915789842606
4708,what is a well reviewed book for a teenage girl to read,42,oos,116,book_hotel,run_03_seed_2024,0.18331828713417053
4709,i want to find new cyberpunk fiction books,42,oos,64,insurance_change,run_03_seed_2024,0.1607935130596161
4710,what channel is cw on,42,oos,42,oos,run_03_seed_2024,0.7906965017318726
4711,what is the most rented movie this week,42,oos,42,oos,run_03_seed_2024,0.7310802340507507
4712,what is a good movie to go see in theaters for a family with young kids,42,oos,149,travel_suggestion,run_03_seed_2024,0.2852118909358978
4713,i would like to find a stylish suit for a party,42,oos,122,w2,run_03_seed_2024,0.07566274702548981
4714,can you give me suggestions for a professional suit under $200,42,oos,46,meal_suggestion,run_03_seed_2024,0.4447898268699646
4715,when is it cheapest to travel to hawaii,42,oos,128,travel_alert,run_03_seed_2024,0.4570932388305664
4716,i need a laptop with 16gb of ram,42,oos,18,schedule_meeting,run_03_seed_2024,0.047995854169130325
4717,what is the best reviewed laptop available on the market,42,oos,42,oos,run_03_seed_2024,0.5778350234031677
4718,give me information about the element carbon and its reactions with hydrogen,42,oos,42,oos,run_03_seed_2024,0.3500139117240906
4719,what is a good chemistry experiment to learn from,42,oos,42,oos,run_03_seed_2024,0.31141093373298645
4720,how much is this years model of my car cost,42,oos,142,mpg,run_03_seed_2024,0.3062283992767334
4721,how do i best deal with the airport,42,oos,113,lost_luggage,run_03_seed_2024,0.20575234293937683
4722,remind me of the address for my workplace please,42,oos,53,reminder_update,run_03_seed_2024,0.37434419989585876
4723,what time do i have to go to work today,42,oos,19,meeting_schedule,run_03_seed_2024,0.2700398862361908
4724,how many voicemail messages do i have,42,oos,126,pto_balance,run_03_seed_2024,0.3425042927265167
4725,erase all voicemails in my inbox please,42,oos,10,smart_home,run_03_seed_2024,0.0580630786716938
4726,can you look up grocery coupons for me,42,oos,139,definition,run_03_seed_2024,0.2096039205789566
4727,what is money used for,42,oos,138,calculator,run_03_seed_2024,0.2069840282201767
4728,what are some natural remedies to help ease stress,42,oos,42,oos,run_03_seed_2024,0.5605589151382446
4729,what are some good methods of relieving stress,42,oos,149,travel_suggestion,run_03_seed_2024,0.6991304159164429
4730,how do you make sure a bridge doesn't fall down,42,oos,104,recipe,run_03_seed_2024,0.22331823408603668
4731,what is the median salary for someone with an engineering degree,42,oos,42,oos,run_03_seed_2024,0.2105143517255783
4732,what size pipes are used for sinks,42,oos,42,oos,run_03_seed_2024,0.14403574168682098
4733,why would the water be turned off,42,oos,2,account_blocked,run_03_seed_2024,0.05456553027033806
4734,what is a good sink filter for water,42,oos,42,oos,run_03_seed_2024,0.1018236055970192
4735,what does water taste like,42,oos,138,calculator,run_03_seed_2024,0.1506960391998291
4736,are there any sales on groceries today,42,oos,42,oos,run_03_seed_2024,0.25180527567863464
4737,when was my lawn last mowed,42,oos,79,payday,run_03_seed_2024,0.46258285641670227
4738,what store has the best deals going on right now,42,oos,42,oos,run_03_seed_2024,0.8610203862190247
4739,can you tell me the best time to visit downtown when driving,42,oos,42,oos,run_03_seed_2024,0.1571541428565979
4740,am i currently connected to wifi,42,oos,144,change_user_name,run_03_seed_2024,0.042064037173986435
4741,is there an internet outage in my area,42,oos,42,oos,run_03_seed_2024,0.7515438199043274
4742,tell me about personal finance,42,oos,129,fun_fact,run_03_seed_2024,0.23009057343006134
4743,does amazon collect my personal information,42,oos,42,oos,run_03_seed_2024,0.34128761291503906
4744,check the status of my amazon orders for me,42,oos,84,order_status,run_03_seed_2024,0.7782796621322632
4745,what is the official language of romania,42,oos,42,oos,run_03_seed_2024,0.4681030511856079
4746,show me the best times to book flights for traveling to another country,42,oos,63,book_flight,run_03_seed_2024,0.14023457467556
4747,disconnect from wifi immediately please,42,oos,130,sync_device,run_03_seed_2024,0.3569391071796417
4748,am i connected to wifi,42,oos,144,change_user_name,run_03_seed_2024,0.24186673760414124
4749,list the contents of my safety deposit box at the bank,42,oos,146,travel_notification,run_03_seed_2024,0.05826639384031296
4750,what's the more secure bank vault,42,oos,42,oos,run_03_seed_2024,0.10032626241445541
4751,what coupons do i have for restaurants,42,oos,60,calendar,run_03_seed_2024,0.3556327521800995
4752,how do i make money,42,oos,104,recipe,run_03_seed_2024,0.8206048607826233
4753,can you give me some stress management tips,42,oos,149,travel_suggestion,run_03_seed_2024,0.11773394793272018
4754,how unhealthy is stress,42,oos,42,oos,run_03_seed_2024,0.8374162316322327
4755,what's the best way to build a skyscraper,42,oos,104,recipe,run_03_seed_2024,0.28833580017089844
4756,find engineering programs to apply to,42,oos,91,new_card,run_03_seed_2024,0.4687153100967407
4757,what kind of glue is used for gluing pipes together,42,oos,120,plug_type,run_03_seed_2024,0.15417157113552094
4758,check to see how many miles are on my car,42,oos,142,mpg,run_03_seed_2024,0.34518176317214966
4759,how do i change my windshield wipers,42,oos,42,oos,run_03_seed_2024,0.5933466553688049
4760,how many ppm of particulate is in my local water,42,oos,42,oos,run_03_seed_2024,0.7272331118583679
4761,what color is water,42,oos,42,oos,run_03_seed_2024,0.6210878491401672
4762,is anything on my grocery list on sale today,42,oos,48,todo_list,run_03_seed_2024,0.5131626725196838
4763,how long does it take for grass seed to grow on my lawn,42,oos,78,distance,run_03_seed_2024,0.29268497228622437
4764,please activate a wireless hotspot so i can use the internet,42,oos,134,ingredient_substitution,run_03_seed_2024,0.1691242903470993
4765,look up a good broker for mutual funds,42,oos,0,restaurant_reviews,run_03_seed_2024,0.10241172462701797
4766,what are the best personal finance practices,42,oos,42,oos,run_03_seed_2024,0.41779881715774536
4767,will amazon ship an order even if there was a pricing mistake,42,oos,84,order_status,run_03_seed_2024,0.4258771240711212
4768,where did mandarin originate from,42,oos,77,where_are_you_from,run_03_seed_2024,0.677977979183197
4769,what are some of the most visited countries for people looking to travel abroad,42,oos,42,oos,run_03_seed_2024,0.4563608169555664
4770,tell me which wifi network you are connected to right now,42,oos,36,tell_joke,run_03_seed_2024,0.09770404547452927
4771,what is my current signal strength,42,oos,93,income,run_03_seed_2024,0.3664558231830597
4772,if i'm locked in a bank vault what's the best way to get out,42,oos,72,directions,run_03_seed_2024,0.13637451827526093
4773,how do i upgrade my operating system,42,oos,42,oos,run_03_seed_2024,0.2260712832212448
4774,how much ram does my computer have,42,oos,42,oos,run_03_seed_2024,0.25319525599479675
4775,is it ok to feed dogs people food,42,oos,134,ingredient_substitution,run_03_seed_2024,0.16716966032981873
4776,how do you fix a leaking sink,42,oos,104,recipe,run_03_seed_2024,0.1680026799440384
4777,how do you unclog a toilet,42,oos,104,recipe,run_03_seed_2024,0.12936903536319733
4778,can you tell me local crime in my area,42,oos,42,oos,run_03_seed_2024,0.6638494729995728
4779,what's the power consumption of my fridge,42,oos,54,food_last,run_03_seed_2024,0.22618162631988525
4780,what is the warranty on my microwave,42,oos,42,oos,run_03_seed_2024,0.2568444609642029
4781,how do i use my microwaves defrost,42,oos,6,redeem_rewards,run_03_seed_2024,0.5496777296066284
4782,how do you get red wine out of the carpet,42,oos,42,oos,run_03_seed_2024,0.253230482339859
4783,how do i get stains out of the carpet,42,oos,42,oos,run_03_seed_2024,0.27279672026634216
4784,what is the highest quality carpet available,42,oos,42,oos,run_03_seed_2024,0.23533444106578827
4785,has everyone come home from school,42,oos,42,oos,run_03_seed_2024,0.16344517469406128
4786,what time did my daughter get home from her date,42,oos,4,time,run_03_seed_2024,0.16558578610420227
4787,is my computer free from viruses,42,oos,18,schedule_meeting,run_03_seed_2024,0.08627770841121674
4788,are you allowed to call someone a dirty name as part of free speech,42,oos,55,change_ai_name,run_03_seed_2024,0.366588294506073
4789,can you really get arrested for yelling fire in a crowded theater,42,oos,42,oos,run_03_seed_2024,0.05956224724650383
4790,what amendment guarantees the freedom of speech to americans,42,oos,42,oos,run_03_seed_2024,0.11045850068330765
4791,do employers have to honor freedom of speech,42,oos,114,goodbye,run_03_seed_2024,0.05709719657897949
4792,what's the average score on a round of golf,42,oos,42,oos,run_03_seed_2024,0.5086012482643127
4793,where is the closest driving range,42,oos,72,directions,run_03_seed_2024,0.8966123461723328
4794,when does tiger woods play next,42,oos,140,next_holiday,run_03_seed_2024,0.30221137404441833
4795,how can i improve my golf swing,42,oos,28,improve_credit_score,run_03_seed_2024,0.1484500914812088
4796,are your step-parent's parents considered your grandparents,42,oos,77,where_are_you_from,run_03_seed_2024,0.22648990154266357
4797,what's a good gift to get for your grandparents,42,oos,145,restaurant_suggestion,run_03_seed_2024,0.11425987631082535
4798,what year did my grandparents get married,42,oos,42,oos,run_03_seed_2024,0.3152029514312744
4799,fun gift ideas to give to grandparents,42,oos,149,travel_suggestion,run_03_seed_2024,0.1327655166387558
4800,which came first; greek mythology or roman mythology,42,oos,42,oos,run_03_seed_2024,0.15040837228298187
4801,how many greek mythology characters are there,42,oos,42,oos,run_03_seed_2024,0.771087110042572
4802,who created the world in greek mythology,42,oos,42,oos,run_03_seed_2024,0.4810901880264282
4803,what was hercules the god of,42,oos,42,oos,run_03_seed_2024,0.463497519493103
4804,how many harry potter books are there,42,oos,42,oos,run_03_seed_2024,0.7408545017242432
4805,what is harry's real name,42,oos,11,user_name,run_03_seed_2024,0.4271989166736603
4806,who played ronald weasly,42,oos,96,who_made_you,run_03_seed_2024,0.346905380487442
4807,how do you repel a bear when you're out on a hike,42,oos,99,how_old_are_you,run_03_seed_2024,0.3519896864891052
4808,where's the best place to hike in the rockies,42,oos,149,travel_suggestion,run_03_seed_2024,0.64676833152771
4809,what should i wear to hike,42,oos,149,travel_suggestion,run_03_seed_2024,0.31063157320022583
4810,what is the main cause of becoming homeless,42,oos,42,oos,run_03_seed_2024,0.3194279670715332
4811,how many people are jobless in america,42,oos,42,oos,run_03_seed_2024,0.7963864207267761
4812,how many homeless people are there,42,oos,42,oos,run_03_seed_2024,0.821990966796875
4813,where are most homeless people,42,oos,42,oos,run_03_seed_2024,0.7107486724853516
4814,are indians nowadays reminiscent of a decade ago,42,oos,42,oos,run_03_seed_2024,0.28955796360969543
4815,what were indians like 100 years ago,42,oos,99,how_old_are_you,run_03_seed_2024,0.3024170398712158
4816,how old is jennifer aniston,42,oos,99,how_old_are_you,run_03_seed_2024,0.947190523147583
4817,i need tips on how to overcome insomnia,42,oos,104,recipe,run_03_seed_2024,0.28513219952583313
4818,how many people have insomnia,42,oos,42,oos,run_03_seed_2024,0.4296269118785858
4819,what causes dyslexia,42,oos,115,what_can_i_ask_you,run_03_seed_2024,0.3271409869194031
4820,is insomnia curable,42,oos,42,oos,run_03_seed_2024,0.607042133808136
4821,what are sigmund freud's most famous books,42,oos,42,oos,run_03_seed_2024,0.793523371219635
4822,what year was jane austen born,42,oos,42,oos,run_03_seed_2024,0.8643037676811218
4823,where is te lawrence,42,oos,122,w2,run_03_seed_2024,0.3075424134731293
4824,who is jane goodall,42,oos,10,smart_home,run_03_seed_2024,0.4210270643234253
4825,how long does it take to get your yellow belt in karate,42,oos,78,distance,run_03_seed_2024,0.7223648428916931
4826,what's the most practiced form of mma in the world,42,oos,42,oos,run_03_seed_2024,0.8488703370094299
4827,what is the highest belt in karate,42,oos,42,oos,run_03_seed_2024,0.3946290910243988
4828,where does jiu jitsu originate,42,oos,42,oos,run_03_seed_2024,0.3159383535385132
4829,what's the proper subject verb order in japanese,42,oos,61,translate,run_03_seed_2024,0.3028505742549896
4830,how do i learn more about linguistics,42,oos,42,oos,run_03_seed_2024,0.1988309621810913
4831,what kind of paint do makeup artists use,42,oos,120,plug_type,run_03_seed_2024,0.30520543456077576
4832,the bus moves with tyre,42,oos,72,directions,run_03_seed_2024,0.6882619261741638
4833,how the bus moves,42,oos,72,directions,run_03_seed_2024,0.5604811906814575
4834,what are some good resources to learn about mental illness,42,oos,149,travel_suggestion,run_03_seed_2024,0.33137384057044983
4835,are people with a mental illness eligible for disability,42,oos,0,restaurant_reviews,run_03_seed_2024,0.49817898869514465
4836,how many people suffer from mental illness,42,oos,42,oos,run_03_seed_2024,0.5457261800765991
4837,how can i get help for my mental health,42,oos,122,w2,run_03_seed_2024,0.3095742464065552
4838,what's trending now,42,oos,4,time,run_03_seed_2024,0.1535690724849701
4839,what's the first romantic movie ever made,42,oos,42,oos,run_03_seed_2024,0.684882402420044
4840,"when was the term ""zombie"" first used",42,oos,42,oos,run_03_seed_2024,0.8904452919960022
4841,what kind of traits do vampires have,42,oos,120,plug_type,run_03_seed_2024,0.2071220576763153
4842,what do mummies eat,42,oos,42,oos,run_03_seed_2024,0.4797951579093933
4843,send information on flood clean up to my phone,42,oos,130,sync_device,run_03_seed_2024,0.8513432145118713
4844,what's the cost of buying a sump pump,42,oos,27,bill_balance,run_03_seed_2024,0.21940727531909943
4845,recommend a flood clean up service,42,oos,82,greeting,run_03_seed_2024,0.06933727115392685
4846,what is the safest model of airplane to fly in,42,oos,42,oos,run_03_seed_2024,0.3108675181865692
4847,what year was the first airplane built in,42,oos,42,oos,run_03_seed_2024,0.9304121732711792
4848,what's the best reviewed local roof repair place,42,oos,42,oos,run_03_seed_2024,0.42239275574684143
4849,what's the best type of plan to upgrade to,42,oos,149,travel_suggestion,run_03_seed_2024,0.1489526331424713
4850,give me a suggestion for roofers,42,oos,46,meal_suggestion,run_03_seed_2024,0.5967075824737549
4851,where can i buy new shingles,42,oos,42,oos,run_03_seed_2024,0.19735093414783478
4852,what's the safest pet to be around toddlers,42,oos,102,how_busy,run_03_seed_2024,0.3507643938064575
4853,why is my dog vomiting after eating,42,oos,2,account_blocked,run_03_seed_2024,0.14174865186214447
4854,tiger,42,oos,114,goodbye,run_03_seed_2024,0.05108167231082916
4855,what's the average rent of apartments in my city,42,oos,42,oos,run_03_seed_2024,0.5033811926841736
4856,are there any apartments for rent nearby,42,oos,145,restaurant_suggestion,run_03_seed_2024,0.17400901019573212
4857,what are apartment prices now,42,oos,42,oos,run_03_seed_2024,0.4620506465435028
4858,what's the highest building in the world,42,oos,42,oos,run_03_seed_2024,0.4069748520851135
4859,where is the closest architecture college,42,oos,72,directions,run_03_seed_2024,0.8722553849220276
4860,where can i submit my architecture plans,42,oos,122,w2,run_03_seed_2024,0.2751433849334717
4861,who is the best architecture,42,oos,42,oos,run_03_seed_2024,0.8883272409439087
4862,please give me a listing of all the bottled water brands in the area,42,oos,42,oos,run_03_seed_2024,0.2278778851032257
4863,what are the lowest prices of bottled water at costco,42,oos,0,restaurant_reviews,run_03_seed_2024,0.1709621548652649
4864,how do they filter pollutants out of bottled water,42,oos,42,oos,run_03_seed_2024,0.17078366875648499
4865,what's the cost of bottled water,42,oos,27,bill_balance,run_03_seed_2024,0.5622084140777588
4866,what's the cost to have a business card printed,42,oos,42,oos,run_03_seed_2024,0.08887521922588348
4867,when can i get a business card printed locally,42,oos,90,replacement_card_duration,run_03_seed_2024,0.5962258577346802
4868,what to use to design my business cards,42,oos,42,oos,run_03_seed_2024,0.033914715051651
4869,download all the photos off my phone into the cloud,42,oos,130,sync_device,run_03_seed_2024,0.7549578547477722
4870,tell me about that kind of cameras,42,oos,129,fun_fact,run_03_seed_2024,0.16907422244548798
4871,how much is the new nikon camera,42,oos,42,oos,run_03_seed_2024,0.4317408800125122
4872,what kind of camera should i buy,42,oos,120,plug_type,run_03_seed_2024,0.2548421621322632
4873,how much candy have i consumed this week,42,oos,71,spending_history,run_03_seed_2024,0.4133821725845337
4874,how many flavors of mnm's are there,42,oos,42,oos,run_03_seed_2024,0.896491289138794
4875,who makes milky way bars,42,oos,96,who_made_you,run_03_seed_2024,0.42715010046958923
4876,how safe is it to consume the substance h2o,42,oos,128,travel_alert,run_03_seed_2024,0.3131197988986969
4877,how many elements are on the periodic table,42,oos,42,oos,run_03_seed_2024,0.6323549151420593
4878,what's the chemical composition of a fart,42,oos,42,oos,run_03_seed_2024,0.3836841583251953
4879,what is phosphorus on the periodic table,42,oos,138,calculator,run_03_seed_2024,0.16762736439704895
4880,look up some christmas songs for me,42,oos,139,definition,run_03_seed_2024,0.12539838254451752
4881,is espn covering the golden state warriors game,42,oos,42,oos,run_03_seed_2024,0.6526832580566406
4882,how many calories does doing 20 situps burn,42,oos,135,calories,run_03_seed_2024,0.9553195834159851
4883,what is a normal resting heart rate,42,oos,138,calculator,run_03_seed_2024,0.2702193856239319
4884,should i run every day,42,oos,82,greeting,run_03_seed_2024,0.08640488982200623
4885,how many months do i left in my hbo subscription,42,oos,35,balance,run_03_seed_2024,0.17893576622009277
4886,when does game of thrones return on hbo,42,oos,42,oos,run_03_seed_2024,0.7163944244384766
4887,cancel my subscription to scientific american,42,oos,67,cancel_reservation,run_03_seed_2024,0.5102856755256653
4888,i'd like to renew my subscription to playboy,42,oos,53,reminder_update,run_03_seed_2024,0.038943059742450714
4889,what are popular lifestyle magazines,42,oos,42,oos,run_03_seed_2024,0.6777803301811218
4890,what are popular sports magazines,42,oos,42,oos,run_03_seed_2024,0.9177669286727905
4891,how can i use make up to cover a cut on my cheek,42,oos,6,redeem_rewards,run_03_seed_2024,0.11245971918106079
4892,what's the best make-up to cover a black eye,42,oos,104,recipe,run_03_seed_2024,0.21904493868350983
4893,send me videos of how to do a smoky eye,42,oos,104,recipe,run_03_seed_2024,0.12235432863235474
4894,whats the best rated lipstick,42,oos,42,oos,run_03_seed_2024,0.15692685544490814
4895,when will the government file another antitrust suit against microsoft,42,oos,140,next_holiday,run_03_seed_2024,0.07496301829814911
4896,when will microsoft drop support for windows 7,42,oos,80,flight_status,run_03_seed_2024,0.23953548073768616
4897,how do i make a sentence have stylized strike out in microsoft word,42,oos,104,recipe,run_03_seed_2024,0.31829893589019775
4898,how can i control where microsoft word inserts a page break,42,oos,42,oos,run_03_seed_2024,0.637998104095459
4899,what are the current prices for mushrooms,42,oos,42,oos,run_03_seed_2024,0.40373778343200684
4900,what bands are touring in my city this week,42,oos,42,oos,run_03_seed_2024,0.14300812780857086
4901,i need for you to look up some of the major gods in mythology,42,oos,112,ingredients_list,run_03_seed_2024,0.052350688725709915
4902,what was the original name of jesus in egyptian myth,42,oos,42,oos,run_03_seed_2024,0.29680919647216797
4903,was the god osiris a titan or an old god,42,oos,42,oos,run_03_seed_2024,0.6963418126106262
4904,tell me who aphrodite is,42,oos,96,who_made_you,run_03_seed_2024,0.4408537745475769
4905,what activities can i to do outside today,42,oos,149,travel_suggestion,run_03_seed_2024,0.349732369184494
4906,when will the daffodils bloom this year,42,oos,140,next_holiday,run_03_seed_2024,0.20582719147205353
4907,what zelda games are available on the switch,42,oos,42,oos,run_03_seed_2024,0.16658428311347961
4908,i want to buy some nintendo switch game,42,oos,16,order,run_03_seed_2024,0.5798328518867493
4909,how much does a nintendo switch cost,42,oos,42,oos,run_03_seed_2024,0.303048312664032
4910,show me a cool nintendo switch game,42,oos,42,oos,run_03_seed_2024,0.778311014175415
4911,can you check how many miles i walked today when i was out get the info from my phone,42,oos,42,oos,run_03_seed_2024,0.8914633989334106
4912,can you check how many steps i have walked in the last week from my phone app,42,oos,42,oos,run_03_seed_2024,0.4770444929599762
4913,what should i do if it hurts when i pee,42,oos,149,travel_suggestion,run_03_seed_2024,0.2232031375169754
4914,what are the symptoms of cancer,42,oos,42,oos,run_03_seed_2024,0.6353564262390137
4915,how many pokemon have i caught in my pokemon go app,42,oos,42,oos,run_03_seed_2024,0.3327181935310364
4916,tell me what pokemon is,42,oos,139,definition,run_03_seed_2024,0.15700070559978485
4917,has the school my kids go to been in the news for any reason,42,oos,54,food_last,run_03_seed_2024,0.13621263206005096
4918,are there any school closures today,42,oos,19,meeting_schedule,run_03_seed_2024,0.27697357535362244
4919,how long is the school year,42,oos,42,oos,run_03_seed_2024,0.7075246572494507
4920,why did a bunch of christians go off murdering muslims in the middle ages,42,oos,42,oos,run_03_seed_2024,0.14629676938056946
4921,what was the point of the crusades,42,oos,42,oos,run_03_seed_2024,0.4846729636192322
4922,what other countries speak the english language,42,oos,29,change_language,run_03_seed_2024,0.9076300263404846
4923,why doesn't english have consistent forms,42,oos,2,account_blocked,run_03_seed_2024,0.12357811629772186
4924,do they speak english in australia,42,oos,61,translate,run_03_seed_2024,0.36786603927612305
4925,who teaches english near me,42,oos,72,directions,run_03_seed_2024,0.18199247121810913
4926,can you see what the budget for the united states military was in 2018,42,oos,42,oos,run_03_seed_2024,0.9015552401542664
4927,can you look at what the oldest age is someone can enlist in the army,42,oos,42,oos,run_03_seed_2024,0.3308629095554352
4928,how many years do you need to be in the army to get a college tuition,42,oos,42,oos,run_03_seed_2024,0.24437738955020905
4929,where are most the servicemen right now,42,oos,42,oos,run_03_seed_2024,0.50400710105896
4930,what movies are playing at my local cinemax,42,oos,42,oos,run_03_seed_2024,0.6620079278945923
4931,what time is a star is born showing,42,oos,4,time,run_03_seed_2024,0.6918261051177979
4932,what movies are playing,42,oos,42,oos,run_03_seed_2024,0.4622654914855957
4933,can you get me the scores from the games that were played last night,42,oos,42,oos,run_03_seed_2024,0.19168339669704437
4934,has there been any times when lebron james was arrested,42,oos,42,oos,run_03_seed_2024,0.4329538941383362
4935,what are the new player rankings for the nhl,42,oos,42,oos,run_03_seed_2024,0.44366827607154846
4936,who won in the gsw vs suns game last night,42,oos,42,oos,run_03_seed_2024,0.5622432827949524
4937,give me the news on the newspaper today,42,oos,42,oos,run_03_seed_2024,0.16250059008598328
4938,tell me a list of my local papers,42,oos,48,todo_list,run_03_seed_2024,0.14286933839321136
4939,what's the newspaper today,42,oos,95,date,run_03_seed_2024,0.7116528153419495
4940,would you let me know who won the gold metal in gymnastics at the olympics,42,oos,96,who_made_you,run_03_seed_2024,0.12481995671987534
4941,"at the olympics, what country won the gold medal in basketball",42,oos,42,oos,run_03_seed_2024,0.12694381177425385
4942,where will the next olympics be hosted,42,oos,5,weather,run_03_seed_2024,0.2932875454425812
4943,when are the winter olympic games,42,oos,42,oos,run_03_seed_2024,0.3960351347923279
4944,what films are in the running for best song at this year's oscars,42,oos,42,oos,run_03_seed_2024,0.22194400429725647
4945,who are the nominees for best picture this year,42,oos,42,oos,run_03_seed_2024,0.8782109022140503
4946,give me information on the oscars,42,oos,42,oos,run_03_seed_2024,0.17853334546089172
4947,tell me about the oscars,42,oos,129,fun_fact,run_03_seed_2024,0.3254258632659912
4948,why did we elect this woman who made amazon leave and take its jobs with it,42,oos,96,who_made_you,run_03_seed_2024,0.295683354139328
4949,how many people live in vermillion,42,oos,42,oos,run_03_seed_2024,0.8926897048950195
4950,what's a good way to organize my tools in my garage,42,oos,149,travel_suggestion,run_03_seed_2024,0.07047901302576065
4951,what's the cost of a good pegboard,42,oos,27,bill_balance,run_03_seed_2024,0.20513057708740234
4952,is the stop sign around the corner still knocked over,42,oos,42,oos,run_03_seed_2024,0.38013216853141785
4953,is there a fork in the road sign at main & 1st avenue,42,oos,24,traffic,run_03_seed_2024,0.14270970225334167
4954,are there cameras hidden in stop lights,42,oos,10,smart_home,run_03_seed_2024,0.1967116892337799
4955,what does a flashing yellow light mean,42,oos,139,definition,run_03_seed_2024,0.863975465297699
4956,what is the deadline to register at university of georgia,42,oos,138,calculator,run_03_seed_2024,0.1487363874912262
4957,what universities are nearby to me and highly rated,42,oos,42,oos,run_03_seed_2024,0.11552322655916214
4958,what are the top rated universities within my state,42,oos,42,oos,run_03_seed_2024,0.22806498408317566
4959,will the anti-vaxxers die off if no one gives them vaccines,42,oos,121,maybe,run_03_seed_2024,0.1443760097026825
4960,how safe is the herpes vaccine they give women,42,oos,42,oos,run_03_seed_2024,0.2852559983730316
4961,where can i get the flu shot,42,oos,122,w2,run_03_seed_2024,0.7642053961753845
4962,when do i have to get the mmr,42,oos,56,bill_due,run_03_seed_2024,0.35588082671165466
4963,how much are the clorox detergents,42,oos,27,bill_balance,run_03_seed_2024,0.4690723717212677
4964,when will nightwish be touring through my city,42,oos,80,flight_status,run_03_seed_2024,0.19333764910697937
4965,does iron maiden have any new releases,42,oos,0,restaurant_reviews,run_03_seed_2024,0.11677799373865128
4966,tell me something about linkin park,42,oos,129,fun_fact,run_03_seed_2024,0.4069076478481293
4967,i need you to check the resistance of a coil wrapped 6 times with an id of 25mm,42,oos,138,calculator,run_03_seed_2024,0.12502682209014893
4968,can you tell me whether the knicks will play the lakers this week,42,oos,5,weather,run_03_seed_2024,0.32004860043525696
4969,what do you do if your 4 year old just ate playdoh,42,oos,15,what_are_your_hobbies,run_03_seed_2024,0.3138964772224426
4970,when do the kids get out of school today,42,oos,42,oos,run_03_seed_2024,0.38698509335517883
4971,please check up on my son's homework,42,oos,10,smart_home,run_03_seed_2024,0.09556878358125687
4972,give me a list of the top three landscaping companies nearby,42,oos,42,oos,run_03_seed_2024,0.07258358597755432
4973,when should you mow your grass after it's rained,42,oos,99,how_old_are_you,run_03_seed_2024,0.3161989152431488
4974,how much sugar was in my urine this morning,42,oos,93,income,run_03_seed_2024,0.14940504729747772
4975,what's a good blouse to wear with pink shoes,42,oos,145,restaurant_suggestion,run_03_seed_2024,0.13765498995780945
4976,what are the best jeans in my size,42,oos,149,travel_suggestion,run_03_seed_2024,0.4159856140613556
4977,how much does it cost to spay a puppy,42,oos,110,gas,run_03_seed_2024,0.22015245258808136
4978,what's the best style shoe to wear to the prom,42,oos,72,directions,run_03_seed_2024,0.4153074026107788
4979,can you tell me about that tornado that just tore up alabama,42,oos,13,repeat,run_03_seed_2024,0.551818311214447
4980,tell me what the hot topics are that are trending on google,42,oos,42,oos,run_03_seed_2024,0.1869216412305832
4981,what happened with the summit between trump and jong,42,oos,19,meeting_schedule,run_03_seed_2024,0.0566147118806839
4982,check and see what the local news in broadcasting,42,oos,42,oos,run_03_seed_2024,0.5420153141021729
4983,please uninstall this intrusive social media app,42,oos,147,cancel,run_03_seed_2024,0.21589504182338715
4984,upload the pictures to the correct album,42,oos,72,directions,run_03_seed_2024,0.323055624961853
4985,i have a super runny nose and want to find a doctor,42,oos,42,oos,run_03_seed_2024,0.06726716458797455
4986,which medicine to relieve my cough,42,oos,42,oos,run_03_seed_2024,0.07049791514873505
4987,how do i get rid of blocked nose at home,42,oos,72,directions,run_03_seed_2024,0.07728585600852966
4988,how do i get rid of sore throat at home,42,oos,72,directions,run_03_seed_2024,0.08237296342849731
4989,how can i make my living room appear to be bigger than it is,42,oos,42,oos,run_03_seed_2024,0.07259775698184967
4990,i'd like to find some curtains that look good in this room,42,oos,116,book_hotel,run_03_seed_2024,0.24650846421718597
4991,how to paint walls,42,oos,104,recipe,run_03_seed_2024,0.17841476202011108
4992,how to fix walls,42,oos,104,recipe,run_03_seed_2024,0.160933718085289
4993,can you tell me the purpose of a safe deposit box,42,oos,22,meaning_of_life,run_03_seed_2024,0.4989158809185028
4994,can you store a gun in a safe deposit box,42,oos,42,oos,run_03_seed_2024,0.3581508696079254
4995,how do you get a safe deposit box,42,oos,42,oos,run_03_seed_2024,0.17687131464481354
4996,look up how to apply cream to smooth itchiness,42,oos,91,new_card,run_03_seed_2024,0.07682677358388901
4997,"how do i deal with angry, painful red bumps",42,oos,42,oos,run_03_seed_2024,0.07849038392305374
4998,where should i go if i hammered a nail through my foot,42,oos,145,restaurant_suggestion,run_03_seed_2024,0.30726540088653564
4999,how long does it take to call an ambulance,42,oos,86,cook_time,run_03_seed_2024,0.4798497259616852
5000,how to get the right medicine,42,oos,72,directions,run_03_seed_2024,0.11333103477954865
5001,how to take care of the sick,42,oos,42,oos,run_03_seed_2024,0.12959729135036469
5002,do vegans really want to blame cows for climate change,42,oos,3,oil_change_how,run_03_seed_2024,0.05418406054377556
5003,give me a recommendation for a local landscaper,42,oos,42,oos,run_03_seed_2024,0.4332983195781708
5004,i need to hire a grass treatment specialist,42,oos,53,reminder_update,run_03_seed_2024,0.12774507701396942
5005,when is the best time of year for pruning,42,oos,42,oos,run_03_seed_2024,0.70112544298172
5006,find someone local who mows lawns,42,oos,42,oos,run_03_seed_2024,0.7022029161453247
5007,create a speech on historical events surrounding albert einstein,42,oos,119,change_speed,run_03_seed_2024,0.15553538501262665
5008,create a pamphlet on albert einsteins childhood,42,oos,42,oos,run_03_seed_2024,0.04253745079040527
5009,what is albert einstein famous for,42,oos,138,calculator,run_03_seed_2024,0.36870697140693665
5010,when was albert einstein born,42,oos,42,oos,run_03_seed_2024,0.7736057639122009
5011,when will cameron release the sequel to avatar,42,oos,80,flight_status,run_03_seed_2024,0.29963812232017517
5012,can you please start the avatar movie for me,42,oos,10,smart_home,run_03_seed_2024,0.4745635688304901
5013,is the movie avatar culturally insensitive,42,oos,42,oos,run_03_seed_2024,0.6749439239501953
5014,could you create a new avatar for me,42,oos,16,order,run_03_seed_2024,0.19833017885684967
5015,does bill gates still have any material participation in the running of microsoft,42,oos,54,food_last,run_03_seed_2024,0.23658685386180878
5016,tell me more about bill gates,42,oos,36,tell_joke,run_03_seed_2024,0.15082329511642456
5017,give me the weather forecast for today,42,oos,5,weather,run_03_seed_2024,0.9917603731155396
5018,what is bitcoin trading for currently,42,oos,138,calculator,run_03_seed_2024,0.5102325677871704
5019,where can i have a black and white photo blown up to poster size,42,oos,134,ingredient_substitution,run_03_seed_2024,0.07652401924133301
5020,adjust the contrast of the black and white photos,42,oos,42,oos,run_03_seed_2024,0.5264925956726074
5021,can you colorize a black and white photo,42,oos,134,ingredient_substitution,run_03_seed_2024,0.3549818694591522
5022,add color to the black and white photos,42,oos,134,ingredient_substitution,run_03_seed_2024,0.08183939754962921
5023,how many people were killed in the boston marathon by bombers,42,oos,42,oos,run_03_seed_2024,0.5191024541854858
5024,compile a list of historical events from the boston marathon,42,oos,65,todo_list_update,run_03_seed_2024,0.25709956884384155
5025,time my next run at the boston marathon,42,oos,140,next_holiday,run_03_seed_2024,0.16478826105594635
5026,when will the next boston marathon be,42,oos,140,next_holiday,run_03_seed_2024,0.7296321392059326
5027,look up which animal is represented in this year's chinese new year,42,oos,42,oos,run_03_seed_2024,0.28387755155563354
5028,what is the animal for this chinese new year,42,oos,42,oos,run_03_seed_2024,0.36954042315483093
5029,would it be legal to have battles to the death in a homemade colosseum,42,oos,78,distance,run_03_seed_2024,0.09450399875640869
5030,do the romans still use the colosseum for anything today,42,oos,42,oos,run_03_seed_2024,0.46253347396850586
5031,where is the colosseum,42,oos,42,oos,run_03_seed_2024,0.5878188610076904
5032,"can you really time your compressions to queen's ""another one bites the dust""",42,oos,124,thank_you,run_03_seed_2024,0.10062539577484131
5033,do i have to put my mouth on theirs when doing cpr,42,oos,56,bill_due,run_03_seed_2024,0.15349388122558594
5034,what is the breath to compression ratio for cpr,42,oos,138,calculator,run_03_seed_2024,0.35835933685302734
5035,tell me how to perform cpr,42,oos,73,spelling,run_03_seed_2024,0.16219505667686462
5036,create a for-while loop that continues 10 times,42,oos,138,calculator,run_03_seed_2024,0.11746334284543991
5037,where are classes taught near me for c++,42,oos,145,restaurant_suggestion,run_03_seed_2024,0.32754743099212646
5038,"declare a variable named ""golf""",42,oos,75,what_is_your_name,run_03_seed_2024,0.04345350340008736
5039,how do i write c++,42,oos,104,recipe,run_03_seed_2024,0.18540586531162262
5040,is the depiction of gold mining in the movie the ballad of buster scruggs realistic,42,oos,42,oos,run_03_seed_2024,0.5696379542350769
5041,do you own the mineral rights to gold nuggets you find in your back yard,42,oos,34,do_you_have_pets,run_03_seed_2024,0.23318348824977875
5042,where is the best place to mine for gold,42,oos,149,travel_suggestion,run_03_seed_2024,0.5494273900985718
5043,when was the gold rush,42,oos,42,oos,run_03_seed_2024,0.8239268064498901
5044,make a list of facts about green book,42,oos,129,fun_fact,run_03_seed_2024,0.5665823221206665
5045,find out when green book was created,42,oos,42,oos,run_03_seed_2024,0.6232119202613831
5046,who wrote green book,42,oos,96,who_made_you,run_03_seed_2024,0.25429093837738037
5047,what's the main export by the peoples of greenland,42,oos,42,oos,run_03_seed_2024,0.1946873962879181
5048,how many people still live on greenland,42,oos,42,oos,run_03_seed_2024,0.9677304625511169
5049,scan my photos and tell me which hair style is most suiting for my face,42,oos,42,oos,run_03_seed_2024,0.13783805072307587
5050,create several photos of me with different hair styles,42,oos,115,what_can_i_ask_you,run_03_seed_2024,0.08043006807565689
5051,latest hair styles for long natural hair,42,oos,42,oos,run_03_seed_2024,0.10236462950706482
5052,show video of hair styling tips,42,oos,42,oos,run_03_seed_2024,0.17179296910762787
5053,did a man really die trying to be loved by a horse,42,oos,42,oos,run_03_seed_2024,0.2067621648311615
5054,how many acres do you need to buy a horse,42,oos,43,shopping_list,run_03_seed_2024,0.1307414025068283
5055,get me a picture of a horse,42,oos,42,oos,run_03_seed_2024,0.4457683563232422
5056,does eating poop really help your gut fauna,42,oos,124,thank_you,run_03_seed_2024,0.44054853916168213
5057,is there a vaccine for ebola,42,oos,42,oos,run_03_seed_2024,0.29197657108306885
5058,find out how many latin scholars there are at the university of chicago,42,oos,42,oos,run_03_seed_2024,0.41300317645072937
5059,make a list of side hustles i could start today to make a little extra cash,42,oos,112,ingredients_list,run_03_seed_2024,0.24569329619407654
5060,make a list of stocks that would be good to invest in to start making money,42,oos,104,recipe,run_03_seed_2024,0.13386066257953644
5061,how can i add my signature to the proposed bill legalizing prostitution,42,oos,111,pay_bill,run_03_seed_2024,0.154701367020607
5062,what's the roi doing arbitrage with ebay,42,oos,42,oos,run_03_seed_2024,0.12329048663377762
5063,do women still bare their chests for beads at mardi gras,42,oos,85,confirm_reservation,run_03_seed_2024,0.1747877448797226
5064,when's the next mardi gras going to be,42,oos,140,next_holiday,run_03_seed_2024,0.5776113271713257
5065,what is the best way to kill microbes,42,oos,104,recipe,run_03_seed_2024,0.27041250467300415
5066,start a speech on microbes for me,42,oos,119,change_speed,run_03_seed_2024,0.11629265546798706
5067,inform me of what microbes are,42,oos,42,oos,run_03_seed_2024,0.17419403791427612
5068,what is the top 10 best modems,42,oos,138,calculator,run_03_seed_2024,0.4445800185203552
5069,what is the time signature for the castlevania song bloody tears,42,oos,4,time,run_03_seed_2024,0.9167229533195496
5070,can you tell me what key frank zappa's keep it greasy is in,42,oos,42,oos,run_03_seed_2024,0.14358311891555786
5071,please go to wikipedia and search for articles related to nsa,42,oos,59,international_visa,run_03_seed_2024,0.04835640639066696
5072,can the nsa crack the encryption on my iphone,42,oos,81,find_phone,run_03_seed_2024,0.11168937385082245
5073,does the nsa listen to me,42,oos,42,oos,run_03_seed_2024,0.1748027801513672
5074,could you pull up the nsa website,42,oos,82,greeting,run_03_seed_2024,0.07981978356838226
5075,can you see if the octopus eggs have hatched yet,42,oos,42,oos,run_03_seed_2024,0.20479780435562134
5076,what do you do if your cat eats an octopus,42,oos,15,what_are_your_hobbies,run_03_seed_2024,0.4132012128829956
5077,find out which museum houses the most post modern art in new york state,42,oos,42,oos,run_03_seed_2024,0.7587273716926575
5078,look up the top 3 selling post modern artists in the united states,42,oos,42,oos,run_03_seed_2024,0.27043941617012024
5079,create a portrait for me using post modern art,42,oos,42,oos,run_03_seed_2024,0.09517432004213333
5080,find me examples of post modern art,42,oos,42,oos,run_03_seed_2024,0.19882915914058685
5081,find the names of all the rain forests located in south america,42,oos,42,oos,run_03_seed_2024,0.15821942687034607
5082,does cutting down the rain forest really add to global warming,42,oos,5,weather,run_03_seed_2024,0.14267131686210632
5083,what's the current demand for wood from rain forests,42,oos,5,weather,run_03_seed_2024,0.7174885869026184
5084,what's the current prevailing interest rate for mortgages in my area,42,oos,7,interest_rate,run_03_seed_2024,0.9667556881904602
5085,how's the real estate market doing this week,42,oos,42,oos,run_03_seed_2024,0.22498758137226105
5086,please list my real estate for sale,42,oos,48,todo_list,run_03_seed_2024,0.0826057717204094
5087,make an ad to sell my real estate,42,oos,131,schedule_maintenance,run_03_seed_2024,0.14962749183177948
5088,what's the status of robotic servants from japan,42,oos,84,order_status,run_03_seed_2024,0.2194087654352188
5089,finish the final touches on my newest robotic creation,42,oos,70,report_fraud,run_03_seed_2024,0.05183112621307373
5090,can a robot really travel back in time,42,oos,128,travel_alert,run_03_seed_2024,0.17673511803150177
5091,program my new robot to bring me snacks,42,oos,64,insurance_change,run_03_seed_2024,0.0362141914665699
5092,how long would it take you to die of thirst in the sahara desert,42,oos,78,distance,run_03_seed_2024,0.4571002721786499
5093,can a samurai sword deflect a bullet,42,oos,134,ingredient_substitution,run_03_seed_2024,0.3788379728794098
5094,how much for a samurai sword,42,oos,93,income,run_03_seed_2024,0.25449562072753906
5095,make a list of what materials have been used for spacesuits,42,oos,71,spending_history,run_03_seed_2024,0.11032810807228088
5096,what size space suit should you get based on your girth,42,oos,75,what_is_your_name,run_03_seed_2024,0.12413813918828964
5097,see if you can purchase a spacesuit online,42,oos,16,order,run_03_seed_2024,0.41359102725982666
5098,compile a folder of paintings of sparta,42,oos,107,yes,run_03_seed_2024,0.33047619462013245
5099,display history of sparta,42,oos,42,oos,run_03_seed_2024,0.523940920829773
5100,compile a list of articles pertaining to venture capital funding for me,42,oos,48,todo_list,run_03_seed_2024,0.2370205819606781
5101,start a portfolio on venture capital funding for me to look over,42,oos,42,oos,run_03_seed_2024,0.1322658360004425
5102,how do i get venture capital for my app,42,oos,122,w2,run_03_seed_2024,0.2566234767436981
5103,what's the latest vc funded company,42,oos,42,oos,run_03_seed_2024,0.15722450613975525
5104,i'd like to hire a wedding planner and need help finding one,42,oos,81,find_phone,run_03_seed_2024,0.16120009124279022
5105,how to plan for weddings,42,oos,64,insurance_change,run_03_seed_2024,0.5255314111709595
5106,find out how many whales are currently in monterey bay,42,oos,42,oos,run_03_seed_2024,0.6156412363052368
5107,make a chart of the different types of whales,42,oos,42,oos,run_03_seed_2024,0.188129723072052
5108,what did my best friend do in the kitchen while we were gone,42,oos,42,oos,run_03_seed_2024,0.323684424161911
5109,what's my boss' home address,42,oos,42,oos,run_03_seed_2024,0.5571547150611877
5110,what's it like to have parents who actually love you,42,oos,96,who_made_you,run_03_seed_2024,0.18840467929840088
5111,is there any news if my parents survived the crash,42,oos,42,oos,run_03_seed_2024,0.14106570184230804
5112,tell me who gives the best motivational speeches on the web,42,oos,42,oos,run_03_seed_2024,0.457999587059021
5113,find an article on celebrities who made it out of poverty,42,oos,96,who_made_you,run_03_seed_2024,0.4272816479206085
5114,send me a motivational quote everyday for the next week,42,oos,118,next_song,run_03_seed_2024,0.14138969779014587
5115,who is the hardest working man in hollywood,42,oos,42,oos,run_03_seed_2024,0.7333096265792847
5116,tell me where i can get more information on getting a job at the post office,42,oos,122,w2,run_03_seed_2024,0.58378666639328
5117,pull up the classifieds and read the career section to me,42,oos,42,oos,run_03_seed_2024,0.10292107611894608
5118,help me find a new position as a programmer,42,oos,64,insurance_change,run_03_seed_2024,0.11872107535600662
5119,what's the best career search website,42,oos,42,oos,run_03_seed_2024,0.36683428287506104
5120,write the next chapter of my biography and let me know when you have finished it,42,oos,140,next_holiday,run_03_seed_2024,0.2525794804096222
5121,give me a list of the biographies written by nyu professors after 2001,42,oos,42,oos,run_03_seed_2024,0.15004071593284607
5122,i would like for you to start a biography on me,42,oos,55,change_ai_name,run_03_seed_2024,0.1710674911737442
5123,show me all biographies on teddy kennedy,42,oos,42,oos,run_03_seed_2024,0.7390425205230713
5124,find out what supplies i am missing and will need on my upcoming camping trip,42,oos,113,lost_luggage,run_03_seed_2024,0.16549751162528992
5125,what are the camping restrictions at bear island,42,oos,0,restaurant_reviews,run_03_seed_2024,0.6576262712478638
5126,find articles that can help me advance my position in my work field,42,oos,122,w2,run_03_seed_2024,0.16424258053302765
5127,show me what one should do to get ahead in a tech corporation,42,oos,149,travel_suggestion,run_03_seed_2024,0.25864511728286743
5128,get me a copy of a book on negotiation in the workplace,42,oos,42,oos,run_03_seed_2024,0.3139893412590027
5129,look up ways for me to advance my job placement,42,oos,93,income,run_03_seed_2024,0.14280052483081818
5130,see if there is a recipe to make a casserole without any dairy,42,oos,104,recipe,run_03_seed_2024,0.5328382849693298
5131,tell me in how many different colors i can get dinner plates from pier one imports,42,oos,42,oos,run_03_seed_2024,0.23672069609165192
5132,tell me amazon's choice for a set of 4 dinner plates,42,oos,46,meal_suggestion,run_03_seed_2024,0.37477919459342957
5133,find out where i can by melamine dinner plates,42,oos,42,oos,run_03_seed_2024,0.2877192497253418
5134,find out what the maximum memory size is that i can buy in a dvd,42,oos,42,oos,run_03_seed_2024,0.22494477033615112
5135,tell me who makes the best dvd's for movie storage,42,oos,42,oos,run_03_seed_2024,0.467631459236145
5136,how many dvds do i currently have on file,42,oos,42,oos,run_03_seed_2024,0.3266696333885193
5137,give me a listing of all my dvd's,42,oos,42,oos,run_03_seed_2024,0.12342805415391922
5138,look up the conversion rate for the euro to dollar exchange,42,oos,38,exchange_rate,run_03_seed_2024,0.9253460764884949
5139,how do i put a lens that's fallen out back in my glasses,42,oos,42,oos,run_03_seed_2024,0.19083447754383087
5140,i need you to order a new pair of eyeglasses for me,42,oos,16,order,run_03_seed_2024,0.7865718603134155
5141,tell me what my current eyeglasses prescription is,42,oos,93,income,run_03_seed_2024,0.4572303593158722
5142,show me examples of cute eyeglass frames,42,oos,42,oos,run_03_seed_2024,0.6271607875823975
5143,make a list of all sites in the us where spirits have been seen at night,42,oos,149,travel_suggestion,run_03_seed_2024,0.07128692418336868
5144,tell me how to get rid of a spirit that's haunting me,42,oos,72,directions,run_03_seed_2024,0.09689722210168839
5145,show me how to contact a paranormal spirit,42,oos,42,oos,run_03_seed_2024,0.17898745834827423
5146,tell me a scary story,42,oos,36,tell_joke,run_03_seed_2024,0.7330118417739868
5147,show me the goals of my local police department in terms of reducing crime,42,oos,42,oos,run_03_seed_2024,0.515813946723938
5148,make a list of goals i need to meet in order to write a book,42,oos,16,order,run_03_seed_2024,0.10155188292264938
5149,what is the distance between the goal posts in football,42,oos,42,oos,run_03_seed_2024,0.5721145868301392
5150,remind me what my weight loss goals are,42,oos,76,reminder,run_03_seed_2024,0.2560805380344391
5151,give me a list of tax attorneys that practice in my city,42,oos,94,taxes,run_03_seed_2024,0.3361544609069824
5152,tell me how i can file a pleading in circuit court,42,oos,61,translate,run_03_seed_2024,0.3901383578777313
5153,give me the number of a traffic attorney near here,42,oos,24,traffic,run_03_seed_2024,0.4373607337474823
5154,what are the top rated local lawyers,42,oos,42,oos,run_03_seed_2024,0.638847291469574
5155,find out how many miles the mississippi waterway runs,42,oos,42,oos,run_03_seed_2024,0.23619143664836884
5156,tell me what the longest tributary is in venezuela,42,oos,139,definition,run_03_seed_2024,0.2913911044597626
5157,please book another boat for this weekends trip,42,oos,52,vaccines,run_03_seed_2024,0.07424308359622955
5158,get me a list of universities that provide full scholarships in arizona,42,oos,149,travel_suggestion,run_03_seed_2024,0.14220120012760162
5159,tell me where to go to get my son enrolled in public kindergarten,42,oos,122,w2,run_03_seed_2024,0.4799051582813263
5160,"do a job search on monstercom for jobs in the tech field in arlington, va",42,oos,42,oos,run_03_seed_2024,0.14317041635513306
5161,"i need to find work, help me connect to a local business through linkedin",42,oos,42,oos,run_03_seed_2024,0.09043775498867035
5162,detail a list of possible job openings in the miami public school system,42,oos,149,travel_suggestion,run_03_seed_2024,0.057654328644275665
5163,look for a position similar to mine that is open around my area,42,oos,30,no,run_03_seed_2024,0.08048851788043976
5164,find out where one can get involved in discussing local election issues,42,oos,42,oos,run_03_seed_2024,0.8312975764274597
5165,give me a list of the top 5 issues people have in this country,42,oos,149,travel_suggestion,run_03_seed_2024,0.1593244969844818
5166,what is the government department that regulates emissions,42,oos,42,oos,run_03_seed_2024,0.14661890268325806
5167,what's the highest rated social services non-profit,42,oos,42,oos,run_03_seed_2024,0.49024105072021484
5168,explain to me the process of evaporation,42,oos,100,rollover_401k,run_03_seed_2024,0.046233370900154114
5169,how do i write an iep for a high schooler,42,oos,42,oos,run_03_seed_2024,0.302091509103775
5170,tell me how to refinish a wooden desk,42,oos,73,spelling,run_03_seed_2024,0.349299818277359
5171,tell me how to make a lesson plan,42,oos,104,recipe,run_03_seed_2024,0.8851683735847473
5172,tell me where i can get the cheapest tennis balls on the internet,42,oos,122,w2,run_03_seed_2024,0.261824369430542
5173,play the current tennis match on the tv in the living room,42,oos,10,smart_home,run_03_seed_2024,0.6640377044677734
5174,give me a list of the top 10 tennis players in the world,42,oos,42,oos,run_03_seed_2024,0.2012273520231247
5175,make a chart of all the tennis scores from this year,42,oos,42,oos,run_03_seed_2024,0.15565423667430878
5176,find the best prices for toothpaste at any store within a 5 mile radius of my location,42,oos,136,current_location,run_03_seed_2024,0.2905873954296112
5177,tell me what the best shampoo is for someone with dry scalp,42,oos,42,oos,run_03_seed_2024,0.12581767141819
5178,what's the best price on a gray xl ll bean men's parka,42,oos,42,oos,run_03_seed_2024,0.5300790667533875
5179,tell me who has the cheapest watch bands on ebay,42,oos,42,oos,run_03_seed_2024,0.5485086441040039
5180,how do i set the time on my tag heuer,42,oos,4,time,run_03_seed_2024,0.23423364758491516
5181,tell me the steps as to how to begin a career as a journalist,42,oos,11,user_name,run_03_seed_2024,0.10873036086559296
5182,give me prices on a copy of the mla grammar handbook,42,oos,42,oos,run_03_seed_2024,0.6354497671127319
5183,put words on the paper about what you want,42,oos,147,cancel,run_03_seed_2024,0.06408116966485977
5184,put into words what you want,42,oos,112,ingredients_list,run_03_seed_2024,0.28865423798561096
5185,what kind of foods are border collies allergic to,42,oos,42,oos,run_03_seed_2024,0.19753184914588928
5186,find out how i can best clip my dog's nails,42,oos,42,oos,run_03_seed_2024,0.2712900638580322
5187,what is the lifespan of a border collie,42,oos,138,calculator,run_03_seed_2024,0.6090353727340698
5188,look up daily dog kennels in my area,42,oos,139,definition,run_03_seed_2024,0.12157107144594193
5189,give me a list of grocery stores that sell japanese sweet potatoes,42,oos,107,yes,run_03_seed_2024,0.05785851553082466
5190,tell me the price of bananas at whole foods this week,42,oos,5,weather,run_03_seed_2024,0.12107789516448975
5191,call the grocery store and get their operational hours,42,oos,25,make_call,run_03_seed_2024,0.2554859519004822
5192,call an uber to take me to the closest grocery store,42,oos,39,uber,run_03_seed_2024,0.8898434042930603
5193,show me how many community centers are located within 5 miles of my location,42,oos,136,current_location,run_03_seed_2024,0.7464325428009033
5194,which houses do not have automatic spot lights in front of their garage,42,oos,42,oos,run_03_seed_2024,0.12992388010025024
5195,are all the street lamps working on my street,42,oos,42,oos,run_03_seed_2024,0.19481049478054047
5196,make a list of all community gardens near me,42,oos,112,ingredients_list,run_03_seed_2024,0.09716468304395676
5197,tell me where to send my resume in order to get a job at delta airlines,42,oos,122,w2,run_03_seed_2024,0.24220912158489227
5198,review my resume for spelling errors,42,oos,73,spelling,run_03_seed_2024,0.5778334140777588
5199,please print out copies of my resume,42,oos,147,cancel,run_03_seed_2024,0.05654735118150711
5200,please spell check my resume,42,oos,73,spelling,run_03_seed_2024,0.43164581060409546
5201,where can i get 100% merino wool t-shirts on the internet,42,oos,42,oos,run_03_seed_2024,0.4542034864425659
5202,show me all listings on amazon for leather belts for men,42,oos,42,oos,run_03_seed_2024,0.5928105115890503
5203,tell me how many blue ties i own,42,oos,73,spelling,run_03_seed_2024,0.23693013191223145
5204,who is the start of the movie almost famous,42,oos,42,oos,run_03_seed_2024,0.9238609075546265
5205,search up someone who plays in a movie,42,oos,42,oos,run_03_seed_2024,0.3385258913040161
5206,search up the cast in the walking dead,42,oos,54,food_last,run_03_seed_2024,0.09424353390932083
5207,tell me about the amusement park,42,oos,129,fun_fact,run_03_seed_2024,0.21543726325035095
5208,what's the amusement park like,42,oos,5,weather,run_03_seed_2024,0.23699913918972015
5209,take a ride on the ferris wheel,42,oos,78,distance,run_03_seed_2024,0.4984714090824127
5210,go on the ferris wheel,42,oos,24,traffic,run_03_seed_2024,0.11680972576141357
5211,what is the cost of four double a batteries,42,oos,138,calculator,run_03_seed_2024,0.17924149334430695
5212,instruct a list of all the brands of cereal manufactured by kelloggs,42,oos,42,oos,run_03_seed_2024,0.05668891593813896
5213,compare prices of malt-o-meal to kelloggs,42,oos,46,meal_suggestion,run_03_seed_2024,0.5673818588256836
5214,what kinds of cereal are gluten free,42,oos,115,what_can_i_ask_you,run_03_seed_2024,0.2608327269554138
5215,what kinds of cereal are low sugar,42,oos,115,what_can_i_ask_you,run_03_seed_2024,0.1874702125787735
5216,what is the last time the living room was vacuumed,42,oos,42,oos,run_03_seed_2024,0.2685385048389435
5217,search all movies created by disney in the 1980's,42,oos,42,oos,run_03_seed_2024,0.36487188935279846
5218,does disney world close when it storms,42,oos,42,oos,run_03_seed_2024,0.16850942373275757
5219,mickey mouse is a huge part of disney,42,oos,42,oos,run_03_seed_2024,0.18564662337303162
5220,what are the hours for disney world,42,oos,42,oos,run_03_seed_2024,0.4316343367099762
5221,what time did i get the last text message i received,42,oos,26,text,run_03_seed_2024,0.444682776927948
5222,please read me the last text message i received,42,oos,26,text,run_03_seed_2024,0.5846022367477417
5223,read my friend's text message,42,oos,26,text,run_03_seed_2024,0.9318872690200806
5224,watch the stories on instagram,42,oos,42,oos,run_03_seed_2024,0.3971225917339325
5225,update my status on instagram,42,oos,84,order_status,run_03_seed_2024,0.2827065885066986
5226,can you check on what it would cost me to upgrade my iphone with t-mobile,42,oos,81,find_phone,run_03_seed_2024,0.12415049970149994
5227,please alert me when my iphone battery falls below 30%,42,oos,81,find_phone,run_03_seed_2024,0.0842527449131012
5228,can you look at when the next iphone is due out,42,oos,56,bill_due,run_03_seed_2024,0.48585301637649536
5229,what type of industries do innovation managers work in,42,oos,120,plug_type,run_03_seed_2024,0.3909837603569031
5230,what are the requirements of a lab technician,42,oos,42,oos,run_03_seed_2024,0.6353564262390137
5231,generate a list of 20 songs that include the word love in the title,42,oos,139,definition,run_03_seed_2024,0.07755859941244125
5232,create a 500 word letter expressing love,42,oos,61,translate,run_03_seed_2024,0.08335722237825394
5233,find a couple's therapist who can help me and my wife,42,oos,42,oos,run_03_seed_2024,0.12470783293247223
5234,what does the average cost of an engagement ring,42,oos,42,oos,run_03_seed_2024,0.7065004706382751
5235,what is popular in fashion right now,42,oos,4,time,run_03_seed_2024,0.22745540738105774
5236,does denim go with anything,42,oos,9,accept_reservations,run_03_seed_2024,0.04772067442536354
5237,accept incoming phone call,42,oos,25,make_call,run_03_seed_2024,0.9900456070899963
5238,deny incoming phone call,42,oos,25,make_call,run_03_seed_2024,0.9974205493927002
5239,what do i wear on my feet when it rains,42,oos,60,calendar,run_03_seed_2024,0.15433883666992188
5240,what do i put on my feet,42,oos,93,income,run_03_seed_2024,0.08602891862392426
5241,what are the words to the chorus for this song,42,oos,21,what_song,run_03_seed_2024,0.5798817276954651
5242,display the song lyrics for me,42,oos,21,what_song,run_03_seed_2024,0.4375409185886383
5243,"google ""odell beckham free agency""",42,oos,114,goodbye,run_03_seed_2024,0.04856577888131142
5244,clear my search history,42,oos,42,oos,run_03_seed_2024,0.06360369175672531
5245,compare the new life growth in trees when the seasons change,42,oos,42,oos,run_03_seed_2024,0.5576506853103638
5246,plant all your flowers just after easter in early april,42,oos,124,thank_you,run_03_seed_2024,0.07482874393463135
5247,find a good toy to give a 5 year old boy that costs less than $40,42,oos,42,oos,run_03_seed_2024,0.1441846787929535
5248,find out where i can buy a barbie doll for my niece,42,oos,42,oos,run_03_seed_2024,0.2415042668581009
5249,look on amazon for the price of a nitendo switch,42,oos,42,oos,run_03_seed_2024,0.18561017513275146
5250,what brand was the last advertisement for,42,oos,42,oos,run_03_seed_2024,0.4060248136520386
5251,how do i skip all of the advertisements,42,oos,42,oos,run_03_seed_2024,0.5534321665763855
5252,make a list of decor i would need to have a titanic themed birthday party,42,oos,112,ingredients_list,run_03_seed_2024,0.12064387649297714
5253,aquire the soundtracks from the movie if i stay and add them to my ipod,42,oos,125,shopping_list_update,run_03_seed_2024,0.3551423251628876
5254,"i watched ""were the millers"" on netflix last night",42,oos,42,oos,run_03_seed_2024,0.17092639207839966
5255,"can you find ""were the millers"" on hulu",42,oos,42,oos,run_03_seed_2024,0.74693363904953
5256,"how many people have held the role of county attorney bearing the family name ""dixon""",42,oos,42,oos,run_03_seed_2024,0.5194219350814819
5257,tell me about the candidates running for local office in my area,42,oos,42,oos,run_03_seed_2024,0.3372143805027008
5258,find out who is the representative of my district,42,oos,42,oos,run_03_seed_2024,0.767683744430542
5259,generate a list of the past 10 judge executives,42,oos,42,oos,run_03_seed_2024,0.17521797120571136
5260,look up the email address of the local police,42,oos,42,oos,run_03_seed_2024,0.8106154203414917
5261,how many hits have i done today,42,oos,42,oos,run_03_seed_2024,0.23267030715942383
5262,change out the older photos with the newer ones,42,oos,114,goodbye,run_03_seed_2024,0.05031232535839081
5263,organize photos by year they were taken,42,oos,42,oos,run_03_seed_2024,0.11626619845628738
5264,can you group my photos by location,42,oos,58,share_location,run_03_seed_2024,0.47733864188194275
5265,organize my photos by date please,42,oos,95,date,run_03_seed_2024,0.28846365213394165
5266,tell me what my local park's policy is on letting dogs off of leashes,42,oos,42,oos,run_03_seed_2024,0.2999204099178314
5267,look up the operating hours of my local park on weekends,42,oos,42,oos,run_03_seed_2024,0.18442095816135406
5268,how many parks are within 20 miles of me,42,oos,31,measurement_conversion,run_03_seed_2024,0.2588447034358978
5269,check to see if i still have allergy medication,42,oos,85,confirm_reservation,run_03_seed_2024,0.069397933781147
5270,sign me up for the writing class you told me about 2 days ago,42,oos,13,repeat,run_03_seed_2024,0.09380693733692169
5271,find articles on essay writing for beginners,42,oos,42,oos,run_03_seed_2024,0.24937601387500763
5272,how long should an essay be,42,oos,86,cook_time,run_03_seed_2024,0.93989497423172
5273,how do you start an essay,42,oos,42,oos,run_03_seed_2024,0.526508629322052
5274,what should you do if your laundry machine is making a high pitched whine,42,oos,15,what_are_your_hobbies,run_03_seed_2024,0.14151284098625183
5275,find out who the best appliance repairman is for the downtown area,42,oos,42,oos,run_03_seed_2024,0.8424691557884216
5276,look up local repair shops that work on vacuum cleaners,42,oos,42,oos,run_03_seed_2024,0.15700824558734894
5277,can i get a sear's appliance repairman,42,oos,122,w2,run_03_seed_2024,0.6689109802246094
5278,find directions to the sunshine car wash from my house,42,oos,72,directions,run_03_seed_2024,0.1813967227935791
5279,can you book me an appointment at a car wash,42,oos,131,schedule_maintenance,run_03_seed_2024,0.354904443025589
5280,what brush can i use to wash my car that won't scratch it,42,oos,8,gas_type,run_03_seed_2024,0.1758437603712082
5281,please clean the car windows,42,oos,10,smart_home,run_03_seed_2024,0.2719787657260895
5282,vacuum out the car,42,oos,40,car_rental,run_03_seed_2024,0.14144721627235413
5283,schedule an appointment with the credit counselor for tuesday,42,oos,131,schedule_maintenance,run_03_seed_2024,0.43368977308273315
5284,find a credit mentoring service number for me please,42,oos,45,routing,run_03_seed_2024,0.21886660158634186
5285,how much does it cost to get two jackets dry cleaned,42,oos,110,gas,run_03_seed_2024,0.409105509519577
5286,look up articles on the green dry cleaning industry,42,oos,24,traffic,run_03_seed_2024,0.09587270021438599
5287,find a cleaner that specializes in suede,42,oos,116,book_hotel,run_03_seed_2024,0.2868366241455078
5288,when should you use a dry cleaner,42,oos,123,oil_change_when,run_03_seed_2024,0.12542839348316193
5289,create emergency phone numbers list,42,oos,25,make_call,run_03_seed_2024,0.22308441996574402
5290,do sets of 25 set-ups each morning til you have completed your goal,42,oos,34,do_you_have_pets,run_03_seed_2024,0.09644149988889694
5291,keep a note of how many miles you walk a day,42,oos,82,greeting,run_03_seed_2024,0.12988018989562988
5292,how much weight should i lift to get buff,42,oos,110,gas,run_03_seed_2024,0.46939417719841003
5293,what's a good stretch to do to limber up,42,oos,149,travel_suggestion,run_03_seed_2024,0.38918498158454895
5294,look up the most requested famous person for quotes,42,oos,42,oos,run_03_seed_2024,0.35075509548187256
5295,what is the most famous quote on the internet,42,oos,42,oos,run_03_seed_2024,0.9430788159370422
5296,make a list of the top 100 famous quotes,42,oos,112,ingredients_list,run_03_seed_2024,0.1109456792473793
5297,show me the top 10 quotes by mark twain,42,oos,42,oos,run_03_seed_2024,0.2657249867916107
5298,what do you do if you can't stop vomiting,42,oos,115,what_can_i_ask_you,run_03_seed_2024,0.3466503322124481
5299,what should i take for a cold,42,oos,112,ingredients_list,run_03_seed_2024,0.11878427118062973
5300,"i have too many credit cards, is there any way you can help me organize them",42,oos,42,oos,run_03_seed_2024,0.10731735825538635
5301,find a credit counseling service for me on the web,42,oos,42,oos,run_03_seed_2024,0.20629821717739105
5302,explain how to reduce my debt burden,42,oos,42,oos,run_03_seed_2024,0.21836012601852417
5303,look up the current auto loan rate at chase bank,42,oos,7,interest_rate,run_03_seed_2024,0.30511772632598877
5304,look up student loan offers on google,42,oos,111,pay_bill,run_03_seed_2024,0.0487397275865078
5305,check current prime mortgage rate,42,oos,7,interest_rate,run_03_seed_2024,0.11905654519796371
5306,what should you do if you can't be bothered to get out of bed,42,oos,115,what_can_i_ask_you,run_03_seed_2024,0.10242162644863129
5307,send me a quote from a motivational speaker twice a day,42,oos,133,transfer,run_03_seed_2024,0.15870679914951324
5308,find me a book on motivational speaking from amazon,42,oos,63,book_flight,run_03_seed_2024,0.2731412649154663
5309,check to see if i need a pass to use the parking garages downtown,42,oos,52,vaccines,run_03_seed_2024,0.06002449244260788
5310,can you check to see which parking garages are open downtown,42,oos,42,oos,run_03_seed_2024,0.6124581098556519
5311,how much does it cost to use the parking garage downtown,42,oos,110,gas,run_03_seed_2024,0.06528417766094208
5312,what's a good way of backing out of a parking spot,42,oos,145,restaurant_suggestion,run_03_seed_2024,0.17325906455516815
5313,search the web for monthly parking near my house,42,oos,72,directions,run_03_seed_2024,0.0854908898472786
5314,find out where parking is close to the stadium,42,oos,72,directions,run_03_seed_2024,0.5721940398216248
5315,how do i get perfect alignment with the curb,42,oos,122,w2,run_03_seed_2024,0.24245336651802063
5316,describe to me how i can learn to make small talk,42,oos,104,recipe,run_03_seed_2024,0.4825291931629181
5317,explain how small talk helps bind groups together,42,oos,42,oos,run_03_seed_2024,0.08227928727865219
5318,what do you do all day while i'm at work,42,oos,93,income,run_03_seed_2024,0.28429269790649414
5319,"so, hang out around this house often",42,oos,114,goodbye,run_03_seed_2024,0.22728319466114044
5320,tell me the best way to freshen the smell in my car,42,oos,17,jump_start,run_03_seed_2024,0.41936519742012024
5321,where's the closest car wash my car smells,42,oos,72,directions,run_03_seed_2024,0.36043664813041687
5322,how much is auto febreeze on amazon,42,oos,42,oos,run_03_seed_2024,0.4581238031387329
5323,find out how to deodorize a car,42,oos,17,jump_start,run_03_seed_2024,0.3794472813606262
5324,see if you can find a good vegetable wash for me,42,oos,42,oos,run_03_seed_2024,0.08872473239898682
5325,look up website on container gardening,42,oos,139,definition,run_03_seed_2024,0.1633741557598114
5326,are we allowed to wash our cars during the drought,42,oos,42,oos,run_03_seed_2024,0.05594603344798088
5327,request a refund on the car wax i bought yesterday,42,oos,10,smart_home,run_03_seed_2024,0.14927394688129425
5328,i'd like to hire someone to wash my car,42,oos,131,schedule_maintenance,run_03_seed_2024,0.24550309777259827
5329,find out what gentlemen are wearing to weddings these days,42,oos,42,oos,run_03_seed_2024,0.18704964220523834
5330,find me articles on appropriate wedding attire,42,oos,42,oos,run_03_seed_2024,0.12835028767585754
5331,zip the back of the brides maid dress,42,oos,42,oos,run_03_seed_2024,0.7133757472038269
5332,rent the tuxedo the day before,42,oos,95,date,run_03_seed_2024,0.29297271370887756
5333,find available letter writing classes at the local community college,42,oos,42,oos,run_03_seed_2024,0.24700063467025757
5334,find me a graphic tutorial on writing longhand,42,oos,42,oos,run_03_seed_2024,0.12835028767585754
5335,order me a book of stamps and envelopes,42,oos,16,order,run_03_seed_2024,0.7524091601371765
5336,start listening to me dictate a letter,42,oos,21,what_song,run_03_seed_2024,0.2692849636077881
5337,"email my boss, tell him i wont be in today",42,oos,42,oos,run_03_seed_2024,0.25680068135261536
5338,are the schools closed,42,oos,0,restaurant_reviews,run_03_seed_2024,0.5190079808235168
5339,let me know what time the patriots game starts,42,oos,4,time,run_03_seed_2024,0.6439275741577148
5340,tell me how long until the nascar race begins,42,oos,54,food_last,run_03_seed_2024,0.21889956295490265
5341,are there any sales on liquor,42,oos,42,oos,run_03_seed_2024,0.4400126039981842
5342,what shows are on tonight,42,oos,42,oos,run_03_seed_2024,0.9173427820205688
5343,are there any new job postings in my area in the last hour for jobs on craigslist,42,oos,42,oos,run_03_seed_2024,0.20396533608436584
5344,see if there are any employment agencies hiring managers right now,42,oos,42,oos,run_03_seed_2024,0.18246786296367645
5345,can you tell me what the best places are to look for a job online,42,oos,42,oos,run_03_seed_2024,0.37881967425346375
5346,sign me up for the slack employment forum,42,oos,83,alarm,run_03_seed_2024,0.04662323743104935
5347,please replay the last five minutes,42,oos,32,timer,run_03_seed_2024,0.2288268655538559
5348,can you enable subtitles,42,oos,115,what_can_i_ask_you,run_03_seed_2024,0.47010162472724915
5349,consult the gq website to find what men wear to weddings,42,oos,72,directions,run_03_seed_2024,0.17313803732395172
5350,order me a blue pin stripe suit from saville row,42,oos,16,order,run_03_seed_2024,0.6339603662490845
5351,what's in fashion this month,42,oos,71,spending_history,run_03_seed_2024,0.25375059247016907
5352,is it too late to wear white,42,oos,134,ingredient_substitution,run_03_seed_2024,0.21487917006015778
5353,how many calories does jumping up and down burn,42,oos,135,calories,run_03_seed_2024,0.9294294118881226
5354,how many push-ups do i need to do to get ripped,42,oos,52,vaccines,run_03_seed_2024,0.12461616843938828
5355,fill up my water bottle for the gym,42,oos,10,smart_home,run_03_seed_2024,0.052895914763212204
5356,pick out an excerise outfit for me,42,oos,145,restaurant_suggestion,run_03_seed_2024,0.09074404835700989
5357,find out how long a cold should last before i call a doctor,42,oos,86,cook_time,run_03_seed_2024,0.14681248366832733
5358,what should i take for nausea,42,oos,46,meal_suggestion,run_03_seed_2024,0.14337235689163208
5359,how do you relieve a hangover,42,oos,104,recipe,run_03_seed_2024,0.19796018302440643
5360,what is a good home remedy for a rash,42,oos,61,translate,run_03_seed_2024,0.18124057352542877
5361,"i have a rash, what can i use for it",42,oos,134,ingredient_substitution,run_03_seed_2024,0.4244461953639984
5362,can you order some ointment for me,42,oos,16,order,run_03_seed_2024,0.9504328966140747
5363,how do i get rid of an itchy rash,42,oos,42,oos,run_03_seed_2024,0.20907801389694214
5364,forward the text i just got from henry to giselle,42,oos,26,text,run_03_seed_2024,0.6568177342414856
5365,please read the text message i just received,42,oos,26,text,run_03_seed_2024,0.9150913953781128
5366,save my text on my laptop hard drive,42,oos,26,text,run_03_seed_2024,0.24674564599990845
5367,what time does my ex-boss leave the office,42,oos,42,oos,run_03_seed_2024,0.419950008392334
5368,how much does gun ammunition cost,42,oos,27,bill_balance,run_03_seed_2024,0.3298971951007843
5369,restart my newspaper delivery for monday,42,oos,84,order_status,run_03_seed_2024,0.03833836317062378
5370,are there any messages,42,oos,42,oos,run_03_seed_2024,0.20989079773426056
5371,what's that smell,42,oos,107,yes,run_03_seed_2024,0.2917802035808563
5372,get me a list of the best savings account rates right now,42,oos,42,oos,run_03_seed_2024,0.19117163121700287
5373,is beer legal in this state,42,oos,42,oos,run_03_seed_2024,0.1367761641740799
5374,get me articles and pics of different types of household bugs for this area,42,oos,42,oos,run_03_seed_2024,0.4017525613307953
5375,what should i do if i saw a cockroach in my house,42,oos,149,travel_suggestion,run_03_seed_2024,0.39121079444885254
5376,look up articles on squealing brakes for ford f-150's,42,oos,139,definition,run_03_seed_2024,0.06345309317111969
5377,please answer the phone and put it on speaker on the tv,42,oos,10,smart_home,run_03_seed_2024,0.49612486362457275
5378,can you tell me who's calling me,42,oos,96,who_made_you,run_03_seed_2024,0.2026907354593277
5379,answer the phone,42,oos,130,sync_device,run_03_seed_2024,0.4310174286365509
5380,ignore call,42,oos,25,make_call,run_03_seed_2024,0.9976465106010437
5381,find out what type of wax is needed for a late model ford sedan,42,oos,8,gas_type,run_03_seed_2024,0.1854892522096634
5382,what's the first thing you should do to wash your car,42,oos,17,jump_start,run_03_seed_2024,0.08747106790542603
5383,what supplies do i need to clean my car,42,oos,8,gas_type,run_03_seed_2024,0.3700586259365082
5384,look up articles on car washing at home,42,oos,17,jump_start,run_03_seed_2024,0.08297190815210342
5385,how old is the oldest person that is in the guiness book of world records,42,oos,42,oos,run_03_seed_2024,0.5711463093757629
5386,how could i get into the guiness book of world records,42,oos,42,oos,run_03_seed_2024,0.10399990528821945
5387,what person is the heaviest ever recorded,42,oos,42,oos,run_03_seed_2024,0.6172803044319153
5388,who has the longest hair ever,42,oos,42,oos,run_03_seed_2024,0.6016607284545898
5389,can you look at what average reviews say about the new windows phone on amazon for me,42,oos,42,oos,run_03_seed_2024,0.3103066682815552
5390,tell me a summary of reviews that oakley frogskins get on amazon,42,oos,0,restaurant_reviews,run_03_seed_2024,0.1127685010433197
5391,make me a list of the top ten reviewed hiking boots on jetcom,42,oos,76,reminder,run_03_seed_2024,0.07338949292898178
5392,show me a tabulation of reviews for lcd tv's on amazon,42,oos,42,oos,run_03_seed_2024,0.36177748441696167
5393,can you tell me what happened to han solo in episode 4,42,oos,115,what_can_i_ask_you,run_03_seed_2024,0.07437045872211456
5394,how many movies are in the star wars series,42,oos,42,oos,run_03_seed_2024,0.6678829193115234
5395,how many star wars movies are there,42,oos,42,oos,run_03_seed_2024,0.934313952922821
5396,who plays han solo,42,oos,96,who_made_you,run_03_seed_2024,0.8522908687591553
5397,which movie is it that someone says perfectly balanced as all things should be,42,oos,121,maybe,run_03_seed_2024,0.08014688640832901
5398,what movie is the line today is our independence day from,42,oos,42,oos,run_03_seed_2024,0.2857956290245056
5399,what movie is it that says today is a good day to die,42,oos,95,date,run_03_seed_2024,0.4886128008365631
5400,what movie does it's just a flesh wound come from,42,oos,42,oos,run_03_seed_2024,0.48489636182785034
5401,is michonne wrong for not working with the kingdom to put on the fair,42,oos,30,no,run_03_seed_2024,0.14053471386432648
5402,which actors have played more than 1 comic book character,42,oos,42,oos,run_03_seed_2024,0.09531058371067047
5403,what marvel movie did mark ruffalo first appear in,42,oos,42,oos,run_03_seed_2024,0.5272771120071411
5404,why did negan return to his jail cell,42,oos,49,card_declined,run_03_seed_2024,0.10305044800043106
5405,is there more than one occult that a person can join,42,oos,13,repeat,run_03_seed_2024,0.06564237177371979
5406,can i summon a demon using just an ouija board,42,oos,42,oos,run_03_seed_2024,0.20124998688697815
5407,what's the best way to drown a witch,42,oos,104,recipe,run_03_seed_2024,0.49167120456695557
5408,what does it mean to join the occult,42,oos,139,definition,run_03_seed_2024,0.7678148150444031
5409,did madison really bathe in the potomac naked,42,oos,54,food_last,run_03_seed_2024,0.11585422605276108
5410,can you explain a good risk strategy to me,42,oos,46,meal_suggestion,run_03_seed_2024,0.10689981281757355
5411,what are the rules for chess,42,oos,42,oos,run_03_seed_2024,0.229288250207901
5412,fill out the paperwork for tonys new daycare center,42,oos,134,ingredient_substitution,run_03_seed_2024,0.05864601582288742
5413,i need to find a new babysitter,42,oos,64,insurance_change,run_03_seed_2024,0.23440252244472504
5414,get me a list of divorce attorneys in the new york area,42,oos,42,oos,run_03_seed_2024,0.17503318190574646
5415,how long does it take to get a divorce finalized,42,oos,78,distance,run_03_seed_2024,0.8206374049186707
5416,where can i find the best divorce lawyer,42,oos,42,oos,run_03_seed_2024,0.8021637201309204
5417,make me a map of all earthquake hotspots in the continental us,42,oos,36,tell_joke,run_03_seed_2024,0.06723388284444809
5418,how much damage did the last earthquake here do,42,oos,71,spending_history,run_03_seed_2024,0.26404842734336853
5419,what was the latest tremor on the richter scale,42,oos,42,oos,run_03_seed_2024,0.4040851593017578
5420,get me articles on earthquake preparedness,42,oos,42,oos,run_03_seed_2024,0.5018151998519897
5421,what is appropriate to spend on a bouquet of flowers for mother's day,42,oos,71,spending_history,run_03_seed_2024,0.27564144134521484
5422,get me a list of personal conservation tips that i can use around the house,42,oos,134,ingredient_substitution,run_03_seed_2024,0.0895402804017067
5423,look up the average temperature changes over the last 30 years for my area,42,oos,42,oos,run_03_seed_2024,0.219241201877594
5424,is the polar vortex of 2019 apart of global warming,42,oos,42,oos,run_03_seed_2024,0.6498517394065857
5425,what is global warming,42,oos,138,calculator,run_03_seed_2024,0.881900429725647
5426,can you book me a tee time at cantigny at 2 pm on saturday,42,oos,23,restaurant_reservation,run_03_seed_2024,0.37846216559410095
5427,what's the best golf club to use on the lower nine,42,oos,42,oos,run_03_seed_2024,0.2914601266384125
5428,how do i stop my child from setting small animals on fire for amusement,42,oos,42,oos,run_03_seed_2024,0.1503744125366211
5429,review chapter 6 with my son and verify his math homework answers,42,oos,138,calculator,run_03_seed_2024,0.21601025760173798
5430,can you look up how i shoot a time lapse video on my iphone camera or is it even possible,42,oos,42,oos,run_03_seed_2024,0.20734301209449768
5431,how do i turn up the resolution that i am taking pictures in on my camera phone,42,oos,42,oos,run_03_seed_2024,0.11761346459388733
5432,print out the photos i took today,42,oos,19,meeting_schedule,run_03_seed_2024,0.10361973941326141
5433,can you find me sheet music for the beatles white album online,42,oos,106,play_music,run_03_seed_2024,0.39701369404792786
5434,find me a good band instructor or two to compare in my area,42,oos,145,restaurant_suggestion,run_03_seed_2024,0.29675254225730896
5435,can i get a starter course for the trumpet,42,oos,122,w2,run_03_seed_2024,0.2207747846841812
5436,how many keys does a xylophone have,42,oos,42,oos,run_03_seed_2024,0.5744944214820862
5437,how many polar bears are still alive in the arctic,42,oos,42,oos,run_03_seed_2024,0.6782613396644592
5438,are polar bears on the endangered species list,42,oos,42,oos,run_03_seed_2024,0.35412630438804626
5439,what is the life expectancy of a polar bear,42,oos,22,meaning_of_life,run_03_seed_2024,0.6714595556259155
5440,can a polar bear live in alabama,42,oos,42,oos,run_03_seed_2024,0.4426301419734955
5441,when will george rr martin publish the next game of thrones book,42,oos,140,next_holiday,run_03_seed_2024,0.48998335003852844
5442,show me the new york times most popular book list for this week,42,oos,42,oos,run_03_seed_2024,0.24773697555065155
5443,how many books are in piers anthony virtual mode series,42,oos,73,spelling,run_03_seed_2024,0.49545717239379883
5444,"order the new book titled ""ghost work""",42,oos,84,order_status,run_03_seed_2024,0.21448755264282227
5445,please check if god is really living in a small apartment in brussels,42,oos,61,translate,run_03_seed_2024,0.05889265611767769
5446,what did the mesopotamians call the creator of the universe,42,oos,42,oos,run_03_seed_2024,0.580937922000885
5447,put on an educational program about buddhism,42,oos,42,oos,run_03_seed_2024,0.18114620447158813
5448,what happens if you're skydiving and your parachute doesn't open,42,oos,77,where_are_you_from,run_03_seed_2024,0.20478975772857666
5449,research how many deaths has resulted from skydiving,42,oos,42,oos,run_03_seed_2024,0.6724113821983337
5450,how many people die each year while skydiving,42,oos,42,oos,run_03_seed_2024,0.7224233150482178
5451,google the price of skydiving in florida,42,oos,42,oos,run_03_seed_2024,0.08427026122808456
5452,in what movie did mrs congeniality feature a contestant championing for world peace,42,oos,42,oos,run_03_seed_2024,0.476126492023468
5453,"has there ever been total world peace, where no nations in the world are at war",42,oos,42,oos,run_03_seed_2024,0.7460260391235352
5454,name the leader from tibet that stands firm for world peace,42,oos,55,change_ai_name,run_03_seed_2024,0.24507039785385132
5455,what will it take to achieve world peace,42,oos,78,distance,run_03_seed_2024,0.26804468035697937
5456,was einstein right to be scared of spooky action at a distance,42,oos,102,how_busy,run_03_seed_2024,0.15236777067184448
5457,what is the nature of the big bang theory,42,oos,42,oos,run_03_seed_2024,0.6560096740722656
5458,how does the etheric body operate,42,oos,42,oos,run_03_seed_2024,0.49443092942237854
5459,do we actually have a soul,42,oos,42,oos,run_03_seed_2024,0.07708055526018143
5460,where can i find cheap rental skis nearby,42,oos,42,oos,run_03_seed_2024,0.30192917585372925
5461,check the nanny cam and send the feed to my phone,42,oos,130,sync_device,run_03_seed_2024,0.6542655825614929
5462,how much should i tip on this bill,42,oos,27,bill_balance,run_03_seed_2024,0.8262189030647278
5463,send me live feed of the pre-game prediction show on my phone,42,oos,42,oos,run_03_seed_2024,0.9285661578178406
5464,what are the scores of other teams in this division,42,oos,42,oos,run_03_seed_2024,0.38890504837036133
5465,look up pitcher stats on jake rooney,42,oos,139,definition,run_03_seed_2024,0.06523974984884262
5466,what teams are playing right now,42,oos,21,what_song,run_03_seed_2024,0.6829816102981567
5467,is it too late to upgrade to first class,42,oos,5,weather,run_03_seed_2024,0.07752260565757751
5468,"according to my fitness tracker, how many push ups have i done today",42,oos,42,oos,run_03_seed_2024,0.14612849056720734
5469,renew gym membership,42,oos,114,goodbye,run_03_seed_2024,0.05108167231082916
5470,what's my budget for today's shopping trip,42,oos,19,meeting_schedule,run_03_seed_2024,0.27277034521102905
5471,can you find my car in the parking lot,42,oos,37,last_maintenance,run_03_seed_2024,0.4161289930343628
5472,what's the best hand to have in texas hold em,42,oos,42,oos,run_03_seed_2024,0.18270039558410645
5473,is gambling legal in my state,42,oos,94,taxes,run_03_seed_2024,0.31810590624809265
5474,fold my hand,42,oos,111,pay_bill,run_03_seed_2024,0.08305078744888306
5475,what time did i put in my first load of laundry,42,oos,42,oos,run_03_seed_2024,0.23192864656448364
5476,how much time is left on my laundry,42,oos,35,balance,run_03_seed_2024,0.0881616398692131
5477,report outage to my electric provider,42,oos,87,damaged_card,run_03_seed_2024,0.19877712428569794
5478,power up my generator,42,oos,10,smart_home,run_03_seed_2024,0.11980502307415009
5479,call up instructables website and find article on bike assembly,42,oos,25,make_call,run_03_seed_2024,0.8286995887756348
5480,find schematics for ikea desk assembly,42,oos,42,oos,run_03_seed_2024,0.10232499241828918
5481,search information on how to apply foundation,42,oos,104,recipe,run_03_seed_2024,0.19122762978076935
5482,find instructions on how to play taboo,42,oos,104,recipe,run_03_seed_2024,0.35277804732322693
5483,what casino game has the best odds,42,oos,42,oos,run_03_seed_2024,0.8830604553222656
5484,tell me how much energy i have consumed so far this year,42,oos,148,pto_used,run_03_seed_2024,0.5913158059120178
5485,give me an energy usage breakdown for march,42,oos,60,calendar,run_03_seed_2024,0.1595821976661682
5486,how many kilowatts have i used this month,42,oos,148,pto_used,run_03_seed_2024,0.9276180863380432
5487,what's my current electric bill,42,oos,27,bill_balance,run_03_seed_2024,0.7039313316345215
5488,can you locate the television remote,42,oos,122,w2,run_03_seed_2024,0.19295288622379303
5489,where did i last place my remote,42,oos,77,where_are_you_from,run_03_seed_2024,0.23464049398899078
5490,do you know where the remote is,42,oos,136,current_location,run_03_seed_2024,0.1608821302652359
5491,have you seen the remote,42,oos,99,how_old_are_you,run_03_seed_2024,0.12439025193452835
5492,please ping the rfid in my wallet and tell me where it's at right now,42,oos,136,current_location,run_03_seed_2024,0.6521655321121216
5493,can you detect where i placed my wallet,42,oos,122,w2,run_03_seed_2024,0.4638865888118744
5494,give me my wallet location,42,oos,136,current_location,run_03_seed_2024,0.9072227478027344
5495,find my wallet,42,oos,122,w2,run_03_seed_2024,0.7011345624923706
5496,can you give me the gps location of harvey,42,oos,136,current_location,run_03_seed_2024,0.3252437114715576
5497,where's my buddy steve right this second,42,oos,122,w2,run_03_seed_2024,0.3186081349849701
5498,locate jenny at her present position,42,oos,136,current_location,run_03_seed_2024,0.06600164622068405
5499,let me know where jim is right now,42,oos,136,current_location,run_03_seed_2024,0.5033275485038757
